time,open,high,low,close,BOS Demand,CHOCH Demand,BOS Supply,CHOCH Supply,New Demand Zone,New Supply Zone,Zone Mitigated,Zone Broken,Volume Spike,Bullish Sweep,Bearish Sweep,Bullish Confirmation,Bearish Confirmation,ATR Short Stop Loss,ATR Long Stop Loss,ATR,Volume,Volume EMA,Spike Threshold,CVD Oscillator,Bullish Divergence,Bearish Divergence,Bullish Cross,Bearish Cross,CVD,Signal
1781236800,29530.75,29531.5,29505.5,29515.25,0,0,0,0,0,0,0,0,0,0,0,0,1,29573.411182725096,29463.588817274904,27.94078848339844,2371,2694.8058977928563,4285.0632700339265,-102.09372008146977,0,0,0,1,7592.702825488117,8978.197626467432
1781237100,29514.5,29514.5,29492.75,29503.25,0,0,0,0,0,0,0,0,0,0,0,0,1,29555.828241101877,29451.421758898123,27.552160734584266,2346,2578.5372651952375,4042.2088466892847,-196.4128379235225,0,0,0,0,6379.254549626048,8730.679238196824
1781237400,29503,29519.75,29496,29516.75,0,0,0,0,0,0,0,0,0,0,0,1,0,29560.670866737455,29455.079133262545,27.280577824971108,2416,2524.358176796825,3867.8058977928563,-26.199781514350732,0,0,0,0,7777.9913917313115,8639.947062342966
1781237700,29516.5,29523.5,29492.75,29499.25,0,0,0,0,0,0,0,0,0,0,0,0,1,29564.792590541925,29451.457409458075,27.528393694616028,2380,2476.2387845312164,3786.5372651952375,-144.429502401281,0,0,0,0,6442.869440511799,8430.701574549521
1781238000,29498.25,29523.75,29488.5,29517.25,0,0,0,0,0,0,0,0,0,1,0,1,0,29565.869905503216,29446.380094496784,28.079937002143456,2893,2615.1591896874775,3714.3581767968244,32.4826147144511,0,0,1,0,8002.216958242296,8389.893515853595
1781238300,29516.5,29539.25,29514.75,29534.75,0,0,0,0,0,0,0,0,0,0,0,1,0,29580.986340824413,29473.013659175587,27.824227216276064,2363,2531.106126458318,3922.738784531216,195.3931413534579,0,0,0,0,9762.410835793316,8520.60945108595
1781238600,29535.25,29545.75,29524,29534.5,0,0,0,0,0,0,0,0,0,0,0,0,1,29586.835530765526,29482.914469234474,27.390353843684917,2361,2474.4040843055454,3796.659189687477,153.60523851032497,0,0,0,0,9680.997042689869,8631.122555048227
1781238900,29533.5,29534,29521.25,29525,0,0,0,0,1,0,0,0,0,0,0,0,1,29573.570492853705,29481.679507146295,26.380328569135994,1791,2246.602722870364,3711.606126458318,13.795465335705948,0,0,0,0,8486.997042689869,8617.396315776003
1781239200,29525.25,29544.25,29520.75,29537.75,0,0,0,0,0,0,0,0,0,0,0,1,0,29583.511886221295,29481.488113778705,26.174590814197707,1848,2113.7351485802424,3369.9040843055454,104.51094972780514,0,0,0,0,9469.975766094125,8698.594358663442
1781239500,29538,29547.25,29530.25,29535,0,0,0,0,0,0,0,0,0,0,0,0,1,29585.528894348347,29491.971105651653,25.51926289889787,1863,2030.1567657201615,3170.6027228703633,54.34136962011394,0,0,0,0,9141.211060211772,8740.748330239474
1781239800,29535.75,29550,29532.5,29539.25,0,0,0,0,0,0,0,0,0,0,0,1,0,29587.41968760918,29495.08031239082,24.946458406119454,2168,2076.104510480108,3045.2351485802424,84.77858698333716,0,0,0,0,9574.811060211772,8820.18287595112
1781240100,29538,29546.25,29536.25,29544.75,0,0,0,0,0,0,0,0,0,0,0,1,0,29582.06828135138,29500.43171864862,23.878854234253776,1009,1720.4030069867385,3114.1567657201617,132.28581875723285,0,0,0,0,10255.886060211773,8956.916512547374
1781240400,29544.5,29556.75,29528,29529,0,0,0,0,0,0,0,0,0,0,0,0,1,29593.090189826282,29491.659810173718,24.22679321752136,1903,1781.2686713244923,2580.604510480108,9.505461720401328,0,0,0,0,9229.92084282047,8982.916924954336
1781240700,29529,29531.75,29506,29519.75,0,0,0,0,0,0,0,0,0,0,0,0,1,29568.253390552974,29469.496609447026,24.335593701984124,2173,1911.8457808829949,2671.9030069867385,-67.58354189209484,0,0,0,1,8449.32860981076,8932.098990178756
1781241000,29521,29528.25,29503,29525.25,0,0,0,0,0,0,0,0,0,0,0,1,0,29564.851362656336,29466.398637343664,24.400908437556687,1583,1802.2305205886632,2867.768671324492,-31.463823671553264,0,0,0,0,8715.774154365216,8911.49662486318
1781241300,29525.25,29540,29512.75,29534.25,0,0,0,0,0,1,0,0,0,0,0,1,0,29576.9066224666,29475.8433775334,24.60441497773121,2138,1914.153680392442,2703.345780882995,39.5688574544038,0,0,1,0,9421.902594732188,8960.106717231658
1781241600,29535.5,29542.25,29522.25,29523.75,0,0,0,0,0,0,0,0,0,0,0,0,1,29578.66329229041,29485.83670770959,24.275528193607553,1621,1816.4357869282946,2871.2305205886632,-58.81465730530831,0,0,0,1,8469.565094732188,8913.388467469804
1781241900,29523.75,29537,29516.25,29534.25,0,0,0,0,0,0,0,0,0,0,0,1,0,29573.035557126812,29480.214442873188,24.023704751207013,1770,1800.9571912855297,2724.653680392442,35.23373459715503,0,0,1,0,9365.227745334598,8956.420779647404
1781242200,29533.75,29533.75,29500.75,29515,0,0,0,0,0,0,1,0,0,0,0,0,1,29570.800874474895,29463.699125525105,24.700582983263654,2410,2003.9714608570198,2701.4357869282944,-101.41303876027405,0,0,0,1,7995.909563516416,8864.943520968262
1781242500,29515,29522,29456,29472.5,0,0,1,0,0,0,0,1,1,0,0,0,1,29563.475812012402,29414.524187987598,27.65054134160196,5169,3058.9809739046796,3005.95719128553,-396.4340888441535,0,0,0,0,4667.386836243688,8465.17621766116
1781242800,29472.5,29511,29470.5,29480.25,0,0,0,0,0,0,0,0,1,0,0,1,0,29553.8525397258,29427.6474602742,28.56835981720182,6302,4139.987315936452,4588.471460857019,-207.62437712941392,0,0,0,0,5873.325107848626,8218.33325482187
1781243100,29479.75,29485.25,29424,29429.75,0,0,0,0,0,0,0,0,1,0,0,0,1,29531.604144031102,29377.645855968898,30.90276268740169,6705,4994.991543957635,6209.980973904679,-680.611423437636,0,0,0,0,399.8557200935247,7473.716346752503
1781243400,29430,29440,29374.25,29429,0,0,0,0,0,0,0,0,1,0,0,0,1,29490.08777660031,29324.16222339969,33.391851066873,9412,6467.327695971757,7492.487315936452,-560.0507219608194,0,0,0,0,256.70743112014065,6786.382164311326
1781243700,29430,29432.75,29392.25,29402.25,0,0,0,0,0,0,0,0,0,0,0,0,1,29483.599363986003,29341.400636013997,33.89957599066779,4866,5933.551797314504,9700.991543957636,-758.0461520802079,0,0,0,0,-3077.403679990971,5846.973988663489
1781244000,29402,29458.5,29390.5,29440.75,0,0,0,0,0,0,0,0,0,0,0,1,0,29513.002980844143,29335.997019155857,36.33532056276295,6597,6154.701198209669,8900.327695971757,-246.86916960556175,0,0,0,0,681.9161729502057,5355.063720500319
1781244300,29440.25,29460,29419,29442,0,0,0,0,1,0,0,0,0,0,0,1,0,29515.002767926704,29363.997232073296,36.66851195113703,4471,5593.4674654731125,9232.051797314503,-164.08146070690532,0,0,0,0,872.7515388038643,4928.1768460530375
1781244600,29441.75,29474.75,29434.25,29460.75,0,0,0,0,0,0,0,0,0,0,0,1,0,29530.16328450337,29378.83671549663,36.94218966891295,3692,4959.644976982075,8390.201198209668,49.55360629642735,0,0,1,0,2604.8009215199136,4706.902948478454
1781244900,29460.5,29462.25,29431.25,29431.5,0,0,0,0,0,0,0,0,0,0,0,0,1,29517.026621324556,29376.473378675444,36.517747549704886,2500,4139.7633179880495,7439.467465473112,-159.57180473433482,0,0,0,1,266.0912441005589,4283.968500442465
1781245200,29431.75,29442,29416.25,29434.75,0,0,0,0,0,0,0,0,0,0,0,1,0,29495.62293408709,29362.62706591291,35.74862272472596,2306,3528.5088786587,6209.644976982074,-83.67361085744011,0,0,0,0,534.7514382753162,3926.900208807498
1781245500,29436,29442.25,29420.75,29424.5,0,0,0,0,0,0,0,0,0,0,0,0,1,29494.346295938012,29368.653704061988,34.73086395867411,1917,2991.3392524391334,5292.7633179880495,-142.94659202837965,0,0,0,0,-490.6206547479395,3506.1839360879326
1781245800,29425.5,29425.75,29402,29406.75,0,0,0,0,0,0,0,0,0,0,0,0,1,29476.669774799582,29351.080225200418,33.94651653305453,2790,2924.2261682927556,4487.0088786587,-301.03017848665996,0,0,0,0,-2693.252233695308,2915.761443727624
1781246100,29406.75,29411.25,29390.75,29394.75,0,0,0,0,0,0,1,0,0,0,0,0,1,29460.72907659961,29341.27092340039,32.986051066407775,2210,2686.150778861837,4386.339252439133,-342.30971692112524,0,0,0,0,-3986.910770280674,2258.364090012548
1781246400,29395,29397.5,29373,29382.5,0,0,0,0,0,0,0,0,0,1,0,0,1,29446.069856842496,29324.430143157504,32.37990456166436,2805,2725.7671859078914,4029.2261682927556,-386.5129166464016,0,0,0,0,-5418.0332192602655,1527.2786319865656
1781246700,29382.75,29394,29366.75,29379.25,0,0,0,0,0,0,0,0,0,0,0,0,1,29442.02022421089,29318.72977578911,32.01348280725976,2672,2707.844790605261,4088.6507788618374,-317.5108952246122,0,0,0,0,-5761.225879810724,833.1353451487286
1781247000,29378.5,29385,29339.25,29342,0,0,1,0,0,0,0,1,0,0,0,0,1,29434.491993910113,29289.758006089887,32.99466260674121,4164,3193.2298604035072,4061.767185907892,-539.2842662321249,0,0,0,0,-9083.324240466462,-111.28937729081326
1781247300,29342.25,29364.5,29334.75,29360.5,0,0,0,0,0,0,0,0,0,0,0,1,0,29413.64435148796,29285.60564851204,32.76290099197398,3064,3150.153240269005,4789.844790605261,-226.98684103465547,0,0,0,0,-7203.727601811,-786.7596843879738
1781247600,29361.5,29370.75,29312.25,29314.75,0,0,0,0,0,0,0,0,0,0,0,0,1,29422.65189781025,29260.34810218975,34.601265206832984,5520,3940.1021601793364,4725.229860403508,-562.604087404715,0,0,0,0,-11615.009653093051,-1818.0215861694096
1781247900,29314.25,29326.75,29300.25,29321.75,0,0,0,0,0,0,0,0,0,0,0,1,0,29377.783905109518,29249.216094890482,34.02260340634491,4979,4286.401440119557,5910.1532402690045,-284.75579503950905,0,0,0,0,-10205.858709696826,-2616.8632169815446
1781248200,29320.75,29329,29271,29274.25,0,0,0,0,0,0,0,0,0,0,0,0,1,29382.60291188741,29217.39708811259,35.73527459160599,5086,4552.934293413038,6429.602160179336,-572.4053497545235,0,0,0,0,-14283.427675214067,-3727.9645939560705
1781248500,29273.75,29291,29261,29289.25,0,0,0,0,0,0,0,0,0,0,0,1,0,29343.988418181165,29208.011581818835,35.325612120776995,4943,4682.956195608692,6829.401440119557,-179.0812286099674,0,0,0,0,-11729.544341880734,-4490.019808044133
1781248800,29289.25,29322.75,29283.5,29317.25,0,0,0,0,0,0,0,0,0,0,0,1,0,29376.15888831108,29230.09111168892,35.60592554072149,5475,4946.970797072461,7024.434293413038,270.03352221532475,0,0,1,0,-7823.8118578043,-4807.523812783197
1781249100,29317,29317.75,29287.75,29298,0,0,0,0,0,0,0,0,0,0,0,0,1,29370.55825343172,29234.94174656828,35.20550228781281,3912,4601.9805313816405,7420.456195608692,33.80638805229273,0,0,0,0,-10301.4118578043,-5330.75124564235
1781249400,29296.75,29314.5,29284,29311.25,0,0,0,0,1,0,0,0,0,0,0,1,0,29366.80409247231,29231.69590752769,34.869394981540474,3524,4242.65368758776,6902.970797072461,231.66258735118333,0,0,0,0,-8626.067595509217,-5644.590898010623
1781249700,29311.25,29352,29311.25,29349.25,0,0,0,0,0,0,0,0,0,0,0,1,0,29404.934157295716,29258.315842704284,35.289438197144726,6940,5141.769125058507,6363.98053138164,842.5875054723479,0,0,0,0,-2154.411153791426,-5312.192827132604
1781250000,29349.75,29385,29341.75,29378.5,0,0,0,0,0,0,0,0,0,0,0,1,0,29438.78707463174,29287.96292536826,35.85804975449153,4389,4890.8460833723375,7712.65368758776,1000.4627838342667,0,0,0,0,763.1321988097302,-4733.590443709525
1781250300,29378.75,29392.25,29363.25,29375.75,0,0,0,0,0,0,0,0,0,0,0,0,1,29445.302283586614,29310.197716413386,35.368189057742136,3910,4563.897388914892,7336.269125058507,809.686431095502,0,0,0,0,358.64944018904055,-4248.6152166715665
1781250600,29376.5,29394.25,29375.75,29385,0,0,0,0,0,0,0,0,0,0,0,1,0,29445.49497761614,29324.50502238386,34.16331841076055,2550,3892.598259276595,6845.846083372338,796.7727613288083,0,1,0,0,1530.271061810662,-3698.2450949113545
1781250900,29383.25,29460.75,29382.5,29431.5,0,0,0,0,0,0,0,0,0,0,0,1,0,29516.71855064356,29326.53144935644,37.31236709570623,7368,5051.065506184396,5838.897388914893,1097.8789604201534,0,0,0,0,6073.478729542291,-2767.604730677674
1781251200,29433,29480,29416.25,29456.75,0,0,0,0,0,0,0,0,0,0,0,1,0,29538.80115416902,29357.44884583098,39.20076944601293,7097,5733.043670789598,7576.598259276594,1157.056509806344,0,0,0,0,8717.459121699154,-1673.7891256894047
1781251500,29456.75,29488,29443.5,29464.25,0,0,0,0,0,0,0,0,0,0,0,1,0,29547.368928871234,29384.131071128766,39.579285914154866,5681,5715.695780526398,8599.565506184397,1038.5816145464826,0,0,0,0,9674.931031811513,-592.9586344988411
1781251800,29464.25,29482.5,29458.5,29467.25,0,0,0,0,0,0,0,0,0,0,0,1,0,29540.199719666143,29400.800280333857,38.46647977742952,3704,5045.130520350932,8573.543670789597,888.2295928291612,0,0,0,0,10137.931031811513,429.0308575307165
1781252100,29467.25,29549.75,29443,29537.5,0,0,0,0,0,0,1,0,0,0,0,1,0,29614.765811118563,29377.984188881437,43.3438740790417,8418,6169.420346900621,7567.695780526397,1237.0534693675015,0,0,0,0,15677.6453175258,1881.2798537207243
1781252400,29537.5,29570,29512.25,29542.5,0,0,0,0,0,0,0,0,0,0,1,1,0,29636.559324610094,29445.690675389906,44.37288307339586,7062,6466.946897933747,9254.130520350931,1049.2031801717008,0,0,0,0,16289.07388895437,3253.450714219167
1781252700,29543.75,29544.25,29519.5,29530.5,0,0,0,0,0,0,0,0,0,0,0,0,1,29608.70687285223,29455.04312714777,42.97124856815331,4356,5763.297931955832,9700.42034690062,611.8235891233746,0,0,0,0,13957.07388895437,4272.843397527282
1781253000,29530.25,29537.25,29501.25,29501.5,0,0,0,0,0,0,0,0,0,0,0,0,1,29600.959953362784,29437.540046637216,42.47330224185664,3851,5125.865287970554,8644.946897933747,181.00944549631367,0,0,0,0,10881.622500065481,4902.250931102349
1781253300,29502.25,29503.25,29475.75,29481.75,0,0,0,0,0,1,0,0,0,0,0,0,1,29565.35567097973,29413.64432902027,41.403780653152594,4159,4803.576858647036,7688.797931955831,-173.85002326697983,0,0,0,1,7781.277045520026,5176.443894380222
1781253600,29481.75,29484.5,29453.75,29468.25,0,0,0,0,0,0,0,0,0,0,0,0,1,29545.464194481177,29392.785805518823,40.642796320784555,3648,4418.384572431357,7205.365287970553,-320.9658293664212,0,0,0,0,6179.71606991027,5271.993625383084
1781253900,29469.5,29499.75,29448,29495.5,0,0,0,0,0,0,0,0,0,0,0,1,0,29561.904252018234,29385.845747981766,41.43616801215709,4378,4404.923048287571,6627.576858647035,-81.07907480821729,0,0,0,0,8379.290949137323,5567.9267038358685
1781254200,29495.25,29516,29478.5,29507.5,0,0,0,0,0,0,0,0,0,0,0,1,0,29577.73251973122,29416.76748026878,41.15501315414587,3205,4004.948698858381,6607.384572431356,6.639522302911644,0,0,1,0,9426.25761580399,5935.386790689975
1781254500,29506,29509.25,29478.5,29480.25,0,0,0,0,0,0,0,0,0,0,0,0,1,29569.867696893274,29417.882303106726,40.41179792884974,2189,3399.632465905587,6007.423048287571,-192.83079496129108,0,0,0,1,7593.192575153584,6093.273055876985
1781254800,29479.25,29519.25,29476.25,29515.75,0,0,0,0,0,0,0,0,0,0,0,1,0,29580.14500425804,29415.35499574196,40.59666950536047,3028,3275.7549772703915,5099.448698858381,60.13051203510071,0,0,1,0,10163.471644921025,6480.911016738322
1781255100,29514.5,29518,29498,29513.75,0,0,0,0,0,0,0,0,0,0,0,0,1,29576.688218239608,29439.311781760392,39.12547882640615,2494,3015.1699848469275,4913.632465905587,15.356911580464555,0,0,0,0,10069.946644921025,6822.723933708104
1781255400,29514.75,29548.5,29505.5,29547.25,0,0,0,0,0,0,0,0,0,0,0,1,0,29607.603345508207,29446.396654491793,39.402230338805715,2483,2837.7799898979515,4522.7549772703915,164.09545033177187,0,0,0,0,11946.632691432653,7310.715243967585
1781255700,29547.25,29583.5,29537.25,29575,0,1,0,0,0,0,1,1,0,0,0,1,0,29643.337035114764,29477.412964885236,39.891356743176736,5255,3643.519993265301,4256.669984846927,404.29441635630997,0,0,0,0,15099.632691432653,8052.516905630924
1781256000,29575.25,29588,29558.75,29571.75,0,0,0,0,0,0,0,0,0,0,0,0,1,29646.696889749426,29500.053110250574,39.13125983294982,3572,3619.6799955102006,5465.279989897951,260.4848824187916,0,0,0,0,14672.21388801385,8682.96423728644
1781256300,29571.25,29616.75,29563.5,29611.5,0,0,0,0,0,0,0,0,0,0,0,1,0,29676.95961191018,29503.29038808982,40.13974127345341,3910,3716.4533303401336,5429.519993265301,459.66588362623247,0,0,0,0,17627.659897403522,9534.840014440448
1781256600,29611.5,29648.25,29588.75,29647.5,0,0,0,0,0,0,0,0,0,0,0,1,0,29710.533925345168,29526.466074654832,41.52261689677817,5423,4285.302220226756,5574.679995510201,649.50155405912,0,0,0,0,20908.80275454638,10618.074561117202
1781256900,29648.25,29668,29629.75,29631.5,0,0,0,0,0,0,0,0,0,0,0,0,1,29729.933287820513,29567.816712179487,41.2888585470083,4603,4391.2014801511705,6427.953330340133,301.44574799546604,0,0,0,0,18893.109944088865,11406.173169019265
1781257200,29632.75,29646.5,29612.25,29640.25,0,0,0,0,0,0,0,0,0,0,0,1,0,29707.67912440476,29551.07087559524,40.786082936507704,3985,4255.800986767447,6586.802220226756,287.28791720042636,0,0,0,0,19765.737681315142,12202.3221701903
1781257500,29641,29646.25,29618.75,29623.25,0,0,0,0,0,0,0,0,0,0,0,0,1,29706.00561551871,29558.99438448129,39.83707701247143,2532,3681.200657844965,6383.7014801511705,37.900079574932306,0,0,0,0,18131.446772224233,12767.000703717342
1781257800,29623.75,29633.5,29610,29632.75,0,0,0,0,0,1,0,0,0,0,0,1,0,29691.505214410226,29551.994785589774,38.67014294015205,2527,3296.467105229977,5521.800986767447,79.09712830171213,0,0,0,0,19099.234006266786,13370.070542055384
1781258100,29632.5,29661,29618.25,29622,0,0,0,0,0,0,1,0,0,0,0,0,1,29719.442341952355,29559.807658047645,38.96156130156976,3435,3342.6447368199847,4944.7006578449655,-58.28200832935943,0,0,0,1,18255.54979574047,13835.354280501582
1781258400,29622,29649,29615.25,29643.5,0,0,0,0,0,0,0,0,0,0,0,1,0,29706.88396038433,29557.36603961567,38.5893069228862,2858,3181.096491213323,5013.967105229977,80.76648553762283,0,0,1,0,20076.201647592323,14429.720696414986
1781258700,29641.25,29656.75,29630.5,29652.5,0,0,0,0,0,0,0,0,0,0,0,1,0,29713.311891785448,29573.938108214552,37.70792785696575,2707,3023.064327475549,4771.644736819984,131.43572595534897,0,0,0,0,21236.34450473518,15077.970582921671
1781259000,29652.25,29658,29602.5,29625.75,0,0,0,0,0,0,0,0,0,0,0,0,1,29716.468185229343,29544.031814770657,38.978790152896764,4824,3623.3762183170325,4534.596491213323,-154.00194132572193,0,0,0,1,18932.99315338383,15445.115589632353
1781259300,29626,29629.75,29583,29605,0,0,0,0,0,0,0,0,0,0,0,0,1,29689.050814855822,29523.699185144178,39.53387657054699,4621,3955.9174788780215,5435.064327475548,-364.24233580333004,0,0,0,0,16857.24983787581,15579.60456565554
1781259600,29605.25,29605.5,29567.75,29587.25,0,0,0,0,0,0,0,0,0,0,0,0,1,29664.609685223262,29508.640314776738,39.406456815507916,4146,4019.278319252014,5933.876218317032,-523.8207880093042,0,0,0,0,14880.349175624155,15513.00881422398
1781259900,29588.25,29590.75,29517.5,29531.5,0,0,0,0,0,0,0,0,1,0,0,0,1,29653.485779135885,29454.764220864115,41.82385275725735,7587,5208.518879501343,6028.917478878021,-1017.280498308416,0,0,0,0,9002.366240470572,14892.947616723655
1781260200,29530.25,29571.5,29526.75,29542.5,0,0,0,0,0,0,0,0,0,0,0,1,0,29634.549294911893,29463.700705088107,42.0328632745961,5533,5316.679253000895,7812.778319252015,-717.0530837716434,0,0,0,0,10516.986352202415,14476.189401054966
1781260500,29541.75,29568.25,29539.5,29544.25,0,0,0,0,0,0,0,0,0,0,0,1,0,29629.876130989614,29477.873869010386,41.08408732641067,2435,4356.119502000597,7975.018879501343,-589.8421590708568,0,0,0,0,10728.725482637197,14119.28807549137
1781260800,29544.25,29569.5,29544.25,29560.75,0,0,0,0,1,0,0,0,0,0,0,1,0,29629.429621633215,29484.320378366785,39.9530810888099,2206,3639.4130013337317,6534.179253000895,-366.31677299392027,0,0,0,0,12170.270037092643,13933.667309929586
1781261100,29562,29572.25,29549.5,29558.5,0,0,0,0,0,0,0,0,0,0,0,0,1,29630.3364343737,29491.4135656263,38.724289582466334,2428,3235.6086675558213,5459.119502000598,-352.27379584782483,0,0,0,0,11796.731575554182,13730.149620941453
1781261400,29557.75,29559.25,29541.25,29548,0,0,0,0,0,0,0,0,0,0,0,0,1,29615.115974775577,29485.384025224423,37.24398318371874,2234,2901.739111703881,4853.413001333732,-417.0685900038353,0,0,0,0,10586.648242220848,13430.768537253776
1781261700,29548.25,29562,29530.75,29550,0,0,0,0,0,0,1,0,0,0,0,1,0,29617.223762291607,29475.526237708393,36.815841527738826,3039,2947.492741135921,4352.608667555822,-337.140466709977,0,0,0,0,10756.832242220848,13176.10793772683
1781262000,29551.25,29590.75,29551.25,29587.75,0,0,0,0,0,0,0,0,0,0,0,1,0,29646.39527927078,29495.60472072922,37.09685284718605,4198,3364.3284940906137,4421.2391117038815,79.30529746290011,0,0,1,0,14635.996799182873,13315.144972151216
1781262300,29587,29587.25,29549,29558.75,0,0,0,0,0,0,0,0,0,0,0,0,1,29643.07240218001,29493.17759781999,37.21493478667276,3593,3440.5523293937426,5046.49274113592,-196.29187100582058,0,0,0,1,11982.34320441163,13188.211470461732
1781262600,29557.25,29596,29557.25,29589.5,0,0,0,0,0,0,0,0,0,0,0,1,0,29651.986873452865,29501.263126547135,37.32458230191042,2870,3250.3682195958286,5160.828494090614,54.729617708607464,0,0,1,0,14370.92384957292,13300.850744662797
1781262900,29590,29609.5,29588.75,29606.75,0,0,0,0,0,0,0,0,0,0,0,1,0,29663.71102534909,29534.53897465091,36.14068356605967,3176,3225.5788130638857,4875.552329393743,275.4940219198743,0,0,0,0,16934.6828857175,13646.929996191817
1781263200,29606.75,29643.75,29603.25,29642.5,0,0,0,0,0,0,0,0,0,0,0,1,0,29698.42809496701,29548.57190503299,36.45206331134112,4453,3634.719208709257,4838.368219595828,582.170755768349,0,0,0,0,20865.417453618735,14334.404992137237
1781263500,29640,29646.5,29626.75,29630.25,0,0,0,0,0,0,0,0,0,0,0,0,1,29699.388588183654,29573.861411816346,35.25905878910247,2745,3338.1461391395046,5452.078813063886,330.8807475008288,0,0,0,0,19510.290871340254,14827.346504442286
1781263800,29630.5,29642.5,29601,29609,0,0,0,0,0,0,0,0,0,0,0,0,1,29696.05726045625,29547.44273954375,35.70484030416658,4233,3636.4307594263364,5007.219208709257,44.86609198205065,0,0,0,0,17317.290871340254,15064.484063194473
1781264100,29609.25,29624.5,29597,29597.25,0,0,0,0,0,0,0,0,0,0,0,0,1,29677.17817042366,29544.32182957634,35.1187802824404,2542,3271.620506284224,5454.646139139504,-86.68632519997962,0,0,0,1,16208.05450770389,15173.395534100133
1781264400,29598.5,29648,29591.75,29644.25,0,0,0,0,0,0,0,0,0,0,0,1,0,29702.942229679113,29536.807770320887,36.628153119408935,4079,3540.7470041894826,4907.430759426336,223.1196893173609,0,0,1,0,19525.641174370558,15587.895118887793
1781264700,29644,29652.75,29614.25,29617.25,0,0,0,0,0,0,0,0,0,0,0,0,1,29707.892784702035,29559.107215297965,36.76185646802258,3499,3526.8313361263217,5311.120506284224,-66.66010111129071,0,0,0,1,17094.51779774718,15731.382993064877
1781265000,29617.25,29659.5,29615.5,29658.5,0,0,0,0,0,0,0,0,0,0,0,1,0,29715.41830008046,29559.58169991954,37.278866720306674,3483,3512.220890750881,5290.247004189483,233.43959994129193,0,0,1,0,20359.83029774718,16172.187498272715
1781265300,29659,29659.75,29633.25,29638.5,0,0,0,0,0,0,0,0,0,0,0,0,1,29714.513421503285,29578.486578496715,36.5089476688562,3175,3399.813927167254,5268.331336126322,-61.76091638318738,0,0,0,1,17903.69822227548,16337.093281511074
1781265600,29637.25,29645.75,29584.75,29595.25,0,0,0,0,0,0,0,0,0,0,0,0,1,29703.137462824478,29527.362537175522,38.25830854965219,6291,4363.542618111503,5099.720890750881,-478.4457764743042,0,0,0,0,13572.19002555417,16073.76916189613
1781265900,29594.5,29614.25,29580,29608.25,0,0,0,0,0,0,0,0,0,0,0,1,0,29671.208001194158,29523.041998805842,37.972000796105604,5314,4680.361745407668,6545.3139271672535,-206.6548045634562,0,0,0,0,15705.547689787745,16038.70045026676
1781266200,29608.25,29614.5,29584.5,29592,0,0,0,0,0,1,0,0,0,0,0,0,1,29670.603858251718,29528.396141748282,37.402572167812345,3422,4260.907830271779,7020.542618111503,-358.69315490507745,0,0,0,0,13851.964356454411,15830.43986990368
1781266500,29591.5,29601.75,29570,29584,0,0,0,0,0,0,0,0,0,0,0,0,1,29657.24822551945,29514.50177448055,36.99881701296861,5415,4645.605220181186,6391.361745407668,-426.11284976157634,0,0,0,0,12572.830498186695,15520.191358311586
1781266800,29584.75,29588.25,29545.5,29548.25,0,0,0,0,0,0,0,0,0,0,0,0,1,29644.364423696636,29489.385576303364,37.409615797756565,5235,4842.070146787458,6968.407830271779,-778.2657881040495,0,0,0,0,8103.181375379678,14813.809455175213
1781267100,29547.75,29551.5,29529,29534.25,0,0,0,0,0,0,0,0,0,0,0,0,1,29606.016964861163,29474.483035138837,36.344643240773955,5357,5013.713431191639,7263.105220181187,-941.855086522299,0,0,0,0,4888.981375379678,13868.587733289924
1781267400,29534,29549,29515,29533,0,0,0,0,0,0,0,0,0,1,0,0,1,29603.265753085365,29460.734246914635,36.17716872357581,6224,5417.142287461093,7520.570146787459,-783.5114544797534,0,0,0,0,4705.922551850266,12995.952954105194
1781267700,29532.5,29545,29476,29479.25,0,0,0,1,0,0,0,1,0,0,0,0,1,29602.782485007836,29418.217514992164,38.521656671891826,8392,6408.761524974062,8125.713431191639,-1241.0087217248363,0,0,0,0,-1770.5122307584297,11589.622936499134
1781268000,29479.5,29513,29463.75,29473.75,0,0,0,0,0,0,0,0,1,0,0,0,1,29571.931950364422,29404.818049635578,39.287966909613836,10809,7875.507683316041,9613.142287461093,-1114.8123677632357,0,0,0,0,-3032.476697763506,10197.042018950311
1781268300,29474,29489.25,29450.25,29478,0,0,0,0,0,0,0,0,0,0,0,1,0,29548.151096766964,29391.348903233036,39.26739784464142,9598,8449.67178887736,11813.261524974061,-792.8204244830899,1,0,0,0,-2048.0664413532495,9030.841213207115
1781268600,29479,29486.5,29409,29420.5,0,0,0,0,0,0,0,0,0,0,0,0,1,29549.497446997895,29346.002553002105,41.9982979985956,8507,8468.781192584907,12674.50768331604,-1221.4805876015612,0,0,0,0,-8469.479344579056,7364.14401722748
1781268900,29420.75,29435.5,29386.25,29412.75,0,0,0,0,0,0,0,0,0,0,0,0,1,29499.27441506947,29322.47558493053,42.51627671298163,10606,9181.187461723272,12703.17178887736,-1120.4388618956882,0,0,0,0,-10192.28137503591,5692.103503678586
1781269200,29412.5,29418.75,29354.5,29418.75,0,0,0,0,0,0,0,0,1,0,0,1,0,29484.853028278794,29288.396971721206,44.068685519197224,14810,11057.458307815514,13771.781192584907,-732.6404133466108,1,0,0,0,-8751.619896436687,4316.510798905703
1781269500,29418,29449,29408.75,29443,0,0,0,0,0,0,0,0,0,0,0,1,0,29514.69388340174,29343.05611659826,43.79592226782599,9730,10614.972205210343,16586.18746172327,21.66679034635297,0,0,1,0,-2708.1416355671217,3647.496281336863
1781269800,29443,29458.75,29423.5,29456,0,0,0,0,0,0,0,0,0,0,0,1,0,29523.528248873045,29358.721751126955,43.185499248695564,8539,9922.981470140228,15922.458307815514,364.23570665214356,0,0,0,0,440.9931162059279,3342.1150275148693
1781270100,29455.75,29470.5,29444.5,29460.75,0,0,0,0,1,0,0,0,0,0,0,1,0,29533.436945382113,29381.563054617887,41.95796358807445,7406,9083.987646760152,14884.472205210343,478.7313456998908,0,0,0,0,1865.2238854366972,3201.458728269329
1781270400,29460.5,29473.75,29431,29444.5,0,0,0,0,0,0,0,0,0,0,0,0,1,29536.771806426248,29367.978193573752,42.0145376174977,6466,8211.325097840101,13625.981470140228,207.09252167563835,0,0,0,0,-554.7995063761684,2843.719848779282
1781270700,29445.5,29500.5,29445.5,29496,0,0,0,0,0,0,0,0,0,0,0,1,0,29565.02024882437,29380.97975117563,43.013499216247865,11980,9467.550065226735,12316.987646760152,1246.6675937824866,0,0,0,0,10445.018675442014,3567.653070366209
1781271000,29495.25,29502.5,29306.75,29341,0,0,1,0,0,0,1,1,1,0,0,0,1,29583.384873908344,29225.865126091656,53.923249272230166,64397,27777.366710151153,14201.325097840101,-3723.1217319306593,0,0,0,1,-40299.48834882363,-610.1699219375846
1781271300,29341.25,29454.5,29333,29447,0,0,0,0,0,0,0,0,1,1,0,1,0,29542.62524005775,29244.87475994225,58.75016003849944,45071,33541.91114010077,41666.05006522673,715.1560213288494,0,0,1,0,-1071.0253858606666,-654.0609185016876
1781271600,29447.25,29473,29264.5,29280,0,0,0,0,0,0,0,0,1,0,0,0,1,29577.16986576791,29160.33013423209,69.44657717860662,60824,42635.94076006718,50312.86671015115,-3951.68935458819,0,0,0,1,-49861.50020600455,-5340.483707787675
1781271900,29281,29341,29231.25,29299,0,0,0,0,0,0,0,0,1,0,0,1,0,29449.48808964163,29122.76191035837,72.32539309442043,54612,46627.96050671145,63953.91114010077,-2296.4986101102213,0,0,0,0,-40904.6346023599,-8727.545697746935
1781272200,29300,29362.75,29270.5,29312,0,0,0,0,0,0,0,0,0,0,0,1,0,29473.37286895294,29159.87713104706,73.74857930196183,37540,43598.640337807636,69941.94076006718,-1314.1987293367872,0,0,0,0,-36021.38256983958,-11326.958733184329
1781272500,29312.75,29407.75,29297.25,29351,0,0,0,0,0,0,0,0,0,0,0,1,0,29522.310521170588,29182.689478829412,76.37368078039312,29854,39017.09355853842,65397.96050671145,8.654373481544326,0,0,1,0,-25687.30564676266,-12694.610820191789
1781272800,29352.5,29507.5,29336.25,29480.5,0,0,0,0,1,0,0,0,0,0,0,1,0,29632.225841086976,29211.524158913024,83.15056072465076,45122,41052.062372358945,58525.640337807636,3287.8122399278554,0,0,0,0,8038.919170755587,-10719.988916292039
1781273100,29480.25,29580,29440.5,29577.75,0,0,0,0,0,0,0,0,0,0,0,1,0,29710.763281009335,29309.736718990665,87.17552067288999,45762,42622.04158157263,61578.093558538414,5774.615275220435,0,0,0,0,40023.112719142686,-5887.312570060161
1781273400,29578.5,29598,29512.5,29544.75,0,0,0,0,0,0,0,0,0,0,0,0,1,29728.58376093724,29381.91623906276,87.05584062482642,37692,40978.694387715084,63933.062372358945,3353.2636946262073,0,0,0,0,25144.691666511106,-2931.8835951486126
1781273700,29544.75,29627.5,29533,29585.5,0,0,0,0,0,0,0,0,0,0,0,1,0,29758.881349441723,29401.618650558277,87.58756629448168,32733,38230.12959181006,61468.04158157263,4083.299253157848,0,0,0,0,39259.715476034915,1086.3639354402944
1781274000,29585.5,29620,29486.25,29497.75,0,0,0,0,0,0,0,0,0,0,0,0,1,29756.3273244816,29349.9226755184,90.884882987733,37422,37960.753061206706,57345.19438771509,1012.4354233508473,0,0,0,0,14708.085569492858,2383.6707577310144
1781274300,29497.5,29558.5,29497.25,29512.25,0,0,0,0,0,0,0,0,0,0,0,1,0,29691.6521584472,29364.0978415528,88.76810563146636,27004,34308.50204080447,56941.12959181006,1423.125677135969,0,0,0,0,21211.089651125512,4176.758271387633
1781274600,29512.25,29566,29489.5,29526.75,0,0,0,0,0,1,0,0,0,0,0,1,0,29697.837718558112,29357.662281441888,87.8918123720759,26436,31684.33469386965,51462.753061206706,1607.6701948103796,0,0,0,0,26221.83474916473,6276.289364509261
1781274900,29526,29609,29521.5,29545.5,0,0,0,0,0,0,1,0,0,0,0,1,0,29740.795738661105,29389.704261338895,87.86382577407049,31057,31475.22312924643,47526.50204080447,1926.6679803372404,0,0,0,0,33143.10903487902,8835.034095020666
1781275200,29546.25,29550.5,29406.75,29412,0,0,0,0,0,0,0,0,0,0,0,0,1,29688.283543042457,29268.966456957543,91.85569536163689,40024,34324.81541949762,47212.83469386965,-1994.285027725212,0,0,0,1,-4235.826617294893,7590.19021765728
1781275500,29411.25,29447,29352.5,29376.5,0,0,0,0,0,0,0,0,0,0,0,0,1,29585.066861396564,29214.433138603436,92.04457426437712,40617,36422.21027966508,51487.223129246435,-3065.8946433701535,0,0,0,0,-19171.707569675847,5041.438047435078
1781275800,29375.5,29606.5,29369,29599.5,0,0,0,0,0,0,0,0,0,0,0,1,0,29760.15137129681,29215.34862870319,102.43424753120733,52461,41768.47351977672,54633.31541949762,2141.6910206509233,0,0,1,0,30307.29874611363,7447.710494928273
1781276100,29599.5,29645.25,29560.75,29632.5,0,1,0,0,0,0,0,1,0,0,0,1,0,29796.97984477561,29409.02015522439,101.1532298504068,37715,40417.31567985115,62652.71027966509,3103.50194864939,0,0,0,0,45036.233657356235,11027.569843730937
1781276400,29632.75,29671.25,29597.25,29622.25,0,0,0,0,0,0,0,0,0,0,1,0,1,29820.070570148782,29448.429429851218,99.2137134325206,35591,38808.54378656743,60625.97351977672,2005.326026847706,0,0,0,0,39986.15933303191,13785.530747473886
1781276700,29623,29675,29613.5,29656.5,0,0,0,0,0,0,0,0,0,0,0,1,0,29819.779815138154,29468.720184861846,96.51987675876913,22973,33530.02919104495,58212.81567985115,2748.320371053223,0,0,0,0,52499.90730051158,17472.61422871557
1781277000,29656.5,29704,29630.25,29696,0,0,0,0,0,0,0,0,0,0,0,1,0,29846.340185485427,29487.909814514573,94.89345699028561,26500,31186.6861273633,50295.04378656743,3492.953786141217,0,0,0,0,66693.12763949463,22160.28217259929
1781277300,29696,29729.75,29665.25,29729,0,0,0,0,0,0,0,0,0,0,0,1,0,29868.83374366504,29526.16625633496,92.72249577669379,22416,28263.124084908868,46780.02919104495,3819.4170063378924,0,0,0,0,78161.77880228533,27493.7580420932
1781277600,29729.75,29756.5,29698.25,29744.25,0,0,0,0,0,0,0,0,0,0,0,1,0,29891.89026197468,29562.85973802532,90.2601746497871,20068,25531.41605660591,42394.686127363304,3450.0010185491114,0,0,0,0,83157.24661344413,32795.04266793615
1781277900,29745,29759.25,29720.25,29744.75,0,0,0,0,0,0,0,0,0,0,0,0,0,29889.148100405062,29590.351899594938,86.59873360337373,16959,22673.944037737274,38297.124084908864,2644.5787773342527,0,1,0,0,83048.5350749826,37581.08956384534
1781278200,29745,29748.25,29681,29686.5,0,0,0,0,0,0,0,0,0,0,0,0,1,29876.0750218047,29553.1749781953,85.21668120313275,21676,22341.296025158183,34010.916056605914,205.8097417048116,0,0,0,0,64192.832472752125,40115.541269455505
1781278500,29686.75,29733,29618.75,29652.5,0,0,0,0,0,0,0,0,0,0,0,0,1,29863.935734532934,29487.814265467066,87.29048968862328,30485,25055.86401677212,33511.944037737274,-869.8975776539796,0,0,0,1,55054.003151089106,41538.25192484918
1781278800,29652.5,29660,29558.5,29569.5,0,0,0,0,0,1,0,0,0,0,0,0,1,29792.458182066297,29426.041817933703,88.30545471086448,24862,24991.24267784808,37583.79602515818,-2793.7682715348856,0,0,0,0,34723.50068803492,40889.22799753353
1781279100,29569.25,29623.25,29475,29485.75,0,0,0,0,0,0,0,0,0,0,0,0,1,29762.130811918705,29336.119188081295,92.58720794580275,35994,28658.82845189872,37486.86401677212,-4337.498281557797,0,0,0,0,14450.320249586352,38371.236783443324
1781279400,29486,29593.75,29460.75,29574,0,0,0,0,0,0,0,0,0,0,0,1,0,29736.96075392451,29317.53924607549,95.47383594967398,33261,30192.885634599148,42988.24267784808,-1588.3186677105175,0,0,0,0,36457.59844507507,38188.98551312254
1781279700,29572.25,29574.25,29408,29439.75,0,0,0,0,0,0,0,0,0,0,0,0,1,29725.043914358474,29257.206085641526,100.52927623898299,27521,29302.257089732764,45289.32845189872,-3469.610125211301,0,0,0,0,14523.5683698871,35935.13626138584
1781280000,29440.75,29491,29410,29464.25,0,0,0,0,0,0,0,0,0,0,0,1,0,29639.7014919043,29261.2985080957,99.13432793619849,30021,29541.838059821843,43953.385634599144,-2096.4382619366297,0,0,0,0,23233.364666183395,34725.44372850942
1781280300,29465,29536.25,29442.75,29522,0,0,0,0,0,0,0,0,0,0,0,1,0,29684.347813911132,29294.652186088868,98.73187594075573,21482,26855.225373214562,44312.75708973277,-549.6019758335694,0,0,0,0,36329.343275809064,34878.19606634748
1781280600,29521.75,29650,29478.75,29595.75,0,0,0,0,1,0,0,0,0,0,0,1,0,29805.867612917482,29322.882387082518,103.91174194498747,30512,28074.150248809707,40282.83805982184,723.7626763084213,0,0,1,0,49514.09072106454,36272.09079536815
1781280900,29595.5,29667.25,29570,29589,0,0,0,0,0,0,0,0,0,0,0,0,1,29822.403854851946,29414.846145148054,103.43590323463123,25979,27375.766832539804,42111.22537321456,353.2024445192287,0,0,0,0,47777.70511695143,37367.86358789989
1781281200,29588.5,29616.75,29547,29586,0,0,0,0,0,0,0,0,0,0,0,0,1,29768.29465093395,29395.45534906605,101.02976728930044,18992,24581.17788835987,41063.6502488097,147.92564008040176,0,0,0,0,47096.98827107329,38294.44689105926
1781281500,29586.25,29615,29557.25,29594.5,0,0,0,0,0,0,0,0,0,0,0,1,0,29761.907533010097,29410.342466989903,97.9383553400647,13654,20938.78525890658,36871.766832539804,227.0690502400994,0,0,0,0,49047.55969964472,39318.55287282931
1781281800,29594,29628.5,29573.75,29622.5,0,0,0,0,0,0,0,0,0,0,0,1,0,29770.78020922366,29431.46979077634,94.85347281577437,11607,17828.190172604387,31408.17788835987,674.9226712777283,0,0,0,0,55089.55969964472,40820.5535230022
1781282100,29623.25,29631.75,29585.25,29605,0,0,0,0,0,0,0,0,0,0,0,0,1,29768.8494799934,29448.1505200066,91.39965332893334,11677,15777.793448402925,26742.28525890658,35.81248090436691,0,0,0,0,50506.651097494185,41743.03900628715
1781282400,29604.75,29641,29578.5,29595,0,0,0,0,0,0,0,0,0,0,0,0,1,29775.0030885653,29444.4969114347,89.33539237686668,15152,15569.195632268616,23666.690172604387,-276.7488532107233,0,1,0,1,48142.939097494185,42352.553300687825
1781282700,29593.75,29647.75,29587.75,29644.5,0,0,0,0,0,0,0,0,0,0,0,1,0,29778.610010810637,29456.889989189363,87.24000720709049,11469,14202.463754845745,23353.793448402925,605.3335566742198,0,0,1,0,57843.80159749418,43827.91028133605
1781283000,29643.5,29667.25,29632,29641.5,0,0,0,0,0,0,0,0,0,0,0,0,1,29792.53965289559,29506.71034710441,83.52643526372688,13098,13834.309169897164,21303.695632268616,337.76670286843955,0,0,0,0,57100.65266132397,45091.98098419204
1781283300,29642,29678.75,29591.75,29673.75,0,0,0,0,0,0,0,0,0,0,0,1,0,29804.411820545905,29466.088179454095,83.77454703060354,15265,14311.206113264776,20751.463754845747,711.2570503013194,0,0,0,0,62671.500362473394,46766.22092498074
1781283600,29672.75,29705.5,29660.75,29701,0,0,0,0,0,0,0,0,0,0,0,1,0,29826.980619078342,29539.269380921658,80.98707938556042,13952,14191.470742176518,21466.809169897162,1315.3298334198944,0,0,0,0,71479.18751331138,49119.83679053604
1781283900,29701.25,29753.5,29691,29722.5,0,0,0,0,0,0,1,0,0,0,0,1,0,29872.999860572745,29571.500139427255,79.66657371516325,15835,14739.313828117678,21287.206113264776,1476.5846121605614,0,0,0,0,76863.08751331137,51762.05114508607
1781284200,29723,29730.5,29657.75,29703,0,0,0,0,0,0,0,0,0,0,0,0,1,29849.258799103263,29538.991200896737,79.17253273550874,14304,14594.209218745118,22108.970742176516,721.3272329540098,0,0,0,0,72930.71637929075,53778.114500724616
1781284500,29703,29736,29689,29730,0,0,0,0,0,0,0,0,0,0,0,1,0,29851.31174202446,29573.68825797554,76.87449468297241,12005,13731.139479163412,21891.313828117676,1119.258754776391,0,0,0,0,79827.20574099288,56258.98033313112
1781284800,29729.5,29746,29719,29734.25,0,0,0,0,0,1,0,0,0,0,0,1,0,29855.96804616557,29609.03195383443,73.31203077704582,8186,11882.759652775609,20596.70921874512,922.5888884091801,0,0,0,0,81267.33537062252,58640.728431939824
1781285100,29734.75,29741.25,29693.25,29719.75,0,0,0,0,0,0,0,0,0,0,0,0,1,29848.50604286803,29585.99395713197,71.5040285786854,10923,11562.839768517073,17824.139479163412,299.2013077591537,0,0,0,0,77853.89787062252,60470.554092766746
1781285400,29720.25,29728.25,29681.5,29686.25,0,0,0,0,0,0,0,0,0,0,0,0,1,29832.853825520313,29576.896174479687,69.73588368020788,12573,11899.559845678048,17344.25965277561,-750.2630846682209,0,0,0,1,68709.89787062252,61255.253500181585
1781285700,29687,29717.75,29682.75,29701.75,0,0,0,0,0,0,0,0,0,0,0,1,0,29818.632123697433,29581.867876302567,67.2547491316216,10527,11442.039897118699,17849.33976851707,-323.09907398345956,0,0,0,0,73146.2764420511,62387.73187559773
1781286000,29701.25,29727.25,29683,29699,0,0,0,0,0,0,0,0,0,0,0,0,1,29825.667329147615,29584.582670852385,65.61155276507719,10391,11091.6932647458,17163.05984567805,-439.6330503079407,0,0,0,0,72617.92050984771,63362.03555505011
1781286300,29700,29724.75,29690.75,29707.75,0,0,0,0,0,0,0,0,0,0,0,1,0,29819.780377065643,29595.719622934357,63.35358471042883,8870,10351.128843163866,16637.5398971187,-291.6694397324843,0,0,0,0,74639.75874514182,64436.10443029694
1781286600,29707.75,29716,29697,29704.5,0,0,0,0,0,0,0,0,0,0,0,0,1,29806.27820727524,29606.72179272476,60.18547151682677,5931,8877.752562109245,15526.693264745798,-454.6473519789074,0,0,0,0,73625.24558724709,65311.26073095886
1781286900,29705.25,29706.75,29646.75,29683,0,0,0,0,0,0,0,0,0,0,0,0,1,29797.00833532701,29556.49166467299,60.172223551339144,16040,11265.168374739496,13316.628843163868,-1048.501638611482,0,0,0,0,67677.07892058042,65536.57674901806
1781287200,29683,29691.75,29646.25,29657,0,0,0,0,0,0,0,0,0,0,0,0,1,29780.43631137508,29557.56368862492,59.12420758338635,12966,11832.11224982633,16897.752562109243,-1662.8265696835983,0,0,0,0,60267.93606343756,65034.80144562944
1781287500,29657.25,29670,29628,29653.25,0,0,0,0,0,0,0,0,0,0,0,0,1,29756.85157484829,29541.14842515171,57.90104989885875,14592,12752.074833217554,17748.168374739496,-1585.8294017608912,0,0,0,0,58878.22177772328,64448.46052487647
1781287800,29653.25,29706.75,29642.5,29650,0,0,0,0,0,0,0,0,0,0,0,0,1,29794.281819501983,29554.968180498017,58.35454633465456,15556,13686.71655547837,19128.11224982633,-1455.287457306728,0,0,0,0,58091.342400291374,63843.02070348741
1781288100,29650.25,29660.5,29607.25,29628.25,0,0,0,0,0,0,0,0,0,0,0,0,1,29747.484903823268,29520.265096176732,57.98993588217923,15377,14250.144370318912,20530.074833217554,-1862.3474437687194,0,0,0,0,51738.403433155225,62690.20001107482
1781288400,29627.25,29640.5,29608.75,29627.25,0,0,0,0,0,0,0,0,0,0,0,0,0,29724.673482121605,29524.576517878395,56.11565474773786,9742,12747.429580212609,21375.216555478368,-1583.594806323078,0,0,0,0,51738.403433155225,61647.17176555867
1781288700,29626.5,29672.75,29615.25,29664.5,0,0,0,0,0,0,0,0,0,0,0,1,0,29757.071804827207,29530.928195172793,56.214536551470864,11578,12357.61972014174,19121.144370318914,-625.4516199594078,0,0,0,0,59389.95125924218,61432.19838400472
1781289000,29665.25,29697.25,29663,29687,0,0,0,0,1,0,0,0,0,0,0,1,0,29779.218461625263,29581.031538374737,54.645641083508664,10307,11674.079813427827,18536.42958021261,56.04067101830003,0,0,1,0,65935.2724271254,61861.06257858764
1781289300,29688,29692,29674,29689.75,0,0,0,0,0,0,0,0,0,0,0,1,0,29770.042142937746,29595.957857062254,52.02809529182947,6701,10016.386542285218,17511.119720141738,56.81966891546472,0,0,0,0,66586.7585382365,62311.12886045896
1781289600,29690.75,29719.25,29690,29709.5,0,0,0,0,0,0,1,0,0,0,0,1,0,29794.87841844219,29614.37158155781,50.41894562812737,9646,9892.92436152348,15024.579813427827,577.4765206215363,0,0,0,0,72770.09187156984,63307.22057580285
1781289900,29710.75,29712.5,29689.75,29705.25,0,0,0,0,0,0,0,0,0,0,0,0,1,29785.163888553463,29617.086111446537,48.44259236897541,9362,9715.949574348986,14839.386542285218,203.3251646969179,0,0,0,0,70506.75121222918,63992.89016022441
1781290200,29705,29708.5,29670,29699,0,0,0,0,0,0,0,0,0,0,0,0,1,29780.098610799643,29598.401389200357,47.73240719976288,9502,9644.633049565991,14573.92436152348,-29.533068821046527,0,0,0,1,69025.92004339801,64472.22633957428
1781290500,29698.75,29698.75,29631.5,29644.5,0,0,0,0,0,1,1,0,0,0,0,0,1,29772.466567171097,29557.783432828903,49.14437811406553,14240,11176.422033043995,14466.949574348986,-1160.5576123686576,0,0,0,0,57538.63379804486,63811.88419276195
1781290800,29644.5,29700.5,29639,29694.5,0,0,0,0,0,0,0,0,0,0,0,1,0,29775.540383801734,29563.959616198266,50.02692253448942,12098,11483.614688695996,16764.633049565993,-68.62748906716502,0,0,0,0,67374.40615576843,64151.17199876257
1781291100,29694.5,29711.25,29672,29685.25,0,0,0,0,0,0,0,0,0,0,0,0,1,29785.13571353018,29598.11428646982,49.25714235345446,10156,11041.076459130663,17225.422033043993,-328.34928019727187,0,0,0,0,64980.95392646907,64230.19884902033
1781291400,29686.25,29692.25,29655.5,29664.25,0,0,0,0,0,0,0,0,0,0,0,0,1,29764.79566256374,29582.95433743626,48.36377504249343,9951,10677.717639420442,16561.614688695994,-873.0727669708854,0,0,0,0,59023.892701979275,63734.360168349755
1781291700,29664,29690,29642.5,29687.5,0,0,0,0,0,0,0,0,0,0,0,1,0,29762.45311523776,29570.04688476224,48.30207682517247,10140,10498.478426280295,16016.576459130662,-278.7502997459919,0,0,0,0,64040.52428092664,63763.51865526184
1781292000,29687.25,29688.25,29662.5,29678.5,0,0,0,0,0,0,0,0,0,0,0,0,1,29758.286821292204,29592.463178707796,46.69121419480301,6727,9241.31895085353,15747.717639420443,-479.23351119572783,0,0,0,0,61754.65049451887,63572.197878048224
1781292300,29677.25,29697.25,29656,29660.75,0,0,0,0,0,0,1,0,0,0,0,0,1,29766.703834057047,29586.546165942953,46.30255603803136,7608,8696.87930056902,13861.978426280297,-710.6008025851454,0,0,0,0,58711.450494518875,63109.26955580733
1781292600,29660.25,29668.5,29598.5,29604.75,0,0,0,1,0,0,0,1,0,0,0,0,1,29740.492845910114,29526.507154089886,47.995230606743405,13894,10429.252867046014,13045.31895085353,-1644.3401237698035,0,0,0,0,47695.49335166173,61641.29086969823
1781292900,29605,29683.25,29580.75,29613.75,0,0,0,0,0,0,0,0,0,1,0,1,0,29761.08264263082,29502.91735736918,51.88842842054745,20403,13753.835244697342,15643.87930056902,-1193.988402275259,0,0,0,0,49437.212863856854,60478.99772628476
1781293200,29616.25,29658.75,29601,29636.5,0,0,0,0,0,0,0,0,0,0,0,1,0,29737.21066815719,29522.53933184281,52.30711210479406,13298,13601.890163131562,20630.752867046012,-543.6640195680347,0,0,0,0,54100.14792879192,59871.48822176163
1781293500,29636.75,29652.5,29608,29635.25,0,0,0,0,0,0,0,0,0,0,0,0,1,29730.12419186025,29530.37580813975,51.74946124016591,10726,12643.260108754375,20402.835244697344,-482.33257681444,0,0,0,0,53738.59736699417,59287.40337845044
1781293800,29636.5,29660,29625.75,29658,0,0,0,0,1,0,0,0,0,0,0,1,0,29735.749249584518,29550.000750415482,50.4994997230112,10769,12018.506739169583,18964.890163131564,241.01530298380993,0,0,1,0,60498.69955677519,59402.76491924327
1781294100,29657.5,29684,29650,29650.5,0,0,0,0,0,0,0,0,0,0,0,0,1,29757.981446042766,29576.018553957234,49.320964028510396,15368,13135.004492779723,18027.760108754374,-104.5225995093785,0,0,0,1,57334.69955677519,59205.80631329393
1781294400,29649.75,29689.25,29646.75,29681,0,0,0,0,0,0,0,0,0,0,0,1,0,29762.500628468282,29573.499371531718,48.833752312188224,9031,11767.002995186482,19702.506739169585,536.8470208707514,0,0,1,0,63975.140733245775,59660.02863900363
1781294700,29680,29705.5,29674.25,29699,0,0,0,0,0,0,0,0,0,0,0,1,0,29776.866655006263,29602.883344993737,47.57777000417478,5695,9743.001996790988,17650.50449277972,757.0700403463067,0,0,0,0,67437.70073324577,60400.75931464574
1781295000,29699.5,29719.75,29690,29714.5,0,0,0,0,0,0,0,0,0,0,1,1,0,29789.206536791527,29620.543463208473,46.30435786101943,5761,8415.667997860659,14614.502995186482,878.8678997733621,0,0,0,0,70342.40661559871,61347.582867117446
1781295300,29715.25,29730.75,29711.75,29717.75,0,0,0,0,0,0,0,0,0,0,0,1,0,29797.28106987785,29645.21893012215,44.354046585232325,3509,6780.111998573773,12623.501996790988,742.2201320851035,0,0,0,0,70804.1171419145,62248.20517900288
1781295600,29718,29719.75,29695.5,29697.25,0,0,0,0,0,0,0,0,0,0,0,0,1,29784.127064886572,29631.122935113428,42.91804325771573,3369,5643.074665715849,10170.167997860659,310.99881558475363,0,0,0,0,67921.36456459491,62788.50607286879
1781295900,29697.25,29704.75,29686.75,29688.25,0,0,0,0,0,0,0,0,0,0,0,0,1,29766.457274537534,29625.042725462466,41.13818302502175,1979,4421.7164438105665,8464.611998573773,135.35432837208765,0,0,0,0,66931.86456459491,63183.11164350937
1781296200,29688.5,29692.75,29680.5,29691,0,0,0,0,0,1,0,0,0,0,0,1,0,29751.362112070565,29621.887887929435,39.07474138037735,2449,3764.144295873711,6632.57466571585,131.31066476780023,0,0,0,0,67431.66048296227,63587.735342504886
1781296500,29690,29691.5,29670,29680.5,0,0,0,0,0,0,0,0,0,0,0,0,1,29748.229104065525,29613.270895934475,37.819402710350396,2327,3285.096197249141,5646.2164438105665,-16.65092818975188,0,0,0,1,66403.45118063668,63855.898755660295
1781296800,29681.25,29704,29677,29677,0,0,0,0,0,0,0,0,0,0,0,0,1,29759.56988234656,29621.43011765344,37.04658823103965,3469,3346.3974648327608,4927.644295873712,-91.81228874058903,0,0,0,0,65857.40488434039,64046.51838696316
1781297100,29680.5,29688,29675,29678.75,0,0,0,0,0,0,0,0,0,0,0,0,0,29740.993462178947,29622.006537821053,35.32897478596539,1329,2673.9316432218407,5019.596197249141,-117.91433686618251,0,0,0,0,65678.50103818654,64201.94530612729
1781297400,29678.75,29682.75,29666.25,29670.25,0,0,0,0,0,0,0,0,0,0,0,0,1,29733.72607202331,29615.27392797669,33.984048015539294,1470,2272.6210954812273,4010.897464832761,-192.78545014235783,0,0,0,0,64921.228310913815,64270.44844944029
1781297700,29669.75,29687,29665.5,29677,0,0,0,0,0,0,0,0,0,0,0,1,0,29736.638495450214,29615.861504549786,33.09233030014363,1467,2004.0807303208182,3408.931643221841,-134.70665075061504,0,0,0,0,65415.91435742544,64379.540440676974
1781474400,30100,30347,30100,30323.25,0,1,0,0,0,0,0,1,0,0,0,1,0,30464.878602918056,29982.121397081944,78.58573527870479,12171,5393.053820213879,3006.1210954812273,901.9572518993616,0,0,1,0,11000.711538461539,59295.84244998979
1781474700,30323.75,30383,30317.5,30371,0,0,0,0,0,0,0,0,0,0,0,1,0,30499.476559852483,30201.023440147517,77.65103990165446,8221,6335.702546809252,8089.5807303208185,1263.8996169173743,0,0,0,0,16931.12756899589,55261.10769941894
1781475000,30370,30381,30347.5,30361,0,0,0,0,1,0,0,0,0,0,0,0,1,30492.74609129159,30235.75390870841,74.49739419439344,5298,5989.801697872835,9503.553820213878,858.3777224609548,0,0,0,0,15507.7842854138,51475.07689808512
1781475300,30361,30375,30323.25,30370.75,0,0,0,0,0,0,0,0,0,0,0,1,0,30484.30887048505,30213.94112951495,72.87258032336533,6511,6163.534465248556,8984.702546809252,771.0695762408885,0,0,0,0,16734.494430341336,48166.44999639524
1781475600,30372.5,30395.25,30359,30375.25,0,0,0,0,0,0,0,0,0,0,0,1,0,30500.63502259326,30253.61497740674,70.25668172883924,5341,5889.356310165705,9245.301697872834,617.2243582496812,0,0,0,0,17139.673740686165,45211.51892442295
1781475900,30374.75,30383.75,30333,30353,0,0,0,0,0,0,0,0,0,0,0,0,1,30487.045020979454,30229.704979020546,68.86334731963645,8072,6616.904206777136,8834.034465248556,123.91899102999207,0,0,0,0,13680.245169257592,42208.540471550055
1781476200,30351,30373.25,30305.5,30338.25,0,0,0,0,0,0,0,0,0,0,0,0,1,30476.425733766635,30202.324266233365,68.78382251109099,7453,6895.602804518091,9925.356310165704,-85.65161647808634,0,0,0,1,12277.651073316632,39357.979576480204
1781476500,30337.5,30349.25,30324,30332.25,0,0,0,0,0,1,0,0,0,0,0,0,1,30447.76139564045,30225.48860435955,65.67426376029877,4242,6011.068536345394,10343.404206777137,-206.9484037581106,0,0,0,0,11395.651073316632,36694.90067141701
1781476800,30332,30348.25,30313,30332.25,0,0,0,0,0,0,0,0,0,0,0,0,0,30443.501653094703,30217.748346905297,63.501102063134574,4913,5645.045690896929,9016.60280451809,-218.14967606398025,0,0,0,0,11430.495044947838,34288.76680222947
1781477100,30333.5,30360,30325,30358.75,0,0,0,0,0,0,0,0,0,0,0,1,0,30452.197963587936,30232.802036412064,61.46530905862496,4160,5150.030460597953,8467.568536345394,53.29725513076107,0,0,1,0,14431.637902090695,32397.611668882917
1781477400,30359.75,30374.25,30347.25,30359.25,0,0,0,0,0,0,1,0,0,0,0,0,0,30462.755251903083,30258.744748096917,59.00350126872318,3946,4748.6869737319685,7725.045690896929,-14.967091089823725,0,0,0,1,14358.56382801662,30679.607112609938
1781477700,30359.5,30368.25,30345,30347.5,0,0,0,0,0,0,0,0,0,0,0,0,1,30452.924519624292,30260.325480375708,56.44967974952867,2733,4076.7913158213123,7123.030460597953,-196.34896805070355,0,0,0,0,12947.98318285533,28990.88102406188
1781478000,30347.75,30368.75,30335.5,30340.5,0,0,0,0,0,0,0,0,0,0,0,0,1,30450.938839651128,30253.311160348872,54.79255976741948,3847,4000.1942105475414,6115.1869737319685,-289.07758348584434,0,0,0,0,12109.16363398315,27383.098415482953
1781478300,30341,30353,30314.25,30324,0,0,0,0,0,0,0,0,0,0,0,0,1,30433.469993961764,30233.780006038236,53.64666264117523,4237,4079.129473698361,6000.291315821312,-458.6251820864471,0,0,0,0,10250.350730757344,25751.4081597948
1781478600,30323.5,30334,30315,30317.25,0,0,0,0,0,0,0,0,0,0,0,0,1,30410.757851535924,30238.242148464076,51.17190102394843,3014,3724.0863157989074,6118.694210547541,-512.067754054788,0,0,0,0,9258.90336233629,24180.693417179704
1781478900,30316.75,30325,30291.25,30299.75,0,0,0,0,0,0,0,0,0,0,0,0,1,30399.891219283356,30216.358780716644,49.927479522237824,4487,3978.3908771992715,5586.129473698361,-671.4250606259302,0,0,0,0,6998.784843817772,22544.321172097614
1781479200,30299,30328.25,30282,30323,0,0,0,0,0,0,0,0,0,0,0,1,0,30402.74720362026,30207.50279637974,49.66480241350655,5094,4350.260584799515,5967.586315798907,-335.37102821261374,0,0,0,0,9642.157816790745,21315.543709687438
1781479500,30322.75,30345,30311.75,30329.75,0,0,0,0,0,0,0,0,0,0,0,1,0,30417.73847479024,30239.01152520976,48.49231652682751,4425,4375.173723199677,6525.390877199272,-220.07852738854916,0,0,0,0,10573.736764159166,20292.514476779983
1781479800,30329.25,30346,30326,30337.25,0,0,0,0,0,0,0,0,0,0,0,1,0,30415.68572659094,30256.31427340906,46.45715106062555,3005,3918.4491487997843,6562.760584799515,-99.103022850462,0,0,0,0,11775.736764159166,19481.392789863716
1781480100,30336.25,30351.25,30335.75,30345.5,0,0,0,0,1,0,0,0,0,0,0,1,0,30417.6188889773,30269.3811110227,44.24592598486658,2545,3460.6327658665227,5877.673723199677,30.025241241371077,0,0,1,0,13294.527086739812,18892.167484804297
1781480400,30345.75,30355.25,30332.75,30338.75,0,0,0,0,0,0,0,0,0,0,0,0,1,30419.288968336063,30268.711031663937,42.69264555737611,3488,3469.7551772443485,5190.949148799784,-109.87222024591128,0,0,0,1,12209.371531184257,18255.710727316673
1781480700,30338.25,30342,30311.25,30328.5,0,0,0,0,0,0,0,0,0,0,0,0,1,30404.7593991692,30248.4906008308,41.83959944613496,5740,4226.503451496233,5204.632765866523,-292.3010050949361,0,0,0,0,10389.371531184257,17506.535565780254
1781481000,30329,30348,30315,30335,0,0,0,0,0,0,0,0,0,0,0,1,0,30409.812299228546,30253.187700771454,41.20819948569675,3313,3922.0023009974884,6339.755177244349,-211.11604883554742,0,0,0,0,10991.735167547893,16886.07838499622
1781481300,30334,30360,30332.75,30350.25,0,0,0,0,0,0,0,0,0,0,0,1,0,30420.316777855078,30272.433222144922,40.21118523671841,4478,4107.334867331659,5883.003451496233,51.09858455959352,0,0,1,0,13662.102140024957,16579.03302833229
1781481600,30350,30395,30339,30384.25,0,0,0,0,0,0,0,0,1,0,0,1,0,30457.008436579716,30276.991563420284,41.338957719809954,10005,6073.223244887772,6161.002300997488,588.9822571022798,0,0,0,0,19781.231604310673,16884.004321282613
1781481900,30385,30418,30360.5,30413.25,1,0,0,0,0,0,0,1,0,0,0,1,0,30481.73997682402,30296.76002317598,42.49331788268067,7686,6610.815496591848,9109.834867331658,803.0128542164736,0,0,0,0,23557.39682170198,17519.565511798744
1781482200,30413.75,30458.5,30412.5,30449,0,0,0,0,0,0,0,0,0,0,0,1,0,30522.61569276516,30348.38430723484,42.7437951767749,7955,7058.876997727899,9916.223244887773,1190.1604175950342,0,0,0,0,29653.3479086585,18675.1638353092
1781482500,30449.75,30462.75,30427.75,30452.5,0,0,0,0,0,0,0,0,0,0,0,1,0,30526.036000424792,30364.463999575208,42.19066694986241,5438,6518.584665151932,10588.315496591847,964.2296213143528,0,0,0,0,30080.619337229928,19761.397692634982
1781482800,30452.5,30465.5,30437.5,30459.25,0,0,0,0,0,0,0,0,0,0,0,1,0,30527.265571823023,30375.734428176977,41.177047882015096,4632,5889.7231101012885,9777.876997727899,838.155622192287,0,1,0,0,31197.262194372786,20850.52764518144
1781483100,30460.25,30469,30446.75,30456,0,0,0,0,0,0,0,0,0,0,0,0,1,30528.737673835665,30387.012326164335,39.82511589044259,3082,4953.815406734192,8834.584665151933,569.0901470026247,0,1,0,0,30608.565565159304,21779.864589941237
1781483400,30456.5,30460,30445,30448.75,0,0,0,0,0,0,0,0,0,0,0,0,1,30517.07783999026,30387.92216000974,38.05189332683955,2589,4165.543604489461,7430.723110101288,275.28791422831887,0,0,0,0,29270.915565159303,22493.298016152483
1781483700,30447.75,30453.5,30436,30439.25,0,0,0,0,0,0,0,0,0,0,0,0,1,30508.375851419525,30381.124148580475,36.583900946351,2546,3625.6957363263077,6248.315406734192,43.327216576596584,0,0,0,0,28034.286993730733,23021.011252112316
1781484000,30438.5,30442.5,30426.25,30438.25,0,0,0,0,0,1,0,0,0,0,0,0,1,30495.197219175276,30373.552780824724,35.13147945018307,3170,3473.797157550872,5438.543604489461,-34.349638171707284,0,0,0,1,27985.517762961503,23493.821396002713
1781484300,30438.5,30452,30428,30442.25,0,0,0,0,0,0,1,0,0,0,0,1,0,30503.504560662754,30376.495439337246,34.336373775169996,3248,3398.531438367248,5210.695736326308,-45.11067007400652,0,0,0,0,28493.017762961503,23969.935335713075
1781484600,30440.25,30450.5,30426.5,30431.5,0,0,0,0,0,0,0,0,0,0,0,0,1,30500.897092043986,30376.102907956014,33.59806136265785,2646,3147.6876255781654,5097.797157550872,-192.06858285720915,0,0,0,0,27528.330262961503,24308.830090689116
1781484900,30432,30440,30427.25,30435.75,0,0,0,0,0,0,0,0,0,0,0,1,0,30488.163371183702,30379.086628816298,32.108914122468,1627,2640.7917503854437,4721.5314383672485,-174.77645709601626,0,0,0,0,28006.85967472621,24661.023384406933
1781485200,30437.5,30448,30422,30443.25,0,0,0,0,0,0,0,0,0,0,0,1,0,30495.50884467058,30374.49115532942,31.672563113720287,3914,3065.1945002569623,3961.1876255781654,-123.04575154556915,0,0,0,0,28872.45582857236,25062.112188613166
1781485500,30443,30455.25,30428,30446,0,0,0,0,0,0,0,0,0,0,0,1,0,30502.284998622683,30380.965001377317,31.356665748454553,3232,3120.7963335046416,4597.791750385443,-127.9690028837386,0,0,0,0,29228.27234233383,25458.889346110373
1781485800,30446.5,30471,30437.75,30460.25,0,0,0,0,0,0,0,0,0,0,1,1,0,30518.237855863918,30390.512144136082,31.491903909279227,3731,3324.197555669761,4681.194500256963,-19.41496694127079,0,0,0,0,30771.167079175935,25964.82055878328
1781486100,30460.5,30466.5,30439,30440.5,0,0,0,0,0,0,0,0,0,0,0,0,1,30513.31015187364,30392.18984812636,31.206767915759283,3018,3222.131703779841,4986.296333504642,-282.4122686729216,0,0,0,0,28576.257988266843,26213.528885400763
1781486400,30440.5,30456.25,30435.5,30450.75,0,0,0,0,0,0,0,0,0,0,0,1,0,30501.939783882666,30389.810216117334,30.459855921776477,2953,3132.421135853227,4833.197555669762,-151.15376656600085,0,0,0,0,30034.968831640337,26577.47554694739
1781486700,30450.25,30470.5,30440.25,30455.25,0,0,0,0,0,1,0,0,0,0,0,1,0,30516.16729931962,30394.58270068038,30.444866213078154,3139,3134.614090568818,4698.631703779841,-131.5009232885527,0,0,0,0,30553.81180684695,26956.174238366395
1781487000,30455.75,30470,30440,30467,0,0,0,0,0,0,0,0,0,0,0,1,0,30515.6196350825,30394.3803649175,30.413090055001142,2993,3087.4093937125454,4701.921135853227,-57.78269577676349,0,0,0,0,31676.18680684695,27405.699244888354
1781487300,30467.75,30481.75,30463.5,30472.75,1,0,0,0,0,0,0,1,0,0,0,1,0,30526.06644686232,30419.18355313768,29.54429790821535,3163,3112.6062624750302,4631.114090568818,-21.34004907304086,0,0,0,0,32542.7621493127,27894.943331024006
1781487600,30472.75,30484.5,30466.75,30482.5,0,0,0,0,0,0,0,0,0,0,0,1,0,30527.55277208644,30423.69722791356,28.701848057628535,2441,2888.7375083166867,4668.909393712545,53.137863966830196,0,0,1,0,33883.59313522819,28465.290931424403
1781487900,30482.25,30484,30474.75,30478.25,0,0,0,0,0,0,0,0,0,0,0,0,1,30524.96864550884,30433.78135449116,27.312430339226495,1674,2483.825005544458,4333.10626247503,-80.75049012671667,0,0,0,1,33159.7012433363,28912.377627796963
1781488200,30478.75,30486.75,30462.75,30473,0,0,0,0,0,0,0,0,0,0,0,0,1,30527.363742258207,30422.136257741793,27.075828172138888,2360,2442.5500036963053,3725.7375083166867,-174.4422820202471,0,0,0,0,32594.28457666963,29263.035432451503
1781488500,30472.5,30473,30452.75,30468,0,0,0,0,0,0,0,0,0,0,1,0,1,30512.88240352548,30412.86759647452,26.58826901698611,2538,2474.3666691308704,3663.825005544458,-249.48320405209162,0,0,0,0,32030.28457666963,29526.582969996085
1781488800,30467.5,30477.5,30461.25,30470.25,0,0,0,0,0,0,0,0,0,0,0,1,0,30516.27473184509,30422.47526815491,25.84982123005853,2465,2471.244446087247,3711.550003696306,-216.62416902181528,0,0,0,0,32447.438422823478,29804.75967978917
1781489100,30470.5,30481,30465.75,30478,0,0,0,0,0,1,0,0,0,0,0,1,0,30518.639036713295,30428.110963286705,25.092691142197207,2011,2317.8296307248315,3706.866669130871,-134.52469078489156,0,0,0,0,33436.4548162661,30150.63540707269
1781489400,30478.75,30490.25,30474,30483.5,0,0,0,0,0,0,0,0,0,0,1,1,0,30526.94160551949,30437.30839448051,24.46107034632598,2909,2514.886420483221,3476.7444460872475,-79.69678806299936,0,0,0,0,34286.77789318918,30544.55373908378
1781489700,30484.25,30491.5,30480.75,30486.5,0,0,0,0,0,0,0,0,0,0,0,1,0,30526.722562268096,30445.527437731904,23.481708178731264,1742,2257.257613655481,3772.329630724832,-80.13328348246165,0,0,0,0,34651.382544351975,30935.680291966466
1781490000,30487.5,30497.75,30482.5,30495.75,1,0,0,0,0,0,0,1,0,0,0,1,0,30532.09059353466,30448.15940646534,22.8937290231076,1832,2115.5050757703207,3385.886420483221,-20.993864202955535,0,0,0,0,35642.46451156509,31383.945455737765
1781490300,30495.5,30508,30490.5,30506.25,0,0,0,0,0,0,0,0,0,0,0,1,0,30541.762693996472,30456.737306003528,22.5084626643142,2469,2233.336717180214,3173.257613655481,76.81633339697464,0,0,1,0,37159.13594013652,31933.963597109076
1781490600,30506,30512,30493.25,30496,0,0,0,0,0,0,0,0,0,0,0,0,1,30545.36000156815,30459.88999843185,22.240001045434614,2364,2276.891144786809,3350.0050757703207,-105.26649184441811,0,0,0,1,35898.335940136516,32311.522867873595
1781490900,30496.75,30505.25,30492,30501,0,0,0,0,0,0,0,0,0,0,0,1,0,30537.646787170426,30459.603212829574,21.597858113617857,1550,2034.5940965245393,3415.336717180214,-87.60679165553051,0,0,0,0,36395.50575145727,32700.47361869109
1781491200,30500.75,30503.25,30487.25,30494.5,0,0,0,0,0,0,0,0,0,0,0,0,1,30535.047016658253,30455.452983341747,21.198011105502296,1559,1876.0627310163595,3051.891144786809,-176.6610688763942,0,0,0,0,35786.52137645727,32994.38292895453
1781491500,30494.5,30504,30491.25,30501.75,0,0,0,0,0,1,0,0,0,0,0,1,0,30534.891872611235,30460.358127388765,20.59458174082356,1230,1660.7084873442398,2814.094096524539,-124.9491715545779,0,0,0,0,36485.93314116315,33326.91152059345
1781491800,30502,30508.25,30495,30505.75,0,0,0,0,0,0,0,0,0,0,0,1,0,30538.354953139005,30464.895046860995,20.069968759336167,1593,1638.1389915628265,2491.0627310163595,-105.30007831397455,0,0,0,0,36936.78219776692,33670.7087279433
1781492100,30506.5,30507.5,30499.25,30501.25,0,0,0,0,0,0,0,0,0,0,0,0,1,30536.338527914788,30470.411472085212,19.22568527652644,995,1423.759327708551,2457.20848734424,-190.5277530642863,0,0,0,0,36303.60037958511,33921.46031381395
1781492400,30501.75,30504.5,30487.75,30496.5,0,0,0,0,0,0,0,0,0,0,0,0,1,30533.073275920877,30459.176724079123,19.04885061391741,1595,1480.8395518057007,2135.6389915628265,-246.1524835017201,0,0,0,0,35803.67500645078,34100.71885596984
1781492700,30496.75,30498.25,30484,30493,0,0,0,0,0,0,0,0,0,0,0,0,1,30526.3091133551,30455.9408866449,18.706075570066165,1504,1488.5597012038004,2221.259327708551,-279.9929459621237,0,0,0,0,35407.885532766566,34225.210920426674
1781493000,30493.25,30504,30492.25,30502,0,0,0,0,0,0,1,0,0,0,0,1,0,30531.313819544022,30464.936180455978,18.209213029347154,1581,1519.3731341358668,2232.8395518057005,-157.63816721741793,0,0,0,0,36585.225958298484,34449.97425736685
1781493300,30502.75,30522,30501.25,30512,0,0,0,0,0,0,0,0,0,0,0,1,0,30549.586046719447,30473.663953280553,18.390697812965215,3164,2067.5820894239114,2279.0597012038,-34.849089213234095,0,0,0,0,37995.683789623785,34787.66087948655
1781493600,30511.5,30519,30508.5,30514.75,1,0,0,0,0,0,0,1,0,0,0,1,0,30545.740614810915,30481.759385189085,17.827076540610555,1228,1787.7213929492743,3101.373134135867,-31.425558648423817,0,0,0,0,38375.77902771902,35129.38641741346
1781493900,30514.5,30517.5,30502.25,30505.5,0,0,0,0,0,0,0,0,0,0,1,0,1,30543.964499467278,30475.785500532722,17.642999644852658,1667,1747.4809286328496,2681.5820894239114,-156.7262553888278,0,0,0,0,37391.9757490305,35344.8711156627
1781494200,30505,30519.25,30497.75,30515,0,0,0,0,0,1,0,0,0,0,0,1,0,30546.12774950533,30470.87225049467,17.918499670220324,2398,1964.3206190885664,2621.2213929492746,-60.314431485418936,0,0,0,0,38507.3245862398,35646.05716047957
1781494500,30515.75,30518.5,30506.25,30507.25,0,0,0,0,0,0,0,0,0,0,0,0,1,30544.77041025495,30479.97958974505,17.51360683663316,1195,1707.880412725711,2946.4809286328496,-164.2216750523081,0,0,0,0,37678.14091277042,35839.588946412034
1781494800,30507.75,30512,30489.25,30496.25,0,0,0,0,0,0,0,0,0,0,0,0,1,30538.831452379596,30462.418547620404,17.88763491973079,2039,1818.2536084838073,2561.8206190885667,-266.75436521328066,0,0,0,0,36647.43761606712,35916.52691495061
1781495100,30496.5,30500.5,30474,30489.75,0,0,0,0,0,0,0,0,0,0,0,0,1,30528.254205781053,30446.245794218947,18.502803854035733,2684,2106.835738989205,2727.380412725711,-315.8448964732941,0,0,0,0,35963.77723870863,35921.02694578471
1781495400,30491,30494.5,30486,30492,0,0,0,0,0,0,0,0,0,0,0,1,0,30521.182476796694,30459.317523203306,17.788317864461753,1008,1740.5571593261366,3160.2536084838075,-278.1960569385476,0,0,0,0,36082.36547400275,35936.39251990071
1781495700,30491.5,30493,30481.75,30487.75,0,0,0,0,0,0,0,0,0,0,0,0,1,30518.981942739785,30455.768057260215,17.321295159857343,1117,1532.704772884091,2610.835738989205,-291.7453967212705,0,0,0,0,35710.03214066941,35914.83438854535
1781496000,30487.5,30494,30472.5,30478.25,0,0,0,0,0,0,0,0,0,0,0,0,1,30520.429661115515,30446.070338884485,17.61977407701039,2121,1728.8031819227274,2299.0571593261366,-351.5787847712074,0,0,0,0,34797.50888485546,35808.42243581298
1781496300,30478.75,30486,30474.5,30478.5,0,0,0,0,0,0,0,0,0,0,0,0,0,30511.773971035836,30448.726028964164,17.182647357223935,1297,1584.8687879484849,2593.204772884091,-314.7181959754675,0,0,0,0,34769.31323268155,35709.459654562364
1781496600,30478.5,30482.75,30466.25,30479.75,0,0,0,0,0,0,0,0,0,0,0,1,0,30508.450830247562,30440.549169752438,17.13388683170794,1470,1546.5791919656565,2377.303181922727,-269.34218652516074,0,0,0,0,34880.676869045186,35630.527960703585
1781496900,30480.5,30499.25,30479.5,30497.75,0,0,0,0,0,0,0,0,0,0,0,1,0,30525.231128087024,30453.518871912976,17.320752058014516,2131,1741.3861279771043,2319.8687879484846,-65.84502456218021,0,0,0,0,36741.93003360215,35736.37577717011
1781497200,30498,30506.25,30493,30503,0,0,0,0,0,0,0,0,0,0,0,1,0,30531.794976080804,30467.455023919196,17.029984053870624,1645,1709.2574186514028,2612.0791919656563,-16.170567616263043,0,0,0,0,37362.68475058328,35891.26234606661
1781497500,30503,30515,30501,30512.25,0,0,0,0,1,0,1,0,0,0,0,1,0,30540.220334932175,30475.779665067825,16.813556621451294,1628,1682.1716124342686,2563.886127977104,67.23759627023117,0,0,1,0,38438.32760772613,36133.83999003418
1781497800,30512.25,30530,30505,30524.25,1,0,0,0,0,0,0,1,0,0,0,1,0,30556.097453865594,30478.902546134406,17.398302577061916,2455,1939.781074956179,2523.257418651403,144.44135521038447,0,0,0,0,39616.727607726134,36465.543572671515
1781498100,30524.5,30529.25,30515,30521.75,0,0,0,0,0,0,0,0,0,0,1,0,1,30555.010135732336,30489.239864267664,17.173423821557495,1867,1915.5207166374528,2909.6716124342684,61.62583676208635,0,0,0,0,39256.429362112096,36731.3422192849
1781498400,30522,30526.25,30511.5,30525,0,0,0,0,0,0,0,0,0,0,0,1,0,30551.750483180025,30485.999516819975,17.000322120017675,1254,1695.0138110916353,2873.281074956179,51.564308444894436,0,0,0,0,39511.48020956972,36996.1172659787
1781498700,30525,30525.25,30515.75,30517.5,0,0,0,0,0,1,0,0,0,0,0,0,1,30549.946877238595,30491.053122761405,16.4645848257307,957,1449.0092073944236,2542.520716637453,-52.0702108464875,0,0,0,1,38755.95389378025,37163.72075434075
1781499000,30517.5,30522.25,30513.5,30515.5,0,0,0,0,0,0,0,0,0,0,0,0,1,30546.120314578697,30489.629685421303,15.913543052464222,983,1293.6728049296157,2173.5138110916355,-86.26408647665525,0,0,0,0,38531.26817949454,37293.963366260155
1781499300,30514,30535.25,30512.5,30529.5,0,0,0,0,0,0,0,0,0,0,1,1,0,30559.852792108788,30487.897207891212,16.401861405859634,1989,1525.448536619744,1940.5092073944236,35.08270935069078,0,0,1,0,39886.41103663739,37540.86314439132
1781499600,30530,30532,30524.75,30528,0,0,0,0,0,0,0,0,0,0,0,0,1,30555.62223552959,30501.12776447041,15.748157019726802,1140,1396.9656910798292,2288.1728049296157,-23.29674723899504,0,0,0,1,39571.928278016705,37734.297919022305
1781499900,30528.5,30541.25,30522.5,30539.25,1,0,0,0,0,0,0,1,0,0,0,1,0,30565.19386156319,30498.55613843681,15.962574375460603,1822,1538.6437940532194,2095.4485366197437,57.12622300431502,0,0,1,0,40616.54161135004,38008.79731829161
1781500200,30539.5,30545,30537,30541.75,0,0,0,0,0,0,0,0,0,0,0,1,0,30568.09072859439,30513.90927140561,15.393819062927703,1091,1389.4291960354797,2307.965691079829,52.892579483658324,0,0,0,0,40923.38536135004,38286.377131916226
1781500500,30541,30544.5,30536,30544,0,0,0,0,0,0,0,0,0,0,0,1,0,30566.852105123362,30513.647894876638,14.901403415575725,1238,1338.9527973569864,2084.1437940532196,61.311298715615806,0,0,0,0,41360.32653782063,38579.134218192834
1781500800,30543.25,30550,30533.5,30535,0,0,0,0,0,0,0,0,0,0,0,0,1,30572.523383328837,30510.976616671163,15.015588885891745,1276,1317.9685315713243,2008.4291960354794,-33.37877664998868,0,0,0,1,40722.32653782063,38783.2477724431
1781501100,30534.25,30542.25,30527,30535.25,0,0,0,0,0,0,0,0,0,0,0,1,0,30564.79849880535,30504.45150119465,15.032332536899478,1666,1433.9790210475496,1976.9527973569866,-40.05153614618408,0,0,0,0,40831.572439459975,38978.32631215899
1781501400,30536,30540.75,30513.5,30521.5,0,0,0,0,0,0,0,0,0,0,0,0,1,30564.607534604966,30489.642465395034,15.905023069978087,2113,1660.319347365033,2150.9685315713245,-161.26538120076222,0,0,0,0,39707.22381560676,39047.74512201116
1781501700,30521.25,30530.25,30502.75,30528.75,0,0,0,0,0,1,0,0,0,0,0,1,0,30555.349853561755,30477.650146438245,16.733235707836794,3202,2174.212898243355,2490.4790210475494,-71.0414594983159,0,0,0,0,40580.49654287949,39193.721447808144
1781502000,30529,30534,30520,30525,0,0,0,0,0,0,0,0,0,0,0,0,1,30558.80700687877,30495.19299312123,16.53800458584845,1700,2016.1419321622368,3261.3193473650326,-124.83298200406726,0,0,0,0,40094.78225716521,39279.53676298501
1781502300,30526.75,30530,30518.5,30523,0,0,0,0,0,0,0,0,0,0,0,0,1,30554.267220673148,30494.232779326852,16.178147115430704,1256,1762.761288108158,3024.212898243355,-160.6571124318164,0,0,0,0,39685.2170397739,39318.17297982205
1781502600,30522.25,30525.25,30507.5,30518.5,0,0,0,0,1,0,0,0,0,0,0,0,1,30549.685633482208,30483.064366517792,16.290422321471368,1777,1767.5075254054386,2644.141932162237,-185.53404715966047,0,0,0,0,39309.79450456263,39317.37502979734
1781502900,30518,30538.25,30512,30536,0,0,0,0,0,0,0,0,0,0,0,1,0,30563.752731090623,30486.497268909377,17.001820727080556,1583,1706.005016936959,2651.2612881081577,-67.08670772810115,0,0,0,0,40395.28021884835,39420.03266684982
1781503200,30536.5,30548,30530.75,30537,0,0,0,0,0,0,1,0,0,0,0,1,0,30573.529321727005,30505.220678272995,17.01954781800337,2652,2021.3366779579726,2559.0075254054386,-64.93264565918705,0,0,0,0,40472.14978406574,39520.23429706086
1781503500,30538,30542.75,30531,30533.75,0,0,0,0,0,0,0,0,0,0,0,0,1,30567.714727317933,30506.035272682067,16.643151545288845,1830,1957.557785305315,3032.005016936959,-132.22624472459296,0,0,0,0,39810.234890448715,39547.85340119304
1781503800,30535,30539.5,30526.75,30535.75,0,0,0,0,0,0,0,0,0,0,0,1,0,30564.04760393808,30502.20239606192,16.365069292053928,1772,1895.7051902035435,2936.336677957973,-114.09452474114033,0,0,0,0,39914.470184566366,39582.76928532383
1781504100,30536.25,30536.25,30519,30529,0,0,0,0,0,0,0,0,0,0,0,0,1,30560.892417942505,30494.357582057495,16.42827862833579,2179,1990.136793469029,2843.557785305315,-194.4786808556589,0,0,0,0,38998.65859036347,39527.139695327605
1781504400,30528.5,30549.75,30523,30549,0,0,0,0,0,0,0,0,0,0,0,1,0,30575.498316660894,30497.251683339106,17.165544440597518,2470,2150.0911956460195,2985.2051902035437,5.570792417601467,0,0,1,0,40891.555786625155,39657.08408497499
1781504700,30549.25,30562,30535.5,30542.5,0,0,0,0,0,0,0,0,0,0,1,0,1,30588.748436899405,30508.751563100595,17.832291266269124,3591,2630.3941304306795,3225.1367934690293,-95.4897672863903,0,0,0,1,39976.86710737987,39687.53961091831
1781505000,30542,30551,30528.25,30529.25,0,0,0,0,0,0,0,0,0,0,0,0,1,30578.275334263733,30500.974665736267,18.18355617582133,2984,2748.262753620453,3945.5911956460195,-248.5005357505408,0,0,0,0,38304.51545902822,39555.823025024016
1781505300,30529.75,30534.5,30521.5,30526.25,0,0,0,0,0,0,0,0,0,0,0,0,1,30561.219953244894,30494.780046755106,17.813302163262666,2147,2547.8418357469686,4122.39413043068,-268.57392769960586,0,0,0,0,37726.47699748976,39381.59959383028
1781505600,30526.5,30556.5,30522.75,30552.75,0,0,0,0,0,1,0,0,0,0,0,1,0,30584.927456584544,30494.322543415456,18.951637723029616,2917,2670.894557164646,3821.7627536204527,-15.249852489525807,0,0,0,0,39995.25477526754,39440.042944443354
1781505900,30553,30557.5,30548.25,30551.75,0,0,0,0,0,0,0,0,0,0,0,0,1,30584.887995399935,30520.862004600065,18.258663599956073,1789,2376.9297047764308,4006.341835746969,-44.78329014668328,0,0,0,0,39753.49801851078,39469.89580864025
1781506200,30551.5,30560,30538.75,30541.75,0,0,0,0,0,0,0,0,0,0,0,0,1,30587.70849572851,30511.04150427149,18.472330485673496,1873,2208.9531365176204,3565.3945571646464,-126.65433446266276,0,1,0,0,38894.12154792254,39415.06016476237
1781506500,30542.25,30554.25,30537.25,30551.5,0,0,0,0,0,0,0,0,0,0,0,1,0,30581.800746033616,30509.699253966384,18.367164022411107,1547,1988.3020910117468,3313.4297047764303,-32.487447438070745,0,0,0,0,39735.87154792254,39445.613629825246
1781506800,30551.5,30553.25,30521.25,30541.75,0,0,0,0,0,0,0,0,0,0,0,0,1,30582.261407031216,30492.238592968784,19.340938020810313,4126,2700.868060674498,2982.4531365176204,-152.9404718936804,0,0,0,0,38478.73092292254,39353.52956250118
1781507100,30542,30565.25,30534.5,30538.25,0,0,0,0,0,0,0,0,0,0,1,0,1,30595.483806528984,30504.266193471016,20.15587101932386,3448,2949.9120404496653,4051.3020910117466,-171.37427442690756,0,0,0,0,38058.24311804449,39230.1689487434
1781507400,30537.25,30543.5,30521,30533,0,0,0,0,0,0,0,0,0,0,0,0,1,30573.984963205487,30490.515036794513,20.323308803657874,2603,2834.27469363311,4424.868060674498,-191.90699321230653,0,0,0,0,37566.565340266716,39071.730509840854
1781507700,30534.25,30567.5,30532.25,30557.75,0,0,0,0,0,0,1,0,0,0,0,1,0,30599.584251547953,30500.165748452047,21.389501031968024,3542,3070.18312908874,4251.412040449665,61.091109198659126,0,0,1,0,39927.89867360005,39153.27033496078
1781508000,30557.75,30565.25,30534.5,30541,0,0,0,0,0,0,0,0,0,0,0,0,1,30598.33716215167,30501.41283784833,22.058108101113167,2867,3002.4554193924932,4605.27469363311,-102.12318042880783,0,0,0,1,38366.19948660818,39078.31120654624
1781508300,30541,30564.5,30538.25,30554.75,0,0,0,0,1,0,0,0,0,0,0,1,0,30598.03629342655,30504.71370657345,22.357528951033654,2450,2818.3036129283287,4503.68312908874,33.16594133273523,0,0,1,0,39649.532819941516,39132.71326496484
1781508600,30555,30565,30538.5,30564.25,0,0,0,0,0,1,0,0,0,0,0,1,0,30598.98012961037,30504.51987038963,22.653419740245536,2369,2668.5357419522193,4227.455419392493,100.30193657380886,0,0,0,0,40476.44791428114,39260.687993471154
1781508900,30563.5,30572.75,30555.25,30560.75,0,0,0,0,0,0,0,0,0,0,1,0,1,30606.177977495343,30521.822022504657,22.285318330227998,2820,2719.023827968146,4002.803612928329,34.85822873220599,0,0,0,0,40033.305057138285,39334.270570963265
1781509200,30560.25,30569.5,30552.25,30555.75,0,0,0,0,0,0,0,0,0,0,0,0,1,30602.388479102818,30519.361520897182,21.925652735211713,1838,2425.349218645431,4078.5357419522193,-22.161283205909037,0,0,0,1,39553.82679626872,39355.18068765902
1781509500,30555.25,30559.25,30542.25,30550.25,0,0,0,0,0,0,0,0,0,0,0,0,1,30591.610730595472,30509.889269404528,21.573820396982306,1938,2262.899479096954,3638.023827968146,-77.0126073481475,0,0,0,0,38983.82679626872,39319.81365038375
1781509800,30549.25,30569.75,30545,30563.5,0,0,0,0,0,1,0,0,0,0,0,1,0,30602.45103555294,30512.29896444706,21.800690368626427,2229,2251.5996527313027,3394.3492186454314,53.160323808311034,0,0,1,0,40267.19043263236,39410.040010597906
1781510100,30563.5,30564,30542.75,30545.25,0,0,0,0,0,0,0,0,0,0,0,0,1,30596.642033013442,30510.107966986558,21.761355342295968,2298,2267.066435154202,3377.399479096954,-147.47812126858759,0,0,0,1,38293.613962044124,39303.71372025945
1781510400,30544.75,30592.75,30539,30574.75,1,0,0,0,0,0,0,1,0,0,0,1,0,30628.819387798198,30502.930612201802,24.04625853213197,4619,3051.044290102801,3400.5996527313027,118.16430664694234,0,0,1,0,40871.66047367203,39453.04198248922
1781510700,30575,30581,30554.5,30577.25,0,0,0,0,0,0,0,0,0,0,0,1,0,30617.332288669757,30518.167711330243,24.221525779836828,3554,3218.6961934018673,4576.566435154202,119.78145665059289,0,0,0,0,41173.41519065316,39616.88704993341
1781511000,30578.75,30588,30566.75,30580.5,0,0,0,0,0,0,0,0,0,0,0,1,0,30624.01391090763,30530.73608909237,24.009273938419913,3044,3160.464128934578,4828.044290102801,115.46053800044793,0,0,0,0,41424.09754359434,39789.00233504397
1781511300,30581.25,30586.75,30562.75,30566.5,0,0,0,0,0,1,0,0,0,0,0,0,1,30622.76291727137,30526.73708272863,24.00861151424706,2663,2994.6427526230523,4740.696193401867,-66.41957928114708,0,0,0,1,39787.462126927676,39788.85564855671
1781511600,30565.75,30581.25,30563.25,30572.75,0,0,0,0,0,0,0,0,0,0,0,1,0,30616.619137466274,30527.880862533726,23.579424977515128,2168,2719.0951684153683,4491.964128934578,19.037023014280393,0,0,1,0,40630.573238038785,39869.019228507386
1781511900,30573.5,30607.75,30572.75,30602.75,1,0,0,0,0,0,0,1,0,0,0,1,0,30644.342770504398,30536.157229495602,24.395180336264048,3817,3085.0634456102457,4078.6427526230527,309.35983927351447,0,0,0,0,43820.49466661021,40245.35022261242
1781512200,30602.75,30610.75,30596.75,30608,0,0,0,0,0,0,0,0,0,0,0,1,0,30646.22900118265,30561.27099881735,23.65266745510233,1974,2714.7089637401637,4627.595168415369,313.45632633921736,0,0,0,0,44560.74466661021,40656.34016965983
1781512500,30608,30615,30602.5,30612.75,0,0,0,0,0,0,0,0,0,0,0,1,0,30649.28407252675,30568.21592747325,22.856048351166447,1727,2385.4726424934424,4072.0634456102453,306.71045641168934,0,0,0,0,45217.00466661021,41090.68916936939
1781512800,30612.5,30617.25,30603.5,30610.75,0,0,0,0,0,0,0,0,0,0,0,0,1,30650.558424489125,30570.191575510875,22.205616326083128,1766,2178.981761662295,3578.2089637401637,216.18923411619247,0,1,0,0,44992.24103024658,41462.26553707198
1781513100,30610.25,30628.5,30605.25,30608,0,0,0,0,0,0,0,0,0,0,0,0,1,30661.9203227399,30571.8296772601,22.280215159934333,3046,2467.987841108197,3268.4726424934424,134.29156990573065,0,1,0,0,44697.46683669819,41770.37994656019
1781513400,30608.5,30619.5,30588.75,30595.75,0,0,0,0,0,0,0,0,0,0,0,0,1,30653.827799687053,30554.422200312947,22.885199791367594,2547,2494.3252274054644,3701.981761662295,-5.038424394073672,0,0,0,1,43641.39366596648,41948.57172936079
1781513700,30594.75,30604,30584.75,30591,0,0,0,0,0,0,0,0,0,0,1,0,1,30637.93831399512,30550.81168600488,22.625542663412766,1992,2326.8834849369764,3741.4878411081963,-55.75817766242099,0,0,0,0,43253.34171791453,42072.835537794475
1781514000,30591,30603.75,30590,30598.5,0,0,0,0,0,1,0,0,0,0,0,1,0,30636.737362995467,30557.012637004533,21.991575330311854,1999,2217.5889899579843,3490.325227405465,42.361376987036095,0,0,1,0,44343.70535427817,42289.10885365007
1781514300,30598.75,30602.5,30587.75,30595.5,0,0,0,0,0,0,0,0,0,0,0,0,1,30634.711479924365,30555.538520075635,21.474319949575293,1435,1956.7259933053228,3326.3834849369764,-10.2574255435037,0,0,0,1,44027.51891360021,42454.67171650246
1781514600,30596.25,30602.75,30573,30578.5,0,0,0,0,0,0,0,0,0,0,0,0,1,30635.848159929767,30539.901840070233,22.065439953177055,2514,2142.483995536882,2935.0889899579843,-164.45216044141165,0,0,0,0,42527.569333768275,42461.614346718256
1781514900,30577.25,30577.75,30557.25,30560.5,0,0,0,0,0,0,0,0,0,0,0,0,1,30610.760791363355,30524.239208636645,22.007194242235837,2660,2314.9893303579215,3213.725993305323,-352.38323573921457,0,0,0,0,40354.15469962193,42260.90390413765
1781515200,30560.5,30561.5,30535.5,30556.5,0,0,0,0,0,0,0,0,0,0,0,0,1,30594.938591980255,30502.061408019745,22.292394653504708,4167,2932.326220238614,3472.4839955368825,-358.99643833902445,0,0,0,0,39713.07777654501,42018.25379674788
1781515500,30556.5,30558,30534,30539.25,0,0,0,0,0,0,0,0,0,0,0,0,1,30591.621549695952,30500.378450304048,22.41436646396866,2982,2948.884146825743,4398.489330357921,-503.211962252292,0,0,0,0,37569.76527654501,41594.58822339522
1781515800,30537.75,30540.25,30520.25,30522.75,0,0,0,0,0,0,1,0,0,1,0,0,1,30573.612867574815,30486.887132425185,22.241911716542326,2886,2927.9227645504952,4423.326220238614,-619.2818948667575,0,0,0,0,35405.26527654501,41005.12889512377
1781516100,30524.5,30542.25,30520,30533,0,0,0,0,0,0,0,0,0,0,0,1,0,30575.61373417661,30486.63626582339,22.242489451075016,2661,2838.9485097003303,4391.884146825743,-410.3381180666913,0,0,0,0,36421.82707429782,40568.62395980702
1781516400,30533,30540,30522.75,30523,0,0,0,0,0,0,0,0,0,0,0,0,1,30572.82882459257,30489.92117540743,21.885883061712516,1850,2509.299006466887,4258.422764550495,-433.6488057283219,0,0,0,0,35349.36330618188,40071.551516604624
1781516700,30522.75,30536.25,30509.5,30536.25,0,0,0,0,0,0,0,0,0,0,0,1,0,30569.599979978815,30476.150020021185,22.23331998587591,2633,2550.5326709779247,3763.9485097003308,-223.72958498796072,0,0,0,0,36678.167044499634,39748.37204307081
1781517000,30535.5,30548.25,30529.25,30540,0,0,0,0,0,0,0,0,0,0,0,1,0,30581.25355283747,30496.24644716253,22.002368558313346,2563,2554.6884473186165,3825.799006466887,-118.91924737972755,0,0,0,0,37285.19336028911,39513.783597091606
1781517300,30539.5,30557.25,30534.5,30549,0,0,0,0,0,0,0,0,0,0,0,1,0,30590.33365620622,30501.41634379378,22.055770804148107,2182,2430.4589648790775,3832.0326709779247,-4.023089541906359,0,0,0,0,38196.35819545394,39388.31451122135
1781517600,30549.75,30561.75,30546.25,30553.5,0,0,0,0,1,0,0,0,0,0,0,1,0,30594.13125219149,30513.86874780851,21.58750146099467,2184,2348.3059765860517,3645.6884473186165,53.672897696953825,0,0,1,0,38724.74529222814,39325.11744274581
1781517900,30554,30556.25,30541,30555.75,0,0,0,0,0,0,0,0,0,0,0,1,0,30587.952234177814,30509.297765822186,21.134822785209337,2009,2235.203984390701,3522.4589648790775,72.31983384754085,0,0,0,0,38955.2862758347,39289.895426849514
1781518200,30555.5,30564.5,30552.75,30561,0,0,0,0,0,0,0,0,0,0,0,1,0,30595.196717450828,30522.053282549172,20.464478300551527,1508,1992.8026562604673,3352.8059765860517,131.73686803507078,0,0,0,0,39661.158616260225,39325.25382584101
1781518500,30560.75,30563.75,30546.25,30554.5,0,0,0,0,0,0,0,0,0,0,0,0,1,30594.12909477577,30515.87090522423,20.252729850512132,1378,1787.8684375069781,2989.203984390701,66.55813741059636,0,0,0,0,39169.01575911737,39310.37400996257
1781518800,30554,30557.5,30541.75,30556.5,0,0,0,0,0,0,0,0,0,0,0,1,0,30587.396659434642,30511.853340565358,19.931106289761264,1585,1720.245625004652,2681.8026562604673,82.9197187840023,0,0,0,0,39420.60306070467,39320.87201479515
1781519100,30556.5,30572.75,30555.5,30568,0,0,0,0,0,0,0,0,0,0,0,1,0,30602.359398046454,30525.890601953546,19.73959869763546,1950,1796.830416669768,2580.368437506978,194.31313989014112,0,0,0,0,40720.60306070467,39454.1797334532
1781519400,30568.5,30569.5,30541.5,30546.5,0,0,0,0,0,0,0,0,0,0,0,0,1,30599.994441043134,30511.005558956866,20.329627362090072,1889,1827.5536111131787,2695.245625004652,21.85199707048804,0,0,0,0,39236.38877499039,39433.43773740913
1781519700,30547.25,30555.5,30533.5,30535.75,0,0,0,0,0,0,0,0,0,0,0,0,1,30586.173409540053,30502.826590459947,20.44893969336935,2214,1956.3690740754525,2741.330416669768,-88.15990752744435,0,0,0,1,38079.070593172204,39304.45039033894
1781520000,30536.25,30548,30529.5,30547,0,0,0,0,0,1,0,0,0,0,0,1,0,30578.464594572906,30499.035405427094,20.30972971527154,1724,1878.9127160503017,2934.5536111131787,25.879410688527948,0,0,1,0,39080.85437695599,39283.15553192152
1781520300,30547.5,30564.5,30547.25,30564.25,0,0,0,0,0,0,1,0,0,0,0,1,0,30594.663552103415,30517.086447896585,20.10903473560929,1958,1905.2751440335344,2818.3690740754528,203.297285737693,0,0,0,0,40982.10075376758,39444.959838764
1781520600,30564.5,30565.5,30553.25,30561.75,0,0,0,0,0,0,0,0,0,0,0,0,1,30594.821512667455,30523.928487332545,19.547675111637197,1349,1719.8500960223562,2857.9127160503017,139.18212135693358,0,0,0,0,40679.26401907371,39562.512617841116
1781520900,30562,30569.75,30553.25,30561.25,0,0,0,0,0,0,0,0,0,0,0,0,1,30598.74497604835,30524.25502395165,19.329984032234538,2106,1848.5667306815708,2579.775144033534,105.4212929752421,0,1,0,0,40583.536746346435,39659.753011032095
1781521200,30561.75,30586.5,30554,30580.5,1,0,0,0,0,0,0,1,0,0,0,1,0,30616.906049187754,30523.593950812246,20.270699458503504,3493,2396.7111537877136,2772.8500960223564,275.748646331542,0,0,0,0,42598.72905403874,39939.655491318445
1781521500,30580.75,30592.5,30576.25,30585,0,0,0,0,0,0,0,0,0,0,0,1,0,30622.475259960058,30546.274740039942,19.983506640038968,2383,2392.140769191809,3595.0667306815703,281.7505901555045,0,0,0,0,43221.9752078849,40252.25736908668
1781521800,30586.25,30600.75,30584.5,30595.25,0,0,0,0,0,0,0,0,0,0,0,1,0,30630.32524139148,30554.92475860852,19.7168275943219,2055,2279.7605127945394,3588.2111537877136,333.1215327034662,0,0,0,0,44360.12905403874,40643.48324384401
1781522100,30595.5,30606,30594.5,30603.5,0,0,0,0,0,0,0,0,0,0,0,1,0,30634.694867006376,30565.805132993624,19.12991133758462,2607,2388.8403418630264,3419.6407691918093,436.22488513335617,0,0,0,0,46173.694271430046,41170.170008376015
1781522400,30603.25,30614.5,30602.5,30612.75,0,0,0,0,0,0,0,0,0,0,0,1,0,30642.430947934492,30574.569052065508,18.620631956328573,2547,2441.5602279086843,3583.26051279454,536.3280159690855,0,0,0,0,48190.069271430046,41838.73184295259
1781522700,30613.5,30621.5,30595,30613.75,0,0,0,0,0,0,0,0,0,0,0,1,0,30650.275165939172,30566.224834060828,19.183443959447963,3229,2704.040151939123,3662.3403418630264,427.379713604989,0,0,0,0,48220.53153558099,42446.52228986958
1781523000,30614,30623,30592,30595.25,0,0,0,0,0,0,0,0,0,0,0,0,1,30653.041225514946,30561.958774485054,20.027483676630254,2734,2714.0267679594153,4056.0602279086843,177.13885746506827,0,1,0,0,46566.90250332292,42838.93945305561
1781523300,30596.5,30599,30579.25,30597.75,0,0,0,0,0,0,0,0,0,0,0,1,0,30629.01149512102,30549.23850487898,20.00766341401381,3020,2816.0178453062767,4071.040151939123,145.42493276613195,0,0,0,0,46758.04174382925,43212.187290272144
1781523600,30598,30609.5,30572.5,30577.5,0,0,0,0,0,0,0,0,0,0,0,0,1,30641.332102612378,30540.667897387622,21.221401741584252,3650,3094.011896870851,4224.026767959415,-89.67852726434396,0,0,0,1,44735.74444653195,43357.2879718207
1781523900,30578.25,30595.25,30569.5,30590.25,0,0,0,0,0,1,0,0,0,0,0,1,0,30627.567309568636,30537.182690431364,21.544873045756805,3168,3118.674597913901,4641.017845306276,48.40024731363826,0,0,1,0,46212.09396109506,43629.17425651349
1781524200,30590,30618.5,30588.75,30616.75,0,0,0,0,0,0,1,0,0,0,0,1,0,30651.696430313732,30555.553569686268,22.130953542488463,3532,3256.4497319426005,4678.011896870851,320.5244867353804,0,0,0,0,49387.92589386817,44177.626793404415
1781524500,30615.75,30615.75,30597,30598.75,0,0,0,0,0,0,0,0,0,0,0,0,1,30648.691328148467,30564.058671851533,21.960885432310715,1966,2826.299821295067,4884.6745979139005,73.69830664973568,0,0,0,0,47605.4192272015,44504.083215670806
1781524800,30598.75,30610,30587.5,30599.5,0,0,0,0,0,0,0,0,0,0,0,1,0,30642.999090423575,30554.500909576425,21.99939361571709,2881,2844.5332141967115,4239.449731942601,48.66644102119977,0,0,0,0,47701.45256053483,44808.59458184833
1781525100,30599.5,30608.5,30592,30599.75,0,0,0,0,0,0,0,0,0,0,0,1,0,30640.909869679035,30559.590130320965,21.606579786023012,2541,2743.355476131141,4266.799821295067,22.505502390956565,0,0,0,0,47739.95256053483,45087.771532199426
1781525400,30600,30617.25,30595.25,30597.25,0,0,0,0,0,0,0,0,0,0,0,0,1,30649.702021844816,30562.797978155184,21.63468122987851,3150,2878.903650754094,4115.033214196712,-39.64578714918355,0,0,0,1,47346.20256053483,45302.860201564705
1781525700,30596.5,30605.25,30569.75,30578.75,0,0,0,0,0,0,0,0,0,0,0,0,1,30639.187591713046,30535.812408286954,22.625061142030045,4172,3309.935767169396,4318.355476131141,-249.24459925649325,0,0,0,0,45260.20256053483,45298.79756908567
1781526000,30578.5,30586.25,30560.5,30577.75,0,0,0,0,0,0,0,0,0,0,0,0,1,30620.522406590684,30526.227593409316,22.848271060456472,4571,3730.290511446264,4964.903650754094,-234.6811992022996,0,0,0,0,45127.066638204735,45282.442242335106
1781526300,30577.75,30584,30564,30570.25,0,0,0,0,0,0,0,0,0,0,0,0,1,30617.96723469135,30530.03276530865,22.644823127566724,2735,3398.527007630843,5595.435767169396,-305.1341812267129,0,0,0,0,44101.441638204735,45169.96599432269
1781526600,30571,30585.75,30552.5,30555.25,0,0,0,0,0,0,0,0,0,0,0,0,1,30620.853503641967,30517.396496358033,23.402335761311956,4552,3783.0180050872286,5097.790511446265,-466.8120149391573,0,0,0,0,41945.23111188895,44862.84838647186
1781526900,30555,30570.25,30549.75,30566.5,0,0,0,0,0,0,0,0,0,0,0,1,0,30605.042539096114,30514.957460903886,23.19502606407539,4108,3891.345336724819,5674.5270076308425,-175.73235954782177,0,0,0,0,44249.718916767,44804.455103642824
1781527200,30566.25,30581.25,30553.75,30557.5,0,0,0,0,0,0,0,0,0,0,0,0,1,30616.503786303532,30518.496213696468,23.50252420235572,3602,3794.896891149879,5837.018005087229,-261.8003631577937,0,0,0,0,43103.62800767609,44642.47157069361
1781527500,30558,30572.25,30538.5,30569.5,0,0,0,0,0,0,0,0,0,0,0,1,0,30608.601730138995,30502.148269861005,24.23448675933031,5806,4465.264594099919,5692.3453367248185,-36.21381361385184,0,0,0,0,45081.96874841683,44684.32844476249
1781527800,30569.5,30576.5,30556,30564,0,0,0,0,0,0,0,0,0,0,0,0,1,30612.45160655764,30520.04839344236,23.96773770509243,3706,4212.176396066613,6697.896891149879,-131.6891422768678,0,0,0,0,44087.67606549,44627.5044086413
1781528100,30563.5,30587,30562.25,30581.5,0,0,0,0,0,0,0,0,0,0,0,1,0,30623.03542037495,30526.21457962505,24.02361358330011,5009,4477.784264044409,6318.264594099919,227.63696917727574,0,0,1,0,47730.58515639909,44923.03590842776
1781528400,30581,30587.5,30569,30573,0,0,0,0,1,0,0,0,0,0,0,0,1,30622.94360463388,30533.55639536612,23.62906975592153,4276,4410.522842696272,6716.676396066613,2.3523286578388536,0,0,0,0,45881.50407531801,45014.31859098873
1781528700,30573.25,30584.75,30562.5,30580.75,0,0,0,0,0,0,0,0,0,0,0,1,0,30620.045847160032,30527.204152839968,23.530564773355707,4112,4311.015228464182,6615.784264044409,123.00631644326137,0,0,0,0,47267.571491048344,45228.91410528012
1781529000,30581,30602.5,30576.5,30601.75,0,0,0,0,0,0,0,0,0,0,0,1,0,30638.060429505746,30540.939570494254,23.7069530038303,4480,4367.3434856427875,6466.522842696273,426.4856992608153,0,0,0,0,50842.95610643296,45763.58477205658
1781529300,30601.75,30611,30598.5,30606.5,0,0,0,0,0,0,0,0,0,0,0,1,0,30645.35968454105,30564.14031545895,22.906456360699565,4249,4327.895657095191,6551.015228464181,486.4876497511349,0,0,0,0,52457.57610643296,46401.1077562829
1781529600,30607.5,30614.75,30593,30609.25,0,0,0,0,0,0,0,0,0,0,0,1,0,30648.985778502403,30558.764221497597,22.82385233493531,3916,4190.597104730127,6491.843485642787,409.7626205715885,0,0,0,0,52772.65656620308,47007.92192865625
1781529900,30609.75,30645,30609.75,30633.75,1,0,0,0,0,0,0,1,1,0,0,1,0,30680.620722895088,30574.129277104912,23.747148596725644,13383,7254.731403153418,6285.8956570951905,1171.919565464375,0,0,0,0,61884.48635343712,48424.73758815919
1781530200,30634.25,30696.25,30601.75,30659,0,0,0,0,0,0,0,0,1,0,0,1,0,30739.45138554544,30558.54861445456,28.800923696959526,61381,25296.82093543561,10882.097104730126,2440.3266778255556,0,0,0,0,77960.46254391331,51237.66377442148
1781530500,30659.5,30719,30659,30670.25,0,0,0,0,0,0,0,0,1,0,0,1,0,30765.544143720766,30612.455856279234,31.029429147176703,46017,32203.547290290408,37945.23140315342,2720.75347983609,0,0,0,0,86205.1750439133,54567.902942944515
1781530800,30669.75,30735.5,30651,30704.75,0,0,0,0,0,0,0,0,1,0,0,1,0,30787.773133454997,30598.726866545003,34.84875563666408,44117,36174.698193526936,48305.32093543561,3873.891432929207,0,0,0,0,104478.48865338076,59321.29205822416
1781531100,30704.25,30784,30702.25,30780.5,0,0,0,0,0,0,0,0,1,0,0,1,0,30841.29826677964,30644.95173322036,38.198844519759504,35020,35789.79879568463,54262.0472902904,6140.904373090994,0,0,0,0,137142.40302646946,66732.82643615227
1781531400,30781.5,30800,30762.75,30763.25,0,0,0,0,0,0,0,0,0,0,0,0,1,30857.196604866807,30705.553395133193,38.13106991120526,27785,33121.53253045642,53684.69819352694,3592.919531596452,0,0,0,0,123529.61779157013,72142.04466047778
1781531700,30763.25,30783.5,30695.25,30703.25,0,0,0,0,0,0,0,0,0,0,0,0,1,30846.066490233465,30632.683509766535,41.710993488976314,30926,32389.68835363761,49682.29879568463,793.0037257626082,0,0,0,0,102503.44215417636,75033.60632654431
1781532000,30703.25,30761.75,30688.75,30739.75,0,0,0,0,0,0,0,0,1,0,0,1,0,30827.668883788217,30622.831116211783,43.945922525478004,37832,34203.79223575841,48584.53253045642,2262.245616925399,0,0,0,0,121419.44215417636,79451.30497679499
1781532300,30739.75,30764.75,30708,30731.25,0,0,0,0,0,1,0,0,0,0,0,0,1,30832.040749231917,30640.709250768083,44.86049948794386,28712,32373.19482383894,51305.68835363761,1260.2709637046119,0,0,0,0,117118.96638325125,83038.7013012194
1781532600,30730.5,30753.75,30676.5,30728.5,0,0,0,0,0,0,0,0,0,0,0,0,1,30824.511052858208,30605.738947141792,47.17403523880501,36310,33685.463215892625,48559.79223575841,750.6838060168561,0,0,0,0,116178.90165833215,86194.91085903965
1781532900,30728.25,30744.25,30692,30725.25,0,0,0,0,0,0,0,0,0,0,0,0,1,30815.55490622548,30620.69509377452,47.536604150318944,26103,31157.97547726175,50528.19482383894,277.4123452883041,0,0,0,0,114680.16481622688,88907.79218829557
1781533200,30725.5,30725.5,30670.25,30699.75,0,0,0,0,0,0,0,0,0,0,0,0,1,30797.631341495086,30598.118658504914,48.08756099672473,26284,29533.316984841167,46736.963215892625,-1121.8374487749165,0,0,0,1,102430.15576645313,90195.63633859629
1781533500,30699.25,30762.75,30694.25,30759.5,0,0,0,0,0,0,0,0,0,0,0,1,0,30837.068388531152,30619.931611468848,49.54559235410154,22961,27342.544656560778,44299.97547726175,797.5050733465555,0,0,1,0,122625.77985404438,93284.22143530563
1781533800,30759.25,30769.75,30710.25,30731,0,0,0,0,0,0,0,0,0,0,0,0,1,30845.1349322075,30634.8650677925,50.25662147166571,27558,27414.363104373853,41013.81698484116,-774.0131498275323,0,0,0,1,109541.5193498427,94832.5355224044
1781534100,30731,30748.5,30714.75,30740,0,0,0,0,0,0,0,0,0,0,0,1,0,30822.11636562125,30641.13363437875,49.07757708083245,16525,23784.575402915903,41121.54465656078,-404.43898178699123,0,0,0,0,113948.18601650937,96653.07366470012
1781534400,30740.25,30741,30698.5,30715.5,0,0,0,0,0,0,0,0,0,0,0,0,1,30813.91162521973,30625.58837478027,48.60775014648727,16527,21365.383601943937,35676.86310437386,-1420.304931833763,0,0,0,0,104323.63895768583,97383.60369260352
1781534700,30717,30739.5,30707.25,30718,0,0,0,0,0,0,0,0,0,0,0,1,0,30810.659009132607,30636.090990867393,47.439339421738175,15665,19465.255734629292,32048.075402915907,-1287.5327181027267,0,0,0,0,104809.37539179437,98090.8200449074
1781535000,30717.5,30759.75,30717.5,30748.75,0,0,0,0,0,0,0,0,0,0,0,1,0,30830.353008480277,30646.896991519723,47.06867232018545,14809,17913.17048975286,29197.88360194394,-185.54408729952502,0,0,0,0,115762.77775865828,99773.8636366932
1781535300,30748.75,30791.25,30745.5,30776.75,0,0,0,0,0,0,1,0,0,0,0,1,0,30861.711722160257,30675.038277839743,46.974481440172205,19314,18380.113659835242,26869.755734629292,795.8165340495129,0,0,1,0,127583.3679225927,102422.38785439792
1781535600,30776.25,30813.5,30772.25,30803.25,1,0,0,0,0,0,0,1,0,0,0,1,0,30883.348384863097,30702.401615136903,46.56558990873133,18160,18306.74243989016,27570.17048975286,1596.6093715752108,0,0,0,0,139469.91337713815,105950.72361846842
1781535900,30802.75,30828,30796.25,30822.5,0,0,0,0,0,0,0,0,0,0,0,1,0,30896.261000230017,30727.988999769983,45.507333486679094,15087,17233.494959926775,27460.11365983524,2003.0410809803257,0,0,0,0,148854.7401487917,110036.82043088015
1781536200,30822.75,30824.25,30801,30818.5,0,0,0,0,0,0,0,0,0,0,0,0,1,30890.126285927876,30735.123714072124,43.9175239519163,12539,15668.66330661785,25850.242439890164,1221.9351345994478,0,0,0,0,146562.6648799745,113515.47228317485
1781536500,30818.75,30825.25,30801,30818.75,0,0,0,0,0,0,0,0,0,0,0,0,0,30889.01905121874,30737.23094878126,42.51270081249371,9895,13744.108871078566,23502.994959926775,792.1907717910003,0,0,0,0,146562.6648799745,116662.82395906054
1781536800,30819,30839.5,30815.5,30834.25,0,0,0,0,0,0,0,0,0,0,0,1,0,30901.28554756026,30753.71445243974,41.19036504017273,12507,13331.73924738571,20616.163306617847,1183.9282190686686,0,0,0,0,154509.8211299745,120267.29988009996
1781537100,30834.25,30853,30828.75,30847.25,0,0,0,0,0,0,0,0,0,0,0,1,0,30912.970508448812,30768.779491551188,39.98033896587468,10433,12365.492831590474,19997.608871078566,1273.5975515969267,0,0,0,0,160102.76958358276,124061.15413757451
1781537400,30847.5,30855.25,30808.75,30811,0,0,0,0,0,0,0,0,0,0,0,0,1,30915.91904355961,30748.08095644039,40.44602903974077,17293,14007.995221060317,18548.23924738571,-465.3369351213573,0,0,0,1,146528.69431476557,126200.91986873557
1781537700,30811,30849,30801.5,30841,0,0,0,0,0,0,0,0,0,0,0,1,0,30910.424826162496,30740.075173837504,40.949884108330714,17580,15198.663480706879,21011.992831590476,441.65012132858647,0,0,1,0,157631.85220950242,129194.34199642765
1781538000,30841.25,30850,30830,30834,0,0,0,0,0,0,0,0,0,0,0,0,1,30909.180195722318,30770.819804277682,39.453463814878525,9220,13205.775653804585,22797.99522106032,-180.908524552804,0,0,0,1,154289.60220950242,131584.36677862526
1781538300,30835.25,30876.75,30835.25,30873,0,0,0,0,0,0,0,0,0,0,0,1,0,30936.283396027866,30775.716603972134,39.68893068524435,12435,12948.850435869723,19808.663480706877,691.3229333815866,0,0,1,0,165600.95763118917,134824.04209791706
1781538600,30873.5,30887.25,30865.5,30878,0,0,0,0,0,0,0,0,0,0,0,1,0,30944.861367740163,30807.888632259837,38.407578493441186,11564,12487.23362391315,19423.275653804583,558.6115042707747,0,0,0,0,167993.5093553271,137983.03897957515
1781538900,30877.5,30886.75,30868,30879.5,0,0,0,0,0,0,0,0,0,0,0,1,0,30942.255198615865,30812.494801384135,37.00346574390967,7093,10689.155749275433,18730.850435869725,292.608883742495,0,0,0,0,168750.09602199378,140913.23488837693
1781539200,30879.75,30903.25,30870,30888.25,0,0,0,0,0,0,0,0,0,0,0,1,0,30958.353041571874,30814.896958428126,36.73536104791612,13764,11714.10383285029,16033.73362391315,333.5321376717675,0,0,0,0,172268.71256334716,143899.47085742172
1781539500,30888.75,30895.5,30877.25,30890,0,0,0,0,0,0,0,0,0,0,0,1,0,30948.622467173882,30824.127532826118,35.41497811592212,6019,9815.73588856686,17571.155749275433,72.33827067569882,0,0,0,0,172680.97283731977,146640.56628407867
1781539800,30890,30896.5,30878,30889,0,0,0,0,0,0,0,0,0,0,0,0,1,30947.810148090033,30826.689851909967,34.20676539335626,6328,8653.157259044574,14723.603832850291,-212.08865324770886,0,0,0,1,172338.91878326572,149088.0284268584
1781540100,30889.25,30894.5,30868.5,30881,0,0,0,0,0,1,0,0,0,0,0,0,1,30944.93085179789,30818.06914820211,33.62056786525938,9482,8929.438172696382,12979.735888566862,-693.38298197721,0,0,0,0,169330.2072448042,151015.85498094847
1781540400,30880.75,30908.75,30879,30904.5,1,0,0,0,0,0,0,1,0,0,0,1,0,30958.76614809804,30828.98385190196,33.34409873202657,11142,9666.958781797588,13394.157259044572,38.884230640485384,0,0,1,0,178225.08119438402,153607.20985841853
1781540700,30904.25,30918.5,30890.25,30901,0,0,0,0,0,0,0,0,0,0,1,0,1,30967.97035180532,30840.77964819468,32.98023453688182,10845,10059.63918786506,14500.438172696382,-318.52172579929766,0,0,0,1,176977.42632712738,155832.94476020033
1781541000,30901.5,30914.25,30876.25,30878,0,0,0,0,0,0,0,0,0,0,0,0,1,30964.258183819227,30826.241816180773,33.33878921281883,9087,9735.426125243373,15089.458781797588,-1019.0034435033654,0,0,0,0,171357.83422186424,157311.50566131118
1781541300,30878.5,30890.75,30861,30870.5,0,0,0,0,0,0,0,0,0,0,0,0,1,30940.373670689285,30811.376329310715,33.08244712618892,10245,9905.284083495582,14603.139187865061,-1313.5316499578198,0,0,0,0,168602.87623867096,158386.8742877264
1781541600,30870.5,30894,30862.25,30880.5,0,0,0,0,0,1,0,0,0,0,0,1,0,30943.480908497193,30812.769091502807,32.987272331461135,9877,9895.856055663722,14857.926125243373,-992.6790046031,0,0,0,0,171713.74238040324,159656.0998203623
1781541900,30879.5,30880.25,30850.75,30866.25,0,0,0,0,0,0,0,0,0,0,0,0,1,30929.38405789025,30801.61594210975,32.756038593499625,12782,10857.904037109149,14843.784083495582,-1556.920577470829,0,0,0,0,165972.67458379306,160257.67836926045
1781542200,30866.25,30878.25,30857.25,30861.25,0,0,0,0,0,0,0,0,0,0,0,0,1,30926.12448232666,30809.37551767334,31.916321551106794,8120,9945.269358072766,16286.856055663724,-1647.895696482866,0,0,0,0,164039.34125045972,160617.83673889848
1781542500,30862,30875.25,30852.75,30868.5,0,0,0,0,0,0,0,0,0,0,0,1,0,30922.115590731897,30805.884409268103,31.243727154599163,6610,8833.512905381844,14917.90403710915,-1349.0608227303633,0,0,0,0,165948.89680601528,161125.55674529055
1781542800,30868.25,30881.75,30836.75,30874.25,0,0,0,0,0,0,0,0,0,0,0,1,0,30930.08947710819,30788.41052289181,32.226318072127796,14548,10738.34193692123,13250.269358072765,-1093.1713341200045,1,0,0,0,167888.63013934862,161769.6589732961
1781543100,30874.75,30886.25,30828,30846,0,0,0,0,0,0,0,0,0,0,0,0,1,30937.377728743322,30776.872271256678,34.08515249554724,16504,12660.227957947487,16107.512905381845,-1825.7274004173573,0,0,0,0,159742.87906638725,161576.63231549526
1781543400,30845.25,30866.75,30838.75,30854.5,0,0,0,0,0,0,0,0,0,0,0,1,0,30917.2257481188,30788.2742518812,33.6504987458653,8785,11368.485305298325,18990.34193692123,-1370.927155877425,0,0,0,0,162645.06656638725,161678.38795843735
1781543700,30854.5,30881.5,30848.25,30867.25,0,0,0,0,0,0,0,0,0,0,0,1,0,30931.932837538883,30797.817162461117,33.62189169258921,9350,10695.656870198884,17052.72795794749,-926.2923675165184,0,0,0,0,166230.40491225192,162111.91338261016
1781544000,30866.75,30878.25,30845.75,30876,0,0,0,0,1,0,0,0,0,0,0,1,0,30928.562634857535,30795.437365142465,33.54175657168998,7710,9700.437913465923,16043.485305298325,-688.1691076666953,0,0,0,0,168424.78952763655,162713.13968213648
1781544300,30876,30892.75,30865.75,30882.75,0,0,0,0,0,0,0,0,0,0,0,1,0,30942.36173236771,30816.13826763229,33.0744882451407,8279,9226.625275643948,14550.656870198884,-500.94943464201015,0,0,0,0,170494.53952763655,163454.22538170792
1781544600,30882.25,30892.75,30862.5,30875,0,0,0,0,0,0,0,0,0,0,0,0,1,30942.05910862716,30813.19089137284,32.87273908477351,9252,9235.083517095965,13839.937913465921,-748.1352317127171,0,0,0,0,168277.11804003324,163913.54849202462
1781544900,30875.25,30889.25,30874.75,30882,0,0,0,0,0,0,0,0,0,0,0,1,0,30936.590600868076,30827.409399131924,31.560400578718255,5954,8141.38901139731,13852.625275643948,-475.1011283553603,0,0,0,0,171048.80769520564,164593.09698756566
1781545200,30882,30885,30870,30874.75,0,0,0,0,0,0,0,0,0,0,0,0,1,30930.566272234642,30824.433727765358,30.37751482309552,4881,7054.5926742648735,12212.083517095965,-731.8693473092846,0,0,0,0,168689.65769520565,164983.24562638853
1781545500,30875.25,30881.25,30861.25,30878,0,0,0,0,0,0,0,0,0,0,0,1,0,30925.704395646455,30816.795604353545,29.63626376430298,6343,6817.395116176583,10581.88901139731,-632.1292513667369,0,0,0,0,169561.82019520566,165419.30034722824
1781545800,30877.75,30885.25,30862.25,30866.5,0,0,0,0,0,0,0,0,0,0,0,0,1,30928.993367385992,30818.506632614008,29.162244923995623,5987,6540.596744117722,10226.092674264873,-903.9494171637753,0,0,0,0,166633.39628216217,165534.92853150767
1781546100,30867.5,30870.25,30853.5,30858.75,0,0,0,0,0,0,0,0,0,0,0,0,1,30912.66348400128,30811.08651599872,28.27565600085308,7213,6764.731162745148,9810.895116176584,-1198.256625138964,0,0,0,0,162865.4112075353,165280.68878636745
1781546400,30858.75,30866.25,30833.5,30838.75,0,0,0,0,0,0,1,0,0,0,0,0,1,30909.14287800119,30790.60712199881,28.595252000792147,12066,8531.820775163433,10147.096744117722,-1768.5932665834914,0,0,0,0,155496.8615892147,164348.89571997194
1781546700,30838.75,30858,30831.25,30855,0,0,0,0,0,0,0,0,0,0,0,1,0,30900.695172429674,30788.554827570326,28.46344828644985,8928,8663.880516775622,12797.731162745149,-1017.8436901681671,0,0,0,0,160920.41299108387,164022.37355531595
1781547000,30854.5,30871.25,30851.5,30867.75,0,0,0,0,0,0,0,0,0,0,0,1,0,30913.011588684698,30809.738411315302,27.841059123132002,8887,8738.253677850415,12995.820775163433,-347.9703773721343,0,0,0,0,166882.5775480459,164294.77393557594
1781547300,30868,30879.5,30861.5,30866.5,0,0,0,0,0,0,0,0,0,0,0,0,1,30920.207189492932,30820.792810507068,27.138126328622572,7616,8364.169118566942,13107.380516775622,-419.9847954423501,0,0,0,0,166247.91088137924,164480.7869780334
1781547600,30866.75,30871,30853.5,30854.5,0,0,0,0,1,0,0,0,0,0,0,0,1,30910.67453310058,30813.82546689942,26.44968873372096,7595,8107.779412377961,12546.253677850415,-916.2248546303159,0,0,0,0,160931.41088137924,164142.75115930443
1781547900,30854.5,30863.5,30836.75,30840.5,0,0,0,0,0,0,1,0,0,0,0,0,1,30903.206709307684,30797.043290692316,26.47113953845518,8087,8100.852941585307,12161.669118566942,-1212.4560052256174,0,0,0,0,156698.9622832484,163433.81888539434
1781548200,30840.5,30862,30823.75,30852.75,0,0,0,0,0,0,0,0,0,1,0,1,0,30902.96873007142,30782.78126992858,27.31248671427981,11938,9379.901961056872,12151.27941237796,-687.677203186639,0,0,0,0,160522.24332900005,163156.52597526155
1781548500,30853,30881.5,30849.75,30879.5,0,0,0,0,0,0,0,0,0,0,0,1,0,30922.944177923462,30808.305822076538,27.62945194897411,7801,8853.601307371247,14069.852941585308,-2.1583307272661614,0,0,0,0,167033.31419514178,163525.74390096444
1781548800,30879.5,30886,30867.75,30881.25,0,0,0,0,0,0,0,0,0,0,0,1,0,30926.439236643215,30827.310763356785,26.95949109547596,6876,8194.400871580832,13280.401961056872,6.27048658273884,0,0,1,0,167692.6566608952,163922.59273524355
1781549100,30881.5,30891,30867.25,30879.75,0,0,0,0,1,0,0,0,0,0,0,0,1,30931.09536259727,30827.15463740273,26.73024173151339,7168,7852.267247720555,12291.60130737125,-98.61798063147103,0,0,0,1,167164.48823984258,164231.3446880625
1781549400,30880,30884.5,30866.5,30873,0,0,0,0,0,0,0,0,0,0,0,0,1,30923.659979554606,30827.340020445394,26.106653036405294,4716,6806.844831813703,11778.400871580832,-306.29782679135025,0,0,0,0,165330.48823984258,164336.02502632726
1781549700,30873.5,30882.25,30853.5,30861.25,0,0,0,0,0,0,0,0,0,0,0,0,1,30921.693195300708,30814.056804699292,26.295463533804917,6726,6779.896554542469,10210.267247720556,-570.5651852780146,0,0,0,0,162464.62737027736,164157.79667813203
1781550000,30861.25,30873,30845.75,30849.5,0,0,0,0,0,1,0,0,0,0,0,0,1,30912.54546706494,30806.20453293506,26.363644709961708,8273,7277.597703028313,10169.844831813703,-848.0394813538562,0,0,0,0,158897.37048954342,163656.80370779027
1781550300,30849.5,30863.75,30842,30854.25,0,0,0,0,0,0,0,0,0,0,0,1,0,30902.801147988874,30802.948852011126,26.03409865925016,8173,7576.065135352209,10916.396554542469,-564.8494431939985,0,0,0,0,160682.27853552043,163373.51559614553
1781550600,30853.75,30869.75,30847.25,30859,0,0,0,0,0,0,0,0,0,0,0,1,0,30908.4224945611,30808.5775054389,25.78166304073229,7823,7658.376756901473,11364.097703028314,-326.21337838660025,0,0,0,0,162507.6452021871,163291.05174910187
1781550900,30858.75,30872,30849,30855.75,0,0,0,0,0,0,0,0,0,0,0,0,1,30910.374459235307,30810.625540764693,25.582972823537126,6443,7253.251171267649,11487.565135352208,-380.1583125981011,0,0,0,0,161667.25389783925,163136.4043346959
1781551200,30856,30859.25,30834.5,30840.75,0,0,0,0,0,0,1,0,0,0,0,0,1,30897.535212147068,30796.214787852932,25.523474764713047,8101,7535.834114178432,10879.876756901473,-812.0168844529154,0,0,0,0,156675.728645314,162521.1018880881
1781551500,30840.5,30850.5,30831.25,30831.75,0,0,0,0,0,0,0,0,0,0,0,0,1,30888.113054136564,30793.636945863436,25.0753694243764,7230,7433.889409452288,11303.751171267648,-998.0500177094043,0,0,0,0,153389.36500895035,161651.41266150356
1781551800,30831.5,30854.5,30818.25,30839,0,0,0,0,0,0,0,0,0,1,0,1,0,30893.31033598395,30779.43966401605,25.87355732263523,11741,8869.592939634858,11150.834114178433,-605.0750567725647,0,0,0,0,155818.53742274345,161095.90073400261
1781552100,30839.25,30861.25,30835.5,30856.25,0,0,0,0,0,0,0,0,0,0,0,1,0,30900.047097699386,30796.702902300614,25.864731799589855,7510,8416.395293089905,13304.389409452288,-42.544724973053036,0,0,0,0,160776.59567517063,161065.49072839957
1781552400,30856,30865.5,30850.25,30855.25,0,0,0,0,0,0,0,0,0,0,0,0,1,30903.159805006573,30812.590194993427,25.106536671047724,6900,7910.93019539327,12624.592939634858,-81.96171105989154,0,0,0,0,160437.25141287554,161005.65841263538
1781552700,30855,30877.25,30846.75,30869.5,0,0,0,0,1,0,0,0,0,0,0,1,0,30915.48767607753,30808.51232392247,25.491784051687173,10646,8822.62013026218,11866.395293089905,394.537915340468,0,0,1,0,165498.46452762964,161433.5447093015
1781553000,30868.75,30868.75,30820.25,30843,0,0,0,0,0,0,1,0,1,0,0,0,1,30909.53319921485,30779.46680078515,27.18879947656666,17983,11876.080086841452,13233.93019539327,-594.0618739086667,0,0,0,1,155950.78926989768,160911.37752459638
1781553300,30842.75,30879.5,30815.25,30873.25,0,0,0,0,0,0,1,0,1,1,0,1,0,30924.254042128076,30770.495957871924,29.83602808538333,26458,16736.7200578943,17814.120130262178,683.8418607984006,0,0,1,0,168510.618063672,161635.11471879407
1781553600,30872.75,30895.75,30867.25,30868.5,0,0,0,0,0,0,0,0,0,0,1,0,1,30940.360896261784,30822.639103738216,29.74059750785595,11740,15071.146705262867,25105.08008684145,374.7041337466556,0,0,0,0,166759.91630928605,162123.19106074568
1781553900,30868.25,30875.5,30859.75,30872,0,0,0,0,0,0,0,0,0,0,0,1,0,30918.611903671655,30816.638096328345,28.741269114437667,4342,11494.764470175245,22606.7200578943,382.0008748019596,0,0,0,0,167793.72583309558,162663.24199144568
1781554200,30871.5,30877.75,30854.5,30871.25,0,0,0,0,1,0,0,0,0,0,0,0,1,30920.273553409395,30811.976446590605,28.34903560626355,3429,8806.176313450163,17242.14670526287,284.5620741068742,0,0,0,0,167756.85486535364,163148.34797943692
1781554500,30871.5,30875,30858.5,30869.5,0,0,0,0,0,1,0,0,0,0,0,0,1,30916.254013880152,30817.245986119848,27.502675920101865,1848,6486.784208966776,13209.264470175245,185.52971501940402,0,0,0,0,167532.85486535364,163565.92006380993
1781554800,30869.25,30870.75,30845.5,30848.5,0,0,0,0,0,0,0,0,0,0,0,0,1,30911.762655745857,30804.487344254143,27.341770497237444,1803,4925.522805977851,9730.176313450163,-14.825018278542359,0,0,0,1,166051.18159802692,163802.61163849727
1781555100,30847.5,30856.25,30844.25,30849,0,0,0,0,0,0,0,0,0,0,0,1,0,30895.61889462115,30804.88110537885,26.24592974743477,1448,3766.3485373185677,7388.2842089667765,-21.658402699984833,0,0,0,0,166232.18159802692,164033.99925369056
1781555400,30848.25,30858.25,30847.5,30854.25,0,0,0,0,0,0,0,0,0,0,0,1,0,30895.958616433927,30809.791383566073,25.139077622618,1580,3037.565691545712,5649.522805977851,38.85565862847085,0,0,1,0,167114.0420631432,164327.3366641146
1781555700,30854.5,30856.25,30843.75,30846,0,0,0,0,0,0,0,0,0,0,0,0,1,30892.60442954579,30807.39557045421,24.23628636385957,1280,2451.710461030475,4556.348537318569,-76.92291081253558,0,0,0,1,166243.6420631432,164509.8419402126
1781556000,30846,30848.25,30827.75,30833,0,0,0,0,0,0,1,0,0,0,0,0,1,30884.204113149663,30791.795886850337,23.96940876644103,1875,2259.4736406869833,3677.5656915457125,-200.75983861109862,0,0,0,0,165054.6176728993,164561.7253433256
1781556300,30832.75,30842.25,30829.75,30833.25,0,0,0,0,0,0,0,0,0,0,0,1,0,30876.975247924685,30795.024752075315,23.150165283123815,1948,2155.6490937913222,3389.210461030475,-181.1390184905252,0,0,0,0,165132.5376728993,164616.08842233263
1781556600,30833,30834.75,30826.5,30832.5,0,0,0,0,0,0,0,0,0,0,0,0,1,30867.87880164435,30793.37119835565,22.085867762900683,1124,1811.7660625275482,3233.4736406869833,-177.6183299568255,0,0,0,0,165064.4164607781,164658.786330756
1781556900,30831.5,30841.5,30828,30831.25,0,0,0,0,0,0,0,0,0,0,0,0,1,30873.708887241184,30795.791112758816,21.472591494122064,1614,1745.8440416850322,2717.6490937913222,-169.91327650418523,0,0,0,0,165034.52757188922,164694.57121086394
1781560800,30833,30869,30832,30846,0,0,0,0,0,0,0,0,0,0,0,1,0,30902.952895295384,30798.047104704616,22.6352635302562,3838,2443.2293611233545,2618.7660625275485,-32.77410175765942,0,0,0,0,1348.4864864864865,149137.80123711372
1781561100,30845.25,30852.25,30829.5,30846.75,0,0,0,0,1,0,0,0,0,0,0,1,0,30886.21518848857,30795.53481151143,22.643458992380754,2336,2407.486240748903,3664.8440416850317,-33.103111629102045,0,0,0,0,1502.5084645084644,135077.29716353226
1781561400,30847.75,30848.75,30775.75,30797.25,0,0,0,1,0,0,0,1,0,0,0,0,1,30888.11053216796,30736.38946783204,26.240354778639272,6096,3636.990827165935,3611.2293611233545,-444.3608217050796,0,0,0,0,-2714.587425902495,121954.26053596704
1781561700,30797,30803.75,30786.25,30787,0,0,0,0,0,0,0,0,0,0,0,0,1,30842.17406558453,30747.82593441547,25.61604372302218,2603,3292.3272181106236,5455.486240748903,-519.7774215890596,0,0,0,0,-4202.0159973310665,109939.37705660531
1781562000,30787.5,30792.75,30768,30773.5,0,0,0,0,0,0,0,0,0,0,0,0,1,30831.08127518564,30729.66872481436,25.554183457092023,3989,3524.551478740416,4938.490827165935,-649.9874112244913,0,0,0,0,-6458.420037735106,98853.87257143004
1781562300,30774.25,30788.75,30755.75,30785.25,0,0,0,0,0,0,0,0,0,0,0,1,0,30827.879041243807,30716.620958756193,26.08602749587116,4356,3801.700985826944,5286.827218110624,-402.74788965955946,0,0,0,0,-5006.420037735106,88962.41613246193
1781562600,30784.5,30794.25,30779.75,30787,0,0,0,0,0,0,0,0,0,0,0,1,0,30832.137681154964,30741.862318845036,25.258454103308935,2758,3453.8006572179625,5702.551478740415,-290.22346580830964,0,0,0,0,-4530.9027963557955,80058.29052019358
1781562900,30787.5,30793.5,30771.75,30777.25,0,0,0,0,0,0,0,0,0,0,0,0,1,30831.01177535818,30734.23822464182,25.00785023878687,1713,2873.533771478642,5180.700985826944,-317.1372281522574,0,0,0,0,-5338.178658424761,71925.29345556327
1781563200,30776.5,30782.25,30773.25,30780.75,0,0,0,0,1,0,0,0,0,0,0,1,0,30818.046648546882,30737.453351453118,23.864432364587806,1133,2293.355847652428,4310.300657217963,-210.5914102551699,0,0,0,0,-4803.150880646983,64617.822566400384
1781563500,30780.75,30789.25,30776,30776,0,0,0,0,0,0,0,0,0,0,0,0,1,30823.90938793639,30741.34061206361,23.106258624260107,1384,1990.2372317682855,3440.033771478642,-219.26360066339862,0,0,0,0,-5299.301824043209,57959.04881492956
1781563800,30777,30817.75,30775.25,30794.5,0,0,0,0,0,0,0,0,0,0,0,1,0,30854.48728879808,30738.51271120192,24.491525865384386,4900,2960.1581545121903,2985.355847652428,11.683362447789236,0,0,1,0,-3281.6547652196796,52126.60085491535
1781564100,30795,30812,30794.25,30807,0,0,0,0,0,0,0,0,0,0,0,1,0,30848.014982455355,30758.235017544645,24.009988303571216,1976,2632.10543634146,4440.237231768286,135.7624880614178,0,0,0,0,-1945.7674412760175,46976.85149337332
1781564400,30806.5,30819,30796.25,30805.25,0,0,0,0,0,0,0,0,0,0,0,0,1,30854.879983708546,30760.370016291454,23.919989139030413,3062,2775.40362422764,3948.15815451219,94.47854182512958,0,0,0,0,-2114.009199517776,42301.531427383685
1781564700,30804.5,30813.5,30796.75,30805,0,0,0,0,0,0,0,0,0,0,0,0,0,30848.611770586507,30761.638229413493,23.4078470576711,1699,2416.6024161517603,4163.1054363414605,80.75892500193964,0,0,0,0,-2063.292781607328,38076.310074146444
1781565000,30804.5,30812.25,30802.75,30804.5,0,0,0,0,0,0,0,0,0,0,0,0,0,30845.871644116043,30769.128355883957,22.41442941069459,1175,2002.7349441011736,3624.9036242276406,64.23888532089235,0,0,0,0,-2063.292781607328,34253.49075455085
1781565300,30804.75,30809.75,30794.25,30794.75,0,0,0,0,0,0,0,0,0,0,0,0,1,30842.63081239347,30761.36918760653,21.920541595644977,1442,1815.823296067449,3004.1024161517603,-37.19970392253759,0,0,0,1,-2993.6153622524894,30706.14731485529
1781565600,30796.5,30818.25,30794.5,30815.25,0,0,0,0,0,0,0,0,0,0,0,1,0,30851.326825793934,30761.423174206066,22.05121719595605,2240,1957.2155307116327,2723.734944101174,134.2422612076966,0,0,1,0,-1225.1943096209104,27665.06716014327
1781565900,30816,30831.75,30811.75,30827.75,0,0,0,0,0,0,0,0,0,0,0,1,0,30864.607052522937,30778.892947477063,21.90470168195919,3401,2438.477020474422,2935.823296067449,294.69497448297255,0,0,0,0,772.8931903790897,25103.907734451444
1781566200,30826.75,30830.25,30808.75,30815.5,0,0,0,0,0,0,0,0,0,0,0,0,1,30863.063691628442,30775.936308371558,21.875794418962105,1727,2201.3180136496144,3657.7155307116327,150.47647601907616,0,0,0,0,-130.7696003185847,22700.605131140015
1781566500,30815.75,30822.25,30805.5,30819,0,0,0,0,0,0,0,0,0,0,0,1,0,30854.51449936927,30773.23550063073,21.509666246179098,1684,2028.8786757664095,3301.977020474422,147.5948082436437,0,0,0,0,195.97666833813173,20557.30718230174
1781566800,30819,30824.5,30811,30822,0,0,0,0,0,1,0,0,0,0,0,1,0,30855.906320842892,30779.593679157108,20.937547228594877,1076,1711.2524505109398,3043.3180136496144,135.9723375774536,0,0,0,0,435.0877794492428,18640.90533441103
1781567100,30822.25,30829.75,30812.5,30818.25,0,0,0,0,0,0,0,0,0,0,0,0,1,30860.761226496972,30781.488773503028,20.674150997980956,2009,1810.5016336739598,2566.8786757664097,59.22777813432283,0,1,0,0,-30.767293014525308,16862.650798465736
1781567400,30819,30838.75,30810,30837,0,1,0,0,0,0,0,1,0,0,0,1,0,30870.626496032903,30778.123503967097,21.25099735526803,3479,2366.6677557826397,2715.7524505109395,244.9825788408719,0,0,0,0,2147.389228724605,15461.197315633248
1781567700,30836.75,30845,30824.5,30835.25,0,0,0,0,0,0,0,0,0,0,0,0,1,30876.79603203055,30792.70396796945,21.197354687034597,2874,2535.7785038550933,3550.0016336739595,170.02972868133767,0,0,0,0,1937.0965457977757,14173.18771850606
1781568000,30834.5,30847.5,30795.25,30813,0,0,0,0,0,0,0,0,1,0,1,0,1,30882.623101171226,30760.126898828774,23.41540078081784,7663,4244.852335903395,3803.6677557826397,-169.12504223836638,0,1,0,1,-1216.0996264510284,12707.541304700624
1781568300,30814.25,30843.25,30805.75,30837.25,0,0,0,0,0,0,0,0,0,0,0,1,0,30879.88216537328,30769.11783462672,24.421443582187997,5114,4534.5682239355965,6367.278503855093,147.25184435479935,0,0,1,0,1920.4870402156382,11680.2028033211
1781568600,30837.75,30843,30830.25,30834,0,0,0,0,0,0,0,0,0,0,0,0,1,30878.381653560904,30794.868346439096,23.587769040603142,2291,3786.712149290398,6801.852335903395,45.70695294447248,0,0,0,0,1246.6635108038736,10686.532394509937
1781568900,30835,30845.25,30822,30831.75,0,0,0,0,0,1,0,0,0,0,0,0,1,30880.59546402084,30786.65453597916,23.56364268056006,3703,3758.808099526932,5680.068223935597,-22.709502586099603,0,0,0,1,729.0398548898951,9738.19977168898
1781569200,30830.75,30833.25,30802.5,30809.5,0,0,0,0,0,0,0,0,0,0,0,0,1,30869.365430876493,30766.384569123507,24.076953917662912,3768,3761.872066351288,5638.212149290398,-274.60342958164244,0,0,0,0,-1874.8625841344951,8632.193833039126
1781569500,30809.5,30833,30800.5,30832.5,0,0,0,0,0,0,0,0,0,0,0,1,0,30870.017900099603,30763.482099900397,24.678600066401277,3860,3794.5813775675256,5642.808099526932,23.888143755632598,0,0,1,0,856.8297235578125,7891.682965469477
1781569800,30833.25,30853.5,30826.25,30836.25,0,0,0,0,0,0,1,0,0,0,1,1,0,30890.793407235346,30788.956592764654,24.862271490229755,5515,4368.054251711684,5691.872066351289,67.22184494975542,0,0,0,0,1463.9856868605648,7279.521319887675
1781570100,30835.75,30837.5,30807.5,30814.5,0,0,0,0,0,0,0,0,0,0,0,0,1,30875.343878147105,30769.656121852895,25.229252098070486,4150,4295.369501141123,6552.081377567525,-231.58064763713818,0,0,0,1,-1475.5976464727687,6445.700465948586
1781570400,30813.75,30833,30805.5,30810,0,0,0,0,0,0,0,0,0,0,0,0,1,30871.08717256517,30767.41282743483,25.39144837677974,4053,4214.579667427415,6443.054251711685,-249.03808026417573,0,0,0,0,-2028.2794646545867,5638.654758272093
1781570700,30810,30819,30785.5,30787.5,0,0,0,0,0,1,0,0,0,0,0,0,1,30857.95594595337,30746.54405404663,25.970630635581188,5418,4615.7197782849435,6321.869501141123,-551.8824796990514,0,0,0,0,-5667.2346885351835,4561.903382385686
1781571000,30788,30790.75,30767,30780,0,0,0,0,0,0,1,0,0,0,0,0,1,30829.468021242417,30728.281978757583,25.812014161611103,6337,5189.479852189962,6923.579667427415,-653.4273624106534,0,0,0,0,-7801.803109587815,3384.4075260072577
1781571300,30780.25,30794.75,30775.25,30776.5,0,0,0,0,0,0,0,0,0,0,0,0,1,30832.791734010814,30737.208265989186,25.361156007210308,3903,4760.653234793308,7784.2197782849435,-601.4652675387241,0,0,0,0,-8552.380032664738,2247.570615657544
1781571600,30775.5,30796.75,30771.75,30795.25,0,0,0,0,0,0,0,0,0,0,0,1,0,30834.753038724328,30733.746961275672,25.335359149552428,4808,4776.435489862205,7140.979852189962,-126.96257584276569,0,0,0,0,-4754.060032664738,1580.74864915066
1781571900,30795.25,30795.25,30755.25,30758.5,0,0,0,0,0,0,0,0,0,1,0,0,1,30834.82425024402,30715.67574975598,26.38283349601297,5511,5021.290326574804,7164.653234793308,-572.8661341061584,0,0,0,0,-9817.291282664737,495.2210365968126
1781572200,30758.75,30780,30758.25,30774.75,0,0,0,0,0,0,0,0,0,0,0,1,0,30819.07787522659,30719.17212477341,26.05191681772633,4740,4927.526884383203,7531.935489862206,-128.06563746891777,0,0,0,0,-6330.394730940599,-154.83760793056
1781572500,30774.75,30795.25,30768.75,30776.75,0,0,0,0,0,0,0,0,0,0,0,1,0,30834.375884138975,30729.624115861025,26.083922759317307,4169,4674.684589588802,7391.290326574805,-62.94868501525809,0,0,0,0,-6015.753221506637,-713.0200473187577
1781572800,30777.25,30790.75,30775,30777.75,0,0,0,0,1,0,0,0,0,0,0,1,0,30828.76867812905,30736.98132187095,25.345785419366074,2689,4012.7897263925347,7012.026884383203,-30.987706595170835,0,0,0,0,-5930.388142141557,-1209.912246825691
1781573100,30777.75,30795.5,30777.75,30787,0,0,0,0,0,0,0,0,0,0,0,1,0,30832.704843976975,30740.545156023025,24.803229317982783,2327,3450.8598175950233,6019.184589588802,101.33932741806224,0,0,1,0,-4717.726170310571,-1543.9897633480605
1781573400,30787,30794,30777.5,30788.25,0,0,0,0,0,0,0,0,0,0,0,1,0,30830.315212264333,30741.184787735667,24.210141509555438,2641,3180.906545063349,5176.289726392535,113.26274566400316,0,0,0,0,-4517.6504127348135,-1827.195539480132
1781573700,30788,30798.75,30774,30792.75,0,0,0,0,0,0,0,0,0,0,0,1,0,30835.12305424545,30737.62694575455,24.24870283030148,3165,3175.6043633755658,4771.359817595023,160.51697261133185,1,0,0,0,-3910.226170310571,-2025.579409083031
1781574000,30792.75,30794,30780.5,30788,0,0,0,0,0,0,0,0,0,0,0,0,1,30829.221407513633,30745.278592486367,23.480938342422803,1958,2769.736242250377,4763.406545063349,75.96994353639825,0,0,0,0,-4599.152096236497,-2270.6815697643133
1781574300,30787.75,30804,30785.5,30798.25,0,0,0,0,0,0,0,0,0,0,0,1,0,30838.687735548374,30750.812264451626,23.125157032249746,2686,2741.824161500251,4154.604363375565,214.7371450755969,0,0,0,0,-3074.66560975001,-2347.2514783343795
1781574600,30798.5,30802.25,30777.5,30784,0,0,0,0,0,0,0,0,0,0,0,0,1,30837.11182586635,30742.63817413365,23.241217244231905,2669,2717.5494410001675,4112.736242250377,35.859766653618195,0,0,0,0,-4638.322175406575,-2565.4486875793505
1781574900,30783.5,30786.25,30768.75,30784.25,0,0,0,0,0,0,0,0,0,0,0,1,0,30820.496695447324,30734.503304552676,22.83113029821534,3019,2818.0329606667783,4076.324161500251,49.041347033271606,0,0,0,0,-4508.936461120861,-2750.5427612499707
1781575200,30784.25,30793.5,30772.5,30779.5,0,0,0,0,0,1,0,0,0,0,0,0,1,30827.550502915372,30738.449497084628,22.70033527691424,2919,2851.688640444519,4227.0494410001675,-14.839336320127174,0,0,0,1,-5169.186461120861,-2980.8897802852935
1781575500,30779.75,30800,30775.25,30787.75,0,0,0,0,0,0,0,0,0,0,0,1,0,30834.27010984999,30740.97989015001,22.846739899991796,2968,2890.4590936296795,4277.532960666778,85.54704809461191,0,0,1,0,-4209.832925767326,-3097.9319846169155
1781575800,30788.25,30788.5,30769.5,30776.75,0,0,0,0,0,0,0,0,0,0,0,0,1,30822.35795914642,30735.64204085358,22.571972764278094,2464,2748.3060624197865,4335.6886404445195,-63.75667943230938,0,0,0,1,-5701.2013468199575,-3345.862400064824
1781576100,30777.25,30793,30776.5,30783.75,0,0,0,0,0,0,1,0,0,0,0,1,0,30826.20739063596,30743.29260936404,22.13826042397252,2273,2589.870708279858,4122.45909362968,39.49711654987924,0,0,1,0,-4805.7771043957155,-3484.9018957153853
1781576400,30783,30792.5,30780.75,30783.25,0,0,0,0,0,0,0,0,0,0,0,0,0,30824.59436273339,30748.65563726661,21.396241822260198,1346,2175.2471388532385,3884.806062419787,41.86357969713869,0,0,0,0,-4777.138806523375,-3607.9720776970985
1781576700,30781.75,30786.5,30778.25,30780,0,0,0,0,0,0,0,0,0,0,0,0,1,30817.18583682386,30747.56416317614,20.457224549241612,1074,1808.1647592354925,3262.870708279858,19.3747332748884,0,0,0,0,-5004.956988341557,-3741.0182596632376
1781577000,30780.5,30798.25,30779,30794.75,0,0,0,0,0,0,0,0,0,0,0,1,0,30828.806491336443,30748.443508663557,20.37099422429578,1993,1869.776506156995,2712.2471388532385,161.13105887753682,0,0,0,0,-3529.6193260038945,-3720.8850278861573
1781577300,30794.75,30807,30793.25,30795.75,0,0,0,0,0,0,0,0,0,0,1,1,0,30836.847099098126,30763.402900901874,19.89806606541751,2196,1978.5176707713301,2804.6647592354925,151.81659337365994,0,0,0,0,-3369.9102350948037,-3687.4588571441236
1781577600,30796.25,30799,30790,30798,0,0,0,0,0,0,0,0,0,0,0,1,0,30827.679449162544,30761.320550837456,19.119632775030546,1490,1815.6784471808867,2967.7765061569953,155.39546401910948,0,0,0,0,-3080.1880128725816,-3629.623538642072
1781577900,30798,30801.5,30792.75,30795.25,0,0,0,0,0,0,0,0,0,0,0,0,1,30829.068417079507,30765.181582920493,18.378944719671217,1253,1628.1189647872577,2723.51767077133,92.92705596098298,0,0,0,0,-3473.9880128725817,-3614.8011076164066
1781578200,30795.5,30796,30776.75,30779,0,0,0,0,0,1,0,0,0,0,0,0,1,30823.66174443097,30749.08825556903,18.441162953980413,1899,1718.4126431915051,2442.1784471808865,-74.73547450569198,0,0,0,1,-5101.702298586868,-3756.410744851689
1781578500,30778.75,30790.75,30773,30783,0,0,0,0,0,0,0,0,0,0,0,1,0,30818.33769125733,30745.41230874267,18.39179417155324,1845,1760.6084287943368,2577.618964787258,-16.225868964363528,0,0,0,0,-4659.941735206587,-3842.461315361679
1781578800,30783.25,30789.75,30779,30788,0,0,0,0,0,0,0,0,0,0,0,1,0,30816.51892759609,30752.23107240391,17.845951730728007,1051,1524.0722858628912,2640.912643191505,33.72130228135843,0,0,1,0,-4195.546386369378,-3876.08846498146
1781579100,30789,30799.75,30786.75,30792.25,0,0,0,0,0,0,1,0,0,0,0,1,0,30825.999718482086,30760.500281517914,17.49981232139029,1514,1520.7148572419276,2286.1084287943368,66.12904245071194,0,0,0,0,-3817.0463863693776,-3870.4654098755477
1781579400,30792.5,30794.75,30782.25,30782.25,0,0,0,0,0,0,0,0,0,0,0,0,1,30820.464024304794,30756.535975695206,17.142682869862412,982,1341.1432381612851,2281.0722858628915,-19.271042426776276,0,0,0,1,-4622.286386369377,-3942.067407636865
1781579700,30782.5,30801,30780.5,30799.25,0,0,0,0,0,0,0,0,0,0,0,1,0,30827.07373685445,30754.42626314555,17.38249123630081,1696,1459.4288254408568,2011.7148572419278,117.35548472725613,0,0,1,0,-3236.5302888084016,-3874.8733963198683
1781580000,30799.5,30813.75,30795.25,30812.25,1,0,0,0,0,0,0,1,0,0,0,1,0,30839.943469936276,30769.056530063724,17.462313290850755,2242,1720.2858836272378,2189.1432381612854,242.929908765102,0,0,0,0,-1691.3681266462395,-3666.9205134938084
1781580300,30811.75,30826,30810.25,30813.75,0,0,0,0,0,0,0,0,0,0,0,1,0,30852.01000779797,30784.23999220203,17.34000519864713,3005,2148.5239224181587,2580.4288254408566,234.15651424508914,0,0,0,0,-1309.7808250589378,-3442.431019357154
1781580600,30813.5,30841.75,30812.5,30836.5,0,0,0,0,0,0,0,0,0,0,0,1,0,30869.036078669546,30785.213921330454,18.190719113029477,3479,2592.0159482787726,3222.785883627238,446.8314264185184,0,0,0,0,1425.8431065649938,-2978.7858645074257
1781580900,30837.25,30851.75,30835.75,30850.25,0,0,0,0,0,0,0,0,0,0,0,1,0,30878.801358764576,30808.698641235424,18.034239176384514,3074,2752.677298852515,3888.0239224181587,594.7279203291405,0,0,0,0,3923.468106564994,-2321.4283434529098
1781581200,30849.5,30857.25,30842.5,30847.5,0,0,0,0,0,0,0,0,0,0,0,0,1,30883.94947599568,30815.80052400432,17.79965066378562,3226,2910.4515325683433,4129.015948278772,435.04852336715777,0,0,0,0,3486.0443777514347,-1768.3357033382104
1781581500,30846.5,30847.75,30833.25,30840.75,0,0,0,0,0,0,0,0,0,0,0,0,1,30874.095941995987,30806.904058004013,17.563961330658078,1909,2576.634355045562,4365.677298852515,271.7589757497252,0,0,0,0,2729.0271363721245,-1340.015432889607
1781581800,30841.5,30845.5,30823.5,30825.5,0,0,0,0,0,0,0,0,0,0,0,0,1,30872.321231853417,30796.678768146583,17.880821235611073,1969,2374.089570030375,3864.9515325683433,73.23003418561007,0,0,0,0,1297.0271363721245,-1088.8685215313467
1781582100,30825.25,30833.75,30821.75,30831,0,0,0,0,0,1,0,0,0,0,0,1,0,30859.941143863885,30795.558856136115,17.46076257592457,1320,2022.72638002025,3561.134355045562,105.07416110214837,0,0,0,0,1929.5271363721245,-801.4022683976827
1781582400,30831,30836.75,30829,30830.25,0,0,0,0,0,0,0,0,0,0,0,0,1,30861.900705016466,30803.849294983534,16.767136677644242,1320,1788.4842533468334,3034.089570030375,58.784429347313505,0,0,0,0,1801.7852008882535,-553.4796522752126
1781582700,30830,30832.5,30820.5,30823.75,0,0,0,0,0,0,0,0,0,0,0,0,1,30857.13994037243,30795.86005962757,16.426626914955367,1180,1585.6561688978888,2682.72638002025,-25.167078992357048,0,0,0,1,1187.2018675549202,-387.7004599104381
1781583000,30823.25,30832.5,30822,30830.75,0,0,0,0,0,0,0,0,0,0,0,1,0,30856.504944631546,30797.995055368454,16.003296421029983,809,1326.7707792652593,2378.484253346833,18.740834578772052,0,0,1,0,1765.0590104120631,-182.67574845115226
1781583300,30830.25,30835,30810.25,30813,0,0,0,0,0,0,0,0,0,0,0,0,1,30859.942091443576,30785.307908556424,16.628060962384986,2141,1598.1805195101729,1990.156168897889,-140.33546127348416,0,0,0,1,272.84688919994187,-139.29264010342902
1781583600,30813,30832,30812.5,30826.5,0,0,0,0,0,0,0,0,0,0,0,1,0,30857.24979919761,30787.25020080239,16.833199465071772,1671,1622.4536796734485,2397.270779265259,-19.84282054164504,0,0,0,0,1429.6930430460957,10.13456781557332
1781583900,30826.75,30830,30819,30823.75,0,0,0,0,0,0,0,0,0,0,0,0,1,30854.624813540635,30794.375186459365,16.416542360423787,1299,1514.6357864489657,2433.680519510173,-63.6241576375015,0,0,0,0,1075.4203157733684,111.59035333536333
1781584200,30824,30827.25,30816.25,30821.75,0,0,0,0,1,0,0,0,0,0,0,0,1,30851.294469716304,30792.205530283696,16.02964647753637,1285,1438.0905242993106,2271.9536796734487,-90.27546669210028,0,0,0,0,812.5794066824594,178.35121555889629
1781584500,30821.25,30830,30817,30829.5,0,0,0,0,0,0,0,0,0,0,0,1,0,30853.71986473657,30793.28013526343,15.813243157712344,1093,1323.0603495328737,2157.135786448966,-21.393997390125662,0,0,0,0,1506.214022067075,304.8143399882466
1781584800,30829,30831,30815.75,30817.5,0,0,0,0,0,0,0,0,0,0,0,0,1,30854.659517255386,30792.090482744614,15.773011503590036,1387,1344.373566355249,1984.5905242993106,-128.73653752843643,0,0,0,0,460.2795958375666,319.620554831039
1781585100,30817.25,30819.5,30803.5,30809.25,0,0,0,1,0,0,0,1,0,0,0,0,1,30843.18383745143,30779.81616254857,15.789224967619319,1681,1456.582377570166,2016.5603495328737,-196.03253837368266,0,0,0,0,-380.2204041624334,252.96903492689876
1781585400,30809,30809.25,30793.5,30799.25,0,0,0,0,0,0,0,0,0,0,0,0,1,30832.929634776327,30769.820365223673,15.786423184217938,2127,1680.0549183801106,2184.873566355249,-294.3356185006697,0,0,0,0,-1696.9346898767192,67.26391827893517
1781585700,30799,30818.75,30795.75,30814.5,0,0,0,0,0,0,0,0,0,1,0,1,0,30843.20251800659,30771.29748199341,16.301678671059513,1959,1773.0366122534072,2520.082377570166,-124.36239549283499,0,0,0,0,-376.7390377028062,24.977922471150272
1781586000,30815.25,30830.75,30815,30826.75,0,0,0,0,0,0,0,0,0,0,0,1,0,30855.19698100612,30790.55301899388,16.297987337412405,2309,1951.6910748356047,2659.554918380111,49.49635273025626,0,0,1,0,1309.1974702337018,147.28454606758373
1781586300,30826.75,30830,30820,30827,0,0,0,0,1,0,0,0,0,0,0,1,0,30853.772196648537,30796.227803351463,15.848131099025805,1353,1752.1273832237364,2927.536612253407,35.478744588466455,0,0,0,0,1343.0224702337018,261.1643483691188
1781586600,30827,30844.5,30825.75,30833.5,0,0,0,0,0,0,0,0,0,0,0,1,0,30868.583111173644,30801.666888826356,16.05540744909539,2369,1957.7515888158243,2628.1910748356045,97.8811352308602,0,0,0,0,2164.275803567035,442.4130583879679
1781586900,30832.5,30846,30832,30842,0,0,0,0,0,0,0,0,0,0,0,1,0,30869.862888946955,30808.137111053045,15.908592631302863,1315,1743.5010592105496,2936.6273832237366,154.76348774997604,0,0,0,0,3056.5972321384634,691.3829796975389
1781587200,30841.75,30844,30831,30835,0,0,0,0,0,0,0,0,0,0,0,0,1,30867.55125402217,30807.44874597783,15.70083601478123,1139,1542.0007061403664,2615.251588815824,60.47904191581722,0,0,0,0,2465.193385984617,860.317304105832
1781587500,30834.25,30837.5,30830.5,30834,0,0,0,0,0,0,0,0,0,0,0,0,1,30860.119021592018,30807.880978407982,15.079347728011141,1375,1486.3338040935776,2313.0010592105496,34.20200895797481,0,0,0,0,2416.0862431274745,1008.4857744888455
1781587800,30833.5,30839.25,30796.75,30797,0,0,0,0,0,1,1,0,0,0,0,0,1,30864.806948621157,30771.193051378843,17.037965747438918,3171,2047.8892027290517,2229.500706140366,-239.04269295789064,0,0,0,1,-307.2431686372315,883.1782560958859
1781588100,30796.75,30817.75,30795.75,30810,0,0,0,0,0,0,0,0,0,0,0,1,0,30843.83859514822,30769.66140485178,17.392396765478995,2781,2292.2594684860346,3071.833804093578,-46.389146817547925,0,0,0,0,1367.677285908223,929.321020839918
1781588400,30810,30815.25,30801,30808.25,0,0,0,0,0,0,0,0,0,0,0,0,1,30841.001909780487,30775.248090219513,17.167939853659067,1360,1981.5063123240232,3438.389202729052,-62.272824498468225,0,0,0,0,1200.659742048574,955.162803812171
1781588700,30808,30824.5,30808,30810,0,0,0,0,0,0,0,0,0,0,0,1,0,30850.18034479617,30782.31965520383,17.12022986411199,2169,2044.0042082160155,2972.2594684860346,-34.343265391330796,0,0,0,0,1463.5688329576649,1003.5824256355513
1781589000,30809.75,30825.75,30807.75,30813.75,0,0,0,0,0,0,0,0,0,0,0,1,0,30851.524605882158,30781.975394117842,17.18307058810399,1494,1860.6694721440103,3066.0063123240234,-4.832262466166171,0,0,0,0,1795.5688329576649,1079.0097025233717
1781589300,30813.5,30818.75,30802.5,30806.25,0,0,0,0,0,0,0,0,0,0,0,0,1,30844.424634033432,30776.825365966568,17.11642268895371,1385,1702.1129814293402,2791.0042082160153,-70.10293265013605,0,0,0,0,1177.645756034588,1088.403612381583
1781589600,30805.5,30828,30797.5,30823.75,0,0,0,0,0,0,0,0,0,0,0,1,0,30855.10858874533,30770.39141125467,18.072392496885588,3002,2135.408654286227,2553.1694721440103,104.28840565121288,0,0,1,0,2973.924444559178,1267.9770249699252
1781589900,30823.25,30833.75,30817.25,30827.25,0,0,0,0,0,0,0,0,0,0,0,1,0,30860.690118120663,30790.309881879337,17.960078747108046,1935,2068.605769524151,3203.1129814293404,120.89093920190578,0,0,0,0,3443.015353650087,1475.123532463274
1781590200,30826.75,30838,30821.75,30826,0,0,0,0,0,0,1,0,0,0,0,0,1,30864.756895397757,30794.993104602243,17.837930265171757,2130,2089.070513016101,3102.908654286227,80.20609483131818,0,0,0,0,3344.7076613423947,1653.179163785095
1781590500,30825.75,30830,30817,30820.25,0,0,0,0,0,0,0,0,0,0,0,0,1,30856.23854572649,30790.76145427351,17.492363817659488,1104,1760.7136753440673,3133.6057695241516,11.78297916438926,0,0,0,0,2877.6307382654713,1769.7935994498928
1781590800,30819.25,30825.5,30812,30824.5,0,0,0,0,0,0,0,0,0,0,0,1,0,30851.31079246031,30786.18920753969,17.207194973540954,1799,1773.4757835627115,2641.070513016101,65.67147926676517,0,0,0,0,3577.2418493765826,1941.9315280143394
1781591100,30825,30833,30823.5,30832,0,0,0,0,0,0,0,0,0,0,0,1,0,30857.98502157029,30798.51497842971,16.656681046859457,1212,1586.3171890418078,2660.2136753440673,127.34913076198052,0,0,0,0,4470.29448095553,2182.7279997230244
1781591400,30831.5,30837.25,30822,30825.5,0,0,0,0,0,0,0,0,0,0,0,0,1,30862.08430574384,30797.16569425616,16.55620382922664,1688,1620.2114593612052,2379.4757835627115,30.254753988831737,0,0,0,0,3806.1633334145463,2337.3408886460265
1781591700,30825.25,30835.25,30818,30821.5,0,0,0,0,0,0,0,0,0,0,0,0,1,30860.158641047852,30793.091358952148,16.605760698567593,1645,1628.4743062408036,2430.317189041808,-20.283532032074106,0,0,0,1,3448.5546377623723,2443.17076951425
1781592000,30821.5,30829,30815.25,30816.5,0,0,0,0,0,0,0,0,0,0,0,0,1,30853.60266668729,30790.64733331271,16.40177779152705,1240,1498.9828708272023,2442.7114593612055,-70.12500315081442,0,0,0,0,2997.6455468532813,2495.9778911655862
1781592300,30816.25,30822.25,30810.5,30815,0,0,0,0,0,0,0,0,0,0,0,0,1,30846.354261923912,30786.395738076088,16.069507949275117,1239,1412.3219138848015,2248.4743062408033,-80.25371099302527,0,0,0,0,2865.8370362149835,2531.2025716464814
1781592600,30814.25,30828,30813.5,30827,0,0,0,0,0,0,0,0,0,0,0,1,0,30851.936100357918,30789.563899642082,15.957400238612609,1003,1275.881275923201,2118.482870827202,7.418139450497776,0,0,1,0,3747.7853120770524,2647.067594544631
1781592900,30826.75,30834,30823.5,30828.5,0,0,0,0,0,0,0,0,0,0,0,1,0,30857.351378903782,30800.148621096218,15.567585935854565,1225,1258.9208506154673,1913.8219138848015,15.08460075313188,0,0,0,0,3951.951978743719,2771.342297801687
1781593200,30828,30843.5,30818.5,30820.5,0,0,0,0,0,0,0,0,0,0,0,0,1,30867.86199469637,30794.13800530363,16.241329797579237,3235,1917.6139004103115,1888.381275923201,-89.27852009547428,0,0,0,1,2981.451978743719,2791.35274360569
1781593500,30819.75,30845.25,30814.75,30841,0,0,0,0,0,0,0,0,0,0,0,1,0,30871.139709360916,30788.860290639084,17.25980624060929,2811,2215.4092669402075,2876.4208506154673,101.80211180970619,0,0,1,0,4939.935585301096,2995.9796809100144
1781593800,30840.5,30848.25,30820,30821.75,0,0,0,0,0,0,0,0,0,0,1,0,1,30875.317230120847,30792.932769879153,18.044820080565767,3029,2486.606177960138,3323.1139004103115,-116.49246063650887,0,0,0,1,2929.5373552126002,2989.6518403674036
1781594100,30821.25,30838.5,30817.5,30834.25,0,0,0,0,0,0,0,0,0,0,0,1,0,30865.88385654079,30790.11614345921,18.255904360525356,2396,2456.4041186400923,3729.909266940207,35.00660530151842,0,0,1,0,4412.775450450696,3125.187422280098
1781594400,30834,30837.25,30819.25,30823.75,0,0,0,0,0,0,0,0,0,0,0,0,1,30864.606438216448,30791.893561783552,18.23762547763069,2417,2443.269412426728,3684.6061779601387,-110.7356643186634,0,0,0,1,3036.4282282284735,3116.7341657037528
1781594700,30824,30843.25,30824,30839.5,0,0,0,0,0,1,0,0,0,0,0,1,0,30870.741692629555,30796.508307370445,18.327795086371356,1984,2290.1796082844853,3664.9041186400923,50.97801601935413,0,0,1,0,4633.934721734967,3261.2294567543445
1781595000,30839.5,30843.75,30831.25,30833.5,0,0,0,0,0,0,0,0,0,0,0,0,1,30870.61728601316,30804.38271398684,17.9115240087734,1667,2082.4530721896567,3435.269412426728,-43.09148289567763,0,0,0,1,3833.774721734967,3315.7575772286896
1781595300,30834.25,30845.25,30832.5,30840,0,0,0,0,0,0,0,0,0,0,0,1,0,30871.56426558365,30806.18573441635,17.542843722432444,1830,1998.3020481264377,3123.679608284485,33.42830079811162,0,0,1,0,4659.0688393820255,3443.691983148055
1781595600,30840.25,30842.75,30809,30809.75,0,0,0,0,0,0,0,0,0,0,0,0,1,30870.80074661339,30780.94925338661,18.7004977422587,2770,2255.5346987509583,2997.4530721896567,-217.5548512695931,0,0,0,1,2155.8095801227664,3321.0365161932655
1781595900,30809.5,30820.5,30804.75,30814.75,0,0,0,0,0,0,0,0,0,0,0,1,0,30848.23462185529,30777.01537814471,18.489747903525938,2582,2364.3564658339724,3383.3020481264375,-104.20624973419078,0,0,0,0,3016.476246789433,3292.0307762500433
1781596200,30814.25,30836.75,30812.75,30832,0,0,0,0,0,0,0,0,0,0,0,1,0,30865.075006008483,30784.424993991517,18.883337338988373,2095,2274.5709772226483,3546.5346987509583,53.73283124516672,0,0,1,0,4565.903330122766,3413.351971856969
1781596500,30831.75,30841.75,30829.25,30839.5,0,0,0,0,0,0,1,0,0,0,0,1,0,30869.391077007876,30801.608922992124,18.42738467191777,1881,2143.3806514817657,3411.8564658339724,146.080173617117,0,0,0,0,5732.123330122767,3634.1873393108544
1781596800,30840.75,30863.5,30828.25,30860.25,0,1,0,0,1,0,0,1,0,0,0,1,0,30892.94350007874,30798.80649992126,19.62900005249507,4004,2763.5871009878438,3215.0709772226483,319.01956080238745,0,0,0,0,7947.102053527022,4044.941121617156
1781597100,30860.25,30879,30854,30876,0,0,0,0,0,0,0,0,1,0,0,1,0,30909.01896435883,30823.98103564117,20.012642905888278,4739,3422.058067325229,4145.380651481766,530.2939176664904,0,0,0,0,10932.672053527021,4700.915496084763
1781597400,30875.75,30886.5,30866.25,30871,0,0,0,0,0,0,0,0,0,0,0,0,1,30916.54439547606,30836.20560452394,20.029596984039113,3570,3471.372044883486,5133.087100987843,339.2041128296463,0,0,0,0,10095.264646119615,5214.66303418332
1781597700,30871.5,30891.75,30871,30887,0,0,0,0,0,0,0,0,0,0,0,1,0,30921.871581513482,30840.878418486518,20.081054342322034,3364,3435.5813632556574,5207.058067325229,496.22151611524873,0,0,0,0,12608.132115999133,5918.802946737207
1781598000,30887.25,30891,30873.25,30881,0,0,0,0,0,0,0,0,0,0,0,0,1,30920.87182569109,30843.37817430891,19.914550460727604,2266,3045.720908837105,5153.3720448834865,309.3199634560759,0,0,0,0,11810.244792055471,6479.892646291328
1781598300,30881,30903.25,30874.25,30902.75,0,0,0,0,0,0,0,0,0,0,0,1,0,30934.095266713157,30843.404733286843,20.563511142104204,3415,3168.8139392247367,4568.581363255657,470.7941826164265,0,0,0,0,14371.494792055471,7231.47380303077
1781598600,30902.5,30906.75,30882,30891.75,0,0,0,0,0,0,0,0,0,0,0,0,1,30938.043819090788,30850.706180909212,20.86254606052533,4255,3530.8759594831577,4753.2209088371055,184.34849573314733,0,0,0,0,12523.363478924159,7735.463295972997
1781598900,30891.5,30897.25,30864,30877.5,0,0,0,0,0,0,0,0,0,0,0,0,1,30929.871046298587,30831.378953701413,21.747364199059234,3564,3541.917306322105,5296.313939224737,-17.792604255606477,0,0,0,1,11022.73189997679,8048.536496354311
1781599200,30877,30888.5,30869.5,30887.5,0,0,0,0,0,0,0,0,0,0,0,1,0,30920.82668584869,30837.17331415131,21.55112389912643,2693,3258.9448708814034,5312.875959483157,98.70221053931743,0,0,1,0,12510.968742082054,8473.530043566476
1781599500,30887.5,30888.75,30871.25,30883.75,0,0,0,0,0,1,0,0,0,0,0,0,1,30920.6426368595,30839.3573631405,21.261757906331688,2255,2924.2965805876024,4888.417306322105,7.52870757833864,0,0,0,0,12027.754456367767,8812.027606690408
1781599800,30884.25,30934.75,30883.75,30927.5,1,0,0,0,0,0,1,1,1,0,0,1,0,30969.82887708382,30848.67112291618,23.385918055879422,6795,4214.531053725068,4386.444870881403,520.7086362052221,0,0,0,0,17790.180926956004,9667.089827668084
1781600100,30927.5,30944.25,30919.75,30926.75,0,0,0,0,0,0,0,0,0,0,0,0,1,30979.4482430064,30884.5517569936,23.465495337602324,3634,4021.0207024833785,6321.796580587602,382.9161701731406,0,0,0,0,17678.93602899682,10430.122799223202
1781600400,30926.75,30931.75,30913.5,30926,0,0,0,0,0,0,0,0,0,0,0,0,1,30966.38943993452,30878.86056006548,23.092959956345016,2444,3495.347134988919,6031.531053725068,268.91793763865826,0,0,0,0,17578.497672832436,11110.920406233605
1781600700,30925.75,30931.75,30917.25,30926.25,0,0,0,0,0,0,0,0,0,0,0,1,0,30965.46876565348,30883.53123434652,22.47917710232037,2138,3042.8980899926128,5243.020702483379,190.48227480366506,0,0,0,0,17652.221810763473,11733.901492379306
1781601000,30926,30931.5,30918,30921.25,0,0,0,0,0,1,0,0,0,0,0,0,1,30964.256710963946,30885.243289036054,21.83780730929749,2267,2784.2653933284087,4564.347134988919,43.2280600142642,0,0,0,0,16854.573662615323,12221.584556211306
1781601300,30921,30924.5,30882.5,30884.75,0,0,0,0,0,0,0,0,0,0,0,0,1,30959.416945895093,30847.583054104907,23.277963930061954,4649,3405.8435955522723,4176.398089992613,-379.57941374179757,0,0,0,1,12842.043900710562,12280.675922354092
1781601600,30884.75,30902.75,30880.5,30900.5,0,0,0,0,0,0,0,0,0,0,0,1,0,30937.556806902587,30845.693193097413,23.204537935057527,2755,3188.8957303681814,5108.765393328408,-160.71161180517197,0,0,0,0,14792.212440036405,12519.869876419074
1781601900,30900.5,30903.5,30883.5,30886.25,0,0,0,0,0,0,0,0,0,0,0,0,1,30937.9634635524,30849.0365364476,22.975642368267703,2089,2822.263820245454,4783.343595552272,-304.6321512099235,0,0,0,0,13303.799940036404,12594.529882477867
1781602200,30886.5,30909.5,30885.25,30903.25,0,0,0,0,0,0,0,0,0,0,0,1,0,30944.100001870087,30850.649998129913,23.066667913391438,2346,2663.5092134969696,4233.395730368181,-127.38238643707564,0,0,0,0,14924.232929727126,12816.406363168273
1781602500,30903.75,30906.5,30886.5,30892.5,0,0,0,0,0,0,0,0,0,0,0,0,1,30940.771430307937,30852.228569692063,22.84762020529205,1638,2321.6728089979797,3995.2638202454546,-221.1022573216728,0,0,0,0,14002.857929727126,12929.401750459592
1781602800,30892.25,30892.25,30870.5,30881.25,0,0,0,0,0,0,0,0,0,0,0,0,1,30926.43061385737,30836.31938614263,22.787075904914047,2832,2491.78187266532,3482.5092134969696,-344.0380343741923,0,0,0,0,12570.58206765816,12895.228447335647
1781603100,30881.75,30885.25,30868.5,30877,0,0,0,0,0,0,0,0,0,0,0,0,1,30918.78378429613,30834.96621570387,22.355856197420188,2451,2478.1879151102135,3737.6728089979797,-372.51907996158076,0,0,0,0,11875.522366165624,12798.11358246231
1781603400,30877,30888.5,30876.25,30885.5,0,0,0,0,0,0,0,0,0,0,0,1,0,30920.951013989263,30843.798986010737,21.63400932617589,2006,2320.791943406809,3717.2818726653204,-196.8087065718805,0,0,0,0,13267.440733512562,12842.811406371859
1781603700,30885.25,30886.5,30862.75,30870,0,0,0,0,0,0,0,0,0,0,0,0,1,30919.177727275746,30830.072272724254,21.785151517163325,2721,2454.1946289378725,3481.1879151102135,-347.4898684056741,0,0,0,0,11520.27231245993,12716.85530218977
1781604000,30870.25,30879.5,30869.5,30875,0,0,0,0,0,0,0,0,0,0,0,1,0,30910.915032470333,30838.084967529667,20.943354980223088,1593,2167.1297526252483,3681.291943406809,-232.37016036787674,0,0,0,0,12276.94731245993,12674.95930316788
1781604300,30875.5,30892.75,30874.75,30892.5,0,0,0,0,0,0,0,0,0,0,0,1,0,30923.849673008168,30843.650326991832,20.733115338778582,2759,2364.419835083499,3250.6946289378725,37.06198296320167,0,0,1,0,14882.669534682153,12885.217420454954
1781604600,30893,30898.5,30884,30897.75,0,0,0,0,1,0,0,0,0,0,0,1,0,30928.93183922187,30853.56816077813,20.28789281458011,1593,2107.279890055666,3546.6297526252483,60.43588838217613,0,0,0,0,15404.514362268359,13125.150462532421
1781604900,30897.25,30902.5,30887.25,30889.25,0,0,0,0,0,0,0,0,0,0,0,0,1,30932.392064991738,30857.357935008262,19.928043327824387,1804,2006.186593370444,3160.9198350834986,-59.05164928763318,0,0,0,1,14458.153706530655,13252.103152437016
1781605200,30889.25,30905.75,30885.25,30900.25,0,0,0,0,0,0,0,0,0,0,0,1,0,30935.703346063754,30855.296653936246,19.968897375836928,2109,2040.4577289136294,3009.279890055666,39.43104935544031,0,0,1,0,15589.81224311602,13474.742113454064
1781605500,30901.5,30916,30901.5,30908,0,0,0,0,0,0,0,0,0,0,0,1,0,30945.501321344917,30871.998678655083,19.667547563277147,2386,2155.6384859424197,3060.686593370444,113.6127078258383,0,0,0,0,16659.398450012573,13778.042716935826
1781605800,30908.25,30914,30895.25,30907.5,0,0,0,0,0,0,0,0,0,0,0,0,1,30943.403012677423,30865.846987322577,19.602008451614495,2137,2149.4256572949466,3233.4577289136296,64.63883045632224,0,0,0,0,16573.918450012574,14044.316596276469
1781606100,30907.5,30932.5,30901.5,30931.5,0,0,0,0,0,0,0,0,0,0,0,1,0,30963.124226057607,30870.875773942393,20.416150705070603,2778,2358.9504381966312,3224.1384859424197,234.63170268159496,0,0,0,0,18724.62812743193,14490.060551624609
1781606400,30931.25,30931.5,30919.5,30922.5,0,0,0,0,0,0,0,0,0,0,0,0,1,30961.22249562492,30889.77750437508,19.814997083279845,2268,2328.6336254644207,3538.425657294947,13.686277591573855,0,0,0,0,17070.87812743193,14735.852701701497
1781606700,30923.5,30930,30917.25,30925,0,0,0,0,0,0,0,0,0,0,0,1,0,30958.965531651713,30888.284468348287,19.310354434474142,1503,2053.4224169762806,3492.950438196631,5.661466345868547,0,0,0,0,17247.701656843696,14975.07641171504
1781607000,30925.25,30935.5,30912.25,30924,0,0,0,0,0,0,1,0,0,0,0,0,1,30964.88763653373,30882.86236346627,19.59175768915456,2641,2249.2816113175204,3080.133625464421,-30.913701585780387,0,0,0,1,17105.71240953187,15177.994125792833
1781607300,30924,30937,30920.75,30934,0,0,0,0,0,0,0,0,0,0,0,1,0,30966.029591067036,30891.720408932964,19.353060711357806,1961,2153.187740878347,3373.9224169762806,66.36753480923767,0,0,1,0,18312.4816403011,15476.516746222193
1781607600,30934,30957.75,30922.5,30953,1,0,0,0,0,0,0,1,1,0,0,1,0,30988.482834562248,30891.767165437752,20.48855637483225,6183,3496.458493918898,3229.7816113175204,345.22010431157787,0,0,0,0,21645.16249136493,16064.006817188167
1781607900,30953.5,30961.5,30941.5,30944.5,0,0,0,0,0,0,0,0,0,0,0,0,1,30992.180489236373,30910.819510763627,20.453659490915662,3315,3435.9723292792655,5244.6877408783475,116.30523547100341,0,0,0,0,20153.41249136493,16453.47402425262
1781608200,30944.75,30964.25,30940.25,30958.75,0,0,0,0,0,0,0,0,0,0,0,1,0,30995.310454290917,30909.189545709083,20.70696952727883,2456,3109.314886186177,5153.958493918898,203.97268005201812,0,0,0,0,21586.079158031596,16942.293560803
1781608500,30958.5,30974,30949.25,30970,0,0,0,0,0,0,0,0,0,0,0,1,0,31005.49363612728,30917.75636387272,20.995757418187484,3802,3340.209924124118,4663.972329279265,305.4432533559798,0,0,0,0,23352.665016617455,17552.80512802342
1781608800,30969.75,30975.5,30951.75,30956.5,0,0,0,0,0,0,0,0,0,0,0,0,1,31007.28873354676,30919.96126645324,21.19248903117409,2775,3151.806616082745,5010.314886186177,74.20684218489151,0,0,0,0,21804.50712188061,17957.729127438393
1781609100,30956.25,30957.25,30937,30950.5,0,0,0,0,0,0,0,0,0,0,0,0,1,30988.937752579135,30905.312247420865,21.125168386090227,3324,3209.2044107218303,4727.709924124118,-57.99340604525355,0,0,0,1,20860.65527002876,18234.198283875572
1781609400,30950.25,30956.25,30942.5,30945.75,0,0,0,0,0,0,0,0,0,0,0,0,1,30987.14755596634,30911.60244403366,20.598370644226637,2145,2854.469607147887,4813.806616082746,-142.62361912455626,0,0,0,0,20158.65527002876,18417.47990160445
1781609700,30945.25,30950,30928.25,30945.25,0,0,0,0,0,1,0,0,0,0,0,0,0,30981.020944825887,30897.229055174113,20.680629883924734,3907,3205.3130714319245,4281.704410721831,-144.5895564095052,0,0,0,0,20158.65527002876,18583.306127168667
1781610000,30945.5,30959.25,30941,30956.25,0,0,0,0,0,0,0,0,0,0,0,1,0,30990.010520195465,30910.239479804535,20.507013463644395,3059,3156.542047621283,4807.969607147887,24.329671309057858,0,0,1,0,21960.531982357526,18904.9466848057
1781610300,30955.5,30960.75,30943.75,30944.5,0,0,0,0,0,0,0,0,0,0,0,0,1,30991.134768752934,30913.365231247066,20.25651250195551,2659,2990.6946984141887,4734.813071431925,-169.49095589861693,0,0,0,1,20240.00257059282,19032.094864404477
1781610600,30944.75,30954.75,30940,30943.5,0,0,0,0,0,0,0,0,0,0,0,0,1,30984.54478527058,30910.20521472942,19.863190180387257,2059,2680.1297989427926,4486.042047621283,-180.89173755990436,0,0,0,0,20065.511045169093,19130.515453048727
1781610900,30943.5,30947.75,30938.25,30940.5,0,0,0,0,0,0,0,0,0,0,0,0,1,30976.43444346554,30909.56555653446,19.122962310359593,1532,2297.419865961862,4020.1946984141887,-218.02429150095725,0,0,0,0,19581.721571484883,19173.487464328362
1781611200,30939.25,30950.75,30933.75,30937.75,0,0,0,0,0,0,0,0,0,0,0,0,1,30979.206983218002,30905.293016781998,18.97132214533391,3116,2570.2799106412413,3446.129798942793,-227.13253523874772,0,0,0,0,19306.780395014295,19186.182029155592
1781611500,30937.5,30952.5,30936,30946.25,0,0,0,0,0,0,0,0,0,0,0,1,0,30980.69219870243,30907.80780129757,18.794799134952914,2826,2655.519940427494,3855.419865961862,-66.12373130238166,0,0,0,0,20805.41675865066,19340.394860536075
1781611800,30945.75,30950.75,30921,30922.25,0,0,0,0,0,0,0,0,0,0,0,0,1,30980.115970223684,30891.634029776316,19.57731348245628,3255,2855.3466269516625,3983.2799106412413,-317.2618294017936,0,0,0,0,18234.240288062425,19235.046806014776
1781612100,30922.75,30923,30893.75,30903.75,0,0,0,0,0,0,0,0,0,0,0,0,1,30953.40232949342,30863.34767050658,20.268219662280835,6073,3927.897751301108,4283.019940427494,-649.0426733242806,0,0,0,0,14289.385587207724,18764.031451842675
1781612400,30903.75,30904.25,30845,30848,0,0,0,1,0,0,1,1,1,0,0,0,1,30938.82894881532,30810.42105118468,23.052632543546487,11184,6346.598500867405,5891.846626951662,-1533.9129935409887,0,0,0,0,3766.0438150558257,17335.651676910595
1781612700,30847.75,30870.75,30837,30861.75,0,0,0,0,0,0,0,0,1,0,0,1,0,30906.47509532851,30801.27490467149,23.81673021900745,9305,7332.732333911604,9519.897751301109,-891.5631990422241,0,0,0,0,7625.895666907678,16410.91300929127
1781613000,30863,30872.25,30833,30861,0,0,0,0,0,0,0,0,1,0,0,0,1,30909.628659947903,30795.621340052097,24.919106631935488,10502,8389.154889274403,10999.098500867405,-775.0880411961404,1,0,0,0,7090.761908945895,15523.27957116314
1781613300,30860.5,30866.5,30836.75,30847.5,0,0,0,0,0,0,0,0,0,0,0,0,1,30904.39625566591,30798.85374433409,25.264170443940095,7206,7994.769926182936,12583.732333911605,-920.6096861530488,0,0,0,0,3941.921572811441,14420.293095129646
1781613600,30847.5,30855,30823.75,30830.75,0,0,0,0,0,0,0,0,0,0,0,0,1,30893.537594546917,30785.212405453083,25.691729697944375,8106,8031.8466174552905,11992.154889274403,-1145.3559843266735,0,0,0,0,-402.8944271885589,13008.560950146959
1781613900,30831.5,30842.75,30814.5,30828.75,0,0,0,0,0,0,0,0,0,0,0,0,1,30881.561694936423,30775.688305063577,25.87446329094835,8642,8235.231078303526,12047.769926182937,-991.0139005545574,0,0,0,0,-1244.1510643567003,11651.159805908515
1781614200,30828.75,30849.75,30825.25,30834.5,0,0,0,0,0,0,0,0,0,0,0,1,0,30888.414431012392,30786.585568987608,25.776287341594895,9365,8611.820718869018,12352.846617455289,-572.3535458881112,0,0,0,0,953.7570989086057,10632.359548099
1781614500,30834.5,30845.75,30826,30826.25,0,0,0,0,0,0,0,0,0,0,0,0,1,30883.76875736865,30787.98124263135,25.345838245766686,6021,7748.213812579345,12917.731078303526,-670.4023913274953,0,0,0,0,-1561.344166914179,9471.05443238346
1781614800,30826.25,30835.75,30811.5,30821,0,0,0,0,0,0,0,0,0,0,0,0,1,30873.651346128034,30773.598653871966,25.26756408535478,10592,8696.142541719564,11622.320718869018,-724.7889892850732,0,0,0,0,-3854.4575689760345,8201.958051301604
1781615100,30820.75,30821.5,30788.75,30793.25,0,0,0,0,0,0,0,0,0,0,0,0,1,30860.203035690316,30750.046964309684,25.802023793543725,10877,9423.095027813042,13044.213812579346,-1407.5886622261849,0,0,0,0,-12987.816347601989,6183.884299025071
1781615400,30794,30822.25,30783.75,30821,0,0,0,0,0,0,0,0,0,0,0,1,0,30862.31353314101,30743.68646685899,26.70902209400489,10867,9904.396685208694,14134.642541719564,-378.2922209227512,0,0,0,0,-5366.803360589002,5083.818807633255
1781615700,30821.5,30838.5,30809.25,30834,0,0,0,0,0,0,0,0,0,0,0,1,0,30878.835780773792,30768.914219226208,26.890520515861684,8886,9564.931123472463,14856.59502781304,103.85193283177364,0,0,1,0,-1569.3674631531048,4450.182019939316
1781616000,30834,30845.75,30831.5,30838.75,0,0,0,0,0,0,0,0,0,0,0,1,0,30884.73143928995,30792.51856071005,25.987626193300137,5919,8349.620748981642,14347.396685208694,324.5984786475779,0,0,0,0,403.63253684689516,4064.796354882895
1781616300,30839,30841.75,30807.75,30811.75,0,0,0,0,1,0,0,0,0,0,0,0,1,30881.589907912097,30767.910092087903,26.559938608064414,14177,10292.080499321095,12524.431123472463,-752.2363742063541,0,0,0,1,-10958.815992564869,2633.976131316441
1781616600,30812,30818.5,30750.75,30792.25,0,0,0,0,0,0,1,0,1,1,0,0,1,30862.75312877552,30706.49687122448,29.502085850345527,76855,32479.72033288073,15438.120748981642,-2663.7445627449056,0,0,0,0,-33363.04108481579,-794.3112226009143
1781616900,30792.5,30839.75,30780,30782,0,0,1,0,0,0,0,1,1,0,0,0,1,30887.243976720125,30732.506023279875,31.66265114674942,60673,41877.48022192049,48719.58049932109,-3099.043434544397,0,0,0,0,-44025.241921635876,-4911.5427177471
1781617200,30781.75,30860.75,30780,30818.25,0,0,0,0,0,0,0,0,1,0,0,1,0,30913.50333552583,30727.24666447417,35.168890350553035,55378,46377.65348128032,62816.22033288073,-74.41211483228199,0,0,0,0,-18993.70012597024,-6252.700566149304
1781617500,30818,30883.5,30812.75,30861.5,0,0,0,0,1,0,0,0,1,0,0,1,0,30940.065597273984,30756.184402726016,37.71039818265639,50883,47879.435654186884,69566.48022192049,2980.482243032481,0,0,1,0,12291.253937634,-4486.609661027085
1781617800,30861.25,30884.25,30843.75,30869.5,0,0,0,0,0,0,0,0,0,0,0,1,0,30941.114483182984,30786.885516817016,37.90965545532379,35237,43665.29043612459,71819.15348128033,3182.5521478786072,0,0,0,0,19469.161345041408,-2205.1076604491336
1781618100,30869.75,30889,30799.75,30807.5,0,0,0,0,0,0,0,0,1,0,0,0,1,30951.3652343842,30737.3847656158,41.57682292280066,49445,45591.860290749726,65497.935654186884,-594.5528950129692,0,0,0,1,-15017.687394454391,-3425.3533494020153
1781618400,30807.5,30839.5,30793,30830.25,0,0,0,0,0,0,0,0,0,0,0,1,0,30902.392717642473,30730.107282357527,41.9284784283149,46833,46005.57352716648,68387.79043612459,1729.9775599109228,0,0,1,0,7895.231960384317,-2347.2023675176024
1781618700,30831,30857.75,30803,30852.25,0,0,0,0,0,0,0,0,0,0,0,1,0,30922.01645209658,30738.73354790342,42.844301397720976,37252,43087.71568477766,69008.36029074973,2817.823911377704,0,0,0,0,22353.770773169705,5.2712649288077955
1781619000,30852.75,30856.25,30799.75,30816.5,0,0,0,0,0,1,0,0,0,0,0,0,1,30921.979562661112,30734.020437338888,43.819708440740904,33666,39947.14378985177,64631.57352716649,292.88820405492027,0,0,0,0,753.9035165325367,76.56957460535341
1781619300,30816.75,30826,30730,30738.75,0,0,1,0,0,0,1,1,0,0,0,0,1,30897.320308185317,30658.679691814683,47.54687212354513,53167,44353.76252656784,59920.71568477765,-3799.7089271820414,0,0,0,1,-42444.28398346747,-3973.0355261634863
1781619600,30739,30770.25,30672,30713.25,0,0,0,0,0,0,0,0,1,0,0,0,1,30847.00278617208,30595.24721382792,51.168524114720476,69977,52894.84168437856,66530.64378985176,-4771.479001013951,0,0,0,0,-60784.311973289354,-9383.633283032617
1781619900,30713,30752.5,30678,30681.25,0,0,0,0,0,0,0,0,0,0,0,0,1,30831.75258715979,30598.74741284021,52.835058106526155,56182,53990.56112291904,79342.26252656784,-6057.682974235868,0,0,0,0,-84727.64754375914,-16559.253688816098
1781620200,30681.75,30682.5,30591,30608.25,0,0,0,0,0,0,0,0,0,0,0,0,1,30765.89525950552,30507.60474049448,55.596839670345716,69983,59321.37408194603,80985.84168437857,-10100.241552164025,0,0,0,0,-140943.50000277554,-28405.372385383664
1781620500,30608.5,30680.5,30605.75,30673.25,0,0,0,0,0,0,0,0,0,0,0,1,0,30765.94738382655,30520.30261617345,56.96492255103531,46464,55035.58272129735,88982.06112291904,-4250.875948120087,0,0,0,0,-100695.41973521702,-35290.138799653505
1781620800,30673.75,30715,30652.5,30681.25,0,0,0,0,0,0,0,0,0,0,0,1,0,30801.040427838943,30566.459572161057,57.36028522596136,38937,49669.3884808649,82553.37408194604,-2798.9211448527867,0,0,0,0,-96022.97973521701,-41074.21888875479
1781621100,30681.25,30682,30624.25,30628.75,0,0,0,0,1,0,0,0,0,0,0,0,1,30768.082182993305,30538.167817006695,57.38812199553555,37775,45704.5923205766,74504.08272129735,-5265.838012888704,0,0,0,0,-130363.8888261261,-49577.99697802825
1781621400,30628.75,30672.5,30622,30629.5,0,0,0,0,0,0,0,0,0,0,0,1,0,30757.84416992235,30536.65583007765,56.896113281568724,38710,43373.06154705107,68556.8884808649,-3955.7335364784967,0,0,0,0,-129788.9878360271,-57217.138964504324
1781621700,30630,30634.5,30561.75,30601.75,0,0,0,0,0,0,1,0,0,1,0,0,1,30721.542800642186,30474.707199357814,58.02853376145667,47710,44818.70769803404,65059.5923205766,-4657.0005103159965,0,0,0,0,-148315.55140991026,-65893.17824501917
1781622000,30601.25,30640.25,30591.5,30631.75,0,0,0,0,0,0,0,0,0,0,0,1,0,30726.298672024885,30505.451327975115,57.365781349924056,37250,42295.805132022695,67228.06154705107,-1260.9266866481548,0,0,0,0,-125010.42320478206,-71523.39205071087
1781622300,30632,30653.75,30610.5,30637.5,0,0,0,0,0,0,0,0,0,0,0,1,0,30738.28626688025,30525.96373311975,56.35751125350091,34028,39539.87008801513,63443.70769803404,-268.58975319679075,0,0,0,0,-120683.16308917511,-76205.27500675508
1781622600,30638,30664.5,30611,30622.75,0,0,0,0,1,0,0,0,0,0,0,0,1,30748.730104960232,30526.769895039768,56.15340330682227,31383,36820.91339201009,59309.805132022695,-706.3032526573579,0,0,0,0,-129628.78458450221,-81293.22829987385
1781622900,30623,30648.5,30593.25,30595,0,0,0,0,0,0,0,0,0,0,0,0,1,30732.63331174879,30509.11668825121,56.08887449919211,25818,33153.27559467339,55231.37008801513,-1447.6096047699348,0,0,0,0,-142713.01987861985,-87142.73225975443
1781623200,30595,30615,30535,30561.5,0,0,1,0,0,0,1,1,0,0,0,0,1,30701.695218052446,30448.304781947554,57.7968120349641,42750,36352.18372978226,49729.91339201009,-2495.1298211321473,0,0,0,0,-160614.58237861985,-94140.051318694
1781623500,30561.25,30573.5,30500.25,30536.5,0,0,0,0,0,0,0,0,0,0,0,0,1,30661.850916762985,30411.899083237015,58.90061117532381,40249,37651.122486521504,54528.27559467338,-2927.093424407626,0,0,0,0,-174214.07384619664,-101766.14870226568
1781623800,30537.5,30571,30534,30554.5,0,0,0,0,0,0,0,0,0,0,0,1,0,30657.004422708487,30447.995577291513,57.336281805657826,29798,35033.41499101434,56476.68372978226,-691.4933248476773,0,0,0,0,-160523.10087322368,-107362.04890902358
1781624100,30554.75,30576.5,30485,30503.75,0,0,0,0,0,0,0,0,0,0,0,0,1,30666.16482108645,30395.33517891355,59.776547390967984,34958,35008.27666067622,52550.122486521504,-1984.984929324566,0,0,0,0,-180007.8877584696,-114280.70022801844
1781624400,30503.75,30519.75,30465.5,30474,0,0,0,0,0,0,0,0,0,0,0,0,1,30608.82269100885,30376.42730899115,59.38179400589884,30373,33463.184440450816,52512.41499101433,-2759.668455407913,0,0,0,0,-196664.04904879216,-122126.7334490445
1781624700,30474,30490,30407.5,30432,0,0,0,0,0,0,0,0,0,0,0,0,1,30581.549641651072,30315.950358348928,61.03309443404892,40199,35708.45629363388,50194.77666067622,-3730.3784979820894,0,0,0,0,-217128.99450333763,-131174.56783516766
1781625000,30431.25,30516.25,30409,30508.25,0,0,0,0,0,0,0,0,0,0,0,1,0,30612.75145296171,30312.49854703829,64.334301974474,39695,37037.30419575592,53562.684440450816,110.52891709267169,0,0,1,0,-188630.02014436328,-136646.51567413867
1781625300,30507.75,30530,30465.25,30467.25,0,0,0,0,0,0,0,0,0,0,0,0,1,30626.545992035873,30368.704007964127,64.363994690583,30445,34839.869463837276,55555.95629363388,-1231.2031932554037,0,0,0,1,-207672.8386771818,-143410.92738871422
1781625600,30466.5,30545.75,30463.75,30528.5,0,0,0,0,1,0,0,0,0,0,0,1,0,30644.185564033312,30365.314435966688,65.62370935554135,29274,32984.57964255819,52259.80419575592,1557.1981228508776,0,0,1,0,-185538.8386771818,-147423.10941618733
1781625900,30528.25,30557.75,30513.25,30539.25,0,0,0,0,0,0,0,0,0,0,0,1,0,30653.922309459504,30417.077690540496,64.11487297300269,23244,29737.71976170546,49476.86946383728,2278.060937779738,0,0,0,0,-179793.13081201326,-150505.9685967422
1781626200,30539.5,30566.25,30522.75,30532.75,0,0,0,0,0,0,0,0,0,0,0,0,1,30660.21357306954,30428.78642693046,62.642382046359636,21802,27092.479841136974,44606.57964255819,1991.1229864740715,0,0,0,0,-183176.1997775305,-153617.41918538872
1781626500,30532.75,30556.25,30512.75,30545.25,0,0,0,0,0,0,0,0,0,0,0,1,0,30648.16260356457,30420.83739643543,61.275069043048234,20953,25045.98656075798,40638.71976170546,2627.99932432718,0,0,0,0,-177155.22276603626,-155859.114764498
1781626800,30545.75,30573,30533,30549,0,0,0,0,0,0,0,0,0,0,0,1,0,30662.63313188139,30443.36686811861,59.755421254259076,19206,23099.324373838655,37568.97984113697,2709.322844475115,0,0,0,0,-175594.73526603627,-157738.6976694064
1781627100,30549,30555.5,30524.5,30536.5,0,0,0,0,0,0,0,0,0,0,0,0,1,30642.05219388986,30437.94780611014,57.70146259324057,17346,21181.549582559102,34648.986560757985,1951.93720693397,0,0,0,0,-182589.09010474593,-160105.4017108673
1781627400,30536.5,30541.75,30469,30470.25,0,0,0,0,0,0,0,0,0,0,0,0,1,30629.914537183442,30380.835462816558,58.776358122294816,25401,22588.033055039403,31772.32437383865,-197.31328534843215,0,0,0,1,-205720.58495010674,-164449.70487650915
1781627700,30470.5,30494.25,30446,30470.25,0,0,0,0,0,0,0,0,0,0,0,0,0,30581.28671309891,30358.96328690109,58.024475399273754,23810,22995.355370026267,33882.049582559106,216.2387391917082,0,0,1,0,-205843.95282575442,-168392.0142050087
1781628000,30471.25,30512,30457.25,30499.75,0,0,0,0,0,0,0,0,0,0,0,1,0,30598.685876448988,30370.564123551012,57.79058429932563,23086,23025.57024668418,34493.0330550394,1694.0736144964376,0,0,0,0,-193826.5829627407,-170814.35408669745
1781628300,30499.5,30523,30478,30495.25,0,0,0,0,0,0,0,0,0,0,0,0,1,30608.315456702632,30392.684543297368,56.876971135088084,19088,21713.046831122785,34538.35537002627,1587.0416782559196,0,0,0,0,-195629.33851829625,-173177.6859373259
1781628600,30495.25,30525,30474.5,30482.75,0,0,0,0,0,0,0,0,0,0,0,0,1,30609.6322097953,30389.8677902047,56.42147319686751,18954,20793.364554081858,32569.570246684176,1216.9443706346567,0,1,0,0,-200320.9226767121,-175762.75610298174
1781628900,30483,30497.25,30450.5,30495.75,0,0,0,0,0,0,0,0,0,0,0,1,0,30580.84598052421,30366.90401947579,55.730653682805546,20056,20547.576369387905,31190.04683112279,1862.6628333324368,0,0,0,0,-194851.10449489392,-177580.6940450686
1781629200,30495.75,30497.25,30453,30476.25,0,0,0,0,0,0,0,0,0,0,0,0,1,30579.615910486766,30370.634089513234,54.91060699117658,15361,18818.717579591936,30821.364554081858,1224.7459224550037,0,0,0,0,-201620.35873218207,-179870.1859200318
1781629500,30476,30480.25,30457,30468.25,0,0,0,0,0,0,0,0,0,0,0,0,1,30559.223702594853,30378.026297405147,52.6491350632354,11736,16457.811719727957,28228.076369387905,964.8985908491691,0,0,0,0,-205532.35873218207,-182314.20237833183
1781629800,30468,30496.75,30460.75,30478.5,0,0,0,0,0,0,0,0,0,0,0,1,0,30573.939866695222,30383.560133304778,51.459911130147155,14525,15813.541146485304,24686.717579591936,1512.8926483482117,0,0,0,0,-201295.90039884872,-184121.98314219058
1781630100,30479,30491,30450.75,30455.5,0,0,0,0,0,0,0,0,0,0,0,0,1,30566.98880478842,30374.76119521158,50.6592031922795,13626,15084.360764323535,23720.311719727957,802.1627954082419,0,0,0,0,-209251.45319387977,-186515.26600425623
1781630400,30456.25,30473.25,30427.5,30472.5,0,0,0,0,0,0,1,0,0,0,0,1,0,30548.712818732103,30352.037181267897,50.30854582140239,18896,16354.907176215691,22626.541146485302,1596.938205493062,0,0,0,0,-202539.75920480874,-188041.40821383268
1781630700,30473.25,30477.75,30447.75,30458.25,0,0,0,0,0,0,0,0,0,0,0,0,1,30551.036903108383,30374.463096891617,48.85793540558793,12913,15207.604784143794,24532.360764323537,994.9951449209134,0,0,0,0,-208996.25920480874,-190037.10830821135
1781631000,30458.25,30468,30432.75,30448.75,0,0,0,0,0,0,0,0,0,0,0,0,1,30539.828910029213,30360.921089970787,47.8859400194745,13345,14586.736522762529,22811.40717621569,766.3354245984201,0,0,0,0,-212592.78402750377,-192185.26790052492
1781631300,30449.5,30455,30403.25,30415.25,0,0,0,0,0,0,0,0,0,1,0,0,1,30527.242916455696,30331.007083544304,48.161944303797746,15856,15009.824348508353,21880.104784143794,-74.335998950256,0,0,0,1,-223086.851660354,-195128.2758776515
1781631600,30415.25,30464.75,30404.5,30449,0,0,0,0,0,0,0,0,0,0,0,1,0,30538.28806528029,30330.96193471971,49.02537685352648,16070,15363.216232338902,22514.73652276253,1074.8688456596003,0,0,1,0,-214084.984440437,-196933.67669315488
1781631900,30448.5,30475.75,30432.25,30475.75,0,0,0,0,0,0,0,0,0,0,0,1,0,30548.69606061741,30359.30393938259,48.63070707827459,13863,14863.144154892601,23044.82434850835,1974.484502267657,0,0,0,0,-205400.6913369887,-197740.05904018666
1781632200,30475.75,30510.25,30463.25,30510.25,0,0,0,0,1,0,0,0,0,0,0,1,0,30583.02134200188,30390.47865799812,48.51422800125498,16459,15395.096103261734,22294.716232338902,3013.817434807119,0,0,0,0,-193319.08495400997,-197319.01388912223
1781632500,30510,30520.5,30475,30477,0,0,0,0,0,0,0,0,0,0,0,0,1,30592.948389001747,30402.551610998253,48.298926001165334,13777,14855.730735507823,23092.6441548926,1763.5942461001794,0,0,0,0,-203311.19484411986,-197889.6977895982
1781632800,30476.75,30496.25,30471.75,30490.75,0,0,0,0,0,0,0,0,0,0,0,1,0,30566.14850407305,30401.85149592695,46.59900271536781,12741,14150.820490338549,22283.596103261734,2356.914688615514,0,0,0,0,-196030.62341554844,-197712.64308730775
1781633100,30490.5,30495.75,30472.75,30483.25,0,0,0,0,0,0,0,0,0,0,0,0,1,30563.120039496403,30405.379960503597,44.91335966427011,8955,12418.880326892366,21226.230735507823,1873.7540613701547,0,0,0,0,-198853.39515467887,-197821.2861413431
1781633400,30483,30493.25,30473,30474.75,0,0,0,0,0,1,0,0,0,0,0,0,1,30557.977536675233,30408.272463324767,43.15169111682224,7512,10783.253551261578,18628.32049033855,1444.4012489146544,0,0,0,0,-201913.8395991233,-198211.05313732216
1781633700,30474.5,30476.25,30445.25,30453.75,0,0,0,0,0,0,0,0,0,0,0,0,1,30539.67556976986,30381.82443023014,42.28371317990637,15946,12504.169034174385,16174.880326892366,368.05725461343945,0,0,0,0,-212587.37185718783,-199580.22634873792
1781634000,30454.5,30468.5,30447,30461,0,0,0,0,0,0,0,0,0,0,0,1,0,30529.698743357727,30385.801256642273,40.799162238484485,8186,11064.779356116256,18756.25355126158,724.8703348885492,0,0,0,0,-210112.5346478855,-200583.30332960913
1781634300,30460.5,30485.25,30457.25,30471,0,0,0,0,0,0,0,0,0,0,0,1,0,30545.07740454646,30397.42259545354,39.88493636430702,10634,10921.186237410837,16597.169034174385,1153.069515118656,0,0,0,0,-206124.7846478855,-201111.06345515925
1781634600,30471.25,30477.5,30441.5,30445,0,0,0,0,0,0,0,0,0,0,0,0,1,30536.91116136457,30382.08883863543,39.60744090971367,11420,11087.457491607225,16381.779356116254,335.6199654122104,0,0,0,0,-214451.86798121885,-202381.61626716494
1781634900,30444.75,30464.75,30427,30459.25,0,0,0,0,0,0,1,0,0,0,0,1,0,30523.96214983853,30367.78785016147,39.474766559019834,14437,12203.971661071484,16631.18623741084,971.8601202263263,0,0,0,0,-208906.53023287447,-203003.03664485156
1781635200,30459.5,30469,30449.75,30463.75,0,0,0,0,0,0,0,0,0,0,0,1,0,30526.04521056435,30392.70478943565,38.0301403762327,8029,10812.314440714323,18305.957491607227,1128.9107825219396,0,0,0,0,-207133.89386923812,-203396.45161860264
1781635500,30463.5,30470.25,30434.5,30438.25,0,0,0,0,0,0,0,0,0,0,0,0,1,30527.050909809754,30377.699090190246,37.8672732065018,9688,10437.542960476216,16218.471661071484,438.6019906424201,0,0,0,0,-213976.46729581154,-204404.0721592892
1781635800,30438.5,30454.25,30431,30441,0,0,0,0,1,0,0,0,0,0,0,1,0,30509.48477339477,30375.76522660523,36.82318226318024,8464,9779.695306984144,15656.314440714323,602.0616360691795,0,0,0,0,-213066.35976892983,-205229.05193163594
1781636100,30441.75,30454.75,30424.25,30442.5,0,0,0,0,0,0,0,0,0,1,0,1,0,30509.30728958086,30369.69271041914,36.371526387238795,10367,9975.46353798943,14669.542960476216,669.5025404589524,1,0,0,0,-212811.43353942165,-205951.18351332983
1781636400,30443,30480.25,30422,30475,0,0,0,0,0,0,0,0,0,0,0,1,0,30537.151411753654,30365.098588246346,37.934274502436026,13776,11242.309025326287,14963.195306984144,1407.8067250934632,1,0,0,0,-205243.50220894953,-205883.78529386505
1781636700,30475,30479,30435.75,30438.75,0,0,0,0,0,0,0,0,0,0,0,0,1,30536.47095377125,30378.27904622875,38.31396918083345,15791,12758.539350217525,16863.46353798943,42.86661647783194,0,0,0,0,-218478.73342282238,-207083.30416328955
1781637000,30438.25,30447,30389.75,30402.25,0,0,1,0,0,0,0,1,0,0,0,0,1,30506.49981421616,30330.25018578384,39.666542810773926,21067,15528.02623347835,19137.809025326285,-1071.4521978890525,0,0,0,1,-231726.10460186168,-209430.23753839167
1781637300,30402,30405,30341.25,30401.5,0,0,0,0,0,0,0,0,1,0,0,0,1,30467.080184629292,30279.169815370708,41.3867897528615,28328,19794.684155652234,23292.039350217525,-747.1579577281309,0,0,0,0,-231948.28499401853,-211574.8134865466
1781637600,30401,30439,30396.75,30434.75,0,0,0,0,0,0,0,0,0,0,0,1,0,30501.172671441487,30334.577328558513,41.44844762765711,21159,20249.456103768156,29692.02623347835,1133.456472290457,0,0,1,0,-215046.12523070493,-211905.41460503786
1781637900,30435,30450.75,30420.75,30444.75,0,0,0,0,0,0,0,0,0,0,0,1,0,30511.69605205281,30359.80394794719,40.630701368538745,16434,18977.637402512104,30374.184155652234,1571.2505700769948,0,0,0,0,-209705.07523070494,-211695.85847414902
1781638200,30444.5,30461.5,30420.75,30423.25,0,0,0,0,1,0,0,0,0,0,0,0,1,30522.458834049037,30359.791165950963,40.639222699357404,18811,18922.091601674736,28466.456103768156,491.94295768901804,0,0,0,0,-219514.49240861906,-212440.49027743188
1781638500,30423.5,30443,30372.75,30379.75,0,0,0,0,0,0,0,0,0,0,0,0,1,30507.13141733125,30308.61858266875,42.75427822083187,23574,20472.727734449825,28383.137402512104,-849.8101986481138,0,0,0,1,-234195.80913459772,-214512.42540668577
1781638800,30379.25,30416.75,30366.75,30413.25,0,0,0,0,0,0,0,0,0,0,0,1,0,30481.65774466473,30301.84225533527,43.27182977648674,19857,20267.485156299885,30709.091601674736,713.6024859571103,0,0,1,0,-220693.0491345977,-215101.05623791547
1781639100,30412.75,30418,30381.5,30396,0,0,0,0,0,0,0,0,0,0,0,0,1,30482.182191474392,30317.317808525608,42.788127649594834,16051,18861.990104199922,30401.22773444983,20.077641582734486,0,0,0,0,-228058.9189976114,-216335.13840550557
1781639400,30396.25,30422.75,30350.5,30391,0,0,0,0,0,0,1,0,0,0,0,0,1,30490.088820654793,30283.161179345207,44.892547103195206,23956,20559.993402799948,28292.98515629988,-16.321896028412993,0,1,0,1,-229799.6664024557,-217617.4744052151
1781639700,30391,30391.25,30302,30310,0,0,1,0,0,0,0,1,1,0,0,0,1,30463.341404893737,30229.908595106263,48.06093659582412,33412,24843.99560186663,30839.990104199922,-2734.855157735049,0,0,0,0,-260123.16220077503,-221665.63514764936
1781640000,30310.75,30322,30294.5,30313.25,0,0,0,0,0,0,0,0,0,0,0,1,0,30391.888447401325,30224.611552598675,46.592298267550966,16372,22019.99706791109,37265.99340279995,-1939.548115303829,0,0,0,0,-258634.79856441138,-225186.50785400765
1781640300,30313.5,30330.75,30308.25,30308.75,0,0,0,0,0,0,0,0,0,0,0,0,1,30398.057129729805,30240.942870270195,44.871419819868755,7952,17330.664711940728,33029.995601866634,-1575.5455736539893,0,0,0,0,-260313.55411996692,-228531.94083171806
1781640600,30309.25,30320,30301,30308,0,0,0,0,0,0,0,0,0,0,0,0,1,30384.53519189196,30236.46480810804,43.0234612613067,4989,13216.776474627153,25995.997067911092,-1140.7300862964885,0,0,0,0,-260641.77780417746,-231590.02054338087
1781640900,30307.75,30309,30273.75,30281.25,0,0,0,0,0,0,0,0,0,0,0,0,1,30372.702321042536,30210.047678957464,42.46821402835622,6414,10949.184316418103,19825.164711940728,-1201.0096203614053,0,0,0,0,-265463.650144603,-234816.08050540203
1781641200,30281.5,30306,30280.75,30303,0,0,0,0,0,0,0,0,0,0,0,1,0,30367.85751239664,30218.89248760336,41.23834159775935,3958,8618.789544278736,16423.776474627153,-471.1072996467501,0,0,0,0,-262093.4719267812,-237413.92730743813
1781641500,30303,30312,30300.25,30301.75,0,0,0,0,0,0,0,0,0,0,0,0,1,30370.69804722545,30241.55195277455,39.13203148363368,2974,6737.193029519158,12928.184316418105,-219.53165619530319,0,0,0,0,-262409.8549055046,-239794.49184058732
1781641800,30301.75,30309.5,30296,30303.25,0,0,0,0,1,0,0,0,0,0,0,1,0,30365.45175813792,30240.04824186208,37.30117209194556,2488,5320.7953530127725,10105.789544278738,42.88682124603679,0,0,1,0,-262133.41046106018,-241922.00789967997
1781642100,30303,30311.25,30291.5,30306.75,0,0,0,0,0,0,1,0,0,0,0,1,0,30365.321275413782,30237.428724586218,36.04751694252088,2397,4346.196902008515,7981.193029519159,273.3556983575038,1,0,0,0,-261678.2838787817,-243803.55799292776
1781642400,30307,30315,30305,30311.5,0,0,0,0,0,0,0,0,0,0,0,1,0,30366.280470027083,30253.719529972917,34.1869800180551,1915,3535.7979346723437,6519.2953530127725,497.61296811821035,0,0,0,0,-260816.5338787817,-245423.84141062814
1781642700,30311.25,30317,30308.5,30316,0,0,0,0,0,0,0,0,0,0,0,1,0,30365.528293596577,30259.971706403423,32.35219573105117,1671,2914.198623114896,5303.696902008515,683.7668556610504,0,0,0,0,-259882.73976113464,-246800.87934877162
1781643000,30315.5,30316,30299.75,30303.5,0,0,0,0,0,0,0,0,0,0,0,0,1,30362.80305833968,30252.94694166032,31.202038893118942,2038,2622.1324154099307,4371.297934672344,601.3468404993994,0,0,0,0,-261387.72437651924,-248190.10268474757
1781643300,30303.75,30312,30296.5,30300.25,0,0,0,0,0,0,0,0,0,0,0,0,1,30357.120697029703,30251.379302970297,30.08046468646759,1881,2375.0882769399536,3933.198623114896,631.5822877738882,0,0,0,0,-261812.46631200312,-249487.4706492481
1781647200,30314,30364.5,30314,30335.25,0,0,0,0,0,0,0,0,0,0,0,1,0,30413.281718670438,30265.218281329562,32.521145780291334,5577,3442.3921846266358,3562.63241540993,912.5662976875524,0,0,0,0,2346.7574257425745,-225503.25845162995
1781647500,30334,30366.75,30331.75,30364.75,0,0,0,0,0,0,0,0,0,0,0,1,0,30415.79731019398,30282.70268980602,32.69820679598481,2444,3109.5947897510905,5163.588276939954,1116.530918789339,0,0,0,0,4493.985997171146,-203598.75898031556
1781647800,30365.75,30374,30358.75,30363,0,0,0,0,0,0,0,0,0,0,0,0,1,30421.177859465835,30311.572140534165,31.451906310557323,2503,2907.396526500727,4664.392184626636,1030.5823223514076,0,0,0,0,4042.625341433441,-183823.3890449109
1781648100,30363,30372,30355.5,30358.5,0,0,0,0,0,0,0,0,0,0,0,0,1,30417.57586950399,30309.92413049601,30.38391300266037,1891,2568.597684333818,4361.0947897510905,947.2686121593863,0,0,0,0,3526.8980687061685,-165980.50455789975
1781648400,30358,30376.75,30344.25,30372,0,0,0,0,0,0,0,0,0,0,0,1,0,30422.55259311085,30298.44740688915,30.535062073898917,3536,2891.065122889212,3852.8965265007273,1064.554636009699,0,0,0,0,5050.098068706168,-149691.87573631824
1781648700,30372.25,30375.75,30366,30367.75,0,0,0,0,0,0,0,0,0,0,0,0,1,30419.325622174358,30322.424377825642,29.050414782906138,1416,2399.376748592808,4336.597684333818,947.9828064718645,0,0,0,0,4396.559607167706,-135016.78665598625
1781649000,30367.75,30382.75,30367,30379.25,0,0,0,0,0,0,0,0,0,0,0,1,0,30424.900577733333,30324.849422266667,28.1003851555557,2201,2333.2511657285386,3599.065122889212,1059.0033745174837,0,0,0,0,6003.638972247071,-121586.26992948784
1781649300,30378.75,30381.5,30370,30376.25,0,0,0,0,0,0,0,0,0,0,0,0,1,30421.871965038095,30329.628034961905,26.914643358730295,1403,2023.1674438190257,3499.876748592808,962.2600532198423,0,0,0,0,5698.638972247071,-109463.89765313214
1781649600,30375.75,30377.25,30335.5,30363.25,0,0,0,0,0,0,0,0,0,0,0,0,1,30419.211467535373,30293.538532464627,27.974311690249557,3094,2380.111629212684,3034.7511657285386,818.2223018170246,0,0,0,0,4772.29166685785,-98584.26057503786
1781649900,30364,30368.75,30352.75,30365,0,0,0,0,0,1,0,0,0,0,0,1,0,30409.42850556856,30312.07149443144,27.11900371237459,1855,2205.074419475123,3570.1674438190257,793.1366241825165,0,0,0,0,4888.22916685785,-88729.73774247637
1781650200,30365,30387.5,30362.75,30384.5,0,1,0,0,0,0,1,1,0,0,0,1,0,30427.924683742236,30322.325316257764,26.94978916149069,2405,2271.716279650082,3307.6116292126844,934.510397369298,0,0,0,0,6783.077651706335,-79633.27913350658
1781650500,30384.5,30388.75,30376.25,30379.25,0,0,0,0,0,0,0,0,0,0,1,0,1,30427.62649204636,30337.37350795364,25.917661364241354,1804,2115.810853100055,3407.5744194751232,793.7235567552048,0,0,0,0,6025.397651706335,-71475.30991586726
1781650800,30379.25,30381.25,30348.5,30361.75,0,0,0,0,0,0,0,0,0,0,0,0,1,30420.858528328765,30308.891471671235,26.405685552509826,3180,2470.54056873337,3173.7162796500825,584.826004957725,0,0,0,0,4326.161010484961,-64256.12220859562
1781651100,30361.75,30369.5,30345.25,30361.5,0,0,0,0,0,0,0,0,0,0,0,0,1,30408.877562019567,30305.872437980433,26.251708013044837,2555,2498.693712488913,3705.8108531000553,567.8104065043138,0,0,0,0,4299.820804299394,-57726.9847787961
1781651400,30360.25,30362.75,30325,30350,0,0,0,0,0,1,0,0,0,0,0,0,1,30403.35952187531,30284.39047812469,27.073014583541635,3397,2798.1291416592753,3748.0405687333696,465.6852528778133,0,0,0,0,3377.4565658887977,-51907.514174540396
1781651700,30350,30353.5,30339,30345.25,0,0,0,0,0,0,0,0,0,0,0,0,1,30392.762413169934,30299.737586830066,26.17494211328866,1501,2365.7527611061837,4197.193712488913,419.6890578663871,0,0,0,0,2885.7496693370736,-46689.10809417111
1781652000,30344.75,30346.5,30326.25,30336.75,0,0,0,0,0,0,0,0,0,0,0,0,1,30385.12759794351,30287.62240205649,25.751731962339473,1993,2241.501840737456,3548.629141659276,351.44840255642873,0,0,0,0,2098.3916446457156,-42042.679547617125
1781652300,30335.75,30341.5,30330.5,30333.25,0,0,0,0,1,0,0,0,0,0,0,0,1,30378.54705523326,30293.45294476674,24.698036822172366,1324,1935.6678938249706,3362.252761106184,339.12404978033953,0,0,0,0,1797.4825537366246,-37867.426014154866
1781652600,30332.25,30347.75,30330.5,30343.5,0,0,0,0,0,0,0,0,0,0,0,1,0,30383.999051288025,30294.250948711975,24.166034192017197,1876,1915.7785958833138,2903.501840737456,470.1216427951613,0,0,0,0,3020.96081460619,-33973.29393522524
1781652900,30343.75,30356.5,30322.25,30329.75,0,0,0,0,0,0,0,0,0,1,0,0,1,30393.829476196024,30284.920523803976,24.88631746401597,2986,2272.519063922209,2873.6678938249706,343.7254937059919,0,0,0,0,1800.4060700806426,-30566.274887100873
1781653200,30328.5,30334.75,30319.5,30331,0,0,0,0,0,0,0,0,0,0,0,1,0,30371.047013610594,30283.202986389406,24.198009073729114,1709,2084.6793759481393,3408.7785958833138,379.4580825533902,0,0,0,0,2080.570004506872,-27457.051564090612
1781653500,30332,30349,30321.25,30326.75,0,0,0,0,0,0,0,0,0,0,0,0,1,30385.67758406698,30284.57241593302,24.451722711319892,2604,2257.786250632093,3127.019063922209,333.24404372943366,0,0,0,0,1587.9213558582233,-24690.863666952628
1781653800,30327,30337.25,30308,30336,0,0,0,0,0,0,0,0,0,0,0,1,0,30374.441685205053,30270.808314794947,24.79445680336847,4695,3070.1908337547284,3386.6793759481398,475.4933604996054,0,0,0,0,3032.536740473608,-22050.53981862632
1781654100,30336,30337.5,30312.5,30329.5,0,0,0,0,0,0,0,0,0,0,0,0,1,30374.713707690407,30275.286292309593,24.809138460270724,3165,3101.793889169819,4605.286250632093,374.8398421749665,0,0,0,0,2209.636740473608,-19740.046812997756
1781654400,30330,30381.75,30330,30370.75,0,0,0,0,0,0,1,0,1,0,0,1,0,30421.903799998236,30289.846200001764,26.769199998822813,10018,5407.195926113212,4652.690833754728,1109.7077283335898,0,0,0,0,10098.206788782787,-16898.308374732944
1781654700,30371.25,30374.25,30351.25,30371,0,0,0,0,1,0,0,0,1,0,0,0,0,30413.99995714122,30311.50004285878,26.49997142747833,6004,5606.130617408809,8110.793889169819,952.8653566061614,0,0,0,0,10032.94591921757,-14333.427013404324
1781655000,30370.25,30377.75,30355.75,30356.25,0,0,0,0,0,0,0,0,0,0,0,0,1,30417.017817345415,30316.482182654585,26.178544896944164,4705,5305.753744939206,8409.195926113212,542.8122096839704,0,0,0,0,7038.85501012666,-12297.971582591848
1781655300,30357,30385.25,30356.25,30372.75,0,0,0,0,0,0,0,0,0,0,0,1,0,30424.820116106457,30316.679883893543,26.380077404305297,4887,5166.169163292804,7958.630617408809,736.0677654232659,0,0,0,0,9693.001561850799,-10203.593187883025
1781655600,30372.75,30380.75,30356.25,30369.75,0,0,0,0,0,0,0,0,0,0,0,0,1,30420.11867924171,30316.88132075829,26.245786161140636,3820,4717.446108861869,7749.253744939206,594.8075662841785,0,0,0,0,9225.246459809983,-8353.227507150357
1781655900,30369.5,30381,30368.25,30379.5,0,0,0,0,0,0,0,0,0,0,0,1,0,30418.922702153017,30330.327297846983,25.281801435344875,2615,4016.6307392412464,7076.169163292803,712.4429382475411,0,0,0,0,11276.226851966847,-6483.7556634249095
1781656200,30378.75,30400.75,30372.5,30391.25,1,0,0,0,0,0,0,1,0,0,0,1,0,30438.990723427803,30334.259276572197,25.493815618534523,5007,4346.753826160831,6024.94610886187,818.8661591305125,0,0,0,0,13491.713577630564,-4581.330021419626
1781656500,30391.25,30404,30388,30393.75,0,0,0,0,0,0,0,0,0,0,0,1,0,30441.223528897244,30350.776471102756,24.815685931496343,3409,4034.169217440554,6520.1307392412455,741.6148690400347,0,0,0,0,14024.369827630564,-2809.3586072243697
1781656800,30393.5,30402,30387.75,30390.25,0,0,0,0,0,0,0,0,0,0,0,0,1,30438.09149111887,30351.65850888113,24.060994079246605,2403,3490.4461449603696,6051.253826160831,571.7919788497536,0,0,0,0,13476.317196051617,-1258.3418640552284
1781657100,30389.5,30392,30370.75,30386.75,0,0,0,0,0,0,0,0,0,0,1,0,1,30427.79031318181,30334.95968681819,23.860208787871848,3930,3636.964096640246,5235.669217440554,433.0581741293909,0,0,0,0,12967.7289607575,96.52202402217426
1781657400,30387.5,30387.5,30367,30376.25,0,0,0,0,0,1,0,0,0,0,0,0,1,30422.930290811677,30331.569709188323,23.620193874452433,2974,3415.976064426831,5455.44614496037,211.2326744559237,0,0,0,0,11335.655790025794,1166.9157160225188
1781657700,30376.75,30388.5,30372.75,30383.75,0,0,0,0,0,0,0,0,0,0,0,1,0,30423.087055753702,30338.162944246298,23.0580371691344,1850,2893.9840429512205,5123.964096640246,259.79134964118333,0,0,0,0,12157.878012248017,2213.6740299487565
1781658000,30383.75,30402,30367,30395.25,0,0,0,0,0,0,1,0,0,0,0,1,0,30437.866551771294,30331.133448228706,23.911034514196228,5819,3868.9893619674804,4340.976064426831,400.09096666486494,0,0,0,0,14069.83515510516,3342.8322323446046
1781658300,30394.75,30409.5,30390,30403.75,0,0,0,0,0,0,0,0,0,0,1,1,0,30444.893940930488,30354.606059069512,23.595960620325066,4167,3968.3262413116536,5803.4840429512205,512.7540857390923,0,0,0,0,15993.06592433593,4547.616393486635
1781658600,30403.75,30410,30398,30401,0,0,0,0,0,0,0,0,0,0,0,0,1,30444.15151657831,30363.84848342169,22.767677718873276,2590,3508.8841608744356,5952.48936196748,364.26910288565546,0,0,0,0,15399.524257669264,5581.131428170695
1781658900,30401.25,30410,30388.5,30408.25,1,0,0,0,0,0,0,1,0,0,0,1,0,30444.01569396557,30354.48430603443,22.677129310382327,3564,3527.2561072496237,5263.326241311654,405.6685611625626,0,0,0,0,16559.89635069252,6626.728087458488
1781659200,30408,30419.75,30404.25,30418,0,0,0,0,0,0,0,0,0,0,0,1,0,30452.996715825175,30371.003284174825,22.164477216783588,3107,3387.170738166416,5290.884160874435,516.0101048984095,0,0,0,0,18564.41247972478,7763.650410531468
1781659500,30417.75,30423.25,30415.5,30417.25,0,0,0,0,0,0,0,0,0,0,0,0,1,30454.95230755195,30383.79769244805,21.134871701299044,2330,3034.780492110944,5080.756107249624,399.65909402225276,0,0,0,0,18414.089899079616,8777.977980869387
1781659800,30417.5,30425.75,30411,30421.25,0,0,0,0,0,0,0,0,0,0,0,1,0,30456.76821415538,30379.98178584462,20.67880943692054,2581,2883.520328073963,4552.170738166416,377.8830909483854,0,1,0,0,19070.276339757584,9758.196872192073
1781660100,30420.75,30432.5,30419.5,30431.25,0,0,0,0,0,0,0,0,0,0,0,1,0,30462.695484572854,30389.304515427146,20.130323048569075,2967,2911.346885382642,4325.280492110945,521.2107372947444,0,0,0,0,21466.69941668066,10873.292352619557
1781660400,30431.5,30440.75,30419.75,30423.5,0,0,0,0,0,0,0,0,0,0,0,0,1,30471.03866424622,30389.46133575378,20.19244283081414,3481,3101.2312569217615,4367.020328073963,284.236033277774,0,0,0,0,20140.604178585425,11755.89347890202
1781660700,30424.5,30439,30423,30430,0,0,0,0,0,0,0,0,0,0,0,1,0,30468.83947394292,30393.16052605708,19.892982628613133,2636,2946.1541712811745,4651.8468853826425,299.0422715634168,0,0,0,0,21046.729178585425,12640.734974109964
1781661000,30431,30439.75,30429,30438.25,0,0,0,0,0,0,0,0,0,0,0,1,0,30468.609868661282,30400.140131338718,19.23991244085505,1510,2467.4361141874497,4419.231256921762,319.5901659838203,0,0,0,0,22065.10127160868,13538.293669109842
1781661300,30438.25,30449.5,30436.75,30446.75,0,0,0,0,0,0,0,0,0,0,0,1,0,30477.66452089976,30408.58547910024,18.77634726650826,2716,2550.290742791633,3701.1541712811745,408.65281119008426,0,0,0,0,23875.76793827535,14522.815028077985
1781661600,30447,30448,30439.75,30442,0,0,0,0,0,0,0,0,0,0,0,0,1,30475.03669797835,30412.71330202165,18.02446531890053,1857,2319.193828527755,3825.4361141874497,202.200156647474,0,0,0,0,22750.313392820804,15306.386300910634
1781661900,30442.25,30449.75,30437.25,30445.5,0,0,0,0,0,0,0,0,0,0,0,1,0,30476.1947909799,30410.8052090201,17.629860653264778,2130,2256.1292190185036,3478.7907427916325,190.44247849936846,0,0,0,0,23304.113392820804,16068.074595378268
1781662200,30445.75,30456.5,30443.5,30455,0,0,0,0,0,0,0,0,0,0,0,1,0,30482.44873448133,30417.55126551867,17.299156320888724,2252,2254.7528126790025,3384.1938285277556,278.176279335284,0,0,0,0,24906.49800820542,16909.82920612371
1781662500,30455.25,30455.75,30442,30447,0,0,0,0,0,0,0,0,0,0,0,0,1,30481.318467732668,30416.431532267332,17.045645155110957,2263,2257.501875119335,3382.129219018504,69.28561109766605,0,0,0,0,23548.69800820542,17542.102425369587
1781662800,30447.5,30460.25,30446.75,30458.5,0,0,0,0,0,0,0,0,0,0,0,1,0,30485.43857718033,30421.56142281967,16.792384786888746,1803,2106.001250079557,3386.252812679003,164.43406686684648,0,0,0,0,25017.80911931653,18254.07449145977
1781663100,30458.25,30463.5,30449,30452.25,0,0,0,0,0,0,0,0,0,0,0,0,1,30488.442964524595,30424.057035475405,16.628643016396694,1957,2056.3341667197046,3159.0018751193356,26.474001254524524,0,0,0,0,24208.016015868256,18821.116541403437
1781663400,30451.5,30453.25,30439,30441.75,0,0,0,0,0,0,0,0,0,0,0,0,1,30477.938109915696,30414.311890084304,16.45873994379693,2943,2351.889444479803,3084.501250079557,-199.44669521535945,0,0,0,1,22194.38443692089,19142.380150500336
1781663700,30441.25,30446.75,30433.25,30435.5,0,0,0,0,0,0,0,0,0,0,0,0,1,30471.121102064575,30408.878897935425,16.247401376382864,2335,2346.259629653202,3527.8341667197046,-286.3839731880805,0,0,0,0,21199.847399883853,19338.329412346386
1781664000,30435.75,30451.5,30435,30451.25,0,0,0,0,0,1,0,0,0,0,0,1,0,30475.89816620282,30410.60183379718,16.265444135212658,1981,2224.506419768801,3519.389444479803,-86.63727108746804,0,0,0,0,23060.786793823245,19692.84916296323
1781664300,30451.5,30457,30435.25,30441,0,0,0,0,0,0,1,0,0,0,0,0,1,30481.985797188332,30410.264202811668,16.65719812555461,2436,2295.0042798458676,3336.759629653202,-208.87893066102208,0,0,0,0,21884.786793823245,19901.60512780704
1781664600,30441.5,30443.25,30432.25,30436,0,0,0,0,0,0,0,0,0,0,0,0,1,30467.629668817735,30407.870331182265,16.253112545157855,1657,2082.3361865639117,3442.5064197688016,-274.39910454660003,0,0,0,0,21056.286793823245,20011.574810284776
1781664900,30436.25,30447.75,30436,30440.5,0,0,0,0,0,0,0,0,0,0,0,1,0,30471.647192473614,30412.102807526386,15.93146164907515,1305,1823.2241243759413,3123.5042798458676,-203.55886458242657,0,0,0,0,21528.30807041899,20156.025596964224
1781665200,30440.75,30452.25,30437.75,30445,0,0,0,0,0,0,0,0,0,0,0,1,0,30475.99382158264,30414.00617841736,15.829214388426925,1570,1738.8160829172941,2734.8361865639117,-145.49679206367406,0,0,0,0,21988.480484212094,20330.54511003545
1781665500,30444.75,30456.5,30440.75,30444,0,0,0,0,1,0,0,0,0,0,0,0,1,30480.23533432674,30417.01466567326,15.823556217825,2216,1897.8773886115293,2608.2241243759413,-150.361873730122,0,0,0,0,21882.956674688285,20478.393830478577
1781665800,30443.25,30449.75,30430.25,30432.5,0,0,0,0,0,0,1,0,0,1,0,0,1,30473.879239017686,30406.120760982314,16.086159345123214,1953,1916.2515924076863,2846.816082917294,-244.6413686487495,0,0,0,0,20806.302828534437,20509.62325886485
1781666100,30432.5,30435.25,30422.5,30429,0,0,0,1,0,0,0,1,0,0,0,0,1,30459.021793373566,30398.728206626434,15.847862249042985,2664,2165.501061605124,2874.3773886115296,-287.3152583564386,0,0,0,0,20075.008710887378,20468.231397152707
1781666400,30428.75,30430.5,30417,30426,0,0,0,0,0,0,0,0,0,0,0,0,1,30454.020236704026,30393.479763295974,15.680157802682771,2225,2185.3340410700825,3248.251592407686,-293.9480776615156,0,0,0,0,19621.767970146637,20387.61583267594
1781666700,30426,30436,30424,30432.25,0,0,0,0,0,0,0,0,0,0,0,1,0,30459.12593408231,30400.87406591769,15.41728938820543,1709,2026.556027380055,3278.001061605124,-170.93021693427025,0,0,0,0,20511.872136813305,20399.449766403308
1781667000,30432.5,30439.5,30428.5,30436.75,0,0,0,0,0,0,0,0,0,0,0,1,0,30462.152653076428,30405.847346923572,15.101768717619327,2374,2142.3706849200366,3039.8340410700825,-66.88713867978008,0,0,0,0,21429.099409540577,20497.511637178286
1781667300,30437.5,30446.75,30434.5,30446,0,0,0,0,1,0,0,0,0,0,0,1,0,30469.09710642811,30412.15289357189,14.89807095207509,1747,2010.5804566133577,3213.5560273800547,46.15895194368619,0,0,1,0,22641.30349117323,20701.68228993971
1781667600,30445.5,30465,30442.75,30455.75,0,0,0,0,0,0,0,0,0,0,1,1,0,30488.134813111817,30419.615186888183,15.423208741212582,3988,2669.720304408905,3015.8706849200366,196.80183731700822,0,0,0,0,24478.47203049907,21061.376550945362
1781667900,30455.25,30464,30453,30459.5,0,0,0,0,0,0,0,0,0,0,0,1,0,30486.660897889546,30430.339102110454,15.107265259697398,1832,2390.48020293927,4004.5804566133575,212.00870958884695,0,0,0,0,25186.29021231725,21454.225471076017
1781668200,30459,30472.5,30455,30466.5,0,1,0,0,0,0,0,1,0,0,0,1,0,30495.417262326006,30432.082737673994,15.278174884004727,2754,2511.65346862618,3585.7203044089047,267.37809629761193,0,0,0,0,26366.575926602964,21922.068371602392
1781668500,30466.25,30469.5,30461.5,30465.5,0,0,0,0,0,0,0,0,0,0,0,0,1,30491.63745787415,30439.36254212585,14.758305249432961,1190,2071.102312417453,3767.4802029392695,189.1264611376016,0,0,0,0,26255.013426602964,22334.72980541197
1781668800,30466.5,30470.75,30458,30468.5,0,0,0,0,0,0,0,0,0,0,0,1,0,30492.67228231171,30436.07771768829,14.614854874473464,1928,2023.4015416116354,3106.6534686261793,162.95467713808824,0,0,0,0,26557.444799151985,22736.893138149117
1781669100,30469.25,30472.25,30459,30465.25,0,0,0,0,0,1,0,0,0,0,0,0,1,30494.026047860872,30437.223952139128,14.517365240582503,1444,1830.2676944077568,3035.102312417453,71.01838931789678,0,1,0,0,26121.5202708501,23059.238579358735
1781669400,30465.5,30469.75,30461,30464.25,0,0,0,0,0,0,0,0,0,0,0,0,1,30490.90811587081,30439.84188412919,14.105410580540894,956,1538.8451296051712,2745.4015416116354,23.727117879859037,0,0,0,0,25984.94884227867,23337.877652017774
1781669700,30463.75,30482,30461.75,30476.25,1,0,0,0,0,0,0,1,0,0,0,1,0,30503.81646473718,30439.93353526282,14.544309824787973,1931,1669.5634197367808,2308.2676944077566,109.9889580951226,0,0,0,0,27176.924150920648,23703.501128103762
1781670000,30476,30481.5,30473.25,30480.25,0,0,0,0,0,0,0,0,0,0,0,1,0,30502.642074398813,30452.107925601187,14.094716265874547,1420,1586.3756131578539,2504.345129605171,136.2358836944544,0,0,0,0,27908.4393024358,24103.971430421097
1781670300,30480.25,30481.75,30473,30473.75,0,0,0,0,0,0,0,0,0,0,0,0,1,30502.319426227466,30452.430573772534,13.71295081831208,1201,1457.9170754385693,2379.563419736781,3.9354527103156727,0,0,0,0,27016.26787386437,24381.332996463312
1781670600,30473.5,30478.5,30461.25,30463.25,0,0,0,0,0,1,0,0,0,0,0,0,1,30499.44839578265,30440.30160421735,13.965597188432648,2198,1704.611383625713,2186.875613157854,-142.89768007851046,0,0,0,1,25710.209902849878,24507.89270183346
1781670900,30463.25,30467.5,30457.25,30458.25,0,0,0,0,0,0,0,0,0,0,0,0,1,30488.05029608389,30436.69970391611,13.700197389258888,1801,1736.740922417142,2556.9170754385696,-221.39970108891418,0,0,0,0,24831.673317484023,24538.728950943037
1781671200,30458.25,30463.75,30447,30452.5,0,0,0,0,0,0,0,0,0,0,0,0,1,30484.627060649324,30426.122939350676,13.918040432883254,2714,2062.4939482780946,2605.1113836257127,-288.8607493472122,0,0,0,0,23900.001675692976,24477.897781871605
1781671500,30451.75,30481.25,30451.5,30475.5,0,0,0,0,0,0,1,0,0,0,0,1,0,30503.823342031515,30428.926657968485,15.048894687677308,3021,2381.99596551873,3093.740922417142,-27.315524786014834,0,0,0,0,26311.724364768605,24652.5479326237
1781671800,30475.75,30485,30471,30481.75,0,0,0,0,0,0,0,0,0,0,1,1,0,30507.460960457836,30448.539039542164,14.9739736385575,2433,2398.99731034582,3572.9939482780946,57.32902881669378,0,0,1,0,27354.43865048289,24909.870858134098
1781672100,30480.75,30487,30478.5,30486.5,1,0,0,0,1,0,0,1,0,0,0,1,0,30508.767320425133,30456.732679574867,14.511546950089107,1388,2061.9982068972135,3598.4959655187304,116.18022242035494,0,0,0,0,28293.37982695348,25232.10980754547
1781672400,30485.75,30499,30481.5,30496.25,0,0,0,0,0,0,0,0,0,0,0,1,0,30521.087511823338,30459.412488176662,14.725007882225599,3313,2478.998804598142,3092.9973103458206,262.02693673860415,0,0,0,0,30281.179826953477,25712.97361891766
1781672700,30496,30499,30486,30487.25,0,0,0,0,0,0,0,0,0,0,0,0,1,30520.902689550243,30464.097310449757,14.601793033495198,1854,2270.665869732095,3718.498206897213,74.71194830745407,0,0,0,0,29033.29521156886,26029.19472297968
1781673000,30487,30489.25,30480.5,30484.5,0,0,0,0,0,0,0,0,0,0,0,0,1,30510.525711725226,30459.224288274774,14.18380781681697,1499,2013.4439131547301,3405.9988045981427,-1.4272925637189928,0,0,0,1,28605.009497283147,26274.510415770485
1781673300,30484.75,30496.75,30480,30494.5,0,0,0,0,0,0,0,0,0,0,0,1,0,30518.300660887708,30458.449339112292,14.3671072584729,1930,1985.6292754364868,3020.1658697320954,82.48444939334598,0,0,1,0,29728.44233310404,26603.456312659393
1781673600,30494,30505,30493.5,30499.5,0,0,0,0,0,0,0,0,0,0,0,1,0,30526.2434708243,30472.2565291757,14.162313882867693,2934,2301.7528502909913,2978.44391315473,176.64668017249642,0,0,0,0,31131.65972440839,27034.71378044501
1781673900,30499.5,30505,30489.25,30491.5,0,0,0,0,0,0,0,0,0,0,0,0,1,30526.413580051136,30467.836419948864,14.27572003409143,1941,2181.501900193994,3452.6292754364868,27.42847630477064,0,0,0,0,30145.754962503626,27331.003416831547
1781674200,30491,30502.25,30488,30502.25,0,0,0,0,0,0,0,0,0,0,0,1,0,30523.660824333198,30466.589175666802,14.273882888799184,2367,2243.3346001293294,3272.252850290991,174.12527200928213,0,0,0,0,32014.439173029943,27777.04491742187
1781674500,30501.75,30520.75,30501,30518.5,0,0,0,0,0,0,0,0,0,0,0,1,0,30542.747551166543,30479.002448833457,14.665034111027813,3291,2592.5564000862196,3365.001900193994,379.29621231877275,0,0,0,0,34805.540438852724,28446.425443272426
1781674800,30518.25,30518.75,30508.5,30511.5,0,0,0,0,0,0,0,0,0,0,0,0,1,30540.274511797503,30486.975488202497,14.349674531668683,2103,2429.370933390813,3888.8346001293294,151.07082918507052,0,0,0,0,33420.63799982834,28920.159972468227
1781675100,30511.25,30526.75,30510,30523.25,0,0,0,0,0,0,0,0,0,0,0,1,0,30548.53168952625,30488.21831047375,14.521126350835205,2168,2342.247288927209,3644.0564000862196,240.34510513030028,0,0,0,0,34973.832029679084,29496.700168393072
1781675400,30522.75,30526,30510.5,30511,0,0,0,0,0,0,0,0,0,0,0,0,1,30547.886568845806,30488.613431154194,14.59104589720412,1849,2177.8315259514725,3513.3709333908137,33.47542450835829,0,0,0,0,33572.1707393565,29884.84022277054
1781675700,30510.5,30514.25,30495.5,30500.25,0,0,0,0,0,0,0,0,0,0,0,0,1,30536.582171071106,30473.167828928894,14.888114047403826,3031,2462.2210173009817,3266.7472889272085,-159.44151392872106,0,0,0,1,31915.224072689834,30078.210113239045
1781676000,30499.75,30515.5,30491,30511.5,0,0,0,0,0,1,0,0,0,0,0,1,0,30538.862015994597,30467.637984005403,15.574677329732125,3103,2675.814011533988,3693.3315259514725,-19.739217479176318,0,0,0,0,33403.39754207759,30394.894630271287
1781676300,30512.25,30523.25,30503,30517,0,0,0,0,0,0,1,0,0,0,0,1,0,30547.112943423555,30479.137056576445,15.908628949036975,3170,2840.542674355992,4013.7210173009817,24.25311508506286,0,0,1,0,34146.97778899117,30752.235883482703
1781676600,30517.25,30518.25,30502,30511.5,0,0,0,0,0,0,0,0,0,0,0,0,1,30542.1495188933,30478.1004811067,15.933012595534334,2580,2753.695116237328,4260.814011533988,-95.88586625790188,0,0,0,1,33234.05471206809,30988.599581443217
1781676900,30511.5,30516.5,30504.25,30509.75,0,0,0,0,0,0,0,0,0,0,0,0,1,30540.004910400923,30480.745089599077,15.669940267281882,1683,2396.7967441582186,4130.542674355992,-129.90467894193978,0,0,0,0,32993.62614063952,31179.554491842864
1781677200,30509.5,30517,30501,30508.25,0,0,0,0,0,0,0,0,0,0,0,0,1,30540.540273943712,30477.459726056288,15.693515962476033,2295,2362.8644961054792,3595.195116237328,-150.98494804985003,0,0,0,0,32814.32926563952,31335.247327442547
1781677500,30508.25,30508.5,30489,30492,0,0,0,0,0,0,0,0,0,0,0,0,1,30532.448111519163,30465.051888480837,15.965407679442029,2644,2456.576330736986,3544.2967441582186,-357.5347553737025,0,0,0,0,30610.99593230619,31266.271004096227
1781677800,30491.5,30521.75,30484.5,30520,0,0,0,0,0,0,0,0,0,0,0,1,0,30547.978603553507,30458.271396446493,17.485735702339024,4152,3021.7175538246574,3684.8644961054792,-17.314355090748705,0,0,0,0,33787.69391888337,31506.406519790242
1781678100,30520.5,30523.75,30512.5,30523,0,0,0,0,0,0,0,0,0,0,0,1,0,30549.310489013973,30486.939510986027,17.040326009314807,2547,2863.4783692164383,4532.576330736986,14.592814536365893,0,0,1,0,34353.69391888337,31777.576748275304
1781678400,30523.25,30535.75,30519,30532.75,1,0,0,0,0,0,0,1,0,0,0,1,0,30561.27938265583,30493.47061734417,17.019588437220893,3592,3106.318912810959,4295.217553824657,178.91665037054509,0,0,0,0,36390.947650226655,32216.945405604005
1781678700,30533,30540,30531.25,30538.25,0,0,0,0,1,0,0,0,0,0,0,1,0,30564.64335532327,30506.60664467673,16.428903548847973,1911,2707.879275207306,4659.478369216438,227.85843881667677,0,0,0,0,37537.547650226654,32723.6694289014
1781679000,30537.75,30539,30530,30533.5,0,0,0,0,0,0,0,0,0,0,0,0,1,30562.84740137161,30506.15259862839,15.898267581073117,1642,2352.5861834715374,4061.818912810959,85.36006767732994,0,0,0,0,36762.15876133776,33108.28746056201
1781679300,30533.5,30546,30531.25,30543.75,0,0,0,0,0,0,0,0,0,0,0,1,0,30569.72437270221,30507.52562729779,15.816248468139323,1779,2161.390788981025,3528.879275207306,157.8305235507715,0,0,0,0,37998.4129986259,33574.01370228238
1781679600,30544.25,30562.25,30543.75,30555.75,0,0,0,0,0,0,0,0,0,0,0,1,0,30586.261917509193,30519.738082490807,16.007945006129372,4188,2836.9271926540164,3242.086183471537,344.4299875594083,0,0,0,0,40601.76434997725,34243.32328777713
1781679900,30555.75,30565.75,30554.25,30563.5,0,0,0,0,0,0,0,0,0,0,0,1,0,30589.278923401394,30530.721076598606,15.685948934262987,2481,2718.2847951026774,4255.390788981024,406.549642729672,0,0,0,0,42273.74261084682,35008.12512806948
1781680200,30563.5,30579.25,30561,30575.25,0,0,0,0,0,0,0,0,0,0,0,1,0,30603.053643158437,30537.196356841563,15.869095438958487,3418,2951.5231967351183,4077.427192654016,504.0984279189454,0,0,0,0,44474.37274783312,35909.67252042792
1781680500,30575,30579.25,30553.25,30558.75,0,0,0,0,0,0,0,0,0,0,0,0,1,30604.13909721855,30528.36090278145,16.59273147903288,3129,3010.6821311567455,4427.284795102678,189.11353407361383,0,0,0,0,42518.74774783312,36539.10825637127
1781680800,30559.25,30559.5,30540.75,30544,0,0,0,0,0,0,0,0,0,0,0,0,1,30584.62023313151,30515.62976686849,16.74682208767339,2379,2800.1214207711637,4516.023196735118,-67.07342227660024,0,0,0,1,40583.82774783312,36924.319636510496
1781681100,30544.5,30552.25,30538.5,30552,0,0,0,0,0,0,0,0,0,0,0,1,0,30577.04914505069,30513.70085494931,16.53276336712529,2391,2663.7476138474426,4200.1821311567455,29.240664142524736,0,0,1,0,41888.00956601494,37397.052010749016
1781681400,30551.5,30562.25,30544,30547.5,0,0,0,0,0,1,0,0,0,0,0,0,1,30587.233134689923,30519.016865310077,16.65542312661634,2534,2620.4984092316286,3995.6214207711637,-67.37820987104294,0,0,0,1,41332.612305740964,37771.86727693873
1781681700,30547.25,30570,30546.75,30568.75,0,0,0,0,0,0,0,0,0,0,0,1,0,30595.689696497786,30521.060303502214,17.12646433185803,2452,2564.3322728210856,3930.747613847443,119.87811660606633,0,0,1,0,43600.053165956015,38326.932599702275
1781682000,30569.25,30573.5,30559.5,30560.5,0,0,0,0,0,0,1,0,0,0,0,0,1,30598.854718176517,30534.145281823483,16.903145451011028,1674,2267.5548485473905,3846.498409231628,-40.022316886791714,0,0,0,1,42553.803165956015,38729.49170125025
1781682300,30560.25,30565.75,30549.75,30553,0,0,0,0,0,0,0,0,0,0,0,0,1,30591.00795259248,30524.49204740752,16.838635061653097,2034,2189.703232364927,3401.332272821086,-158.39383610640178,0,0,0,0,41632.146915956015,39005.93505503175
1781682600,30553.25,30566.25,30549.25,30556.25,0,0,0,0,0,0,0,0,0,0,0,1,0,30591.525241693016,30523.974758306984,16.850161128677875,2224,2201.1354882432847,3284.55484854739,-130.1733670173894,0,0,0,0,42024.61750419131,39293.42862161837
1781682900,30556.25,30566.25,30554.5,30559.5,0,0,0,0,0,0,0,0,0,0,0,1,0,30590.9787958578,30529.7712041422,16.485863905200883,1890,2097.4236588288563,3301.7032323649273,-93.99946147153281,0,0,0,0,42547.383461638114,39603.32908257263
1781683200,30559.25,30576,30551.25,30557,0,0,0,0,0,0,0,0,0,0,0,0,1,30601.614239010814,30525.635760989186,17.076159340543676,3832,2675.615772552571,3146.1354882432843,-145.80365879183296,0,0,0,0,42199.019825274474,39850.537724734706
1781683500,30557,30584.25,30555.5,30579.5,1,0,0,0,0,0,0,1,0,0,0,1,0,30611.1150076529,30528.6349923471,17.910005101933415,3614,2988.4105150350474,4013.4236588288563,111.82920390704851,0,0,1,0,45027.367651361434,40343.5691463182
1781683800,30578.5,30580.25,30534,30539.25,0,0,0,0,0,0,0,0,1,0,1,0,1,30610.151435677693,30504.098564322307,19.934290451795313,5616,3864.2736766900316,4482.615772552571,-393.3458702881026,0,0,0,1,40261.35684055062,40335.739402911764
1781684100,30539.25,30550.5,30528.5,30531.25,0,0,0,0,0,0,0,0,0,0,0,0,1,30580.622761700713,30498.377238299287,20.081841133809935,3331,3686.515784460021,5796.410515035048,-468.0718238118613,0,0,0,0,39050.084113277895,40213.296041994254
1781684400,30531,30544,30525.25,30536.25,0,0,0,0,0,1,0,0,0,0,0,1,0,30573.98006443638,30495.26993556362,19.986709624252082,3065,3479.3438563066807,5529.773676690032,-331.04732403117146,0,0,0,0,39908.28411327789,40184.24728687841
1781684700,30536.25,30542.75,30513.75,30519.5,0,0,0,0,0,0,0,0,0,0,0,0,1,30573.695774119493,30482.804225880507,20.630516079662648,4333,3763.895904204454,5219.015784460021,-533.2004835029502,0,0,0,0,37405.60307879513,39919.61450515619
1781685000,30519.25,30525.25,30492.25,30500.25,0,0,0,0,0,0,1,0,0,0,0,0,1,30557.521075968103,30459.978924031897,21.51405064540103,6229,4585.597269469636,5645.843856306681,-796.2586234951184,0,0,0,0,33819.209139401195,39338.62351794143
1781685300,30500.5,30504.25,30478,30483,0,0,0,1,0,0,0,1,0,0,0,0,1,30537.028499113236,30445.221500886764,21.8523327421581,5391,4854.06484631309,6878.3959042044535,-1005.9047920845868,0,0,0,0,30225.209139401195,38470.679291413784
1781685600,30482.75,30502.75,30478.75,30486,0,0,0,0,0,0,0,0,0,1,0,1,0,30535.758606319436,30445.741393680564,22.005737546289662,3555,4421.043230875393,7281.097269469636,-786.4254518547402,0,0,0,0,30706.615389401195,37731.24463407925
1781685900,30486,30488.25,30465.5,30468,0,0,0,0,0,0,0,0,0,0,0,0,1,30521.33834872519,30432.41165127481,22.058899150126113,4813,4551.695487250262,6631.56484631309,-1005.5380678749813,0,0,0,0,26898.527477313284,36699.55728581583
1781686200,30467.75,30500.5,30464.5,30495,0,0,0,0,0,0,0,0,0,0,0,1,0,30535.082038101962,30429.917961898038,23.054692067974248,4048,4383.796991500175,6827.543230875393,-530.6666713738834,0,0,0,0,29962.638588424394,36057.94598130236
1781686500,30495.5,30514.25,30490.25,30509.25,0,0,0,0,0,0,0,0,0,0,0,1,0,30548.93332109468,30455.56667890532,23.122214063118946,3001,3922.8646610001165,6575.695487250263,-266.3044440643025,0,0,0,0,31681.96150509106,35641.18555499652
1781686800,30510.25,30525.75,30506.5,30518.5,0,0,0,0,0,0,0,0,0,0,0,1,0,30560.018441016487,30472.231558983513,22.845627344324733,3176,3673.9097740000775,5884.296991500175,-82.60232386733195,0,0,0,0,33043.10436223392,35393.74925092389
1781687100,30518.75,30524,30505,30508.5,0,0,0,0,1,0,0,0,0,0,0,0,1,30557.85640951531,30471.14359048469,22.570939676872968,2549,3298.939849333385,5510.864661000116,-189.66695757535115,0,0,0,0,31667.985941181287,35038.91464999602
1781687400,30508.25,30508.5,30491.5,30505.25,0,0,0,0,0,0,0,0,0,0,0,0,1,30541.75952312136,30458.24047687864,22.173015414239185,2493,3030.2932328889233,4948.409774000078,-187.6600099244665,0,0,0,0,31228.0447647107,34675.97466092122
1781687700,30504.5,30515.25,30492,30497.75,0,0,0,0,0,0,0,0,0,0,0,0,1,30548.624914326974,30458.625085673026,22.24994288465067,2673,2911.1954885926157,4545.439849333385,-216.33427205133572,0,0,0,0,30452.012506646184,34273.692550990265
1781688000,30497,30512.75,30492.75,30507.75,0,0,0,0,0,0,0,0,0,0,0,1,0,30545.883849017908,30459.616150982092,22.089232678604194,2734,2852.1303257284103,4366.793232888924,-26.951225747851993,0,0,0,0,31921.537506646186,34049.67778486226
1781688300,30507.75,30519.5,30507.5,30516.25,0,0,0,0,0,0,0,0,0,0,0,1,0,30551.55285980234,30475.44714019766,21.368573201561038,2042,2582.0868838189404,4278.195488592615,125.4724990463373,0,0,1,0,33367.95417331285,33984.751726619455
1781688600,30516.75,30527,30496.75,30499.25,0,0,0,0,0,0,0,0,0,0,0,0,1,30560.00444124503,30463.74555875497,22.002960830020964,3701,2955.05792254596,3873.1303257284108,-88.62522393358049,0,0,0,1,31226.87979314756,33722.09725676499
1781688900,30498,30506,30485.5,30494.5,0,0,0,0,0,0,0,0,0,0,0,0,1,30538.843409727528,30452.656590272472,21.895606485019467,3485,3131.705281697307,4432.58688381894,-117.11863714735696,0,0,0,0,30631.87979314756,33427.79083165857
1781689200,30493.75,30501.75,30488.5,30498.75,0,0,0,0,0,0,0,0,0,0,0,1,0,30533.66709474699,30456.58290525301,21.27806316466093,2520,2927.8035211315378,4697.5579225459605,5.903131350742115,0,0,1,0,31582.823189373976,33252.079627631465
1781689500,30498,30505.25,30480.75,30482.75,0,0,0,0,0,1,0,0,0,0,0,0,1,30537.512302265062,30448.487697734938,21.50820151004229,2543,2799.5356807543585,4391.705281697306,-132.20888899015148,0,0,0,1,29999.935434271934,32942.35160921627
1781689800,30482.5,30483,30448.5,30462,0,0,1,0,0,0,1,1,0,0,0,0,1,30516.654280674702,30414.845719325298,22.436187116467842,5017,3538.6904538362387,4199.303521131538,-375.4352145656776,0,0,0,0,27018.81949224295,32378.20569331405
1781690100,30461.5,30466.5,30448.25,30461.75,0,0,0,0,0,0,0,0,0,0,0,0,0,30499.705760626508,30415.044239373492,22.137173751005854,3556,3544.4603025574925,5308.035680754358,-286.0928063746028,0,0,0,0,27067.531821010074,31872.4272292851
1781690400,30463,30465,30427,30438.25,0,0,0,0,0,0,0,0,0,0,0,0,1,30499.905349153185,30392.094650846815,23.27023276879115,6009,4365.973535038328,5316.690453836239,-584.0313029806517,0,0,0,0,23153.775242062708,31042.079420978203
1781690700,30438,30450.25,30420,30447,0,0,0,0,0,0,0,0,0,0,0,1,0,30485.90318135653,30384.34681864347,23.76878757102035,5740,4823.982356692219,6548.9603025574925,-294.0256242603582,0,0,0,0,24861.54383710403,30453.456984418757
1781691000,30447.5,30453.75,30434.25,30450.25,0,0,0,0,0,0,0,0,0,0,0,1,0,30488.945811259637,30399.054188740363,23.463874173090325,2925,4190.988237794812,7235.973535038328,-177.38057563286975,0,0,0,0,25274.04383710403,29960.179541817353
1781691300,30450.75,30458,30437.75,30437.75,0,0,0,0,0,0,0,0,0,0,0,0,1,30492.851467598233,30402.898532401767,23.2343117321553,2674,3685.3254918632083,6286.482356692219,-281.34269390194856,0,0,0,0,23557.401861795388,29350.39119133907
1781691600,30437.75,30479.5,30436,30476,0,0,0,0,1,0,0,0,0,0,0,1,0,30516.522791341216,30398.977208658784,24.68186089414421,3827,3732.5503279088057,5527.988237794812,113.92956146150442,0,0,1,0,26922.522551450562,29119.165606587783
1781691900,30476.25,30478,30461.75,30462.5,0,0,0,0,0,0,0,0,0,0,0,0,1,30514.119377673986,30425.630622326014,24.079585115991055,2541,3335.3668852725373,5598.825491863208,-83.43796902807998,0,0,0,1,24772.44562837364,28705.192275329293
1781692200,30462.5,30470.5,30451.75,30455.75,0,0,0,0,0,0,0,0,0,0,0,0,1,30506.048350697274,30416.201649302726,23.698900464848837,2825,3165.2445901816914,5003.050327908806,-137.18030833604178,0,0,0,0,23755.44562837364,28233.78783276209
1781692500,30455.25,30471,30451.5,30469.5,0,0,0,0,0,0,0,0,0,0,0,1,0,30506.09846850461,30416.40153149539,23.39897900307392,2714,3014.8297267877942,4747.866885272537,102.21675333754212,0,0,1,0,25738.75332068133,27996.16549827821
1781692800,30470,30486.75,30462.25,30485.25,0,0,0,0,0,0,0,0,0,0,0,1,0,30521.966435039994,30427.033564960006,23.47762335999721,2618,2882.553151191863,4522.244590181692,263.4139685094183,0,0,0,0,27368.32474925276,27936.371141228166
1781693100,30485.25,30488.5,30472,30481.5,0,0,0,0,0,0,0,0,0,0,0,0,1,30522.96883253714,30437.53116746286,22.97922169142598,2568,2777.7021007945755,4323.829726787794,184.79624298497663,0,0,0,0,26784.688385616395,27826.68706926514
1781693400,30482,30498.5,30470.5,30474.5,0,0,0,0,0,0,0,0,0,0,0,0,1,30533.5067730702,30435.4932269298,23.33784871346698,4084,3213.1347338630503,4166.553151191863,71.40241103633369,0,1,0,0,25690.759814187822,27623.26542592444
1781693700,30474.5,30480.75,30452.25,30459.5,0,0,0,0,0,0,0,0,0,0,0,0,1,30516.309860708043,30416.690139291957,23.706573805362193,4056,3494.0898225753667,4819.702100794575,-119.46443160758008,0,0,0,1,23556.02297208256,27235.909001749023
1781694000,30459.75,30468.75,30440.25,30462,0,0,0,0,0,0,0,0,0,0,0,1,0,30504.82344208604,30404.17655791396,24.048961390693467,5296,4094.7265483835777,5241.13473386305,-34.08874481955684,0,0,0,0,23974.128235240452,26925.26321446249
1781694300,30461,30483.75,30456,30467.5,0,0,0,0,0,1,0,0,0,0,0,1,0,30520.219981937036,30419.530018062964,24.31332129135822,3402,3863.8176989223853,6142.089822575366,71.39068746231257,0,0,1,0,24770.993100105316,26720.094632142762
1781694600,30467.75,30483,30465.75,30479.25,0,0,0,0,0,0,0,0,0,0,0,1,0,30518.713197512963,30430.036802487037,23.80879834197549,2052,3259.878465948257,5795.726548383578,210.62432182395767,0,0,0,0,26138.993100105316,26664.751629091577
1781694900,30479,30490.75,30473.5,30488.75,0,0,0,0,0,0,1,0,0,0,0,1,0,30525.76046911918,30438.48953088082,23.340312746120098,2389,2969.585643965505,4889.817698922386,321.01330863921527,0,0,0,0,27489.297447931403,26743.279802314417
1781695200,30489,30493.5,30477.5,30479.5,0,0,0,0,0,0,0,0,0,0,0,0,1,30527.72400703924,30443.27599296076,22.816004692825803,3076,3005.0570959770034,4454.378465948257,109.92849714693253,0,0,0,0,25662.922447931403,26640.38862570651
1781695500,30479.5,30482,30461,30469.5,0,0,0,0,0,0,0,0,0,0,0,0,1,30516.029435107863,30426.970564892137,22.686290071909674,3514,3174.7047306513355,4507.585643965505,-48.54390290208204,0,0,0,1,23989.58911459807,26387.931529410467
1781695800,30469.5,30472,30458.75,30465.75,0,0,0,0,0,0,0,0,0,0,0,0,1,30505.01840402873,30425.73159597127,22.012269352487554,2846,3065.1364871008905,4762.057095977003,-95.76756201292483,0,0,0,0,23184.117416484863,26082.806375798504
1781696100,30465.75,30468.25,30456,30462,0,0,0,0,0,0,0,0,0,0,0,0,1,30500.22244659811,30424.02755340189,21.314964398738443,1989,2706.424324733927,4597.704730651336,-115.1081872245224,0,0,0,0,22575.239865464457,25748.752422433357
1781696400,30461.5,30469.5,30432.75,30437,0,0,0,0,0,0,0,0,0,0,0,0,1,30503.126200412527,30399.123799587473,22.417466941685696,4739,3383.949549822618,4059.63648710089,-370.01339652203706,0,0,0,0,19415.906532131125,25145.624242404574
1781696700,30436.25,30445.5,30413.5,30423,0,0,0,0,0,0,1,0,0,1,0,0,1,30480.152900383062,30378.847099616938,23.101933588708146,5140,3969.2996998817453,5075.924324733927,-478.2690984662178,0,0,0,0,17287.625282131125,24397.243389045198
1781697000,30422.5,30428.5,30407.25,30411,0,0,1,0,0,0,0,1,0,0,0,0,1,30462.954478927128,30372.795521072872,22.969652618086137,4355,4097.8664665878305,5953.949549822618,-584.7009326240877,0,0,0,0,14930.801752719359,23495.67751891893
1781697300,30410,30416.75,30387.25,30415,0,0,0,0,0,0,0,0,1,0,0,1,0,30451.904159003763,30352.095840996237,23.436106002508556,7125,5106.910977725221,6146.799699881745,-332.0719567705121,0,0,0,0,16138.428871363427,22794.98717153269
1781697600,30416,30437.25,30414.75,30433.75,0,0,0,0,0,0,0,0,0,0,0,1,0,30472.303861932065,30379.696138067935,23.36924128804366,6093,5435.60731848348,7660.366466587831,214.80709339371765,0,0,1,0,20945.128871363428,22618.81019056419
1781697900,30434,30455.25,30425.5,30451.75,0,0,0,0,0,0,0,0,0,0,0,1,0,30490.987514651202,30389.762485348798,23.825009767469112,4800,5223.738212322321,8153.410977725221,476.4222727262711,0,0,0,0,23808.994417581915,22732.161069327783
1781698200,30451.75,30465,30444.75,30459.5,0,0,0,0,1,0,0,0,0,0,0,1,0,30500.354477890403,30409.395522109597,23.569651926935602,4989,5145.492141548214,7835.60731848348,596.6095121819407,0,0,0,0,25718.364787952283,23016.561423482497
1781698500,30459.75,30462.25,30440.5,30454.25,0,0,0,0,0,0,0,0,0,0,0,0,1,30497.409515183946,30405.340484816054,23.439676789297344,3819,4703.328094365476,7718.2382123223215,419.96507674215604,0,0,0,0,24752.640650021247,23181.902302200473
1781698800,30454.25,30474.75,30448,30466.25,0,0,0,0,0,0,0,0,0,0,0,1,0,30510.264192670806,30412.485807329194,23.67612844720468,4689,4698.5520629103175,7054.992141548215,561.7549356782445,0,0,0,0,26856.117285535267,23531.82753870855
1781699100,30466.75,30479.75,30460,30461.5,0,0,0,0,0,0,0,0,0,0,0,0,1,30514.843536051463,30424.906463948537,23.395690700975774,3044,4147.034708606879,7047.828094365476,399.4344065917282,0,0,0,0,26046.95272857324,23771.363271076614
1781699400,30463.5,30503.25,30460,30490.5,0,0,0,0,0,0,0,0,1,0,1,1,0,30540.470783476358,30422.779216523642,24.813855650906074,8901,5731.6898057379185,6220.5520629103175,863.1845604841593,0,0,0,0,31603.64637019174,24517.294994801865
1781699700,30490.75,30520.75,30485,30487.5,0,0,0,0,0,0,0,0,0,0,0,0,1,30559.14251322805,30446.60748677195,25.595008818698496,8310,6591.126537158612,8597.534708606878,641.4534450777481,0,0,0,0,30848.191824737194,25120.237550033802
1781700000,30486.75,30513.5,30476.75,30507,0,1,0,0,0,0,0,1,0,0,0,1,0,30553.087690854616,30437.162309145384,26.391793903077176,7722,6968.084358105742,9886.689805737919,927.5640029695544,0,0,0,0,35103.171416573925,26070.993156370958
1781700300,30506.25,30513.5,30494.5,30502.25,0,0,0,0,0,0,0,0,0,0,0,0,1,30552.29571293643,30455.70428706357,25.863808624285948,5500,6478.722905403828,10452.126537158612,645.1498581540545,0,0,0,0,33945.27667973182,26820.92492050056
1781700600,30502,30511.5,30495.75,30503,0,0,0,0,0,1,0,0,0,0,0,1,0,30549.212090583827,30458.037909416173,25.14139372255124,4723,5893.481936935886,9718.084358105742,547.5349367626815,0,0,0,0,34245.149695604836,27527.993946700968
1781700900,30502.75,30503.25,30483,30491,0,0,0,0,0,0,0,0,0,0,0,0,1,30540.438012684983,30445.811987315017,24.79200845665472,6357,6047.987957957257,8840.222905403829,88.90592116882263,0,0,0,0,30556.520065975208,27816.425005679466
1781701200,30490.5,30494.5,30475,30490,0,0,0,0,0,0,0,0,0,0,0,0,1,30531.121011778912,30438.378988221088,24.414007852607956,6888,6327.991971971504,9071.981936935885,44.75044538643854,0,0,0,0,30379.904681359825,28060.565927172833
1781701500,30489.25,30490.75,30465,30473.75,0,0,0,0,0,0,0,0,0,0,0,0,1,30527.514153794706,30428.235846205294,24.50943586313596,6634,6429.994647981003,9491.987957957257,-350.6219059668621,0,0,0,1,26386.623127961768,27901.142803438444
1781701800,30474,30492,30468,30481.25,0,0,0,0,0,0,0,0,0,0,0,1,0,30528.709571380798,30431.290428619202,24.473047587197676,6100,6319.996431987335,9644.991971971505,-121.50750082110551,0,0,0,0,28229.3314612951,27932.39886609146
1781702100,30481.5,30510,30479.75,30505.75,0,0,0,0,0,0,1,0,0,0,0,1,0,30547.328530567884,30442.421469432116,24.885687045254986,6511,6383.664287991557,9479.994647981002,383.8264077981719,0,0,1,0,33448.893444766174,28457.779302155715
1781702400,30505.75,30507.5,30488.75,30501.75,0,0,0,0,0,0,0,0,0,0,0,0,1,30544.17113552732,30452.07886447268,24.44742368487963,5639,6135.442858661038,9575.496431987336,188.95419399565867,0,0,0,0,32245.906778099506,28818.553347483696
1781702700,30501,30532.25,30492.5,30527,1,0,0,0,0,0,0,1,1,0,0,1,0,30570.560697275367,30454.189302724633,25.54046485024537,16867,9712.628572440692,9203.164287991558,1179.8260032702397,0,0,0,0,43278.40992275359,30195.682545128446
1781703000,30527.5,30528,30419.75,30441,0,0,0,0,0,0,0,0,1,0,1,0,1,30575.17243318427,30372.57756681573,31.44828878951356,77252,32225.752381627128,14568.942858661037,-4865.782257804297,0,0,0,1,-18451.825643066273,25562.586527205138
1781703300,30441.25,30474.25,30398,30409,0,0,0,0,0,0,1,0,1,0,0,0,1,30526.222616528252,30346.027383471748,34.64841101883402,65221,43224.16825441808,48338.62857244069,-6548.802641056171,0,0,0,0,-46037.10105290233,18743.568662432997
1781703600,30409,30524.5,30399.5,30519.5,0,0,0,0,0,1,0,0,1,0,0,1,0,30586.15314391909,30337.84685608091,41.10209594606016,60560,49002.77883627872,64836.25238162712,-243.8572391910884,0,0,0,0,7497.938947097668,17672.55630859154
1781703900,30520.25,30540.75,30451.25,30452,0,0,0,0,0,0,0,0,1,0,1,0,1,30607.588633639156,30384.411366360844,44.55908909277015,54124,50709.852557519145,73504.16825441808,-4020.794580347147,0,0,0,0,-33775.39066184088,12772.751835217023
1781704200,30452.25,30485,30426.5,30472.75,0,0,0,0,1,0,0,0,1,0,0,1,0,30553.33230266493,30358.16769733507,45.55486844328657,54826,52081.901705012766,76064.77883627871,-1381.921977053308,0,0,0,0,-14562.860747310966,10169.360160690547
1781704500,30473,30477.25,30346,30347.75,0,0,0,1,0,0,1,1,1,0,0,0,1,30554.76392390315,30268.48607609685,51.675949268766104,53550,52571.26780334184,78122.85255751915,-5835.692901052296,0,0,0,0,-65664.86074731097,2947.0534075475452
1781704800,30347.75,30403.75,30319.75,30389,0,0,0,0,0,1,0,0,1,0,0,1,0,30484.727215052924,30238.772784947076,53.98481003528281,68830,57990.845202227894,78856.90170501276,-1438.9855080873863,0,0,0,0,-31864.414318739546,-368.3244711464631
1781705100,30388.5,30427.5,30349,30384.75,0,0,0,0,0,0,0,0,0,0,0,0,1,30511.103842549142,30265.396157450858,55.735895032762606,54261,56747.56346815193,86986.26780334185,-1267.8735307408406,0,0,0,0,-34456.50030600069,-3614.8174077992467
1781705400,30384.75,30449,30356.75,30444,0,0,0,0,0,0,0,0,0,1,0,1,0,30536.51606808135,30269.23393191865,58.34404538756528,47475,53656.70897876795,85121.3452022279,1992.9217208630826,0,0,1,0,-3964.4271352689866,-3648.113572320174
1781705700,30444,30489.25,30434.75,30469,0,0,0,0,1,0,0,0,0,0,0,1,0,30576.35420607554,30347.64579392446,58.069470717024906,38529,48614.139319178634,80485.06346815193,3431.765995043357,0,0,0,0,13709.426075740186,-1995.0145582191876
1781706000,30469.25,30544.75,30457,30540.75,0,0,0,0,0,0,1,0,0,0,0,1,0,30635.03426278443,30366.71573721557,60.1895085229517,37163,44797.09287945242,72921.20897876794,5767.020318769783,0,0,0,0,43990.38903870315,2384.5476891067497
1781706300,30541.25,30543.25,30488.75,30509.25,0,0,0,0,0,0,0,0,0,0,1,0,1,30632.92467258554,30399.07532741446,59.78311505702658,32383,40659.06191963495,67195.63931917863,2993.3442133387302,0,0,0,0,24976.517479070124,4536.163859579452
1781706600,30509.25,30515.75,30429.25,30460,0,0,0,0,0,0,0,0,0,0,0,0,1,30608.287195972287,30336.712804027713,61.691463981524684,39366,40228.04127975663,60988.59287945242,391.1864207040145,0,0,0,0,2562.927883694403,4348.236623780876
1781706900,30460.25,30478.75,30410,30423.25,0,0,0,0,0,1,0,0,0,0,0,0,1,30572.043467688552,30316.706532311448,62.195645125701496,37340,39265.360853171085,60342.06191963494,-1515.1011117048665,0,0,0,1,-17532.781207214688,2264.33016368606
1781707200,30422.75,30448,30373.75,30434,0,0,0,0,0,0,0,0,0,0,0,1,0,30542.5850057108,30279.1649942892,63.05667047386567,43161,40563.90723544739,58898.041279756624,-553.0426374997973,0,0,0,0,-10993.235752669232,1001.7048383188896
1781707500,30433.5,30462.75,30289,30370.5,0,0,0,0,0,0,1,0,0,1,0,0,1,30569.195005302885,30182.554994697115,70.96333686858955,62680,47935.93815696493,60845.860853171085,-2518.104114055574,0,0,0,0,-33720.372443316715,-2305.159664694025
1781707800,30371,30434.5,30354.25,30426.25,0,0,0,0,0,0,0,0,0,0,0,1,0,30541.94000492411,30246.80999507589,71.62666994940459,37680,44517.29210464328,71903.90723544739,475.8677384271698,0,0,1,0,-7778.690200326062,-2826.4482871351715
1781708100,30426.25,30427.25,30352.5,30358.25,0,0,0,0,0,0,0,0,0,0,0,0,1,30535.024647429527,30244.725352570473,71.84976495301855,30089,39707.86140309552,66775.93815696493,-2101.936853634428,0,0,0,1,-35150.623310693954,-5904.941146521722
1781708400,30357.75,30403.5,30352.75,30383.25,0,0,0,0,1,0,0,0,0,0,0,1,0,30509.013958327418,30247.236041672582,70.3426388849458,29163,36192.90760206368,59561.79210464328,-235.4571087141312,0,0,0,0,-20497.29326143287,-7294.68896698945
1781708700,30383.5,30413.5,30346.25,30359,0,0,0,0,0,0,0,0,0,0,0,0,1,30518.682604161175,30241.067395838825,70.12173610744966,31242,34542.60506804245,54289.36140309552,-1161.3195087920628,0,0,0,0,-31879.137127603877,-9636.064982286061
1781709000,30359,30424.75,30354.25,30410,0,0,0,0,0,0,0,0,0,0,0,1,0,30529.973132435378,30249.026867564622,70.14875495691754,25012,31365.7367120283,51813.90760206368,864.8577232843015,0,0,1,0,-13785.349893561324,-10031.234973836086
1781709300,30410,30461,30396.75,30423.25,0,0,0,0,0,0,0,0,0,0,0,1,0,30565.591122975708,30292.158877024292,69.72741531713771,28991,30574.157808018866,47048.60506804245,1371.088041360892,0,0,0,0,-7806.661177608017,-9819.370802766747
1781709600,30423.5,30443,30397.75,30413.75,0,0,0,0,0,0,0,0,0,0,0,0,1,30544.968542763156,30295.781457236844,67.97902850877072,24507,28551.771872012578,45861.2367120283,715.0506049550842,0,0,0,0,-13087.174989762712,-10130.590249147315
1781709900,30412.75,30424.75,30393.5,30417.25,0,0,0,0,0,0,0,0,0,0,0,1,0,30522.783289708645,30295.466710291355,65.35552647242996,20679,25927.51458134172,42827.65780801886,952.0922700272283,0,0,0,0,-10109.398989762713,-10128.57203396783
1781710200,30417.5,30449.25,30400.5,30431.75,0,0,0,0,0,0,0,0,0,0,0,1,0,30545.504126158026,30304.245873841974,64.16941743868496,18696,23517.00972089448,38891.27187201258,1372.713166362593,0,0,0,0,-4644.414374378097,-9606.271304483094
1781710500,30431.5,30450.5,30416,30445.25,0,0,0,0,0,0,0,0,0,0,0,1,0,30543.575260003883,30322.924739996117,62.05017333592175,14766,20600.00648059632,35275.51458134172,1745.606118332886,0,0,0,0,1240.585625621903,-8573.237311139761
1781710800,30443.25,30448.75,30402.75,30414.75,0,0,0,0,0,0,0,0,0,0,0,0,1,30540.105598575035,30311.394401424965,60.90373238335591,15906,19035.33765373088,30900.00972089448,556.7246950683289,0,0,0,0,-8614.218722204183,-8577.140302669706
1781711100,30414.75,30446,30412,30443.5,0,0,0,0,0,0,0,0,0,0,0,1,0,30534.473055819675,30323.526944180325,58.9820372131162,12640,16903.558435820585,28553.00648059632,1516.1335927212215,0,0,0,0,2074.016571913464,-7562.744409852261
1781711400,30444.5,30454.25,30427.5,30430.5,0,0,0,0,0,0,0,0,0,0,0,0,1,30539.269623261127,30342.480376738873,56.679748840750754,13518,15775.038957213723,25355.33765373088,616.7132696287515,0,0,0,0,-5000.824549581863,-7318.752042207461
1781711700,30430,30458.75,30422,30448.75,0,0,0,0,0,0,0,0,0,0,0,1,0,30541.63429302819,30339.11570697181,55.2561953521257,11486,14345.359304809148,23662.558435820585,1095.9760811100862,0,0,0,0,859.3795320507907,-6539.88236846858
1781712000,30450,30471.25,30444,30448.5,0,0,0,0,0,0,0,0,0,0,0,0,1,30551.13362924046,30364.11637075954,53.25575282697387,13015,13901.9062032061,21518.03895721372,860.3894819471001,0,0,0,0,142.9575137021668,-5903.421427309461
1781712300,30448.5,30463.75,30437.75,30451.5,0,0,0,0,0,0,0,0,0,0,0,1,0,30540.713370008998,30360.786629991002,51.30891333933288,10927,12910.2708021374,20852.85930480915,848.3238268967098,0,0,0,0,1403.7652060098592,-5207.498890802859
1781712600,30451.75,30453,30421.5,30440.25,0,0,0,0,0,0,0,0,0,0,0,0,1,30527.840986436928,30346.659013563072,49.893990957951964,10533,12117.847201424933,19365.4062032061,352.2015281620856,0,0,0,0,-2441.6157463710933,-4944.081448476024
1781712900,30440.75,30456.25,30427,30456,0,0,0,0,0,1,0,0,0,0,0,1,0,30528.879130262863,30354.370869737137,48.41942017524111,9169,11134.898134283289,18176.7708021374,756.7296282932086,0,0,0,0,2338.8030570477104,-4250.473400330907
1781713200,30455.5,30466.25,30445.25,30460,0,0,0,0,0,0,0,0,0,0,0,1,0,30535.941335244086,30375.558664755914,46.460890162723885,8582,10283.932089522192,16702.347201424935,804.5617207324221,0,0,0,0,4177.80305704771,-3447.780404390086
1781713500,30460.5,30472.5,30445.75,30458.25,0,0,0,0,0,0,0,0,0,0,1,0,1,30540.079454155224,30378.170545844776,45.05296943681503,8573,9713.621393014795,15425.898134283289,597.1089887362072,0,0,0,0,3456.709599103785,-2790.20992786686
1781713800,30457.75,30471.5,30433,30439.5,0,0,0,0,0,0,0,0,0,0,0,0,1,30538.37735028699,30366.12264971301,44.584900191328245,10242,9889.747595343197,14570.432089522194,34.90365798901141,0,0,0,0,-1398.2644268702406,-2657.643689676706
1781714100,30438.5,30462.75,30434.75,30458.75,0,0,0,0,0,0,0,0,0,0,0,1,0,30527.850396695063,30369.649603304937,43.400264463376224,9597,9792.165063562132,14834.621393014795,685.9733318318141,0,0,0,0,5542.423073129759,-1876.6849503618046
1781714400,30459.25,30459.75,30415.5,30430.75,0,0,0,0,0,1,0,0,0,0,0,0,1,30524.941439788276,30350.308560211724,43.46095985884936,13060,10881.443375708088,14688.247595343197,-232.2544733941931,0,0,0,1,-2869.1023505990543,-1971.2008932415426
1781714700,30430.5,30431,30397,30406,0,0,0,0,0,0,0,0,0,0,0,0,1,30495.177765517685,30332.822234482315,42.78517701178869,12483,11415.295583805391,16322.165063562132,-1034.1965933818947,0,0,0,0,-11864.205291775525,-2913.3917883400172
1781715000,30406,30421,30396,30399,0,0,0,0,0,0,0,0,0,0,0,0,1,30483.272210837848,30333.727789162152,41.51480722523235,8947,10592.530389203594,17122.943375708088,-1070.2858195707126,0,0,0,0,-14369.365291775524,-4004.4368839053036
1781715300,30398.75,30414.75,30397.75,30408.75,0,0,0,0,0,0,0,0,0,0,0,1,0,30474.395624349432,30338.104375650568,39.76374956628718,7173,9452.68692613573,15888.79558380539,-459.626861553201,0,0,0,0,-10149.953527069643,-4589.724183254289
1781715600,30408.5,30410.25,30362.25,30369.75,0,0,0,0,0,0,0,0,0,0,0,0,1,30470.778079753043,30301.721920246957,40.35205316869524,13408,10771.12461742382,14179.030389203595,-1373.7841959010855,0,0,0,0,-20974.120193736308,-6150.142850919243
1781715900,30369.75,30394.25,30325,30379,0,0,0,0,0,0,0,0,0,0,0,1,0,30457.87428834211,30261.37571165789,42.41619222807416,17888,13143.416411615879,16156.686926135731,-866.4661302376751,0,0,0,0,-18584.748352581075,-7334.390993934656
1781716200,30379.75,30394.75,30375.5,30376.75,0,0,0,0,0,0,0,0,0,0,0,0,1,30455.892196317676,30314.357803682324,40.76146421178315,9559,11948.610941077253,19715.12461742382,-811.7273245885399,0,0,0,0,-20074.46263829536,-8547.731150540438
1781716500,30377.25,30387.75,30352.5,30386.75,0,0,0,0,0,0,0,0,0,0,0,1,0,30448.301682294983,30291.948317705017,40.36778819665578,12021,11972.740627384836,17922.91641161588,-316.5127818664988,0,0,0,0,-16834.760510635788,-9336.97204197809
1781716800,30387,30414.5,30374.5,30404,0,0,0,0,1,0,0,0,0,0,0,1,0,30475.01227641677,30313.98772358323,40.34151761118037,11382,11775.827084923223,17959.110941077255,239.75802067755973,0,0,1,0,-11997.410510635787,-9590.347134231204
1781717100,30404.25,30425.5,30397.25,30418,0,0,0,0,0,0,0,0,0,0,0,1,0,30484.716756672715,30338.033243327285,39.47783778181035,10127,11226.218056615482,17663.740627384836,700.2608492929617,0,0,0,0,-7068.33971417561,-9350.155951368766
1781717400,30418.25,30418.75,30384.5,30388.25,0,0,0,0,0,0,0,0,0,0,0,0,1,30477.406631196092,30325.843368803908,39.10442079739533,10332,10928.145371076987,16839.32708492322,-244.254093769296,0,0,0,1,-16118.26672147488,-9994.73792947411
1781717700,30388.5,30420,30381,30413.75,0,0,0,0,0,0,0,0,0,0,0,1,0,30478.645443253514,30322.354556746486,39.09696216900995,9164,10340.096914051324,16392.218056615482,396.90896789285927,0,0,1,0,-10185.164157372315,-10012.87376070251
1781718000,30413.75,30415.75,30390.75,30394.25,0,0,0,0,0,0,0,0,0,0,0,0,1,30472.885054449693,30333.614945550307,38.09003629979496,7127,9269.06460936755,15510.145371076986,-164.24099944614278,0,0,0,1,-15744.224157372315,-10558.716655623444
1781718300,30394.25,30416.25,30384.75,30410.75,0,0,0,0,0,0,0,0,0,0,0,1,0,30472.67897913186,30328.32102086814,37.619319421238174,7418,8652.0430729117,13903.596914051324,267.9043475676725,0,0,1,0,-11858.605109753267,-10682.51555601676
1781718600,30411,30460.25,30398.5,30446.25,0,0,0,0,0,0,1,0,0,0,0,1,0,30519.264409193867,30339.485590806133,39.34293946257831,11221,9508.3620486078,12978.06460936755,855.4418459282164,0,0,0,0,-5453.0949882957775,-10184.475501948096
1781718900,30446.5,30502.25,30431.25,30471.75,0,0,0,0,0,0,0,0,0,0,1,1,0,30564.656237108593,30368.843762891407,41.604158072394135,7226,8747.574699071867,14262.5430729117,967.6682768197841,0,0,0,0,-2883.285129140848,-9489.124037871215
1781719200,30465.25,30481,30170.25,30176,0,0,1,0,0,0,1,1,1,0,0,0,1,30572.243291600833,30079.006708399167,60.82886106722312,51261,22918.71646604791,13121.3620486078,-3678.141934256072,0,0,0,1,-50597.66726912475,-13404.223393228694
1781719500,30176.5,30269.5,30072.25,30256.25,0,0,0,0,0,0,0,0,1,0,0,1,0,30375.359842200774,29966.390157799226,70.57322813385004,68351,38062.81097736527,34378.07469907186,-351.77109738021204,0,0,0,0,-22962.725570772407,-14314.556933947144
1781719800,30256.25,30292.25,30219,30255.75,0,0,0,0,0,1,0,0,1,0,0,0,1,30398.396639186434,30112.853360813566,70.76442612428932,51589,42571.54065157685,57094.2164660479,-270.1577671587446,0,0,0,0,-23314.868915482304,-15171.72950361716
1781720100,30255.75,30340.5,30254.25,30323,0,0,0,0,0,0,0,0,1,0,0,1,0,30448.305807815974,30146.444192184026,71.87053854398293,43981,43041.360434384565,63857.31097736527,3057.5124597334197,0,0,1,0,10977.562968575668,-12681.320696741652
1781720400,30322.75,30328.75,30219.75,30234.25,0,0,0,0,1,0,0,0,0,0,0,0,1,30440.533964400547,30107.966035599453,74.52264293369844,36399,40827.24028958971,64562.04065157685,-257.03590442078576,0,0,0,1,-18575.7535451858,-13242.695253736332
1781720700,30234.25,30263,30180.5,30241.75,0,0,0,0,0,0,0,0,1,0,0,1,0,30375.63868122908,30067.86131877092,75.09245415271997,44137,41930.49352639314,61240.860434384565,200.05665502826145,0,0,1,0,-14563.298999731252,-13368.467039069183
1781721000,30242,30352.25,30204.5,30230.25,0,0,0,0,0,0,0,0,0,0,0,0,1,30472.673418284146,30084.076581715854,80.28227885609711,45733,43197.995684262096,62895.74028958971,-148.2882724421001,0,0,0,1,-18200.271926973215,-13828.638933155282
1781721300,30229.75,30399.25,30229.75,30362.25,0,0,0,0,0,0,0,0,0,0,0,1,0,30529.23245983528,30099.76754016472,86.65497322351874,41015,42470.33045617473,64796.99352639314,2927.156682267886,0,0,1,0,13861.601229368967,-11191.473203391068
1781721600,30361.25,30520,30361.25,30504.25,0,1,0,0,0,0,1,1,0,0,0,1,0,30657.7069269899,30223.5430730101,91.8046179932674,48435,44458.55363744982,63705.49568426209,6502.520615980536,0,0,0,0,57491.23902464456,-4650.262515006722
1781721900,30504.75,30508.5,30426.25,30452.5,0,0,0,0,0,0,0,0,0,0,1,0,1,30645.183217919195,30289.566782080805,91.12214527946257,36644,41853.70242496655,66687.83045617474,3077.8269465933904,0,0,0,0,34212.83172981173,-949.0154440716315
1781722200,30452.25,30480,30407.75,30417.5,0,0,0,0,0,0,0,0,0,0,0,0,1,30614.661202353538,30273.088797646462,89.7741349023581,29836,37847.80161664436,62780.55363744982,1104.0568322002337,0,0,0,0,19862.64487860066,1033.04744380192
1781722500,30417.75,30420.75,30220.5,30275.75,0,0,0,0,0,1,0,0,0,0,0,0,1,30567.247902185427,30074.002097814573,97.66526812361823,42466,39387.20107776291,56771.70242496654,-1995.84621877048,0,0,0,1,-10250.57359830321,-41.583131636663666
1781722800,30275,30356.75,30255,30294.75,0,0,0,0,0,0,0,0,0,0,0,1,0,30503.685552029325,30108.064447970675,97.95703468621693,40325,39699.80071850861,59080.80161664437,-940.0762661248536,0,0,0,0,-2423.3622960919074,-268.41924253716303
1781723100,30295.5,30339.5,30272,30289.75,0,0,0,0,0,0,0,0,0,0,0,0,1,30483.172298312944,30128.327701687056,95.78153220863,30089,36496.20047900574,59549.70107776292,-1050.2124354841726,0,0,0,0,-4986.499333128944,-717.760203545904
1781723400,30289.75,30370.25,30201.25,30354.25,0,0,0,0,0,0,0,0,0,0,0,1,0,30521.767134147736,30049.732865852264,101.01142276515642,40169,37720.46698600383,54744.30071850861,550.7077975428792,0,0,1,0,10344.272856220168,335.7667545270551
1781723700,30353.5,30361.75,30217.25,30218.25,0,0,0,0,0,0,0,0,0,0,0,0,1,30517.926624565753,30061.073375434247,104.1177497105024,34133,36524.644657335884,56580.70047900574,-2595.6801542884314,0,0,0,1,-21603.742714714084,-1753.7103377816247
1781724000,30219.5,30222.75,30101.25,30103.25,0,0,0,0,0,0,1,0,0,0,0,0,1,30380.789008525342,29943.210991474658,105.35933901689508,48756,40601.76310489059,54786.96698600383,-6525.9832748729195,0,0,0,0,-68253.00197397335,-8086.976207895123
1781724300,30103,30204.25,30102.25,30128.5,0,0,0,0,0,0,0,0,0,0,0,1,0,30361.92907934496,29944.57092065504,105.119386229974,43024,41409.17540326039,60902.644657335884,-4284.509326722059,0,0,0,0,-57497.001973973354,-12792.69294752162
1781724600,30128.75,30163.75,30058,30058.75,0,0,0,1,0,0,0,1,0,0,0,0,1,30321.496645106035,29900.253354893965,105.16443007069014,45496,42771.450268840264,62113.76310489059,-6272.1680965582955,0,0,0,0,-87612.55752952892,-19918.39433628422
1781724900,30059.5,30123,29935.25,29963.25,0,0,0,0,0,0,0,0,0,0,0,0,1,30289.595099027032,29768.654900972968,111.06339935135513,48118,44553.633512560176,64157.17540326039,-7336.541836972973,0,0,0,0,-112280.2406187433,-28714.76064889937
1781725200,29962.25,29990,29931.5,29961.75,0,0,0,0,0,0,0,0,0,0,0,0,1,30150.963306239388,29770.536693760612,107.30887082625834,39747,42951.422341706784,66830.45026884027,-5864.539454325965,0,0,0,0,-112619.95856746125,-36705.73187923859
1781725500,29961.5,30055,29943.5,30015,0,0,0,0,0,0,0,0,0,0,0,1,0,30216.412355793716,29782.087644206284,107.60823719581131,35219,40373.948227804525,64427.133512560176,-3001.76004854096,0,0,0,0,-95721.15587687829,-42326.24845044237
1781725800,30014.5,30014.75,29922,29949.75,0,0,0,0,0,0,0,0,0,0,0,0,1,30174.597187522737,29762.152812477263,106.56479168182479,32126,37624.632151869686,60560.922341706784,-4346.423997763696,0,0,0,0,-118148.74078253866,-49547.43819635631
1781726100,29949.75,30045.5,29945,29995.25,0,0,0,0,0,0,0,0,0,0,0,1,0,30204.69738841397,29785.80261158603,106.13159227598017,31093,35447.42143457979,56436.94822780453,-1978.2588917616904,0,0,0,0,-104071.81043427996,-54740.23555234903
1781726400,29994.75,30090,29993.25,30043.75,0,0,0,0,0,0,0,0,0,0,0,1,0,30248.19221781297,29835.05778218703,105.46147854198159,18926,29940.280956386527,53171.13215186968,-456.1958924462165,0,0,0,0,-94486.54945236782,-58525.59878092225
1781726700,30043.75,30054.75,30015.75,30050.75,0,0,0,0,1,0,0,0,0,0,0,1,0,30205.821345112046,29864.678654887954,100.7142300746972,8662,22847.52063759102,44910.42143457979,32.481714965223546,0,0,1,0,-92931.83150364987,-61802.38284975345
1781727000,30051.25,30076,30022,30028,0,0,0,0,0,0,0,0,0,0,0,0,1,30222.066249032614,29875.933750967386,97.37749935507597,7849,17848.013758394016,34271.28095638653,-33.49880818801557,0,0,0,1,-96311.26205920543,-65088.94277446316
1781727300,30027.5,30095.75,30015.25,30088.75,0,0,0,0,0,0,0,0,0,0,0,1,0,30240.007945530284,29870.992054469716,96.17196368685624,7572,14422.675838929345,26772.020637591024,772.868418180431,0,0,1,0,-90549.95771137935,-67513.80133988375
1781727600,30089.75,30132.5,30089.5,30107.5,0,0,0,0,0,0,0,0,0,0,0,1,0,30271.141306563837,29950.858693436163,92.42753770922366,9556,12800.45055928623,21634.013758394016,1254.0319362516057,0,0,0,0,-86605.3298044026,-69332.0421460284
1781727900,30108.75,30134,30104.5,30123.75,0,0,0,0,0,0,0,0,0,0,0,1,0,30265.899070380703,29972.600929619297,87.93271358713625,4694,10098.300372857488,19200.675838929346,1491.0434240829168,0,0,0,0,-84218.55014338566,-70749.80481244337
1781728200,30123.75,30134.5,30110.75,30127.5,0,0,0,0,0,0,0,0,0,0,0,1,0,30259.522351067797,29985.727648932203,83.34823404519794,4722,8306.200248571658,15147.450559286232,1519.4970246848518,0,0,0,0,-83472.97119601723,-71961.53494421231
1781728500,30128,30159.5,30125.25,30152.75,0,0,0,0,0,0,0,0,0,0,0,1,0,30279.261825991525,30005.488174008475,79.84121732768381,6312,7641.466832381106,12459.300372857488,1891.070626264926,0,0,0,0,-78911.74491864497,-72623.45970368209
1781728800,30151.25,30153.25,30128.5,30134,0,0,0,0,0,0,0,0,0,0,0,0,1,30267.10919556356,30014.64080443644,75.9061303757064,3738,6340.311221587404,11462.200248571658,1506.6476814203945,0,0,0,0,-81517.01764591769,-73470.46522199025
1781729100,30134,30134.75,30113.25,30114.25,0,0,0,0,0,0,0,0,0,0,0,0,1,30242.77996730902,30005.22003269098,72.01997820601308,2883,5187.874147724937,9510.466832381106,1178.6650856449337,0,0,0,0,-84165.35485522001,-74489.0261394407
1781729400,30115,30131.5,30109.75,30129.25,0,0,0,0,0,1,0,0,0,0,0,1,0,30234.14389821552,30007.10610178448,68.42926547701214,2387,4254.249431816625,7781.811221587405,1299.3098546266738,0,0,0,0,-82601.45830349586,-75261.63872649358
1781729700,30128.75,30141.25,30124.75,30140.75,0,0,0,0,0,0,0,0,0,0,0,1,0,30238.33004834298,30027.66995165702,64.72003222865412,1703,3403.8329545444167,6381.374147724937,1358.0129087149228,0,0,0,0,-81362.91284895041,-75842.71245244185
1781733600,30146,30158.25,30092.25,30112.75,0,0,0,0,0,0,0,0,0,0,0,0,1,30255.467187747054,29995.032812252946,64.81145849803598,6836,4547.888636362944,5105.749431816625,955.9036008348988,0,0,0,0,-3443.8939393939395,-68947.58687977062
1781733900,30113.75,30184.5,30113.75,30181.75,0,1,0,0,0,0,0,1,0,0,0,1,0,30282.46060290798,30015.78939709202,65.30706860531912,6123,5072.925757575296,6821.832954544417,1499.0215202414097,0,0,0,0,2441.109594174965,-62148.66340606152
1781734200,30181,30204.25,30178,30189,0,0,0,0,0,0,0,0,0,0,0,1,0,30298.025916985982,30084.224083014018,62.51727799065346,4826,4990.6171717168645,7609.388636362944,1516.120966727925,0,0,0,0,3911.8905465559174,-55857.18207724081
1781734500,30189.75,30203.5,30182,30188.5,0,0,0,0,0,0,0,0,0,0,0,0,1,30292.88120862984,30092.61879137016,59.5874724198925,2735,4238.744781144576,7485.925757575296,1366.171944390318,0,0,0,0,3752.8789186489407,-50180.033410965596
1781734800,30188.25,30251.25,30187.5,30243,0,0,0,0,0,0,0,0,0,0,0,1,0,30341.077193727706,30097.672806272294,59.88479581847161,8056,5511.163187429717,6358.1171717168645,1900.2392588055272,0,0,0,0,10671.561271590117,-44384.64344119839
1781735100,30243.75,30254.75,30219.5,30228.5,0,0,0,0,0,0,0,0,0,0,0,0,1,30341.937751318586,30132.312248681414,58.125167545723635,5102,5374.775458286478,8266.744781144576,1463.901809395772,0,0,0,0,8464.313044639763,-39351.40949016618
1781735400,30228.5,30235.75,30219.75,30224.5,0,0,0,0,0,0,0,0,0,0,0,0,1,30318.424340510115,30137.075659489885,55.11622700674337,2787,4512.183638857652,8062.163187429717,1240.0435683926103,0,0,0,0,7767.563044639763,-34863.88829637514
1781735700,30224.75,30248,30224.75,30234.5,0,0,0,0,0,0,0,0,0,0,0,1,0,30327.286887616534,30145.463112383466,52.857925077690275,3402,4142.122425905101,6768.275458286478,1248.6454882211783,0,0,0,0,9194.208205930085,-30667.879105679403
1781736000,30235,30236.75,30223.75,30229.75,0,0,0,0,0,1,0,0,0,0,0,0,1,30311.766395643925,30148.733604356075,50.010930429283825,1587,3290.414950603401,6213.183638857652,1052.4494535532583,0,0,0,0,8553.304359776239,-26932.528299445534
1781736300,30229.75,30251.75,30229,30248.75,0,0,0,0,0,0,0,0,0,0,0,1,0,30323.84558166936,30156.90441833064,48.06372111290641,2702,3094.2766337356006,4935.622425905101,1157.7395030378605,0,0,0,0,10809.919744391624,-23338.00943812771
1781736600,30248.75,30259.25,30242.75,30253.25,0,0,0,0,0,0,0,0,0,0,1,1,0,30327.96375440726,30174.03624559274,45.809169604841664,3408,3198.8510891570672,4641.414950603401,1110.663025941114,0,0,0,0,11739.37428984617,-19997.30622593972
1781736900,30253,30255,30232,30236,0,0,0,0,0,0,0,0,0,0,0,0,1,30321.269914806744,30165.730085193256,44.17994320449583,2569,2988.9007261047113,4798.276633735601,798.4651338935964,0,0,0,0,9840.548202889648,-17155.605804146446
1781737200,30235,30253.5,30232.75,30251.75,0,0,0,0,0,0,0,0,0,0,0,1,0,30317.259563749118,30168.990436250882,42.50637583274613,2791,2922.933817403141,4483.351089157067,928.943919879208,0,0,0,0,12093.524106504105,-14369.97438408449
1781737500,30252.5,30252.5,30225,30249,0,0,0,0,0,1,0,0,0,0,0,0,1,30314.65173776704,30162.84826223296,41.434491844692836,3713,3186.289211602094,4384.400726104712,772.444212203322,0,0,0,0,11620.960470140468,-11894.647255110684
1781737800,30248.25,30264.75,30242.25,30262.25,1,0,0,0,0,0,0,1,0,0,0,1,0,30324.87304221225,30182.12695778775,40.08202814150049,4203,3525.1928077347293,4779.433817403141,929.9487228620076,0,0,0,0,14236.160470140469,-9405.99890032486
1781738100,30262.75,30275.75,30258.75,30274.75,0,0,0,0,0,0,0,0,0,0,0,1,0,30333.399967768517,30201.100032231483,38.43331184567903,4220,3756.795205156486,5287.789211602094,1086.0950355787097,0,0,0,0,17214.983999552234,-6870.667195574661
1781738400,30274.25,30295.5,30274,30291.75,0,0,0,0,0,0,0,0,0,0,0,1,0,30351.33568435648,30218.16431564352,37.22378957098767,4784,4099.196803437658,5635.192807734729,1291.9297249078777,0,0,0,0,21108.937487924326,-4205.942940003329
1781738700,30291.5,30300.5,30288.75,30290,0,0,0,0,0,0,0,0,0,0,0,0,1,30353.60634975959,30235.64365024041,35.40423317305998,3032,3743.4645356251053,6148.795205156486,1048.0063661706367,0,0,0,0,20721.87365813709,-1831.8651687518604
1781739000,30290.25,30305.75,30285.75,30296.75,0,0,0,0,0,0,0,0,0,0,0,1,0,30357.205896205334,30234.294103794666,34.303930803555694,3687,3724.6430237500704,5615.196803437658,990.968272861596,0,1,0,0,21920.148658137092,430.2313861899447
1781739300,30297.25,30297.25,30272.25,30282.75,0,0,0,0,0,0,0,0,0,0,0,0,1,30347.709046476382,30221.790953523618,33.63936431758743,4216,3888.4286825000468,5586.964535625106,594.7841922989994,0,0,0,0,19474.868658137093,2244.006364470625
1781739600,30283.75,30285.5,30268.5,30275.5,0,0,0,0,0,0,0,0,0,0,0,0,1,30334.176257442356,30219.823742557644,32.45083829490262,3322,3699.619121666698,5832.64302375007,345.9965480310045,0,0,0,0,17862.721599313565,3731.503053503286
1781739900,30275.75,30290.5,30269.5,30285,0,0,0,0,0,1,0,0,0,0,0,1,0,30337.949381910756,30222.050618089244,31.632921273838146,3156,3518.412747777799,5549.428682500047,423.1865185136682,0,0,0,0,19252.864456456424,5209.727949022632
1781740200,30284.75,30297.5,30276.75,30291.75,0,0,0,0,0,0,0,0,0,0,0,1,0,30343.783354631418,30230.466645368582,30.85556975427828,2948,3328.275165185199,5277.619121666698,445.95267202214103,0,0,0,0,20247.37048055281,6641.8843805969345
1781740500,30291.25,30313.75,30284.75,30313.5,1,0,0,0,0,0,0,1,0,0,0,1,0,30359.834543586316,30238.665456413684,30.72302905754412,3510,3388.850110123466,4992.412747777798,621.1971885041671,0,0,0,0,22940.387721932122,8194.122794057428
1781740800,30313.5,30371.5,30306.25,30361.25,0,0,0,0,0,0,0,0,1,0,0,1,0,30421.28386190158,30256.46613809842,33.18924126771954,13061,6612.900073415644,5083.2751651851995,1405.5898726239138,0,0,0,0,32498.43753036124,10508.819435610172
1781741100,30361,30412,30360.25,30401,0,0,0,0,0,0,0,0,1,0,0,1,0,30463.772514622895,30308.477485377105,34.51500974859671,10790,8005.266715610429,9919.350110123467,1920.7535374689985,0,0,0,0,40838.534148718725,13397.363694001462
1781741400,30401.75,30424.5,30390,30417.75,0,0,0,0,0,0,0,0,1,0,0,1,0,30476.270906435544,30338.229093564456,34.51393762369695,9721,8577.177810406953,12007.900073415643,1966.9138465743786,0,0,0,0,45346.82400379119,16440.16943779096
1781741700,30418.5,30432.25,30396.5,30397.25,0,0,0,0,0,0,0,0,0,0,0,0,1,30484.15334169015,30344.59665830985,34.60222779343288,8641,8598.451873604636,12865.766715610429,1083.5162157169805,0,0,0,0,40210.56526253245,18704.01665919491
1781742000,30397.75,30407.25,30378.25,30384,0,0,0,0,0,0,0,0,0,0,0,0,1,30458.553102997997,30326.946897002003,34.202068665330536,6195,7797.301249069757,12897.677810406953,562.5762358668721,0,0,0,0,37273.28077977383,20472.51800401195
1781742300,30383,30385,30355.75,30383,0,0,0,0,0,0,0,0,0,0,0,0,0,30435.772524212425,30304.977475787575,33.848349474949785,7364,7652.867499379839,11695.951873604636,410.2472133689996,0,0,0,0,37273.28077977383,22072.590649322603
1781742600,30382.5,30407.75,30382,30398.5,0,0,0,0,0,1,0,0,0,0,0,1,0,30457.654843911536,30332.095156088464,33.2698959410248,6227,7177.578332919892,11479.301249069758,647.1915168745732,0,0,0,0,41142.48466326897,23888.77103160321
1781742900,30398.5,30414.75,30378.25,30412.25,0,0,0,0,0,0,0,0,0,0,0,1,0,30465.000926489283,30327.999073510717,33.50061765952303,4754,6369.718888613262,10766.367499379838,640.3487397328919,0,0,0,0,42933.37507422788,25702.542845186512
1781743200,30412.75,30416.5,30387,30409.75,0,0,0,0,0,0,1,0,0,0,0,0,1,30466.322288882908,30337.177711117092,33.214859255271385,5134,5957.812592408841,9554.578332919893,412.70869657401556,0,1,0,0,42411.273379312624,27293.850515103284
1781743500,30409.75,30414.75,30393.5,30397.5,0,0,0,0,0,0,0,0,0,0,0,0,1,30463.290339676983,30344.959660323017,32.36022645132343,3390,5101.875061605894,8936.71888861326,89.50035976001834,0,0,0,0,40457.038085194974,28547.48742654059
1781743800,30397.75,30398,30354,30384,0,0,0,0,0,0,0,0,0,0,0,0,1,30447.787458271487,30304.212541728513,33.19163884765747,9114,6439.250041070596,7652.812592408842,-258.7392720453271,0,0,0,1,37608.913085194974,29410.480346412434
1781744100,30384,30385,30362.5,30366.75,0,0,0,0,0,0,0,0,0,0,0,0,1,30433.64192553781,30313.85807446219,32.427950358539086,4188,5688.833360713731,9658.875061605893,-574.9860253314364,0,0,0,0,34398.11308519497,29885.492988201247
1781744400,30366.75,30425,30363,30416,0,0,0,0,0,0,0,0,0,0,0,1,0,30476.810359427964,30311.189640572036,34.54023961864344,9037,6804.888907142487,8533.250041070596,148.5735952013797,0,0,1,0,41576.69776261433,30998.941061954873
1781744700,30415,30428.5,30402.5,30418.75,0,0,0,0,0,0,0,0,0,0,0,1,0,30479.39533375454,30351.60466624546,33.93022250302605,5887,6498.925938094992,10207.333360713732,142.02083041681283,0,0,0,0,42425.784301075866,32087.21184663306
1781745000,30418.75,30439,30415.75,30430,0,0,0,0,0,0,0,0,0,0,1,1,0,30488.751024200643,30365.998975799357,33.16734946709562,5789,6262.283958729994,9748.388907142487,319.3300859600313,0,0,0,0,45226.91333333393,33338.61198822362
1781745300,30430.5,30433.75,30395.75,30406.5,0,0,0,0,0,0,0,0,0,0,0,0,1,30484.018808186313,30345.481191813687,33.5125387908745,5403,5975.855972486663,9393.425938094992,-122.87946452529457,0,0,0,1,41814.49228070235,34145.83868274541
1781745600,30405.75,30428.25,30402.75,30411,0,0,0,0,0,0,0,0,0,0,0,1,0,30477.660321887288,30353.339678112712,32.94021459152632,3486,5145.903981657775,8963.783958729993,-94.02180537711467,0,0,0,0,42532.19816305529,34944.53958563206
1781745900,30411,30433.25,30403.5,30407.5,0,0,0,0,0,1,0,0,0,0,0,0,1,30482.318513181053,30354.431486818947,32.71234212070301,4005,4765.602654438517,7718.855972486663,-181.68412764344663,0,0,0,0,42061.02169246705,35622.299786283016
1781746200,30408,30425.5,30405.5,30409.25,0,0,0,0,0,0,0,0,0,0,0,1,0,30473.206476525265,30357.793523474735,31.80431768350994,3802,4444.401769625678,7148.403981657775,-185.2101771123264,0,0,0,0,42298.64669246705,36258.14234877673
1781746500,30408.5,30411.75,30395,30398.75,0,0,0,0,0,0,0,0,0,0,0,0,1,30457.843513916316,30348.906486083684,30.729009277544943,3559,4149.267846417119,6666.602654438517,-404.04389803426477,0,0,0,0,40226.98997604914,36636.12783708839
1781746800,30398.75,30411,30390,30398.25,0,0,0,0,0,0,0,0,0,0,0,0,1,30456.051120065153,30344.948879934847,30.03408004343459,3957,4085.178564278079,6223.901769625678,-393.6190216890427,0,0,0,0,40132.775690334856,36969.14191834996
1781747100,30397.5,30398.25,30368,30380,0,0,0,0,0,0,0,0,0,0,0,0,1,30443.32425434621,30322.92574565379,30.049502897474976,5296,4488.785709518719,6127.767846417119,-661.7451443097857,0,0,0,0,37068.9740374423,36978.6497392159
1781747400,30380.75,30400.75,30375.25,30388.5,0,0,0,0,0,0,0,0,0,0,0,1,0,30445.336807607197,30330.663192392803,29.724538404798192,4018,4331.857139679146,6733.178564278079,-472.63067221933227,0,0,0,0,38290.130900187396,37103.55270692747
1781747700,30389.5,30393.5,30368.5,30381.25,0,0,0,0,0,0,0,0,0,0,0,0,1,30437.580607063825,30324.419392936175,29.387071375884034,3861,4174.904759786097,6497.785709518719,-549.894417207008,0,0,0,0,37016.0009001874,37095.21443961889
1781748000,30382,30405.75,30373,30402.5,0,0,0,0,0,0,0,0,0,0,0,1,0,30450.19092084498,30328.55907915502,29.627280563320888,3575,3974.936506524065,6262.357139679146,-278.6686043360022,0,0,0,0,39253.787159729385,37300.79279391513
1781748300,30402.75,30423.25,30401.75,30417.75,0,0,0,0,0,0,1,0,0,0,0,1,0,30466.820140784625,30358.179859215375,29.046760523083684,3848,3932.62433768271,5962.404759786097,-13.548296734354778,0,0,0,0,41938.43832252008,37742.47332044893
1781748600,30417.75,30431,30408.25,30418.25,0,0,0,0,0,0,0,0,0,0,0,1,0,30473.89548787144,30365.35451212856,28.596991914291994,3427,3764.0828917884733,5898.936506524065,-42.770335568700375,0,0,0,0,42013.757003838764,38149.26224267654
1781748900,30417.25,30421,30400,30403,0,0,0,0,0,0,0,0,0,0,0,0,1,30463.08152445205,30357.91847554795,28.05434963469971,3536,3688.0552611923154,5646.12433768271,-299.11385147778276,0,0,0,0,39614.32843241019,38288.79235598451
1781749200,30403.25,30410,30394,30407.25,0,0,0,0,0,0,0,0,0,0,0,1,0,30450.78998699119,30353.21001300881,27.19332466079259,3009,3461.7035074615437,5532.082891788473,-209.53488961576016,0,0,0,0,40366.57843241019,38486.676744215525
1781749500,30407.5,30408.25,30394.75,30401.25,0,0,0,0,0,0,0,0,0,0,0,0,1,30447.572845063245,30355.427154936755,26.215230042164546,2026,2983.135671641029,5192.555261192316,-294.04778160080417,0,0,0,0,39428.61546944723,38576.38519423759
1781749800,30401.75,30411,30372.75,30407.5,0,0,0,0,0,0,0,0,0,0,0,1,0,30451.612284701587,30332.137715298413,27.07485646772422,3997,3321.090447760686,4474.703507461543,-216.13769733007047,0,0,0,0,40029.471678597554,38714.774383224256
1781750100,30407.5,30409,30386,30405.25,0,0,0,0,0,0,0,0,0,0,0,0,1,30449.175692937188,30345.824307062812,26.783795291458205,2626,3089.393631840457,4981.635671641029,-231.8030179737516,0,0,0,0,39772.58037424973,38815.51781094097
1781750400,30405.25,30410.75,30400.75,30406,0,0,0,0,0,0,0,0,0,0,0,1,0,30449.12742915596,30362.37257084404,25.584952770639763,1313,2497.2624212269716,4634.0904477606855,-209.5284163874557,0,0,0,0,39871.05537424973,38916.04519792276
1781750700,30406,30413.5,30392.25,30400.5,0,0,0,0,0,0,0,0,0,0,0,0,1,30451.412969930534,30354.337030069466,25.275313287022637,2360,2451.508280817981,3745.8936318404576,-256.63554408139953,0,0,0,0,39260.23184483797,38948.82487858135
1781751000,30401,30414.5,30397,30406.75,0,0,0,0,0,0,0,0,0,0,0,1,0,30451.57990064978,30359.92009935022,24.71993376652102,2377,2426.6721872119874,3677.262421226971,-162.31560598005893,0,0,0,0,40041.24613055225,39052.86499781667
1781751300,30406.75,30408,30395.5,30400.5,0,0,0,0,0,0,0,0,0,0,0,0,1,30443.77062203194,30359.72937796806,23.84708135462666,1545,2132.781458141325,3640.0082808179814,-230.43193389998447,0,0,0,0,39268.74613055225,39073.42510569625
1781751600,30401,30412.25,30398.75,30402.75,0,0,0,0,0,0,0,0,0,0,0,1,0,30446.912006172515,30364.087993827485,23.10800411501047,2011,2092.187638760883,3199.1721872119874,-187.16489228128344,0,0,0,0,39529.431315737434,39116.85426855732
1781751900,30402.5,30407.75,30388,30388.5,0,0,0,0,0,0,0,0,0,0,0,0,1,30442.052220017336,30353.697779982664,22.868146678224008,2115,2099.791759173922,3138.281458141325,-316.1515597955086,0,0,0,0,38030.19080940832,39013.36251054313
1781752200,30388.75,30392.5,30376.5,30380.75,0,0,0,0,0,0,0,0,0,0,0,0,1,30426.066347158954,30342.933652841046,22.37756477263658,2526,2241.8611727826146,3149.6876387608827,-396.8905260886575,0,0,0,0,36767.19080940832,38799.441396149334
1781752500,30381.25,30390,30377,30388,0,0,0,0,0,0,0,0,0,0,0,1,0,30422.561608076172,30344.438391923828,21.70773871744825,1987,2156.907448521743,3362.791759173922,-244.07495046515822,0,0,0,0,37798.90234786986,38704.15196297986
1781752800,30389,30405.75,30384.5,30400.5,0,0,0,0,0,0,0,0,0,0,0,1,0,30438.26256464216,30351.98743535784,21.675043094773375,3018,2443.9382990144954,3235.3611727826146,-61.18613858957784,0,0,0,0,39432.172936105155,38773.48729375369
1781753100,30400.5,30410.75,30395.75,30404.25,0,0,0,0,0,0,0,0,0,0,0,1,0,30442.547381453434,30363.952618546566,21.198254302289563,2324,2403.958866009664,3665.9074485217434,-10.638928125722742,0,0,0,0,40013.172936105155,38891.55259302526
1781753400,30404.5,30419,30396.5,30398,0,0,0,0,0,0,0,0,0,0,0,0,1,30450.93685420676,30364.56314579324,21.291236137840308,3346,2717.972577339776,3605.938299014496,-114.94719533638444,0,0,0,0,39046.550713882934,38906.314318821234
1781753700,30398.5,30400.75,30365.5,30374.25,0,0,0,0,0,0,0,0,0,0,0,0,1,30434.182436049134,30332.067563950866,22.28829069942314,4508,3314.648384893184,4076.958866009664,-400.0104045656672,0,0,0,0,35945.30248693258,38624.313191974696
1781754000,30375,30381.75,30370.25,30378.5,0,0,0,0,0,0,0,0,0,0,0,1,0,30414.02654775991,30337.97345224009,21.5176985066072,2066,2898.432256595456,4971.972577339776,-278.73493919902904,0,0,0,0,36574.08509562824,38429.053373275034
1781754300,30378.25,30395.25,30377.75,30394.25,0,0,0,0,0,1,0,0,0,0,0,1,0,30427.096080062773,30345.903919937227,21.23072004184954,1925,2573.954837730304,4347.648384893184,-71.49174372776619,0,0,0,0,38334.08509562824,38420.00877540391
1781754600,30395,30402.25,30390,30399.25,0,0,0,0,1,0,0,0,0,0,0,1,0,30433.13386005829,30359.11613994171,20.589240038860286,1812,2319.9698918202025,3860.9322565954562,-8.455070520037495,0,0,0,0,38962.73815685273,38471.69728792285
1781754900,30398.75,30408.5,30395.75,30400.5,0,0,0,0,0,0,1,0,0,0,0,1,0,30438.543941482698,30365.706058517302,20.029294321798837,1308,1982.6465945468017,3479.9548377303036,0.7475571512415229,0,0,1,0,39142.26756861743,38535.561124179476
1781755200,30400.25,30405.25,30386,30387.5,0,0,0,0,0,0,0,0,0,0,0,0,1,30435.210445662506,30356.039554337494,19.97363044167035,1537,1834.0977296978679,2973.9698918202025,-104.41524144868427,0,0,0,1,38124.254581604444,38496.38907250566
1781755500,30387,30388,30370,30377.75,0,0,0,0,0,0,1,0,0,0,0,0,1,30417.74898525804,30340.25101474196,19.832656838693897,3494,2387.3984864652452,2751.1465945468017,-262.57608630828486,0,0,0,0,36328.72680382666,38289.945046917186
1781755800,30379,30380.75,30351.75,30357.75,0,0,0,1,0,0,0,1,0,0,0,0,1,30411.48120059675,30321.01879940325,20.487467064501477,3681,2818.59899097683,3581.097729697868,-474.53398436068727,0,0,0,0,33631.44232106804,37846.27812064584
1781756100,30358,30370.5,30343.25,30343.75,0,0,0,0,0,0,0,0,0,0,0,0,1,30401.955757696986,30311.794242303014,20.9705051313228,3546,3061.065993984553,4227.898486465245,-564.7406646610268,0,0,0,0,31777.112045838683,37268.26230399754
1781756400,30343.75,30346.75,30327.25,30332.5,0,0,0,0,0,0,0,0,0,0,0,0,1,30378.04820357577,30295.95179642423,20.86546905051403,4097,3406.3773293230356,4591.59899097683,-682.2689463351917,0,0,0,0,29413.458199684836,36520.18572263442
1781756700,30332.25,30338.5,30322.25,30331.75,0,0,0,0,0,0,0,0,0,0,0,0,1,30369.303689034645,30291.446310965355,20.535792689763024,4215,3675.9182195486906,5109.565993984554,-563.1752931570913,0,0,0,0,29283.765891992527,35831.00288162091
1781757000,30331.5,30335.25,30312,30320.25,0,0,0,0,0,0,0,0,0,0,0,0,1,30366.34449696074,30280.90550303926,20.729664640494235,4136,3829.27881303246,5513.877329323036,-638.2236515661685,0,0,0,0,27282.475569411883,35016.85742331529
1781757300,30320.25,30329.5,30306.75,30307.25,0,0,0,0,0,0,0,0,0,0,0,0,1,30360.810961463547,30275.439038536453,20.87397430903036,3661,3773.1858753549736,5743.91821954869,-703.4990163612218,0,0,0,0,25190.475569411883,34081.011532467346
1781757600,30307.25,30315.25,30293.75,30297,0,0,0,0,0,0,0,0,0,0,0,0,1,30346.62803564472,30262.37196435528,20.918690429813903,4374,3973.457250236649,5659.778813032461,-751.1853302188232,0,0,0,0,23105.19649964444,33035.69581505564
1781757900,30296.25,30314,30284,30312.25,0,0,0,0,0,0,0,0,0,0,0,1,0,30346.35103309867,30251.64896690133,21.56735539911291,4626,4190.971500157766,5960.185875354973,-356.5487334861489,0,0,0,0,25572.39649964444,32324.905404064095
1781758200,30312.75,30345.5,30310.25,30339.75,0,0,0,0,0,0,0,0,0,0,0,1,0,30379.317030734477,30276.432969265523,22.544687156319128,4940,4440.647666771844,6286.457250236649,91.55950581686375,0,0,1,0,29356.226286878482,32042.17405957023
1781758500,30340,30348.25,30328,30341.25,0,0,0,0,0,0,0,0,0,0,0,1,0,30381.821171396303,30294.428828603697,22.38078093086776,2771,3884.098444514563,6660.971500157766,116.39971743174911,0,0,0,0,29527.27566959453,31802.65992719159
1781758800,30341,30357,30324,30352.25,0,0,0,0,1,0,0,0,0,0,0,1,0,30391.708944867994,30289.291055132006,23.13929657866292,4162,3976.732296343042,5826.147666771845,253.23175227036222,0,0,0,0,30946.139305958168,31721.08653469317
1781759100,30352,30361,30345,30353,0,0,0,0,0,0,0,0,0,0,0,1,0,30394.944020234565,30311.055979765435,22.629346823044138,2608,3520.488197562028,5965.098444514563,244.88302527280987,0,0,0,0,31109.139305958168,31662.80584624222
1781759400,30353.5,30359.75,30335.5,30340,0,0,0,0,0,0,0,0,0,0,0,0,1,30393.86766164638,30301.38233835362,22.74510776425527,2218,3086.325465041352,5280.7322963430415,104.8726961568962,0,0,0,0,29874.37641936023,31492.47923415822
1781759700,30340,30371.75,30336.5,30365,0,0,0,0,0,0,0,0,0,0,0,1,0,30407.207471528785,30301.042528471215,23.638314352522748,3314,3162.2169766942347,4629.488197562028,327.26296384237634,0,0,0,0,32224.73102928931,31562.21750036118
1781760000,30365.5,30372.75,30358,30361.25,0,0,0,0,0,0,0,0,0,0,0,0,1,30407.255152133872,30323.494847866128,23.003434755913982,1855,2726.4779844628233,4743.325465041352,234.90740229134695,0,0,0,0,31690.23950386558,31574.410072123505
1781760300,30361.5,30370.75,30352.75,30362.5,0,0,0,0,0,0,0,0,0,0,0,1,0,30404.719069838593,30318.780930161407,22.646046559062984,2138,2530.3186563085487,4089.716976694235,219.42745045287745,0,0,0,0,31809.01728164336,31596.7536158873
1781760600,30362,30378,30360.75,30367.75,0,0,0,0,0,0,0,0,0,0,0,1,0,30411.39092199298,30327.35907800702,22.26061466198706,2579,2546.5457708723657,3795.477984462823,274.97739889013843,0,0,0,0,32668.683948310027,31698.84221897518
1781760900,30368,30370.5,30337.25,30352.75,0,0,0,0,0,0,0,0,0,0,0,0,1,30405.06835613634,30302.68164386366,23.04557075755941,3741,2944.697180581577,3819.8186563085483,76.06177895421564,0,0,0,0,30952.886955828824,31627.79886058029
1781761200,30354.25,30368.75,30348.75,30352.75,0,0,0,0,0,0,0,0,0,0,0,0,0,30402.992044983745,30314.507955016255,22.82802998916231,2259,2716.1314537210515,4417.045770872365,58.8271587783381,0,0,0,0,30783.461955828825,31547.38582203253
1781761500,30352.75,30356.5,30340.75,30347.75,0,0,0,0,0,1,0,0,0,0,0,0,1,30389.98368462776,30307.26631537224,22.322456418507862,1814,2415.4209691473675,4074.1971805815774,6.128025995075518,0,0,0,0,30207.588939955807,31419.786118977605
1781761800,30348.5,30350.25,30336,30344.5,0,0,0,0,0,0,0,0,0,0,0,0,1,30382.86877858292,30303.38122141708,21.745852388614445,2110,2313.613979431578,3623.131453721051,-38.42549493546605,0,0,0,1,29615.30823820142,31247.931082713207
1781762100,30344.75,30357.25,30341.25,30354.5,0,0,0,0,0,0,0,0,0,0,0,1,0,30389.253151541285,30309.246848458715,21.335434360856272,1943,2190.075986287719,3470.420969147367,92.62441723962245,0,0,1,0,30799.32386320142,31205.206585616845
1781762400,30354.25,30369.75,30329.25,30361.25,0,0,0,0,0,0,1,0,0,0,0,1,0,30403.806497859765,30295.193502140235,22.704331906509395,4856,3078.7173241918126,3285.1139794315786,166.3991333069115,0,0,0,0,31638.63250517673,31246.48524462255
1781762700,30361,30362,30321.5,30327.25,0,0,0,0,0,0,0,0,0,0,0,0,1,30397.963176584068,30285.536823415932,23.97545105604444,4450,3535.8115494612084,4618.0759862877185,-202.43656358660863,0,0,0,1,27930.2991718434,30930.657999595962
1781763000,30326.75,30346.25,30322.75,30343,0,0,0,0,0,0,0,0,0,0,0,1,0,30382.16223539949,30286.83776460051,23.94149026632698,4025,3698.8743663074724,5303.717324191813,108.95688856348099,0,0,1,0,30713.543852694464,30909.980461795818
1781763300,30343.75,30355.75,30323,30328,0,0,0,0,0,0,0,0,0,0,0,0,1,30392.606004299527,30286.143995700473,24.57066953301791,4024,3807.249577538315,5548.311549461208,-81.80970533642665,0,0,0,1,28778.337745824236,30706.966869798525
1781763600,30328.25,30351.75,30325.75,30343.5,0,0,0,0,1,0,0,0,0,0,0,1,0,30388.75914684956,30288.74085315044,24.672764566373775,3004,3539.4997183588766,5710.874366307473,111.03963068059743,0,0,1,0,30540.299284285775,30691.093766416358
1781763900,30343.5,30384.5,30335,30381,0,1,0,0,0,0,0,1,0,0,0,1,0,30424.169207788877,30295.330792211123,26.446138525918506,4553,3877.3331455725843,5309.249577538315,426.2356210326206,0,0,0,0,33989.541708528195,31005.231665665106
1781764200,30380.5,30381,30360.5,30367,0,0,0,0,0,0,0,0,0,0,1,0,1,30420.032121518245,30321.467878481755,26.021414345495753,2794,3516.2220970483895,5815.999718358877,182.66477233467165,0,0,0,0,32149.590489016,31114.21822026995
1781764500,30366.75,30369,30344,30353.75,0,0,0,0,0,0,0,0,0,0,0,0,1,30407.92268426694,30305.07731573306,25.94845617796034,3566,3532.814731365593,5274.333145572584,-18.550787365136273,0,0,0,1,30295.270489016002,31036.223198245767
1781764800,30353.25,30354,30334.5,30351.25,0,0,0,0,0,1,0,0,0,0,0,0,1,30392.231778247875,30296.268221752125,25.48785216524889,2506,3190.5431542437286,5299.2220970483895,-32.210694506254626,0,0,0,0,30038.24484799036,30941.177641078586
1781765100,30351.75,30380,30350.5,30379,0,0,0,0,0,0,1,0,0,0,0,1,0,30418.66165123017,30311.83834876983,25.774434153445394,3587,3322.6954361624857,4785.814731365593,292.7715490532959,0,0,1,0,33351.66010222765,31170.74739928326
1781765400,30379.25,30381,30368.75,30374,0,0,0,0,0,0,0,0,0,0,0,0,1,30418.212604713728,30331.537395286272,24.80840314248501,1678,2774.463624108324,4984.043154243729,176.32986788685344,0,0,0,0,32632.517245084793,31309.96357507388
1781765700,30373.75,30426.5,30372.75,30420.25,1,0,0,0,0,0,0,1,0,0,0,1,0,30466.813490091317,30332.436509908683,26.87566006087894,6250,3932.9757494055493,4161.695436162486,656.4874003121043,0,0,0,0,38039.49398927084,31950.87123356883
1781766000,30419.5,30428.75,30406.5,30428.5,0,0,0,0,0,0,0,0,0,0,0,1,0,30468.567883656226,30366.682116343774,26.54525577081616,3892,3919.317166270366,5899.463624108324,682.8337562005938,0,0,0,0,39613.786124102306,32680.672651714875
1781766300,30428,30438.25,30411.75,30424.25,0,0,0,0,0,0,0,0,0,0,0,0,1,30478.063034823637,30371.936965176363,26.54202321575786,3482,3773.5447775135776,5878.975749405549,505.0972635627445,0,0,0,0,39121.0502750457,33294.041949174956
1781766600,30424.5,30427.5,30387,30393.75,0,0,0,0,0,0,0,0,0,0,0,0,1,30468.808532336236,30345.691467663764,27.53902155748944,3296,3614.363185009052,5660.317166270366,167.58972100685253,0,0,0,0,36618.53175652718,33610.66002606564
1781766900,30394,30406.5,30382.75,30401,0,0,0,0,0,0,0,0,0,0,0,1,0,30447.402565740787,30341.847434259213,27.26837716052591,3512,3580.242123339368,5421.544777513578,224.05027525977317,0,0,0,0,37653.647546000866,33995.70645653566
1781767200,30400.25,30419,30398.75,30414.75,0,0,0,0,0,1,0,0,0,0,0,1,0,30459.150596759304,30358.599403240696,26.767064506202633,2306,3155.494748892912,5370.363185009051,326.48305738761695,0,0,0,0,39304.857422544075,34501.3398818698
1781767500,30414,30434.75,30410.25,30429.5,0,0,0,0,0,0,1,0,0,0,0,1,0,30474.657696990784,30370.342303009216,26.60513132718816,2714,3008.3298325952746,4733.242123339368,413.91577364639153,0,0,0,0,41021.87783070734,35122.3434960448
1781767800,30429.25,30429.5,30400.25,30419.75,0,0,0,0,0,0,0,0,0,0,0,0,1,30469.691075777155,30360.058924222845,26.79405051810329,3156,3057.553221730183,4512.494748892912,224.35543764487227,0,0,0,0,39996.8521896817,35586.58241924831
1781768100,30419.25,30429.25,30411.25,30417.5,0,0,0,0,0,0,0,0,0,0,0,0,1,30468.498856078786,30372.001143921214,26.165904052524485,2265,2793.368814486789,4586.329832595275,143.95208291379925,0,0,0,0,39776.64385634836,35985.63588944832
1781768400,30418.5,30424.75,30410.5,30424.75,0,0,0,0,0,0,0,0,0,0,0,1,0,30462.72215207316,30372.52784792684,25.314768048772738,1776,2454.245876324526,4190.053221730183,171.39080405755215,0,0,0,0,40555.591224769414,36420.86973090747
1781768700,30424.25,30427.5,30410,30423.75,0,0,0,0,0,0,0,0,0,0,0,0,1,30464.634855496504,30372.865144503496,24.756570331003257,2098,2335.4972508830174,3681.368814486789,113.64810237699794,0,0,0,0,40495.648367626556,36808.94388678548
1781769000,30423.25,30424.5,30408.5,30411.5,0,0,0,0,0,0,0,0,0,0,0,0,1,30460.696651532468,30372.303348467532,24.131101021645883,1573,2081.3315005886784,3503.245876324526,-37.258761815606164,0,0,0,1,39340.476492626556,37050.04223019892
1781769300,30412.25,30445.25,30409.75,30444.25,1,0,0,0,0,0,0,1,0,0,0,1,0,30482.664747851577,30372.335252148423,24.943165234385464,3029,2397.2210003924524,3121.997250883018,205.5002459388768,0,0,1,0,42070.84268980965,37528.213702542795
1781769600,30445,30462.5,30439.5,30454.25,0,0,0,0,0,0,0,0,0,0,0,1,0,30499.706551576466,30402.293448423534,24.804367717643647,5258,3350.8140002616346,3595.831500588679,344.0707732283623,0,0,0,0,44185.47312459226,38162.23840940465
1781769900,30453.25,30494,30448.75,30489.5,0,0,0,0,0,0,0,0,0,0,0,1,0,30533.39715503529,30409.35284496471,26.264770023526243,5734,4145.209333507756,5026.221000392452,687.8610500747385,0,0,0,0,48779.00903619447,39173.35942147987
1781770200,30489.5,30499.25,30476.25,30481,0,0,0,0,0,0,0,0,0,0,0,0,1,30538.297358247055,30437.202641752945,26.03157216470294,3915,4068.4728890051706,6217.814000261635,395.11138527913874,0,0,0,0,47332.16121010751,39950.388163253934
1781770500,30481,30486.25,30465.25,30468.5,0,0,0,0,0,0,0,0,0,0,0,0,1,30524.758261229406,30426.741738770594,25.672174152938446,3036,3724.3152593367804,6102.709333507756,119.77476665111737,0,0,0,0,45525.01835296465,40481.305324178764
1781770800,30467.5,30471,30428.5,30438,0,0,0,0,0,0,0,0,0,0,1,0,1,30511.311242570166,30388.188757429834,26.87416171344284,3989,3812.54350622452,5586.47288900517,-196.02319381934652,0,0,0,1,42756.183058847004,40697.96034652812
1781771100,30437.5,30438.5,30422.25,30430.25,0,0,0,0,0,1,0,0,0,0,0,0,1,30477.67293952944,30383.07706047056,26.115293019625494,3468,3697.6956708163466,5718.81525933678,-337.21547308041005,0,0,0,0,41208.92152038546,40746.62331546691
1781771400,30430,30448.25,30422,30436.75,0,0,0,0,0,0,0,0,0,0,0,1,0,30487.437372420194,30382.812627579806,26.124914946795098,4565,3986.7971138775642,5546.54350622452,-193.99025281404744,0,0,0,0,42382.77866324261,40902.44763430269
1781771700,30436,30450,30424.25,30448,0,0,0,0,0,0,0,0,0,0,0,1,0,30489.14720296161,30385.10279703839,26.098135307738307,3040,3671.198075918376,5980.195670816346,-53.016689402385595,0,0,0,0,43799.47769236882,41178.355258880416
1781772000,30449,30467.5,30442.75,30451.5,0,0,0,0,0,0,0,0,0,0,0,1,0,30506.502759892923,30403.747240107077,26.001839928614142,3414,3585.465383945584,5506.797113877565,-38.543227273788375,0,0,0,0,44144.32617721731,41460.82867967441
1781772300,30451.75,30456,30431.75,30454.25,0,0,0,0,0,0,0,0,0,0,0,1,0,30494.815062757712,30392.934937242288,25.876708505141703,2840,3336.9769226303893,5378.198075918376,-31.372069813446615,0,0,0,0,44437.10968237195,41744.28401326465
1781772600,30453.75,30454,30417.5,30430.5,0,0,0,0,0,0,0,0,0,0,0,0,1,30493.980058275018,30377.519941724982,26.65337218334587,3478,3383.984615086926,5005.465383945584,-261.2716980554802,0,0,0,0,42221.671326207565,41789.74947164017
1781772900,30431.25,30437.5,30387.25,30396,0,0,0,0,0,0,0,0,0,0,0,0,1,30480.008268398233,30344.741731601767,28.338845598821166,5665,4144.323076724618,5075.976922630389,-612.3306685935308,0,0,0,0,38247.716102326965,41452.41296027701
1781773200,30396,30421.75,30387.25,30421,0,0,0,0,0,0,0,0,0,0,0,1,0,30464.918392084073,30344.081607915927,28.778928056048226,4090,4126.215384483078,6216.484615086927,-241.61503113093855,0,0,0,0,41211.484218269,41429.46736580006
1781773500,30421.5,30432.5,30416.5,30420.75,0,0,0,0,0,0,0,0,0,0,0,0,1,30474.299221220925,30374.700778779075,27.86614748061621,3109,3787.1435896553853,6189.323076724617,-230.20693169375713,0,0,0,0,41065.749843269,41394.827601749486
1781773800,30421,30433.5,30405.5,30428,0,0,0,0,0,0,0,0,0,0,0,1,0,30475.313562562285,30363.686437437715,27.875708374857908,3130,3568.0957264369235,5680.715384483078,-131.97614334460147,0,0,0,0,41848.249843269,41438.010672370394
1781774100,30428.5,30449.5,30428.5,30438.5,0,0,0,0,1,0,0,0,0,0,0,1,0,30490.630450950695,30387.369549049305,27.420300633796632,3080,3405.397150957949,5352.143589655385,13.398266513346158,0,0,1,0,43314.91650993566,41616.76360928137
1781774400,30437.5,30438,30423.25,30429.25,0,0,0,0,0,0,0,0,0,0,0,0,1,30477.826490168503,30383.423509831497,26.5509934456683,2219,3009.9314339719663,5108.0957264369235,-122.90780138070548,0,0,0,1,42073.780916715325,41660.289067132224
1781774700,30430,30437.25,30424.5,30435.25,0,0,0,0,0,0,0,0,0,0,0,1,0,30475.597812299322,30386.152187700678,25.565208199549136,1788,2602.620955981311,4514.89715095795,-47.161439559508636,0,0,0,0,42810.016210832975,41769.78689034182
1781775000,30434.75,30441.75,30424.25,30431,0,0,0,0,0,0,0,0,0,0,0,0,1,30479.23368284937,30386.76631715063,24.989121899581342,2058,2421.080637320874,3903.9314339719667,-95.82478156790948,0,0,0,0,42369.016210832975,41826.85634943622
1781775300,30430.75,30459.25,30426.75,30456,0,0,0,0,0,0,0,0,0,0,0,1,0,30497.538419788703,30388.461580211297,25.52561319246839,2201,2347.7204248805824,3631.6209559813105,67.52585649639718,0,0,1,0,44079.02390314067,42041.34849740807
1781775600,30455.75,30464,30450.5,30458.75,0,0,0,0,0,0,0,0,0,0,0,1,0,30500.999961232366,30413.500038767634,24.666640821577793,1846,2180.4802832537216,3521.5806373208734,77.96066660763279,0,0,0,0,44489.246125362886,42274.48160483234
1781775900,30459.25,30490.5,30458.25,30481.75,0,0,0,0,0,0,1,0,0,0,0,1,0,30528.312464001483,30420.437535998517,25.208309334322234,2783,2381.3201888358144,3270.7204248805824,229.99473251732428,0,0,0,0,46430.874032339634,42670.32850269018
1781776200,30481.5,30490,30480.25,30483.25,0,0,0,0,0,0,0,0,0,0,0,1,0,30526.156216572806,30444.093783427194,24.104144381870643,1813,2191.880125890543,3571.9802832537216,200.30172247185698,0,0,0,0,46756.28428874989,43059.46714898158
1781776500,30483.5,30496,30479.75,30488.75,0,0,0,0,0,0,0,0,0,0,0,1,0,30531.31470110332,30444.43529889668,23.543134068879883,2686,2356.5867505936953,3287.8201888358144,225.72102336385416,0,0,0,0,47624.06890413451,43494.191125662815
1781776800,30488.75,30491.5,30471,30475.5,0,0,0,0,0,0,0,0,0,0,0,0,1,30526.488651024512,30436.011348975488,23.325767349674177,2394,2369.0578337291304,3534.8801258905432,17.666227943084692,0,0,0,0,46076.72744071988,43740.146965192056
1781777100,30474.75,30486,30463.25,30469.75,0,0,0,0,0,0,0,0,0,0,0,0,1,30520.926961665617,30428.323038334383,23.284641110411737,1951,2229.7052224860868,3553.586750593696,-46.86094710423424,0,0,0,1,45647.93623192867,43921.84118107173
1781777400,30469.25,30486,30461.5,30483.75,0,0,0,0,0,1,0,0,0,0,0,1,0,30521.0571786895,30426.4428213105,23.371452459668042,2446,2301.8034816573913,3344.55783372913,77.38227623690273,0,0,1,0,47095.568884989894,44224.10096239727
1781777700,30483,30489.25,30478.25,30489.25,0,0,0,0,0,0,0,0,0,0,0,1,0,30522.981665925967,30444.518334074033,22.48777728397747,2013,2205.5356544382607,3452.705222486087,149.5541120022799,0,0,0,0,48239.318884989894,44606.50266931085
1781778000,30488.5,30494.5,30471.5,30471.75,0,0,0,0,0,0,0,0,0,0,0,0,1,30528.286546931253,30437.713453068747,22.52436462083622,2195,2202.023769625507,3308.303481657391,-50.62889986449568,0,0,0,1,46640.78627629424,44800.24396521403
1781778300,30472.25,30491.5,30468.75,30474.5,0,0,0,0,0,0,0,0,0,0,0,1,0,30525.31072215045,30434.93927784955,22.540481433633634,2453,2285.6825130836714,3303.0356544382607,-40.28349925634055,0,0,0,0,46883.39067189863,44998.638889660186
1781778600,30474.5,30486.75,30451.75,30456.75,0,0,0,0,0,0,0,0,0,0,0,0,1,30521.895670568276,30416.604329431724,23.430447045516946,3438,2669.788342055781,3428.523769625507,-218.41928031795976,0,0,0,0,45139.83352904149,45012.08599817269
1781778900,30457,30463.25,30451.5,30455.5,0,0,0,0,0,0,0,0,0,0,0,0,1,30497.144194099114,30417.605805900886,22.596129399408593,2332,2557.1922280371873,4004.6825130836714,-226.11561989425581,0,0,0,0,44842.131401381914,44995.899846097374
1781779200,30455.5,30459.25,30427.25,30428.5,0,0,0,0,0,0,0,0,0,0,0,0,1,30494.151751663463,30392.348248336537,23.26783444230798,3851,2988.4614853581247,3835.788342055781,-508.48964939515025,0,0,0,0,41592.850151381914,44671.799875172095
1781779500,30428.75,30441.25,30420,30432.5,0,0,0,0,0,0,0,0,0,0,0,1,0,30475.935555116073,30385.314444883927,23.12370341071455,3399,3125.3076569054165,4482.692228037187,-373.06357993177403,0,0,0,0,42192.673680793676,44435.69261856463
1781779800,30432.25,30443,30429.5,30432.25,0,0,0,0,0,0,0,0,0,0,0,0,0,30476.654444036354,30395.845555963646,22.436296024234938,2312,2854.205104603611,4687.961485358124,-316.47614828611324,0,0,0,0,42192.673680793676,44222.071767348345
1781780100,30432.75,30441.5,30430.25,30434.75,0,0,0,0,0,0,0,0,0,0,0,1,0,30473.95591231947,30397.79408768053,21.63727487964673,1391,2366.4700697357407,4281.3076569054165,-244.86914233432384,0,0,0,0,42439.96256968257,44052.347081856366
1781780400,30435.5,30457.75,30428.25,30446,0,0,0,0,1,0,0,0,0,0,0,1,0,30491.048347153795,30394.951652846205,22.198898102529107,3659,2797.3133798238273,3549.7051046036113,-85.52214843751054,0,0,0,0,43742.31850188596,44022.82055043061
1781780700,30447,30453,30395,30403.25,0,0,0,1,0,0,0,1,1,0,0,0,1,30490.13417949995,30357.86582050005,24.75611966663417,5603,3732.5422532158846,4195.970069735741,-475.1325645252285,0,0,0,0,39515.917639816995,43593.59170180074
1781781000,30402.75,30410,30383,30407.75,0,0,0,0,0,0,0,0,1,0,0,1,0,30447.374595249956,30345.625404750044,24.91639683330316,6427,4630.694835477257,5598.813379823827,-279.9087043066259,0,0,0,0,40706.10282500218,43318.59276115325
1781781300,30409.25,30413.5,30376.5,30383.5,0,0,0,0,0,0,0,0,0,0,0,0,1,30452.169267017816,30337.830732982184,25.779511345210075,4893,4718.129890318171,6946.042253215885,-551.1104830173978,0,0,0,0,37300.839311488664,42745.47338499472
1781781600,30383.5,30398.5,30367.5,30385.5,0,0,0,0,0,0,0,0,0,0,0,1,0,30437.72860508797,30328.27139491203,26.152403391980783,5587,5007.753260212115,7077.194835477258,-414.1233388985739,0,0,0,0,37661.29092439189,42261.265531603975
1781781900,30385.75,30416.25,30383.25,30403.25,0,0,0,0,0,0,0,0,0,0,0,1,0,30456.212276153117,30343.287723846883,26.641517435410726,5344,5119.835506808076,7511.629890318172,-66.85014557159619,0,0,0,0,40495.23031833128,42093.07170176848
1781782200,30403.25,30418.25,30392.5,30407.75,0,0,0,0,0,0,0,0,0,0,0,1,0,30458.116756427895,30352.633243572105,26.577837618595677,3962,4733.890337872051,7679.753260212115,15.288359386117207,0,0,1,0,41187.61866784585,42006.83807949013
1781782500,30409.5,30415.25,30376.75,30385.5,0,0,0,0,1,0,0,0,0,0,0,0,1,30456.394130968758,30335.605869031242,27.429420645838842,3909,4458.926891914701,7100.835506808076,-212.2297190866703,0,0,0,1,38750.839447066624,41696.74297164028
1781782800,30385.25,30398,30359.5,30393.25,0,0,0,0,0,0,0,0,0,1,0,1,0,30440.33026447099,30317.16973552901,28.22017631399321,6460,5125.951261276467,6688.3903378720515,-40.72664497723744,0,0,0,0,40093.177109404285,41544.02241333209
1781783100,30393.25,30400.5,30386.25,30394.75,0,0,0,0,0,0,0,0,0,0,0,1,0,30441.33345986592,30345.41654013408,27.222306577279408,2870,4373.967507517645,7688.926891914702,1.5273557986431854,0,0,1,0,40395.28237256218,41434.61859992543
1781783400,30393.75,30422.5,30384.75,30417.25,0,0,0,0,0,0,0,0,0,0,0,1,0,30464.461427018352,30342.788572981648,27.974284678902308,4392,4379.978338345097,6560.9512612764665,264.7609491535346,0,0,0,0,43129.37508779397,41596.023979722435
1781783700,30417.75,30424,30409.25,30423,0,0,0,0,1,0,0,0,0,0,0,1,0,30464.544539374187,30368.705460625813,27.029692916123572,2684,3814.652225563398,6569.967507517646,310.19764168844233,0,0,0,0,44084.697121692276,41833.04046943385
1781784000,30423.75,30428.25,30411.5,30420,0,0,0,0,0,0,0,0,0,0,0,0,1,30467.6931437046,30372.0568562954,26.29542913640046,3878,3835.768150375599,5721.978338345098,173.53024521359356,0,0,0,0,43216.48816646839,41964.79739296095
1781784300,30421,30421.5,30397,30400.5,0,0,0,0,0,0,0,0,0,0,0,0,1,30460.75077629713,30357.74922370287,26.167184198086144,4454,4041.8454335837328,5753.652225563398,-208.03640141783836,0,0,0,1,39489.67183993778,41729.071149815885
1781784600,30400,30440,30398.75,30433,0,0,0,0,0,0,0,0,0,0,0,1,0,30480.866792275905,30357.883207724095,27.24452818393713,4982,4355.230289055822,6062.768150375599,207.86851701960876,0,0,1,0,43475.27183993778,41895.37597744654
1781784900,30433.25,30442,30420,30439.75,0,0,0,0,0,0,0,0,0,0,0,1,0,30482.304878541912,30379.695121458088,26.86991902794162,4155,4288.486859370548,6532.845433583733,286.05800539689517,0,0,0,0,44702.88547630142,42162.75783448034
1781785200,30439.25,30463.5,30438.25,30463.5,0,0,0,0,0,0,0,0,0,0,0,1,0,30503.63131578892,30398.11868421108,26.754210525945787,5866,4814.324572913699,6432.730289055822,762.3231521380378,0,0,0,0,50336.56864461825,42941.21600687443
1781785500,30463.5,30474,30459.75,30470.5,0,0,0,0,0,0,0,0,0,0,0,1,0,30512.791578946853,30420.958421053147,25.861052631235374,4093,4573.883048609133,7221.486859370549,804.4766711845186,0,0,0,0,52347.16513584632,43837.02068582413
1781785800,30469.5,30483.25,30457.25,30461,0,0,0,0,0,0,0,0,0,0,0,0,1,30522.056466164933,30418.443533835067,25.87097744328999,4753,4633.588699072755,6860.8245729137,497.9070018113987,0,0,0,0,50793.29975123094,44499.523453958114
1781786100,30461.75,30488,30458.25,30469.5,0,0,0,0,0,0,1,0,0,0,0,1,0,30527.22207572458,30419.02792427542,26.14805048305499,4639,4635.392466048504,6950.383048609132,504.3536178754808,0,0,0,0,52001.77874282758,45214.02395765997
1781786400,30469.5,30492,30463.25,30477.5,0,0,0,0,0,0,0,0,0,0,0,1,0,30531.50085602997,30423.74914397003,26.333904019979634,5709,4993.261644032335,6953.088699072756,541.8547780580686,0,0,0,0,53590.370047175405,46011.771204280485
1781786700,30476.5,30503,30473,30501,0,1,0,0,0,0,0,1,0,0,0,1,0,30542.89365202783,30433.10634797217,26.59576801855252,5478,5154.841096021557,7489.892466048503,840.0760121165449,0,0,0,0,58064.0700471754,47159.60918931809
1781787000,30501,30506,30487,30500,0,0,0,0,0,0,0,0,0,0,0,0,1,30545.079819740127,30447.920180259873,26.053213160084482,6374,5561.227397347705,7732.261644032335,624.9398858964116,0,0,0,0,57728.596362964876,48166.179396332074
1781787300,30500.75,30536.5,30498,30515.25,0,0,0,0,0,0,0,0,0,0,0,1,0,30576.913404044404,30457.586595955596,26.942269362935594,9954,7025.484931565136,8341.841096021557,829.4228075517946,0,0,0,0,61477.505453873964,49433.924735145585
1781787600,30515,30515.5,30469,30473.5,0,0,0,0,0,0,0,0,1,0,1,0,1,30558.00887518409,30426.49112481591,28.339250122725907,11743,8597.989954376757,10538.227397347704,-348.2733528756652,0,0,0,1,50997.193625916974,49582.80748664762
1781787900,30473.75,30500,30468.25,30490.5,0,0,0,0,0,0,0,0,0,0,0,1,0,30542.87431267094,30425.37568732906,28.582875113959773,10712,9302.659969584505,12896.984931565135,211.5412596224083,0,0,1,0,56648.40622434217,50255.72165214234
1781788200,30491.25,30523.25,30482.25,30516,0,0,0,0,0,1,0,0,0,0,0,1,0,30567.454718908728,30438.045281091272,29.469812605819786,9968,9524.439979723003,13953.989954376757,700.9386163939321,0,0,0,0,62665.6745170251,51437.621924988314
1781788500,30516,30543.25,30513.75,30527.25,0,0,0,0,0,0,0,0,0,0,1,1,0,30587.45795327239,30469.54204672761,29.47196884826123,9786,9611.626653148669,14286.659969584505,880.0796896164505,0,0,0,0,66397.62366956747,52862.383995900615
1781788800,30527.5,30557,30525.75,30541,1,0,0,0,0,0,0,1,0,0,0,1,0,30601.398456610077,30481.351543389923,29.598971073385428,8968,9397.084435432445,14417.439979723003,1033.3862286568217,0,0,0,0,70271.79966956748,54520.42358386889
1781789100,30540.25,30612.5,30540.25,30594.5,0,0,0,0,0,0,0,0,1,0,0,1,0,30661.468209709357,30491.281790290643,32.64547313957218,28045,15613.056290288298,14095.626653148669,2767.7781500254923,0,0,0,0,91329.81005019031,58026.07943780426
1781789400,30594.25,30615,30482.5,30485.25,0,0,0,0,0,0,0,0,1,0,0,0,1,30674.666909015832,30422.833090984168,39.777939343888455,54847,28691.037526858865,23419.584435432447,-2063.1571090232387,0,0,0,1,46210.39118226578,56900.77579441965
1781789700,30486.25,30502.5,30408.5,30451.25,0,0,0,0,0,0,0,0,1,0,0,0,1,30567.976415514702,30343.023584485298,43.650943676467854,67969,41783.69168457258,43036.556290288296,-4123.76199136038,0,0,0,0,20902.78479928706,53472.395699645116
1781790000,30452.25,30483.75,30392,30402,0,0,0,0,0,0,0,0,1,0,0,0,1,30554.379885835082,30321.370114164918,47.08659055672015,58776,47447.79445638172,62675.53752685887,-6422.635656979162,0,0,0,0,-11287.885500440461,47304.749871065535
1781790300,30402.5,30502.5,30402,30496.5,0,0,0,0,0,1,0,0,1,0,0,1,0,30578.852751132574,30325.647248867426,50.90183408838299,59621,51505.52963758782,71171.69168457258,22.345609972385773,0,0,1,0,44477.02992244511,47035.44320929216
1781790600,30497,30540.5,30448.75,30463.25,0,0,0,0,0,0,0,0,1,0,0,0,1,30621.22934033739,30368.02065966261,53.81956022492706,68253,57088.01975839188,77258.29445638173,-2331.1470098194204,0,0,0,1,19370.340549148106,44400.671527373685
1781790900,30463.5,30485.25,30405,30467,0,0,0,0,1,0,0,0,1,0,0,1,0,30568.811173170434,30321.438826829566,55.70744878028942,58220,57465.346505594585,85632.02963758781,-1632.9457670812837,0,0,0,0,21909.530580300754,42258.65810384293
1781791200,30468,30531.25,30448.75,30514.25,0,0,0,0,0,0,0,0,1,0,0,1,0,30617.68180365826,30362.31819634174,57.62120243884017,54257,56395.89767039639,86198.01975839188,1570.331320764235,0,0,1,0,52326.33361060379,43217.48434258206
1781791500,30514.5,30592,30506.5,30563.5,0,0,0,0,0,0,1,0,0,0,0,1,0,30681.418817682672,30417.081182317328,59.61254512178016,50704,54498.598446930926,84593.84650559459,4043.3284604329115,0,0,0,0,81384.7663591418,46852.463582254415
1781791800,30564.5,30570.5,30501.5,30523,0,0,0,0,0,0,0,0,0,0,0,0,1,30660.924616419623,30411.075383580377,60.28307761308157,41213,50070.06563128728,81747.89767039639,965.8153099736694,0,0,0,0,56597.23737363455,47780.53727667157
1781792100,30522.5,30613.75,30500,30599.25,0,0,0,0,0,0,0,0,0,0,0,1,0,30709.90321524679,30403.84678475321,64.10214349786146,45507,48549.04375419152,75105.09844693092,3670.418379209164,0,0,0,0,87301.96045055763,51544.482340851195
1781792400,30599,30643,30566,30623.75,1,0,0,0,0,0,0,1,0,0,0,1,0,30740.53512844345,30468.46487155655,65.02341896229993,41533,46210.36250279435,72823.56563128729,4217.3029371033945,0,0,0,0,100651.85330770048,56221.37481388446
1781792700,30624.5,30627.75,30505,30521.25,0,0,0,0,0,0,0,0,0,0,1,0,1,30731.470119268917,30401.279880731083,69.14674617927851,48175,46865.24166852957,69315.54375419152,-434.2762550584671,0,0,0,1,60129.908297517184,56593.61609803996
1781793000,30520.75,30547,30463.25,30547,0,0,0,0,0,0,0,0,0,0,0,1,0,30652.28475360685,30357.96524639315,70.18983573790148,47979,47236.49444568638,70297.86250279435,1003.0852845368254,0,0,1,0,75168.10232736793,58362.61478654738
1781793300,30546.5,30606.75,30522.5,30596.75,0,0,0,0,0,1,0,0,0,0,0,1,0,30713.541199777792,30415.708800222208,71.19413318519422,36378,43616.99629712426,70854.74166852958,2794.4836097938323,0,0,0,0,96865.36642232342,62029.54351376415
1781793600,30597.25,30609.75,30551.25,30572.25,0,0,0,0,0,0,1,0,0,0,0,0,1,30715.181114079376,30445.818885920624,70.28740938625177,32836,40023.33086474951,65425.49444568639,874.2578281902966,0,0,0,0,82832.8877898448,64010.814397200396
1781793900,30572.5,30661,30570,30646.75,1,0,0,0,0,0,0,1,0,0,0,1,0,30768.650320216566,30462.349679783434,71.76688014437664,33917,37987.88724316634,60034.996297124264,3226.1551247879383,0,0,0,0,110506.92350413051,68439.01526452707
1781794200,30646.5,30647.5,30595,30616,0,0,0,0,0,0,0,0,0,0,1,0,1,30753.086011629668,30489.413988370332,70.3906744197783,30225,35400.25816211089,56981.830864749514,865.8484900294402,0,0,0,0,92947.6377898448,70773.16979074781
1781794500,30616.25,30651.5,30602.25,30623.25,0,0,0,0,0,0,0,0,0,0,0,1,0,30754.820939370406,30498.929060629594,68.880626246937,24060,31620.172108073926,53100.38724316633,909.0158437460482,0,0,0,0,96367.33322131688,73210.70916508773
1781794800,30622.75,30634.25,30582.5,30622.75,0,0,0,0,0,1,0,0,0,0,0,0,0,30735.73551512966,30481.01448487034,67.6570100864415,34551,32597.11473871595,47430.25816211089,616.1634197293401,0,0,0,0,96367.33322131688,75416.10193234765
1781795100,30623,30652,30607.5,30636.5,0,0,0,0,0,0,0,0,0,0,0,1,0,30751.004406906115,30508.495593093885,66.00293793740997,22914,29369.409825810635,48895.67210807392,1027.0659743759584,0,0,0,0,103318.77142356406,78073.49902674921
1781795400,30636.5,30675.75,30627,30628.5,0,0,0,0,0,0,0,0,0,0,1,0,1,30772.905877841393,30529.844122158607,64.77058522759498,25380,28039.606550540422,44054.11473871595,309.14025251328417,0,0,0,0,99153.84834664098,80081.15134292938
1781795700,30629,30646.25,30597,30609.5,0,0,0,0,0,0,0,0,0,0,0,0,1,30741.74295799558,30501.50704200442,63.66197199705248,25838,27305.73770036028,42059.40982581063,-848.969064760058,0,0,0,1,88923.57423496585,80923.28685645667
1781796000,30608.75,30631.75,30580.5,30594.5,0,0,0,0,0,0,0,0,0,0,0,0,1,30725.913103853036,30486.336896146964,62.7754025686916,27005,27205.491800240186,40958.606550540426,-1531.2594491184464,0,0,0,0,81414.86691789268,80970.10400516486
1781796300,30594.5,30631,30570.5,30582.75,0,0,0,0,0,1,0,0,0,0,0,0,1,30724.919310720677,30476.580689279323,62.61287381378505,24058,26156.327866826792,40808.23770036028,-1810.0528829739637,0,0,0,0,76742.44543028937,80567.46985517672
1781796600,30582.75,30616.75,30565,30589.5,0,0,0,0,0,0,0,0,0,0,0,1,0,30709.505431383488,30472.244568616512,61.836954255657545,27002,26438.218577884527,39234.49180024019,-1253.8444561925417,0,0,0,0,80264.44543028937,80538.61038613983
1781796900,30590.25,30591,30501.5,30542.75,0,0,0,0,0,0,0,0,0,0,0,0,1,30686.719329141808,30405.780670858192,63.812886094539145,32322,28399.47905192302,39657.32786682679,-2736.7543945895413,0,0,0,0,63110.311352077086,78878.77238289575
1781797200,30542.5,30576.5,30517.5,30537,0,0,0,0,0,0,0,0,0,0,0,0,1,30671.703662774536,30422.296337225464,63.46910851635778,24746,27181.65270128201,42599.21857788453,-2529.960751844323,0,0,0,0,60803.48084360251,77157.3160458202
1781797500,30537.25,30561.25,30496,30548.5,0,0,0,0,0,0,0,0,0,0,0,1,0,30656.644472576354,30400.605527423646,63.59631505090365,26082,26815.101800854674,40772.479051923016,-1703.6532200848037,0,0,0,0,65300.37739532665,76028.08379339224
1781797800,30548.75,30624.75,30548.25,30601.75,0,0,0,0,0,0,0,0,0,0,0,1,0,30721.527010249472,30451.472989750528,64.51800683298195,23912,25847.401200569784,40222.652701282015,117.3994517363301,0,0,1,0,81866.86105545737,76584.15781835082
1781798100,30601.25,30651.5,30600.75,30640.5,0,0,0,0,0,0,1,0,0,0,0,1,0,30746.801866660226,30505.448133339774,63.53457777348324,21080,24258.267467046524,38771.101800854674,1576.5780158607836,0,0,0,0,98170.11228698445,78639.96300583975
1781798400,30640.5,30666.25,30632,30638.25,0,0,0,0,1,0,0,0,0,0,0,0,1,30758.414233327352,30539.835766672648,61.44282221823444,19964,22826.844978031015,36387.40120056979,1098.1677576362536,0,0,0,0,96858.60863734942,80375.07211360257
1781798700,30638.25,30673.75,30628.75,30652,0,0,0,0,0,0,0,0,0,0,0,1,0,30764.152502375397,30538.347497624603,60.26833491693198,19572,21741.896652020678,34240.26746704652,1386.4439178392067,0,0,0,0,102838.94197068275,82514.48829046734
1781799000,30651.75,30664.25,30638.5,30652.75,0,0,0,0,0,0,0,0,0,0,0,1,0,30750.954109348582,30551.795890651418,57.802739565722554,12601,18694.93110134712,32612.84497803102,1095.2503142016606,0,0,0,0,103328.30119398372,84496.75618604034
1781799300,30653,30656.75,30629.75,30652,0,0,0,0,0,0,0,0,0,0,0,0,1,30740.153815823684,30546.346184176316,55.60254388245666,15154,17514.620734231412,28042.39665202068,751.3600639077872,0,0,0,0,102767.04193472446,86236.78340020073
1781799600,30652,30690.75,30648.5,30671.75,0,0,0,0,0,0,0,0,0,0,1,1,0,30772.72318612199,30566.52681387801,54.64879074799547,20341,18456.747156154273,26271.931101347116,1413.0703568485383,0,0,0,0,112275.55672762387,88716.66657424103
1781799900,30671.5,30688.75,30659.25,30682.25,1,0,0,0,0,0,0,1,0,0,0,1,0,30768.028672827564,30579.971327172436,52.85244855171008,11771,16228.164770769516,27685.12073423141,1451.742273462498,0,0,0,0,116564.98893101371,91368.88775107652
1781800200,30682.5,30686.75,30663.75,30677,0,0,0,0,0,0,0,0,0,0,0,0,1,30762.830196197025,30587.669803802975,50.720130798016505,10248,14234.776513846344,24342.247156154273,839.0755364218351,0,0,0,0,114114.38023536153,93535.12513053224
1781800500,30678.25,30707.5,30663,30695.75,0,0,0,0,0,0,0,0,0,0,0,1,0,30782.913753611523,30587.586246388477,50.27583574101533,15878,14782.517675897563,21352.164770769516,1151.6766087837516,0,0,0,0,120358.53753873231,96089.7358360751
1781800800,30696,30708.5,30684.75,30692,0,0,0,0,0,0,0,0,0,0,0,0,1,30781.07169978213,30612.17830021787,48.381133188085656,10860,13475.011783931708,22173.776513846344,639.0237702451168,0,0,0,0,118529.48490715337,98226.8547952254
1781801100,30692,30699.75,30680.25,30691.75,0,0,0,0,0,0,0,0,0,0,0,0,1,30769.227292654832,30610.772707345168,46.3181951032224,10139,12363.007855954473,20212.51767589756,376.43127389872393,0,0,0,0,118399.4977276662,100148.05888402929
1781801400,30691.75,30692,30659.25,30664.25,0,0,0,0,0,0,0,0,0,0,0,0,1,30760.023557465203,30591.226442534797,45.349038310135086,14946,13224.005237302981,18544.51178393171,-1008.7321537972919,0,0,0,1,105849.42139178833,100691.04578953015
1781801700,30664.5,30686.75,30651.25,30685,0,0,0,0,0,1,0,0,0,0,0,1,0,30753.718303360547,30584.281696639453,44.64553557369686,13624,13357.336824868655,19836.00785595447,-210.2633922265802,0,0,0,0,113716.80167347848,101931.5939689538
1781802000,30685,30700,30657.25,30698.25,0,0,0,0,0,0,0,0,0,0,0,1,0,30766.765210263362,30590.484789736638,44.51014017557566,14324,13679.55788324577,20036.005237302983,119.74432806590244,0,0,1,0,118156.40401265977,103476.81397311628
1781802300,30697.5,30726,30694.25,30706.75,0,0,0,0,0,0,0,0,0,0,1,1,0,30791.39805238741,30628.85194761259,43.598701591605966,14065,13808.038588830514,20519.336824868657,355.808221857895,0,0,0,0,122254.0811780141,105265.1251354875
1781802600,30706.75,30722.5,30698.5,30712.5,1,0,0,0,0,0,0,1,0,0,0,1,0,30785.798191502596,30635.201808497404,42.198794335062686,9716,12444.02572588701,20712.05788324577,379.29403058582807,0,0,0,0,124581.87284468077,107104.81539350591
1781802900,30712.25,30734.75,30703.25,30725.25,0,0,0,0,0,0,0,0,0,0,0,1,0,30796.901892109552,30641.098107890448,41.43459473970107,10362,11750.01715059134,18666.038588830514,579.1163331947014,0,0,0,0,128858.25379706171,109176.5714319398
1781803200,30726.25,30734.75,30704.5,30705,0,0,0,0,0,0,0,0,0,0,0,0,1,30795.703542673156,30643.546457326844,40.635695115436704,8888,10796.01143372756,17625.02572588701,-251.6860087916366,0,0,0,1,122614.61743342534,110456.38533684319
1781803500,30705.25,30710.25,30692,30709.25,0,0,0,0,0,0,0,0,0,0,0,1,0,30768.805075339358,30633.444924660642,39.03671689290551,9285,10292.340955818374,16194.017150591342,-148.47818111772676,0,0,0,0,124649.68592657603,111808.12825015107
1781803800,30709.75,30737.75,30709,30726.25,0,0,0,0,0,0,0,0,0,0,0,1,0,30795.202927100832,30651.547072899168,38.30195140055512,12118,10900.893970545583,15438.51143372756,399.52547130658104,0,0,1,0,131604.3641874456,113693.48405370294
1781804100,30726.25,30730.25,30710.75,30713.25,0,0,0,0,0,0,0,0,0,0,0,0,1,30785.688432307918,30655.311567692082,36.95895487194404,6984,9595.26264703039,16351.340955818374,-248.74803510695438,0,0,0,1,126948.36418744561,114955.85359024986
1781804400,30713.5,30732,30708.25,30724,0,0,0,0,0,0,0,0,0,0,0,1,0,30786.023187143066,30654.226812856934,36.01545809537661,8365,9185.17509802026,14392.893970545585,10.364052450267764,0,0,1,0,130646.5747137614,116450.20798296524
1781804700,30724.5,30732,30715,30721.75,0,0,0,0,0,1,0,0,0,0,0,0,1,30783.985816632845,30663.014183367155,34.65721108856399,5928,8099.45006534684,13777.76264703039,-216.57528505648247,0,0,0,1,129687.6335372908,117710.9151786153
1781805000,30722.25,30734,30714.75,30716.5,0,0,0,0,0,0,0,0,0,0,0,0,1,30784.335044016214,30664.414955983786,33.55669601080942,6449,7549.30004356456,12149.17509802026,-491.1049285989676,0,0,0,0,127761.30886196613,118668.09552941061
1781805300,30716,30718,30702.5,30708.5,0,0,0,0,0,0,0,0,0,0,0,0,1,30766.400398015056,30654.099601984944,32.266932010037316,9051,8049.866695709707,11323.95006534684,-942.3031552709958,0,0,0,0,123381.79273293387,119117.0190726033
1781805600,30708.5,30722.75,30688.75,30697.5,0,0,0,0,0,0,1,0,0,0,0,0,1,30771.336083871123,30640.163916128877,32.390722580748935,12801,9633.577797139804,12074.800043564559,-1281.2207426815798,0,0,0,0,119240.29273293387,119128.75942120621
1781805900,30698,30716.25,30693,30703,0,0,0,0,0,0,0,0,0,0,0,1,0,30763.856720737473,30645.393279262527,31.737813824981153,9399,9555.385198093203,14450.366695709705,-968.8477144417852,0,0,0,0,121261.58305551452,119331.88548161653
1781806200,30703,30719,30698,30698,0,0,0,0,0,0,0,0,0,0,0,0,1,30765.456240684794,30651.543759315206,30.970827123196784,8613,9241.256798728802,14333.077797139806,-1090.4893012119257,0,0,0,0,119210.86876980023,119320.36008049117
1781806500,30698,30701.25,30679.5,30689.75,0,0,0,0,0,0,0,0,0,0,0,0,1,30746.718294921597,30634.031705078403,30.312196614397013,13900,10794.171199152535,13861.885198093203,-1485.154930106922,0,0,0,0,113938.45497669678,118807.79768965361
1781806800,30690,30710.75,30682.75,30696.25,0,0,0,0,0,0,0,0,0,0,0,1,0,30755.970559570054,30637.529440429946,30.147039713368656,10545,10711.114132768356,16191.256798728802,-1079.1403947239073,0,0,0,0,116292.24961955393,118568.22168297746
1781807100,30696.5,30708.25,30689.25,30693,0,0,0,0,0,0,0,0,0,0,0,0,1,30752.276233886478,30645.223766113522,29.35082259098518,7576,9666.076088512238,16066.671199152534,-1093.312522299153,0,0,0,0,114896.6706721855,118218.55015814013
1781807400,30694,30694.5,30671,30677.75,0,0,0,0,0,0,0,0,0,0,0,0,1,30737.899360037445,30627.600639962555,28.932906691629096,11379,10237.050725674826,14499.114132768358,-1706.1953279985523,0,0,0,0,107028.213225377,117152.80378359127
1781807700,30677.75,30685,30666,30671.5,0,0,0,0,0,0,0,0,0,0,0,0,1,30727.335120034768,30623.664879965232,28.223413356512733,10299,10257.700483783217,15355.57608851224,-1772.4852953116254,0,0,0,0,103640.38427800857,115865.9066878215
1781808000,30671.5,30684.75,30666.75,30677,0,0,0,0,0,0,0,0,0,0,0,1,0,30725.989754318,30625.510245682,27.493169545333252,7740,9418.466989188812,15386.550725674826,-1272.9748721181454,0,0,0,0,106005.38427800857,114926.80931545836
1781808300,30676.25,30704,30672.5,30702.5,0,0,0,0,0,0,0,0,0,0,0,1,0,30745.669057581,30630.830942419,27.779371720666592,10499,9778.644659459207,14127.700483783217,-256.23659748495766,0,0,0,0,114754.55094467524,114910.40375633616
1781808600,30703,30719.75,30689.25,30703.5,0,0,0,0,1,0,0,0,0,0,0,1,0,30761.71055346807,30647.28944653193,27.97370231204755,11764,10440.429772972804,14667.966989188812,-230.4221264705251,0,0,0,0,114947.40340369163,114913.92753227479
1781808900,30704,30712,30678.5,30690.5,0,0,0,0,0,0,1,0,0,0,0,0,1,30754.55265679178,30635.94734320822,28.368437861187008,11586,10822.286515315203,15660.644659459205,-665.1544574958401,0,0,0,0,110278.41832906476,114472.4504653024
1781809200,30690.25,30702.5,30660,30675,0,0,0,0,0,0,0,0,0,1,0,0,1,30746.566752735223,30615.933247264777,29.377835156816506,13518,11720.857676876802,16233.429772972806,-1032.0534990199128,0,0,0,0,105427.84185847653,113611.05916941422
1781809500,30675,30683.75,30665.75,30672,0,0,0,0,0,0,0,0,0,0,0,0,1,30726.597698968424,30622.902301031576,28.56513264561533,8429,10623.571784584534,17581.2865153152,-999.8416697063365,0,0,0,0,104023.0085251432,112697.91148900746
1781809800,30671.75,30672.25,30645,30653.25,0,0,0,1,0,0,0,1,0,0,0,0,1,30714.95679189925,30602.29320810075,28.471194599499945,15143,12130.047856389689,15935.3576768768,-1801.610304968964,0,0,0,0,93742.43971780375,110892.62846317854
1781810100,30652.5,30682,30647.25,30681,0,0,0,0,0,0,0,0,0,0,0,1,0,30725.379521049304,30603.870478950696,28.919680699535665,12939,12399.698570926459,18195.071784584532,-477.27432607025287,0,0,0,0,104354.28144442245,110269.92874710653
1781810400,30680.75,30698.25,30674.25,30677.5,0,0,0,0,0,0,0,0,0,0,0,0,1,30741.102412402925,30631.397587597075,28.568274935283117,11509,12102.799047284307,18599.54785638969,-539.1221663342604,0,0,0,0,102795.77102775578,109558.10420240647
1781810700,30677,30700.25,30673,30688.25,0,0,0,0,1,0,0,0,0,0,0,1,0,30742.96116865986,30630.28883134014,28.474112439905753,9014,11073.199364856204,18154.19857092646,-89.07763154807799,0,0,0,0,106517.14717454476,109268.48924737202
1781811000,30688,30691,30659.25,30683,0,0,0,0,0,0,0,0,0,0,0,0,1,30734.062156612727,30616.187843387273,28.708104408483912,12073,11406.46624323747,16609.799047284305,-250.48038417601202,0,0,0,0,104615.88733202507,108825.38430305327
1781811300,30683,30721.75,30681,30720.75,0,0,0,0,0,0,0,0,0,0,0,1,0,30766.10235971182,30636.64764028818,29.56823980787792,12008,11606.977495491647,17109.699364856206,845.0389915642452,0,0,1,0,115739.86279214777,109483.90606391942
1781811600,30720.25,30749.25,30712.25,30746.5,0,1,0,0,0,0,0,1,0,0,0,1,0,30794.3986197324,30667.1013802676,30.099079821600924,14277,12496.984996994432,17410.466243237468,1638.7527249051536,0,0,0,0,125868.81549485048,111044.37362877
1781811900,30746.75,30783.25,30742,30764,0,0,0,0,0,0,0,0,0,0,0,1,0,30829.593361180087,30695.656638819913,30.895574120058,18868,14620.656664662954,18745.477495491647,2063.8630389578702,0,0,0,0,133759.07004030503,113207.67804891619
1781812200,30764.25,30773.75,30716.5,30749,0,0,0,0,0,0,0,0,1,0,0,0,1,30822.917049667223,30667.332950332777,32.77803311148243,28115,19118.7711097753,21930.984996994433,949.2435777942916,0,0,0,0,126269.92156868931,114451.70124127553
1781812500,30748.75,30774,30693,30693,0,0,0,0,0,0,0,0,1,0,1,0,1,30828.33368897671,30638.66631102329,36.22245931780511,28512,22249.847406516867,28678.15666466295,-1107.7614024318696,0,0,0,1,106645.92156868931,113708.29365341018
1781812800,30693.25,30719.75,30682,30718.25,0,0,0,0,0,1,0,0,0,0,0,1,0,30774.2473540498,30627.5026459502,36.331569366533316,13884,19461.23160434458,33374.7711097753,-66.0147196560863,0,0,0,0,115840.62355544428,113911.37269169914
1781813100,30717.25,30722.75,30697.5,30699.5,0,0,0,0,0,0,0,0,0,0,0,0,1,30776.060043046244,30644.189956953756,35.540028697495224,6205,15042.48773622972,29191.84740651687,-491.54892838718183,0,0,0,0,111478.69286237497,113679.68889843018
1781813400,30699,30726.75,30693.75,30714.5,0,0,0,0,0,0,0,0,0,0,0,1,0,30779.78789711437,30640.71210288563,35.35859807624556,5253,11779.32515748648,22563.73160434458,-192.6018693185308,0,0,0,0,113946.01104419315,113705.05291231237
1781813700,30714.25,30729,30705.5,30728.25,0,0,0,0,0,0,0,0,0,0,0,1,0,30780.76733303477,30653.73266696523,34.51155535651374,3760,9106.216771657655,17668.98773622972,31.0957756177354,0,0,1,0,116186.01104419315,113941.33463915816
1781814000,30728.25,30743.75,30727,30729.75,0,0,0,0,0,0,0,0,0,0,0,1,0,30793.61430924657,30677.13569075343,33.24287283104847,3523,7245.144514438437,13659.325157486483,32.215489681760914,0,0,0,0,116501.50358150658,114185.16025271516
1781814300,30730,30737,30723,30730.25,0,0,0,0,0,0,0,0,0,0,0,1,0,30784.802572871817,30675.197427128183,31.86838191454501,2241,5577.096342958958,10867.716771657655,6.98819413608399,0,0,0,0,116541.52143864943,114409.57560375652
1781814600,30730.5,30747.75,30729.25,30733.75,0,0,0,0,0,0,0,0,0,0,0,1,0,30794.120246238115,30682.879753761885,30.91349749207751,2955,4703.064228639306,8365.644514438438,31.443376765026244,0,0,0,0,117060.64306027106,114662.05821866266
1781814900,30733.75,30740.25,30729,30730.25,0,0,0,0,0,0,0,0,0,0,0,0,1,30784.513442935393,30684.736557064607,29.508961956929117,1653,3686.376152426204,7054.596342958959,-46.05437867143547,0,0,0,1,116546.3763936044,114841.51709246663
1781815200,30730.75,30732,30713.5,30719.25,0,0,0,0,0,0,0,0,0,0,0,0,1,30775.08391129715,30670.41608870285,28.722607531434182,2865,3412.5841016174695,5529.564228639306,-228.08471034513354,0,0,0,0,114765.43044765845,114834.27074534204
1781815500,30719.25,30721.5,30710,30712.75,0,0,0,0,0,0,0,0,0,0,0,0,1,30762.738631918783,30668.761368081217,27.492421279188882,1975,2933.389401078313,5118.8761524262045,-312.38298567631443,0,0,0,0,113649.12609983237,114721.39982672207
1781815800,30712.75,30715.75,30706.75,30713.5,0,0,0,0,0,0,0,0,0,0,0,1,0,30755.007301067442,30667.492698932558,26.171534044961106,1672,2512.926267385542,4400.084101617469,-260.8109163513233,0,0,0,0,113788.4594331657,114632.54836066908
1781816100,30713,30729.25,30711,30726.5,0,0,0,0,0,0,0,0,0,0,0,1,0,30767.65856527691,30672.59143472309,25.605710184606743,1434,2153.284178257028,3769.389401078313,-130.25970648315734,0,0,0,0,114849.22655645337,114653.18437931521
1781820000,30740,30771,30725.5,30735.5,0,0,0,0,0,0,1,0,0,0,0,0,0,30811.54009632856,30684.95990367144,27.02673088570626,5845,3383.8561188380186,3229.926267385542,-177.0864828501895,0,0,0,0,-578.0769230769231,103678.77854099215
1781820300,30735.5,30738.25,30712.25,30719.5,0,0,0,0,0,0,0,0,0,0,0,0,1,30778.68008944795,30671.81991055205,26.95339296529867,3649,3472.237412558679,5075.784178257028,-370.90095063338146,0,0,0,0,-2823.6153846153848,93535.69340522001
1781820600,30719,30729.5,30715,30726,0,0,0,0,0,0,0,0,0,0,0,1,0,30768.595797344522,30675.904202655478,26.063864896348765,2202,3048.824941705786,5208.356118838018,-215.07976030351236,0,0,0,0,-1760.580901856764,84459.85775692698
1781820900,30725.25,30726.75,30692,30694.5,0,0,0,0,0,1,0,0,0,0,0,0,1,30766.776454677056,30651.973545322944,26.68430311803814,3038,3045.216627803857,4573.237412558679,-439.44828706961533,0,0,0,0,-4448.883060130145,75992.35863149297
1781821200,30694.5,30697.5,30675.5,30684.25,0,0,0,0,0,0,0,0,0,0,0,0,1,30737.02456505727,30635.97543494273,26.349710038178273,3832,3307.477751869238,4567.824941705786,-534.3751110946691,0,0,0,0,-6234.246696493781,68161.2533621609
1781821500,30684,30693.5,30674.25,30687.25,0,0,0,0,0,0,0,0,0,0,0,1,0,30732.26388183889,30635.48611816111,25.84258789259411,3059,3224.651834579492,4961.216627803857,-391.5006811507253,0,0,0,0,-5717.792151039235,61125.153789475175
1781821800,30686.75,30688.75,30673.25,30675.75,0,0,0,0,0,0,0,0,0,0,0,0,1,30726.405747421828,30635.594252578172,25.103831614551673,2389,2946.1012230529946,4836.977751869238,-480.3681851961779,0,0,0,0,-7413.2115058779455,54597.690428012975
1781822100,30676.75,30677.25,30653.25,30655.5,0,0,0,0,0,0,1,0,0,0,0,0,1,30714.78747974884,30615.71252025116,25.024986499226554,3805,3232.400815368663,4419.151834579492,-706.9229496866753,0,0,0,0,-10782.221922544612,48371.03210891225
1781822400,30656.25,30664.25,30650.75,30661.25,0,0,0,0,0,0,0,0,0,0,0,1,0,30700.55265976678,30614.44734023322,24.201773177853227,3100,3188.2672102457755,4848.601223052995,-461.75463549794966,0,0,0,0,-9634.073774396464,42846.736310501896
1781822700,30661.5,30679.25,30650,30677.5,0,0,0,0,0,0,0,0,0,0,0,1,0,30716.09354121201,30613.15645878799,24.562360808006567,3653,3343.1781401638505,4782.400815368663,-178.6713768117438,1,0,0,0,-7635.851552174241,38038.87079977083
1781823000,30676.75,30679.5,30667.25,30674.25,0,0,0,0,0,0,0,0,0,0,0,0,1,30715.024359696865,30631.725640303135,23.682906464577524,2008,2898.118760109234,5014.7672102457755,-173.15800316012837,0,0,0,0,-8045.647470541588,33649.869059741075
1781823300,30674.5,30674.75,30660,30663.25,0,0,0,0,0,0,0,0,0,0,0,0,1,30709.317262575663,30625.432737424337,23.044841717107698,1988,2594.7458400728224,4347.178140163851,-271.54958826416384,0,0,0,0,-9561.918656982265,29534.460705767422
1781823600,30663.25,30683.75,30657,30675.75,0,0,0,0,1,0,0,0,0,0,0,1,0,30718.714243820257,30622.035756179743,23.309495880171433,3938,3042.4972267152148,3892.1187601092333,-34.114632194051126,0,0,0,0,-7721.731741094414,25986.25190130439
1781823900,30674.75,30677,30660,30674.25,0,0,0,0,0,0,0,0,0,0,0,0,1,30711.288226404526,30625.711773595474,22.85881760301633,2175,2753.3314844768097,4563.745840072822,-19.42557877086375,0,0,0,0,-7785.702329329708,22769.875307910665
1781824200,30674.75,30689.5,30667,30668,0,0,0,0,0,0,0,0,0,0,0,0,1,30723.749781661343,30632.750218338657,22.83318777422945,3413,2973.2209896512063,4129.997226715214,-97.62071233183886,0,0,0,0,-8809.602329329708,19762.306009125867
1781824500,30668.25,30680.25,30667,30673,0,0,0,0,0,0,0,0,0,0,0,1,0,30713.473011542676,30633.776988457324,22.14867436178449,1747,2564.480659767471,4459.831484476809,-5.4516559696429,0,0,0,0,-8183.319310461783,17100.81788345085
1781824800,30672.75,30698.5,30672.75,30684.75,0,0,0,0,0,0,0,0,0,0,0,1,0,30732.108867861058,30639.141132138942,22.405911907371312,3705,2944.653773178314,3846.7209896512068,173.24894641441773,0,0,1,0,-6456.71736871421,14857.243097530369
1781825100,30684.5,30689.5,30674.25,30683.75,0,0,0,0,0,0,0,0,0,0,0,0,1,30722.34216301384,30641.40783698616,21.894775342559075,1838,2575.769182118876,4416.9806597674715,146.80493825238136,0,0,0,0,-6547.110811337161,12818.733201447747
1781825400,30683,30691.75,30671,30682.25,0,0,0,0,0,0,0,0,0,0,0,0,1,30724.46950851285,30638.28049148715,21.813005675233427,2318,2489.846121412584,3863.6537731783137,124.84316311322914,0,0,0,0,-6630.893943867281,10966.387759036792
1781825700,30682,30698.25,30677.25,30689.5,0,0,0,0,0,1,0,0,0,0,0,1,0,30730.882400761933,30644.617599238067,21.75493384128818,2016,2331.8974142750562,3734.7691821188764,181.68428448881073,0,0,0,0,-5910.893943867281,9359.027596855452
1781826000,30690.25,30693.5,30676.25,30686.75,0,0,0,0,0,0,0,0,0,0,0,0,1,30725.649729278935,30644.100270721065,21.43315285262474,2052,2238.5982761833707,3497.8461214125846,119.85872388236375,0,0,0,0,-6327.241769954238,7865.097180968815
1781826300,30686.75,30704,30680,30689,0,0,0,0,0,0,0,0,0,0,1,1,0,30736.424748616155,30647.575251383845,21.616499077437258,2875,2450.732184122247,3357.897414275056,133.14038057148235,0,0,0,0,-6057.710519954238,6539.115495166619
1781826600,30689,30698.75,30687,30697,0,0,0,0,0,0,0,0,0,0,0,1,0,30730.117623715003,30655.632376284997,20.911749143334596,1667,2189.4881227481646,3676.09827618337,224.4599150007936,0,0,0,0,-4922.731796549983,5447.51099119361
1781826900,30697,30703.5,30690.25,30691.25,0,0,0,0,0,0,0,0,0,0,0,0,1,30734.046722021074,30659.703277978926,20.364481347382128,1840,2072.9920818321098,3284.232184122247,115.45707404843193,0,0,0,0,-5721.2223625877195,4383.822100357293
1781827200,30691,30694.25,30660,30675,0,0,0,0,0,1,1,0,1,0,0,0,1,30726.284456162426,30627.965543837574,21.356304108283407,7397,3847.661387888073,3109.4881227481646,-224.18654759716947,0,0,0,1,-9176.755209303048,3092.338547056308
1781827500,30675,30685,30653.75,30664.5,0,0,0,0,0,0,0,0,1,0,0,0,1,30718.094495007965,30620.655504992035,22.06299667197745,6300,4665.107591925382,5771.49208183211,-373.6027441258001,0,0,0,0,-11293.55520930305,1722.253427403036
1781827800,30664.5,30673.25,30634,30645.5,0,0,0,1,0,0,0,1,1,0,0,0,1,30708.185959650255,30599.064040349745,23.290639766836204,6439,5256.405061283588,6997.661387888073,-586.9153723891982,0,0,0,0,-14410.523362169291,185.79849506281448
1781828100,30646.25,30655.5,30636.5,30648.75,0,0,0,0,0,0,0,0,0,0,0,1,0,30689.976248246665,30602.023751753335,22.984165497776473,4832,5114.936707522392,7884.607591925382,-403.6988964297598,0,0,0,0,-13774.733888485081,-1143.7760176560328
1781828400,30648.75,30654.25,30627,30649.25,0,0,0,0,0,0,0,0,0,0,0,1,0,30689.183301943332,30592.066698056668,23.288867962221012,5000,5076.6244716815945,7672.405061283587,-302.68564761210575,0,0,0,0,-13682.990769219026,-2337.986946376318
1781828700,30649.5,30663,30643,30646.5,0,0,0,0,0,0,0,0,0,0,0,0,1,30697.580923233094,30608.419076766906,23.05394882206237,4221,4791.416314454396,7614.936707522392,-286.41262237159816,0,0,0,0,-14316.140769219026,-3478.7635009327664
1781829000,30646.75,30662.5,30643.75,30658.5,0,0,0,0,0,0,0,0,0,1,0,1,0,30696.6197858593,30609.6302141407,22.74652390620077,2519,4033.9442096362645,7187.1244716815945,-63.07729128057366,0,0,0,0,-12737.567435885692,-4360.554351880664
1781829300,30658.25,30658.5,30637,30648.75,0,0,0,0,1,0,0,0,0,0,0,0,1,30692.486229726495,30603.013770273505,22.65748648432929,3373,3813.629473090843,6050.916314454396,-169.26380074377613,0,0,0,0,-14227.962784722902,-5300.307535960877
1781829600,30648.25,30655.5,30641.75,30646.5,0,0,0,0,0,0,0,0,0,0,0,0,1,30688.531856174603,30608.718143825397,22.02123744973434,2149,3258.7529820605623,5720.4442096362645,-140.1808320449241,0,0,0,0,-14501.471875631993,-6176.608901643841
1781829900,30647.25,30659.25,30645.75,30651.25,0,0,0,0,0,0,0,0,0,0,0,1,0,30691.368866447843,30613.631133552157,21.412577631896173,1953,2823.5019880403747,4888.129473090843,-35.3218769934918,0,0,0,0,-13922.805208965327,-6914.341883293506
1781830200,30651.75,30655.75,30646.25,30653.75,0,0,0,0,0,0,0,0,0,0,0,1,0,30686.592518844427,30615.407481155573,20.561679229617877,1190,2279.00132536025,4235.252982060562,19.548681221313444,0,0,1,0,-13672.278893175853,-7557.954931853729
1781830500,30652.5,30652.75,30638.5,30642.75,0,0,0,0,0,0,0,0,0,0,0,0,1,30683.023410355538,30608.226589644462,20.182273570359456,1860,2139.3342169068333,3418.501988040375,-79.1434678196241,0,0,0,1,-14944.910472123222,-8261.474507117491
1781830800,30642.75,30664.75,30631,30657,0,0,0,0,0,0,1,0,0,0,0,1,0,30696.477095330145,30599.272904669855,21.151396886762353,4829,3035.889477937889,3209.00132536025,152.48013026124067,0,0,1,0,-12905.999361012111,-8703.810207488408
1781831100,30656.25,30657,30622.5,30623.75,0,0,1,0,0,0,0,1,0,0,0,0,1,30690.15730280656,30589.34269719344,22.104868537707898,4577,3549.5929852919257,4553.834216906833,-257.173644317587,0,0,0,1,-17217.666027678777,-9514.65361893511
1781831400,30623.75,30629.5,30611.75,30621.25,0,0,0,0,0,0,0,0,0,0,0,0,1,30662.19070974895,30579.05929025105,21.79380649930019,4125,3741.3953235279505,5324.389477937889,-238.41496198906754,0,0,0,0,-17798.651943171735,-10303.605840290978
1781831700,30621.75,30632.25,30621.5,30630,0,0,0,0,0,0,0,0,0,1,0,1,0,30663.784230481167,30589.965769518833,21.02282032077875,2358,3280.2635490186335,5612.092985291925,3.4419347589077915,0,0,1,0,-15989.024036194991,-10845.074239900885
1781832000,30630.25,30638,30622,30628.75,0,0,0,0,0,0,0,0,0,0,0,0,1,30668.996071161084,30591.003928838916,20.664047440723124,2059,2873.1756993457557,4920.3953235279505,12.207919434824419,0,0,0,0,-16182.055286194991,-11353.358149071752
1781832300,30628.5,30636.75,30624.75,30629.5,0,0,0,0,1,0,0,0,0,0,0,1,0,30666.817780363865,30594.682219636135,20.045186909242904,1412,2386.1171328971704,4309.763549018633,48.49944464320299,0,0,0,0,-16064.388619528325,-11802.027717686664
1781832600,30629.75,30630,30609.25,30621,0,0,0,0,0,0,1,0,0,1,0,0,1,30660.14329605216,30579.10670394784,20.095530701439838,3495,2755.7447552647805,3579.1756993457557,-71.96832430308484,0,0,0,1,-17538.183800251216,-12348.328296978525
1781832900,30621.25,30624,30611.25,30614.25,0,0,0,0,0,0,0,0,0,0,0,0,1,30653.356274905578,30581.893725094422,19.570849937051275,1492,2334.4965035098535,4133.61713289717,-108.09988343453398,0,0,0,0,-18357.321055153177,-12920.613321566587
1781833200,30614.25,30615.25,30601.5,30610.5,0,0,1,0,0,0,0,1,0,0,0,0,1,30643.98261241232,30572.76738758768,19.155074941547614,2785,2484.6643356732357,3501.74475526478,-131.19955835940107,0,0,0,0,-19116.866509698633,-13510.732672817257
1781833500,30611,30617.5,30600.25,30607.5,0,0,0,0,0,0,0,0,0,0,0,0,1,30646.02849724001,30571.72150275999,19.0189981600085,1931,2300.1095571154906,3726.9965035098535,-114.522625120121,0,0,0,0,-19508.66361114791,-14081.96419075351
1781833800,30606.75,30613,30595.5,30598,0,0,0,0,0,0,0,0,0,0,0,0,1,30641.365747437154,30567.134252562846,18.91049829143646,3097,2565.7397047436602,3450.1643356732357,-208.94607061409744,0,0,0,0,-21057.16361114791,-14746.268897457738
1781834100,30598.5,30601.25,30592.25,30595,0,0,0,0,0,0,0,0,0,0,0,0,1,30628.5539083345,30564.9460916655,18.202605556333857,2038,2389.826469829107,3848.60955711549,-213.35963896186763,0,0,0,0,-21849.719166703464,-15422.787970719235
1781834400,30595,30598.75,30586.5,30594.25,0,0,0,0,0,0,0,0,0,0,0,0,1,30625.416129167752,30559.833870832248,17.77741944516715,2685,2488.2176465527377,3584.7397047436602,-156.37541289410456,0,0,0,0,-22014.106921805505,-16050.53263272745
1781834700,30594,30596.25,30578.5,30589.5,0,0,0,0,0,0,0,0,0,0,0,0,1,30622.913191370055,30551.836808629945,17.775460913369496,3225,2733.811764368492,3732.326469829107,-170.27723212030116,0,0,0,0,-22831.712555608323,-16696.359292049437
1781835000,30589.25,30596,30578.75,30588.5,0,0,0,0,0,0,0,0,0,0,0,0,1,30622.606891986477,30552.143108013523,17.73792799098596,2609,2692.207842912328,4100.717646552737,-114.17918096552694,0,0,0,0,-22945.14733821702,-17291.481963113016
1781835300,30588,30591.75,30575,30581.25,0,0,0,0,0,0,0,0,0,0,0,0,1,30618.251042558873,30548.498957441127,17.667361705915532,2905,2763.138561941552,4038.311764368492,-167.10632785149414,0,0,0,0,-24115.818980008065,-17941.418821864925
1781835600,30581.75,30606.5,30581.75,30601.5,0,0,0,0,0,0,0,0,0,0,0,1,0,30633.813468090382,30554.436531909618,18.208978726921565,3418,2981.4257079610347,4144.707842912328,157.63148882657862,0,0,1,0,-21388.324030513115,-18269.69550840285
1781835900,30601.5,30609.25,30599.25,30605.5,0,0,0,0,0,0,0,0,0,0,0,1,0,30635.683934655353,30572.816065344647,17.622623103570024,2119,2693.950471974023,4472.138561941552,244.44759745229774,0,0,0,0,-20540.724030513116,-18485.983939080015
1781836200,30605.75,30613.5,30601.5,30602.75,0,0,0,0,1,0,0,0,0,0,0,0,1,30639.331510751403,30575.668489248597,17.22100716760074,2036,2474.633647982682,4040.9257079610343,185.90361716408643,0,0,0,0,-21049.724030513116,-18730.149662073643
1781836500,30603.25,30611,30600,30607,0,0,0,0,0,0,0,0,0,0,0,1,0,30636.16497426916,30574.83502573084,16.776649512772114,1412,2120.4224319884547,3711.9504719740225,230.0454890570127,0,0,0,0,-20568.36039414948,-18905.21735084277
1781836800,30607,30619.75,30604,30618.25,0,0,0,0,0,0,0,0,0,0,0,1,0,30644.804976107076,30578.945023892924,16.703317404716962,2080,2106.948287992303,3180.6336479826823,358.9185664503523,0,0,0,0,-19082.646108435194,-18922.115327756335
1781837100,30618.25,30619,30602.75,30605,0,0,0,0,0,0,0,0,0,0,0,0,1,30644.006406385142,30577.743593614858,16.670937590094322,1972,2061.965525328202,3160.4224319884543,170.45112401100258,0,0,0,0,-20690.584569973656,-19090.540969872272
1781837400,30605,30606.25,30583.75,30597.5,0,0,0,0,0,0,0,0,0,0,0,0,1,30631.8809487862,30558.1190512138,17.08729919080187,3431,2518.3103502188014,3092.9482879923034,59.27709398820511,0,0,0,0,-21834.251236640324,-19351.846709564466
1781837700,30598,30600.75,30592,30593.75,0,0,0,0,0,1,0,0,0,0,0,0,1,30625.487666730045,30567.262333269955,16.491777820030304,1443,2159.873566812534,3777.465525328202,9.875732633876055,0,0,0,0,-22535.13695092604,-19655.01720874176
1781838000,30593.5,30606,30585.75,30587,0,0,0,0,0,0,0,0,0,0,0,0,1,30631.140333392184,30560.609666607816,16.76022226145671,2283,2200.9157112083562,3239.8103502188014,-33.4753367811515,0,0,0,1,-23267.951765740854,-19999.106214170246
1781838300,30587.25,30593.5,30582,30586.5,0,0,0,0,0,0,1,0,0,0,0,0,1,30618.076738149884,30557.423261850116,16.38449209992409,1546,1982.6104741389042,3301.3735668125346,-9.132147435313527,0,0,0,0,-23368.777852697374,-20320.0273226014
1781838600,30586.25,30590,30575.5,30576.25,0,0,0,0,0,0,0,0,0,0,0,0,1,30614.374828282038,30551.125171717962,16.249885521358085,1809,1924.7403160926028,2973.9157112083562,-97.10410057195043,0,0,0,0,-24616.364059593925,-20729.20224993402
1781838900,30576.75,30580,30546,30555.5,0,0,1,0,0,0,0,1,1,0,0,0,1,30606.276626261893,30519.723373738107,17.51775084126108,6202,3350.4935440617355,2887.1104741389045,-415.4495726678223,0,0,0,0,-28492.614059593925,-21468.574803234962
1781839200,30555.5,30564.25,30541.75,30549,0,0,0,0,0,0,0,0,0,0,0,0,1,30591.060438671757,30514.939561328243,17.873625781171004,2598,3099.662362707824,5025.740316092603,-378.0544280777764,0,0,0,0,-29243.147392927258,-22209.01028796756
1781839500,30548,30550.75,30536,30539.75,0,0,0,0,0,0,0,0,0,0,0,0,1,30577.225764480918,30509.524235519082,17.650509653944503,2909,3036.108241805216,4649.4935440617355,-427.3919045256058,0,0,0,0,-30870.215189537426,-23033.88694525993
1781839800,30539.25,30546.5,30521.25,30522.25,0,0,0,0,0,0,0,0,0,0,0,0,1,30573.789995589425,30493.960004410575,18.193330392948468,3795,3289.072161203477,4554.162362707824,-551.9413541812113,0,0,0,0,-33425.26469448792,-24023.541968995927
1781840100,30522.5,30544,30511.75,30540.25,0,0,0,0,0,0,0,0,1,0,0,1,0,30572.796067333034,30482.953932666966,19.19737822202358,5789,4122.381440802318,4933.608241805216,-109.52715459546022,0,0,0,0,-30239.070896038313,-24615.497104904727
1781840400,30540,30546.5,30521,30528.5,0,0,0,0,0,0,0,0,0,0,0,0,1,30575.971348237817,30491.528651762183,19.647565491879043,3699,3981.2542938682122,6183.572161203478,-204.7327846231599,0,0,0,0,-31907.247366626547,-25309.949510782997
1781840700,30527.75,30533.75,30521.25,30526.75,0,0,0,0,0,0,0,0,0,0,0,0,1,30562.455537649403,30492.544462350597,19.137025099601967,1758,3240.169529245475,5971.881440802318,-137.22466132655734,0,0,0,0,-32047.887366626546,-25951.657878006194
1781841000,30527,30536,30519,30526.25,0,0,0,0,1,0,0,0,0,0,0,0,1,30564.476570674444,30490.523429325556,18.9843804496304,2894,3124.7796861636502,4860.254293868213,-80.00736039563873,0,0,0,0,-32175.56383721478,-26544.410826502248
1781841300,30526,30529.5,30505.5,30519,0,0,0,0,0,0,0,0,0,1,0,0,1,30558.513958483414,30476.486041516586,19.342638988942515,3571,3273.519790775767,4687.169529245475,-118.77215547068181,0,0,0,0,-33217.105503881445,-27179.905557681217
1781841600,30518.75,30527,30466.5,30474,0,0,1,0,0,0,0,1,1,0,0,0,1,30560.423675734597,30433.076324265403,22.282450489732334,8624,5057.013193850511,4910.279686163651,-651.6722827045237,0,0,0,0,-39596.01459479053,-28362.39213264401
1781841900,30475,30501.5,30475,30493,0,0,0,0,0,0,0,0,0,0,0,1,0,30535.482698896412,30441.017301103588,22.655132597608596,3782,4632.00879590034,7585.5197907757665,-239.84054886040235,0,0,0,0,-37027.108934413176,-29187.603256622027
1781842200,30494.75,30514.25,30494.75,30512.75,0,0,0,0,0,0,0,0,0,0,0,1,0,30548.08214897524,30460.91785102476,22.554765983493695,3182,4148.672530600227,6948.013193850511,132.26078670311006,0,0,1,0,-34089.87816518241,-29654.486581246827
1781842500,30511.75,30519.5,30486,30502.25,0,0,0,0,1,0,0,0,0,0,0,0,1,30554.504852619866,30450.995147380134,23.336568413244144,5183,4493.4483537334845,6223.008795900341,20.125609827672633,0,0,0,0,-35559.68413533166,-30216.886348302527
1781842800,30501.75,30513,30485.75,30502,0,0,0,0,0,0,0,0,0,0,0,0,0,30548.424148861304,30450.325851138696,23.616099240869563,2836,3940.9655691556563,6740.172530600226,69.28021884497872,0,0,0,0,-35533.66578670781,-30723.246294817316
1781843100,30501.25,30506.25,30487.25,30502.75,0,0,0,0,0,0,0,0,0,0,0,1,0,30541.179566799783,30452.320433200217,23.28637786652174,1911,3264.3103794371045,5911.4483537334845,120.62018344192774,0,0,0,0,-35382.79736565518,-31167.01306346854
1781843400,30503,30505.25,30470.5,30476,0,0,0,0,0,0,1,0,0,0,0,0,1,30541.40781202837,30434.34218797163,24.105208018913043,3758,3428.873586291403,4896.465569155656,-127.2475016551814,0,0,0,1,-38302.68225774151,-31846.60060578025
1781843700,30476.75,30485.25,30459.75,30481,0,0,0,0,0,0,0,0,0,1,0,1,0,30521.557254026342,30423.442745973658,24.204836017562112,4285,3714.249057527602,5143.3103794371045,13.424434763124623,0,0,1,0,-37588.51559107484,-32393.449651998784
1781844000,30480.5,30485.75,30468.25,30479,0,0,0,0,0,0,0,0,0,0,0,0,1,30521.33887873875,30432.66112126125,23.725919159164818,2071,3166.499371685068,5571.373586291403,44.13871897262726,0,0,0,0,-37766.02987678913,-32905.12395912167
1781844300,30478.5,30479.75,30447.25,30466.25,0,0,1,0,0,0,0,1,0,0,0,0,1,30516.278958828836,30410.721041171164,24.352639219224475,5036,3789.6662477900454,4749.749057527602,-93.00146406202907,0,0,0,1,-39664.21449217374,-33548.846867031396
1781844600,30466.25,30472.5,30426,30439.25,0,0,0,0,0,0,0,0,0,0,0,0,1,30511.40189034106,30387.09810965894,25.93459356070844,5350,4309.777498526697,5684.499371685068,-317.8377309895387,0,0,0,0,-42770.66610507697,-34427.11536589288
1781844900,30439,30448.25,30409.5,30433.25,0,0,0,0,0,0,0,0,0,0,0,0,1,30488.524969602415,30369.225030397585,26.849979734943553,6099,4906.184999017798,6464.666247790045,-291.83482858857815,0,0,0,0,-43675.67900830277,-35307.9309508843
1781845200,30433.75,30453.5,30429.75,30445.5,0,0,0,0,0,0,0,0,0,0,0,1,0,30493.44282891653,30389.80717108347,26.628552611019014,4219,4677.123332678532,7359.277498526697,12.90611948571268,0,0,1,0,-41588.384271460665,-35906.069362367765
1781845500,30444.5,30449,30428.5,30434.5,0,0,0,0,0,0,0,0,0,0,0,0,1,30488.286198279635,30389.213801720365,26.190798853089085,2526,3960.0822217856885,7015.684999017798,-51.00556198185393,0,0,0,1,-42820.579393411885,-36564.59412722911
1781845800,30433.5,30440.25,30412,30437.5,0,0,0,0,1,0,0,0,0,0,0,1,0,30479.756826973946,30372.493173026054,26.337884649297006,3765,3895.054814523792,5940.123332678533,63.313504706021035,0,0,1,0,-42287.48204827914,-37109.63107209102
1781846100,30437.75,30450.25,30418.5,30422.5,0,0,0,0,0,0,0,0,0,0,0,0,1,30490.336696475806,30378.413303524194,26.72446431720436,4308,4032.7032096825283,5842.5822217856885,-88.73494969998035,0,0,0,1,-44356.67889867284,-37799.82610319405
1781846400,30423.75,30428.5,30403.5,30420.75,0,0,0,0,0,0,0,0,0,1,0,0,1,30468.40193244182,30363.59806755818,26.601288294546908,3846,3970.4688064550187,6049.054814523793,-60.8415515542132,0,0,0,0,-44818.19889867284,-38468.24255990631
1781846700,30421.25,30436,30413.25,30432,0,0,0,0,0,0,0,0,0,0,0,1,0,30475.48929441026,30373.76070558974,26.326196273507843,2431,3457.3125376366793,5955.703209682528,113.81023284213836,0,0,1,0,-43669.48461295856,-38963.59894591129
1781847000,30432.5,30442.75,30418,30419,0,0,0,0,0,0,0,0,0,0,0,0,1,30482.0704162381,30378.6795837619,26.21361082540014,3220,3378.208358424453,5185.968806455019,-17.883856125456532,0,0,0,1,-45425.848249322196,-39579.051260521854
1781847300,30418.5,30430,30401.75,30408,0,0,1,0,0,0,0,1,0,0,0,0,1,30469.538600792523,30362.211399207477,26.35906719501441,3645,3467.138905616302,5067.312537636679,-87.35374495549456,0,0,0,0,-46780.627010384145,-40264.9156176516
1781847600,30408.25,30426,30388,30408.25,0,0,0,0,0,0,0,0,0,0,0,0,0,30466.785843593058,30347.214156406942,27.190562395370527,5164,4032.759270410868,5200.708358424453,-15.932913047752663,0,0,0,0,-46780.627010384145,-40885.459559816605
1781847900,30408.75,30441.25,30408.5,30436,0,0,0,0,0,0,0,0,0,0,0,1,0,30482.65828333641,30367.09171666359,27.60552222427263,3581,3882.1728469405784,6049.138905616302,322.72153498588,0,0,1,0,-43801.01632336125,-41163.13163253514
1781848200,30437,30471,30433.75,30470.25,0,0,0,0,0,0,0,0,0,0,0,1,0,30513.441620240952,30391.308379759048,28.294413493967443,4997,4253.781897960385,5823.259270410867,735.8966643760529,0,0,0,0,-39340.60692738809,-40989.55785109257
1781848500,30470.5,30483.5,30465.25,30482.25,0,0,0,0,1,0,0,0,0,0,0,1,0,30524.865433080882,30423.884566919118,27.576955387255484,3661,4056.1879319735904,6380.672846940578,869.7689716276689,0,0,0,0,-36983.52473560727,-40608.030887713016
1781848800,30481.5,30509.75,30478.75,30504.75,0,0,0,0,0,0,0,0,0,0,0,1,0,30551.48218786082,30437.01781213918,27.82145857388009,5356,4489.458621315727,6084.281897960385,1129.0176223734989,0,0,0,0,-32966.52473560727,-39880.26839703628
1781849100,30504.25,30514,30497.25,30509,0,0,0,0,0,0,0,0,0,0,0,1,0,30554.545960156476,30456.704039843524,27.030640104317225,3762,4246.972414210485,6734.187931973591,1054.981796495304,0,0,0,0,-31899.68891471175,-39120.21320824347
1781849400,30509.5,30519.5,30497.5,30513,0,0,0,0,0,0,0,0,0,0,0,1,0,30559.50696300244,30457.49303699756,26.671308668294564,3126,3873.31494280699,6370.458621315727,933.6879916373047,0,1,0,0,-31402.37073289357,-38385.18059154348
1781849700,30513.25,30517.75,30501.25,30505.75,0,0,0,0,0,0,0,0,0,0,0,0,1,30556.66717993084,30462.33282006916,25.94478662055924,2715,3487.209961871327,5809.972414210485,665.4016879967977,0,0,0,0,-32636.46164198448,-37837.68354872834
1781850000,30506.25,30520,30496.5,30513.75,0,0,0,0,0,0,0,0,0,0,0,1,0,30558.655238507206,30457.844761492794,25.770159004805006,3450,3474.8066412475514,5230.81494280699,661.706134816882,0,0,0,0,-31535.397812197243,-37237.4658595349
1781850300,30513.75,30535.5,30513.5,30524,0,0,0,0,0,0,0,0,0,0,0,1,0,30573.75129289955,30475.24870710045,25.500861933033217,4123,3690.8710941650343,5212.209961871327,731.2133463103752,0,0,0,0,-29614.454630379063,-36511.464790091486
1781850600,30523.5,30532.75,30517.75,30524.25,0,0,0,0,0,0,0,0,0,0,0,1,0,30569.87620054958,30480.62379945042,24.750800366387985,2665,3348.9140627766897,5536.306641247551,614.6089804756602,0,0,0,0,-29481.204630379063,-35841.91620345221
1781850900,30524.75,30528.5,30503.5,30507.5,0,0,0,0,0,0,0,0,0,0,0,0,1,30565.652900510326,30466.347099489674,24.768600340217414,3543,3413.6093751844596,5023.371094165034,272.7327550882695,0,0,0,0,-31925.87463037906,-35468.95986315953
1781851200,30507.25,30522.25,30501.75,30516.5,0,0,0,0,0,1,0,0,0,0,0,1,0,30558.945550473873,30465.054449526127,24.463700315916167,2994,3273.7395834563063,5120.414062776689,349.16922288080707,0,0,0,0,-30574.923410866868,-35002.86115341737
1781851500,30515.75,30531.25,30506.5,30524.25,0,0,0,0,0,0,1,0,0,0,0,1,0,30567.976225440027,30469.773774559973,24.484150293350726,2339,2962.159722304204,4910.609375184459,357.5351534897061,0,0,0,0,-29771.63048157394,-34504.6487084799
1781851800,30524,30547.25,30523.25,30545.75,0,1,0,0,0,0,0,1,0,0,0,1,0,30583.92435219431,30486.57564780569,24.44956812953996,2564,2829.4398148694695,4443.239583456306,504.89237170167587,0,0,0,0,-27448.00548157394,-33832.58744877457
1781852100,30545.75,30563,30545.75,30554.75,0,0,0,0,0,0,0,0,0,0,0,1,0,30598.902969894716,30509.847030105284,23.93531326314425,3111,2923.29320991298,4244.1597223042045,555.6186822621435,0,0,0,0,-25824.87504679133,-33069.94817239521
1781852400,30554.25,30571,30552.25,30567.75,0,0,0,0,0,0,0,0,0,0,0,1,0,30606.347400616523,30516.902599383477,23.56493374434823,3650,3165.528806608653,4384.93981486947,687.6402722402854,0,0,0,0,-23196.87504679133,-32129.65549376627
1781852700,30566.75,30576.75,30563.5,30572.75,0,0,0,0,0,0,0,0,0,0,0,1,0,30610.992229143914,30529.257770856086,22.828152762609072,2268,2866.352537739102,4748.293209912979,639.874706511692,0,0,0,0,-22169.8561788668,-31181.10317806156
1781853000,30572.5,30587,30564.75,30586.5,0,0,0,0,0,0,0,0,0,0,0,1,0,30621.180284205064,30530.569715794936,22.786856136708423,2911,2881.235025159401,4299.528806608653,672.1670088722609,0,0,0,0,-20338.2157294286,-30148.447230572707
1781853300,30586,30602.25,30581.5,30585,0,0,0,0,0,0,0,0,0,0,0,0,1,30636.212049618985,30547.537950381015,22.64136641265782,3984,3248.8233501062673,4321.8525377391015,503.4345178349548,0,0,0,0,-20530.2157294286,-29232.425182844698
1781853600,30584.75,30599.25,30582.5,30588.5,0,0,0,0,0,0,0,0,0,0,0,1,0,30632.58083178906,30549.16916821094,22.220554526039404,2366,2954.548900070845,4873.235025159401,430.24868946014465,0,0,0,0,-20000.514236891286,-28353.19556894437
1781853900,30587.75,30604.5,30585.5,30603.5,0,0,0,0,0,0,0,0,0,0,0,1,0,30637.485772375556,30552.514227624444,21.990514917036588,2031,2646.6992667138966,4431.823350106268,476.13392913382484,0,0,0,0,-18316.92213162813,-27397.360003485683
1781854200,30604,30627.75,30593.5,30611.25,0,0,0,0,0,0,0,0,0,0,0,1,0,30662.049288634444,30559.200711365556,22.866192422962545,5843,3712.132844475931,3970.048900070845,468.19858778989123,0,0,0,0,-17080.082715569733,-26414.762166541306
1781854500,30610.5,30614,30598,30611.75,0,0,0,0,0,0,0,0,0,0,0,1,0,30647.563625160554,30564.436374839446,22.375750107036648,1772,3065.4218963172875,5568.199266713897,355.13197440235297,0,0,0,0,-16941.645215569733,-25512.56055216306
1781854800,30611.75,30616.25,30598.75,30605,0,0,0,0,0,0,0,0,0,0,0,0,1,30649.291223363372,30565.708776636628,22.027482242248315,2016,2715.6145975448585,4598.132844475931,174.29273207430515,0,0,0,0,-17719.245215569732,-24770.340043916076
1781855100,30606,30612.75,30598,30600.5,0,0,0,0,0,1,0,0,0,0,0,0,1,30645.011493123133,30565.738506876867,21.507662082087723,2281,2570.7430650299057,4073.421896317288,18.772133190998034,0,0,0,0,-18569.787588451087,-24179.811238633694
1781855400,30600.75,30633.5,30594.25,30617.5,0,0,0,0,0,0,1,0,0,0,1,1,0,30667.66245790005,30560.08754209995,22.774971933367173,5078,3406.495376686604,3856.1145975448585,175.72502669882408,0,0,0,0,-16402.743002463827,-23439.138073284183
1781855700,30618.25,30633.5,30614.5,30630,1,0,0,0,0,0,0,1,0,0,0,1,0,30667.257996621476,30580.742003378524,22.505331080983805,2337,3049.9969177910693,5109.743065029906,234.5650010636574,0,0,0,0,-14957.493002463827,-22631.362352253673
1781856000,30630.25,30632,30607.25,30625.25,0,0,0,0,0,0,0,0,0,0,0,0,1,30665.998496862798,30573.251503137202,22.665664575199248,3325,3141.6646118607127,4574.995376686604,81.74727684567347,0,0,0,0,-15629.210174180998,-21964.49071624675
1781856300,30625,30629.75,30617,30619,0,0,0,0,0,0,0,0,0,0,0,0,1,30662.686104229742,30584.063895770258,21.957402819827873,1789,2690.7764079071417,4712.496917791069,-59.42798748784742,0,0,0,1,-16471.092527122175,-21441.309936330123
1781856600,30618.5,30645,30618.5,30631,0,0,0,0,0,0,0,0,0,0,0,1,0,30678.422811070475,30585.077188929525,22.281874046983027,3423,2934.8509386047613,4036.1646118607123,56.98133496233231,0,0,1,0,-14856.469885612742,-20814.182312452278
1781856900,30631.25,30644.75,30625.25,30641,0,0,0,0,0,0,0,0,0,0,0,1,0,30677.874753136868,30592.125246863132,22.08316875791281,2359,2742.9006257365077,4402.276407907142,110.56150037904331,0,0,0,0,-13676.969885612742,-20134.447795610417
1781857200,30640.25,30649.5,30636.5,30640,0,0,0,0,0,0,0,0,0,0,0,0,1,30681.651556484234,30604.348443515766,21.434370989490468,1665,2383.600417157672,4114.350938604762,39.5009365310932,0,0,0,0,-13708.989116381972,-19522.499349969614
1781857500,30640.5,30645,30630.25,30644.25,0,0,0,0,0,0,0,0,0,0,0,1,0,30676.43537387822,30598.81462612178,20.956915918812577,2390,2385.733611438448,3575.400625736508,41.46357221718574,0,0,0,0,-13101.361997737904,-18910.96245928088
1781857800,30643.75,30647,30623.75,30629.75,0,0,0,0,0,0,0,0,0,0,0,0,1,30678.681061458345,30592.068938541655,21.120707638897393,3061,2610.822407625632,3578.600417157672,-187.78916237658694,0,0,0,1,-14944.54479343683,-18533.20839586716
1781858100,30630.25,30649.5,30627.25,30642.75,0,0,0,0,0,0,0,0,0,0,0,1,0,30681.302057068464,30595.447942931536,21.20137137897615,2167,2462.8816050837545,3916.233611438448,-85.46653166230544,0,0,0,0,-13727.12906309975,-18075.486554651216
1781858400,30642.75,30658.5,30639,30648.5,0,0,0,0,0,0,0,0,0,0,0,1,0,30690.119767277858,30607.380232722142,21.079844851906426,2571,2498.9210700558365,3694.322407625632,-44.65357088322537,0,0,0,0,-12969.013678484365,-17589.155804540085
1781858700,30649.25,30658.5,30630.5,30657,0,0,0,0,0,0,0,0,0,0,0,1,0,30690.861212472297,30598.138787527703,21.574141648198825,3104,2700.614046703891,3748.381605083755,-1.5619961670164457,0,0,0,0,-12109.870821341508,-17067.319139473555
1781859000,30657.25,30660,30646,30648.5,0,0,0,0,0,0,0,0,0,0,0,0,1,30691.549697295704,30614.450302704296,21.03313153047034,1798,2399.7426978025937,4050.921070055836,-152.96113091000973,0,0,0,0,-13233.620821341508,-16702.20501393717
1781859300,30648.5,30654.25,30644.75,30649.5,0,0,0,0,0,0,0,0,0,0,0,1,0,30684.564004631728,30614.435995368272,20.20933642115103,1352,2050.4951318683957,3599.6140467038904,-156.22838360673214,0,0,0,0,-13091.305031867823,-16358.309777549614
1781859600,30649.5,30667.25,30637.5,30637.5,0,0,0,0,0,0,0,0,0,0,0,0,1,30698.586218586603,30606.163781413397,20.890812391068813,3718,2606.3300879122635,3075.7426978025933,-312.27868620894753,0,0,0,0,-14591.00251085942,-16189.994799769594
1781859900,30638,30644.5,30626.25,30628.75,0,0,0,0,0,0,0,0,0,0,0,0,1,30675.553274401846,30595.196725598154,20.702182934563897,2785,2665.8867252748423,3909.495131868395,-429.044940644539,0,0,0,0,-16002.577853325174,-16172.145566774887
1781860200,30629.25,30639.75,30621.5,30623.75,0,0,0,0,0,0,0,0,0,0,0,0,1,30670.540540515998,30590.709459484002,20.527027010666476,2850,2727.257816849895,3998.8300879122635,-469.26477056307084,0,0,0,0,-16861.481962914215,-16237.79665212149
1781860500,30624.5,30642.75,30623,30633.25,0,0,0,0,0,1,0,0,0,0,0,1,0,30673.457287622,30592.292712378,20.47152508133316,1466,2306.8385445665967,4090.8867252748423,-356.8820972028091,0,0,0,0,-16211.988292028138,-16235.338713064979
1781860800,30634,30638.75,30611,30620.5,0,0,0,0,0,0,0,0,0,0,0,0,1,30670.237124220428,30579.512875779572,20.99141614695222,2569,2394.2256963777313,3460.257816849895,-441.44369793959726,0,0,0,0,-17461.77207581192,-16352.14189046945
1781861100,30620.5,30624.5,30613.5,30614.75,0,0,0,0,0,0,0,0,0,0,0,0,1,30654.91661534754,30583.08338465246,20.277743565027063,1506,2098.1504642518207,3591.338544566597,-463.79735878184215,0,0,0,0,-18248.999348539193,-16532.794981714185
1781861400,30615.25,30636.25,30614,30635.75,0,0,0,0,0,0,0,0,0,0,0,1,0,30666.877928537004,30583.372071462996,20.418619024667986,1857,2017.7669761678806,3147.225696377731,-243.7713881139125,0,0,0,0,-16538.055528314475,-16533.29598615231
1781861700,30635.25,30643,30630,30638,0,0,0,0,1,0,0,0,0,0,0,1,0,30672.833076498646,30600.166923501354,19.888717665763128,2217,2084.1779841119205,3026.6504642518207,-179.51836150119055,0,0,0,0,-16069.074759083705,-16489.084440717204
1781862000,30639.25,30646.25,30625.75,30628.5,0,0,0,0,0,0,0,0,0,0,0,0,1,30676.148571034457,30595.851428965543,19.932380689637192,2526,2231.451989407947,3126.266976167881,-294.6148650372212,0,0,0,0,-17393.684515181267,-16575.2368287614
1781862300,30628,30641.75,30617.75,30621.5,0,0,0,0,0,0,1,0,0,0,0,0,1,30672.08438738914,30587.41561261086,20.22292492609168,2604,2355.634659605298,3347.1779841119205,-328.13625748991893,0,0,0,0,-18098.934515181267,-16720.35089413472
1781862600,30622,30647.75,30622,30636.5,0,0,0,0,0,0,0,0,0,0,0,1,0,30678.73014543277,30591.01985456723,20.6534302885137,3288,2666.423106403532,3533.451989407947,-112.65060286166909,0,0,0,0,-16247.439369550199,-16675.311701317147
1781862900,30636.5,30643.75,30624,30626,0,0,0,0,0,0,0,0,0,0,0,0,1,30674.63334933043,30593.11665066957,20.588899553619864,2015,2449.282070935688,3999.634659605298,-211.13700827144677,0,0,0,0,-17318.705192335008,-16736.587271890276
1781863200,30626.25,30634.5,30612.5,30615.5,0,0,0,0,0,0,0,0,0,0,0,0,1,30665.53453866397,30581.46546133603,20.689692442647015,2954,2617.521380623792,3673.923106403532,-324.9768215749141,0,0,0,0,-18762.137010516828,-16929.49677080709
1781863500,30616,30623.5,30601.25,30619.75,0,0,0,0,0,0,0,0,0,1,0,1,0,30654.701714473686,30570.048285526314,20.801142982457943,3346,2860.347587082528,3926.2820709356884,-226.68318484835868,0,0,0,0,-18198.204426247165,-17050.326071325195
1781863800,30620.25,30627,30612.75,30615,0,0,0,0,0,0,0,0,0,0,0,0,1,30657.499806296993,30582.250193703007,20.33320419799666,1921,2547.2317247216856,4290.5213806237925,-264.59605984178967,0,0,0,0,-18905.941268352428,-17227.05132818493
1781864100,30614.5,30617.5,30603,30607.25,0,0,0,1,0,0,0,1,0,0,0,0,1,30647.374820132925,30573.125179867075,19.916546755282614,2379,2491.1544831477904,3820.8475870825287,-338.9863909148951,0,0,0,0,-20095.441268352428,-17500.231322486597
1781864400,30607.75,30610.25,30580,30581.5,0,0,0,0,0,0,0,0,0,0,0,0,1,30641.231975837716,30549.018024162284,20.65465055847671,3887,2956.436322098527,3736.7317247216856,-602.694788735708,0,0,0,0,-23468.457797278046,-18068.633843895306
1781864700,30582,30587.5,30567,30578,0,0,0,0,0,0,0,0,0,0,0,0,1,30618.465406135023,30536.034593864977,20.64360409001409,3332,3081.6242147323514,4434.65448314779,-557.3459476397331,0,0,0,0,-24118.604138741463,-18644.82149102351
1781865000,30578.25,30579.25,30553.75,30566.25,0,0,0,0,0,0,0,0,0,0,0,0,1,30610.735734268234,30522.264265731766,20.99048951215594,4153,3438.7494764882344,4622.436322098527,-639.183077491616,0,0,0,0,-26072.957079917935,-19352.26297568012
1781865300,30565.25,30572.75,30539.5,30548,0,0,0,0,0,0,0,0,0,0,0,0,1,30605.549253249075,30506.700746750925,21.86616883271623,4146,3674.499650992156,5158.124214732352,-719.9467223474229,0,0,0,0,-28223.889410745003,-20197.179779019632
1781865600,30547.5,30572,30546,30566,0,0,0,0,0,0,0,0,0,0,0,1,0,30605.242163731284,30512.757836268716,22.161442487522212,2368,3238.999767328104,5511.749476488234,-419.9143423427522,0,0,0,0,-26538.966333821925,-20801.159450905565
1781865900,30565,30588.25,30551.5,30569,0,0,0,0,0,0,0,0,0,0,0,1,0,30623.055223464762,30516.694776535238,23.203482309842055,3785,3420.9998448854026,4858.499650992157,-292.1173065168578,0,0,0,0,-26126.993544706278,-21308.38174555325
1781866200,30569.75,30591.25,30567.5,30574.75,0,0,0,0,1,0,0,0,0,0,0,1,0,30626.113778931565,30532.636221068435,23.24251928771048,2232,3024.666563256935,5131.499767328104,-180.4356572019269,0,0,0,0,-25657.09880786417,-21722.54527529715
1781866500,30574.75,30581.5,30569.5,30574.75,0,0,0,0,0,0,0,0,0,0,0,0,0,30615.1592232936,30535.8407767064,22.43948219573116,1389,2479.4443755046236,4536.999844885403,-132.32687708500373,0,0,0,0,-25657.09880786417,-22097.264659351153
1781866800,30573.5,30574.75,30553.75,30571.25,0,0,0,0,0,0,0,0,0,0,0,0,1,30608.25499305834,30520.24500694166,22.33666203889322,4062,3006.962917003082,3719.1665632569357,-133.12366054561173,0,0,0,0,-26092.313093578457,-22477.745462610896
1781867100,30571,30578,30535.75,30557.75,0,0,0,0,0,0,1,0,0,1,0,0,1,30613.638564982743,30500.111435017257,23.759043321829417,5529,3847.6419446687214,4510.444375504623,-255.0260155144611,0,0,0,0,-27826.259839140588,-22987.12778418515
1781867400,30557.25,30565,30551,30558.75,0,0,0,0,0,0,0,0,0,0,0,1,0,30599.592953198262,30516.407046801738,23.0619687988416,2197,3297.427963112481,5771.462917003082,-167.37072394896757,0,0,0,0,-27590.86698199773,-23425.579136357777
1781867700,30559.5,30580.25,30558,30575.25,0,0,0,0,0,0,0,0,0,0,0,1,0,30614.755956541245,30523.494043458755,23.003971027495773,2404,2999.6186420749873,4946.141944668721,43.20970559770504,0,0,1,0,-25889.15911682919,-23660.20580116458
1781868000,30574.5,30580.25,30556.25,30562.75,0,0,0,0,1,0,0,0,0,0,0,0,1,30614.862673931155,30521.637326068845,23.075115954103218,2305,2768.0790947166583,4499.427963112481,-51.654150403271046,0,0,0,1,-27017.64870016252,-23979.962267735813
1781868300,30562.25,30565.5,30550.75,30559.25,0,0,0,0,0,0,0,0,0,0,0,0,1,30599.220697221786,30517.029302778214,22.480464814524417,2072,2536.0527298111056,4152.118642074987,-62.121245976508106,0,0,0,0,-27439.07242897608,-24309.401330711076
1781868600,30559,30585.75,30557.25,30580.75,0,0,0,0,0,0,0,0,0,0,0,1,0,30620.11564742023,30522.88435257977,22.91043161348696,2507,2526.368486540737,3804.0790947166583,149.41455527319215,0,0,1,0,-25525.835586870817,-24425.2522122501
1781868900,30580.5,30588.5,30577.25,30586,0,0,0,0,0,0,0,0,0,0,0,1,0,30621.616315461644,30544.133684538356,22.077543641095037,2078,2376.9123243604913,3789.5527298111056,236.42763199582296,0,0,0,0,-24509.924475759704,-24433.31623734625
1781869200,30586.25,30601,30585.75,30593.75,0,0,0,0,0,0,0,0,0,0,0,1,0,30633.384792928668,30553.365207071332,21.589861952445393,3694,2815.9415495736607,3565.3684865407367,381.06205471581075,0,0,0,0,-22693.203164284296,-24267.591182768923
1781869500,30593,30595.5,30583.25,30586.75,0,0,0,0,0,0,0,0,0,0,0,0,1,30626.884093433764,30551.865906566236,20.922728955842153,1422,2351.2943663824403,4223.912324360491,257.1668794634726,0,0,0,0,-23418.713368365927,-24186.745676635306
1781869800,30587,30596.5,30575.25,30576.25,0,0,0,0,0,0,0,0,0,0,0,0,1,30627.919158188495,30543.830841811505,20.946105458996282,2351,2351.19624425496,3526.9415495736603,110.72463743088461,0,0,0,0,-24608.042780130632,-24226.869210301527
1781870100,30576.5,30592,30567,30592,0,0,0,0,0,1,0,0,0,0,0,1,0,30623.853504032173,30535.146495967827,21.23566935478226,2570,2424.130829503307,3526.7943663824403,252.34399971360193,0,0,0,0,-23014.64278013063,-24111.419074094774
1781870400,30591,30594,30581,30592,0,0,0,0,0,0,0,0,0,0,0,0,0,30624.971110887018,30550.028889112982,20.647407258012098,1951,2266.4205530022045,3636.19624425496,230.26916036509778,0,0,0,0,-22864.56585705371,-23992.67114866229
1781870700,30591.5,30593.75,30570.25,30584,0,0,0,0,0,0,0,0,0,0,0,0,1,30625.02674582366,30538.97325417634,20.851163882439806,2766,2432.947035334803,3399.630829503307,113.49979738084335,0,0,0,0,-23747.331814500518,-23969.30549778974
1781871000,30584.75,30587.5,30572,30573.75,0,0,0,0,0,0,0,0,0,0,0,0,1,30618.203406836255,30541.296593163745,20.468937890836962,1665,2176.964690223202,3649.4205530022045,-10.611342079290978,0,0,0,1,-24928.944717726325,-24060.699709212273
1781871300,30572.75,30576.75,30561.75,30575.75,0,0,0,0,0,0,0,0,0,0,0,1,0,30606.867449205096,30531.632550794904,20.07829947006289,2788,2380.643126815468,3265.4470353348033,51.89026550123404,0,0,1,0,-24371.344717726326,-24090.284948118373
1781871600,30575.5,30576.75,30567,30571.75,0,0,0,0,0,0,0,0,0,0,0,0,1,30605.760845690445,30537.989154309555,19.340563793629826,1686,2149.0954178769784,3570.9646902232016,-10.9740658444167,0,0,0,1,-25019.806256187865,-24178.810786982132
1781871900,30572,30579.75,30562,30563.75,0,0,0,0,0,0,0,0,0,0,0,0,1,30608.590428141128,30533.159571858872,19.22695209408484,1996,2098.063611917986,3223.6431268154674,-88.42437460919535,0,0,0,0,-25947.52456604702,-24347.259718321646
1781872200,30563.5,30563.5,30544,30556.25,0,0,0,0,0,0,1,0,0,0,0,0,1,30592.39646898819,30515.10353101181,19.264312658793067,3590,2595.375741278657,3147.095417876979,-189.24739071264554,0,0,0,0,-27282.26815579061,-24626.784331413928
1781872500,30556,30561,30522.25,30549.75,0,0,0,0,0,0,0,0,1,1,0,0,1,30591.984221203318,30491.265778796682,20.656147468879276,7290,4160.2504941857715,3893.063611917986,-255.1804544272391,0,0,0,0,-28458.074607403512,-24991.66911960341
1781872800,30549.75,30562.25,30540,30559.5,0,0,0,0,0,0,0,0,0,0,0,1,0,30593.404991117368,30508.845008882632,20.76999407824504,3854,4058.1669961238476,6240.375741278657,-37.66392215284816,0,0,0,0,-26769.243146729354,-25160.961884091597
1781873100,30559.5,30566.75,30542.25,30546.5,0,0,0,0,0,0,0,0,0,0,0,0,1,30598.304634608983,30510.695365391017,21.03642307265611,3180,3765.444664082565,6087.2504941857715,-177.6730388069746,0,0,0,0,-28456.590085504864,-25474.831236607148
1781873400,30546.25,30661.5,30545.75,30636.25,0,1,0,0,1,0,1,1,1,0,0,1,0,30703.2025178512,30504.0474821488,27.801678567466386,19999,9176.629776055042,5648.166996123848,1331.0412172467031,0,0,1,0,-12906.611683777002,-24277.85794586142
1781873700,30636.25,30669.75,30626.75,30653.25,0,0,0,0,0,0,0,0,1,0,0,1,0,30713.080909433258,30583.419090566742,28.8872729555045,10839,9730.753184036696,13764.944664082563,1492.1132061935305,0,0,0,0,-8621.425637265374,-22786.76915456656
1781874000,30653.25,30660.25,30626.75,30634.25,0,0,0,0,0,0,0,0,0,0,0,0,1,30704.075130188023,30582.924869811977,29.21675345868275,8470,9310.50212269113,14596.129776055044,757.9732277560252,0,0,0,0,-13425.306234280299,-21895.20125739644
1781874300,30634.75,30660.5,30634.5,30658.5,0,0,0,0,0,0,0,0,0,0,0,1,0,30704.00726374602,30590.99273625398,29.004842497348267,7111,8577.334748460753,13965.753184036696,1217.1437472413004,0,0,0,0,-6929.681234280299,-20469.91363614728
1781874600,30658,30664.5,30641,30642.75,0,0,0,0,0,1,0,0,0,0,0,0,1,30707.417459192737,30598.082540807263,28.61163946182339,5525,7559.889832307169,12866.00212269113,634.6514013820766,0,0,0,0,-10515.053574705831,-19521.83172553381
1781874900,30642.75,30654.5,30626.5,30634,0,0,0,0,0,0,0,0,0,0,0,0,1,30697.351926393254,30583.648073606746,28.567950928836005,6011,7043.593221538113,11339.834748460753,315.88738273975406,0,0,0,0,-12393.491074705831,-18842.94213974067
1781875200,30634.25,30645.5,30629.75,30644,0,0,0,0,0,0,0,0,0,0,0,1,0,30686.978574508023,30588.271425491977,27.65238300534772,3823,5970.062147692075,10565.38983230717,453.14858758128685,0,0,0,0,-10026.872027086783,-18003.316414726014
1781875500,30644.5,30648.5,30636.75,30645.25,0,0,0,0,0,0,0,0,0,0,0,1,0,30688.27474775745,30596.97525224255,26.51649850496574,2921,4953.708098461383,8955.093221538113,356.8007754922941,0,0,0,0,-9840.425218576145,-17225.898205568883
1781875800,30646,30678.25,30633.75,30646,0,0,0,0,0,0,1,0,1,0,1,0,0,30719.95155148906,30592.04844851094,27.801034326039616,17433,9113.472065640923,7430.562147692075,258.2187093558301,0,1,0,0,-9840.425218576145,-16522.51982585529
1781876100,30646.75,30675.75,30644.5,30663.5,0,0,0,0,0,0,0,0,1,0,0,1,0,30717.821083525556,30602.428916474444,28.047389017036785,14156,10794.314710427281,13670.208098461384,889.8597705044563,0,0,0,0,-2252.809218576145,-15163.49976801918
1781876400,30663.75,30672.75,30647,30650.75,0,0,0,0,0,0,0,0,0,0,0,0,1,30714.5749347023,30605.1750652977,27.883289801534158,10956,10848.209806951521,16191.472065640923,164.48237865997453,0,0,0,0,-7783.993684595563,-14460.689664835978
1781876700,30650,30681,30642.5,30670.5,1,0,0,0,0,0,0,1,0,0,0,1,0,30723.962439366423,30599.537560633577,28.641626244281717,13406,11700.806537967681,16272.314710427283,763.8123727884347,0,0,0,0,-645.7339443358223,-13144.979596216916
1781877000,30670.5,30681.75,30664,30671,0,0,0,0,0,0,0,0,0,0,0,1,0,30723.545479411678,30622.204520588322,27.863652941118737,8786,10729.20435864512,17551.20980695152,598.8816946776637,0,0,0,0,-398.2409865893435,-11931.0044905381
1781877300,30671,30696,30669,30681.75,0,0,0,0,0,0,0,0,0,0,0,1,0,30737.70294516799,30627.29705483201,27.80196344532454,12064,11174.136239096746,16093.806537967681,888.8264460601671,0,0,0,0,4405.018272669916,-10375.192798804004
1781877600,30681.25,30684.75,30653,30678.5,0,0,0,0,0,0,0,0,0,0,0,0,1,30726.87594908456,30610.87405091544,28.083966056372788,14971,12439.757492731163,16761.20435864512,545.1696641002651,0,0,0,0,3108.317485268341,-9091.048962225686
1781877900,30678.5,30683.25,30661.5,30671.5,0,0,0,0,0,0,0,0,0,0,0,0,1,30724.697309864234,30620.052690135766,27.631539909489018,8705,11194.838328487442,18659.636239096744,119.5998001710534,0,0,0,0,306.7082898660419,-8196.024462026475
1781878200,30671.5,30673.25,30656,30663.5,0,0,0,0,0,1,0,0,0,0,0,0,1,30713.58500201679,30615.66499798321,26.89000134452552,7651,10013.558885658294,16792.25749273116,-298.45916671008575,0,0,0,1,-3241.581565206422,-7724.172757567422
1781878500,30664.25,30678,30647.5,30673.25,0,0,0,0,0,0,0,0,0,0,0,1,0,30718.72178758702,30606.77821241298,27.147858391345125,8871,9632.705923772197,15020.338328487442,-57.16270036846345,0,0,0,0,-623.9094340588813,-7047.957202947561
1781878800,30673.75,30677.5,30659.5,30662.25,0,0,0,0,0,0,0,0,0,0,0,0,1,30717.24165990223,30619.75834009777,26.494439934820473,4946,8070.470615848131,14449.058885658294,-403.56667932005644,0,0,0,0,-3783.8538785033256,-6737.090219667158
1781879100,30662,30674.25,30659.75,30668.5,0,0,0,0,0,0,0,0,0,0,0,1,0,30712.706541337786,30621.293458662214,25.63769422519044,3984,6708.313743898754,12105.705923772197,-217.89688088953767,0,0,0,0,-1997.922844020567,-6285.740945796054
1781879400,30668.75,30669.25,30657,30663.5,0,0,0,0,0,0,0,0,0,0,0,0,1,30706.272145527942,30619.977854472058,24.68143035196255,4234,5883.542495932503,10062.470615848131,-403.719294070558,0,0,0,0,-3812.4942725919955,-6050.1936435861435
1781879700,30663.75,30674.5,30658.75,30669.5,0,0,0,0,0,0,0,0,0,0,0,1,0,30710.565206561663,30622.684793438337,24.043471041108084,5461,5742.694997288335,8825.313743898754,-194.1434327436021,0,0,0,0,-1818.7958598935827,-5647.203378472566
1781880000,30669,30679.75,30661.25,30676.5,0,0,0,0,0,0,0,0,0,0,0,1,0,30715.221263235828,30625.778736764172,23.647508823886078,4269,5251.463331525557,8614.042495932503,-46.66111424778808,0,0,0,0,-88.12018421790708,-5117.766883781646
1781880300,30677,30684.75,30675,30679.75,0,0,0,0,0,0,1,0,0,0,0,1,0,30718.73224443327,30641.01775556673,22.65482962217993,4926,5142.975554350372,7877.194997288336,41.803432118003,0,0,1,0,1301.2644311667084,-4506.430568072279
1781880600,30679.25,30690,30675.25,30687.25,0,0,0,0,0,0,0,0,0,0,0,1,0,30723.13529840232,30642.11470159768,22.09019893488136,4628,4971.317036233581,7714.463331525558,219.07331847845762,0,0,0,0,3811.3661260819626,-3714.259454343304
1781880900,30687.75,30698.25,30684.75,30690,0,0,0,0,0,0,0,0,0,0,1,1,0,30730.464919945014,30652.535080054986,21.47661329667555,5305,5082.544690822388,7456.9755543503725,209.11779177151175,0,0,0,0,4695.53279274863,-2913.3268593821676
1781881200,30689.75,30696.75,30683.25,30692.25,0,0,0,0,0,0,0,0,0,0,0,1,0,30728.110282806083,30651.889717193917,20.906855204055866,5075,5080.029793881592,7623.817036233581,204.77866653017156,0,0,0,0,5635.347607563444,-2099.167386339728
1781881500,30692.75,30705,30685.25,30701.75,1,0,0,0,0,0,0,1,0,0,0,1,0,30736.23633403422,30654.01366596578,20.824222689480447,5144,5101.353195921061,7620.044690822388,331.92438155705906,0,0,0,0,7979.448873386229,-1139.2991711277323
1781881800,30701,30704.25,30692.5,30694.25,0,0,0,0,0,0,0,0,0,0,0,0,1,30734.51409588892,30662.23590411108,20.176063925946128,4124,4775.568797280707,7652.029793881592,-10.125616059545791,0,0,0,1,5610.3424904075055,-496.476155743424
1781882100,30694.25,30696.25,30679.75,30685.25,0,0,0,0,0,0,0,0,0,0,0,0,1,30726.120231896854,30649.879768103146,19.91348793123569,4914,4821.712531520471,7163.353195921061,-318.22106940244936,0,0,0,0,2929.978854043869,-170.14710719225326
1781882400,30685.75,30694.25,30684.25,30689.5,0,0,0,0,0,1,0,0,0,0,0,1,0,30723.05807247565,30655.44192752435,19.20538165043314,3635,4426.141687680314,7232.568797280706,-186.80542071988083,0,0,0,0,4293.103854043869,254.92441292547267
1781882700,30689.25,30698.5,30687,30697.75,0,0,0,0,0,0,1,0,0,0,0,1,0,30726.482495870245,30659.017504129755,18.65499724683077,3017,3956.4277917868762,6639.212531520471,3.1922174857108985,0,0,1,0,6523.0603757829995,851.8897427214275
1781883000,30696.5,30701,30668.5,30671.5,0,0,0,0,0,0,0,0,0,0,0,0,1,30730.465889022373,30639.034110977627,19.64392601491429,10225,6045.95186119125,5934.641687680314,-791.6549463725997,0,0,0,1,-1342.3242396016158,642.9169825001853
1781883300,30671.25,30676,30653,30662.75,0,0,0,0,0,0,0,0,0,0,0,0,1,30705.825468377916,30623.174531622084,19.883645585277552,7983,6691.6345741275,9068.927791786875,-971.8012928097053,0,0,0,0,-4292.563370036398,172.8712346395584
1781883600,30662.5,30671,30657.75,30659.25,0,0,0,0,0,0,0,0,0,0,0,0,1,30700.114720636637,30628.635279363363,19.409813757757725,3911,5764.756382751667,10037.45186119125,-924.6073499903349,0,0,0,0,-5251.865256828851,-343.77033597648057
1781883900,30658.75,30683,30658.5,30682,0,0,0,0,0,0,0,0,0,0,0,1,0,30712.66009773402,30628.83990226598,19.773398489346455,4618,5382.504255167778,8647.1345741275,-377.1571379119692,0,0,0,0,-869.4775017268103,-393.8376850955596
1781884200,30682,30692,30677.25,30683.75,0,0,0,0,1,0,0,0,0,0,0,1,0,30721.121876467303,30648.128123532697,19.414584311535997,4193,4986.002836778519,8073.756382751667,-293.655353965394,0,0,0,0,-372.0029254556238,-391.75818417747047
1781884500,30683.5,30691,30681.75,30683.75,0,0,0,0,0,0,0,0,0,0,0,0,0,30719.032813862497,30653.717186137503,18.68854257499771,2475,4149.00189118568,7479.004255167778,-264.03515748954794,0,0,0,0,-305.11103356373195,-383.50607459520967
1781884800,30684.25,30686,30674.5,30677.75,0,0,0,0,0,0,0,0,0,0,0,0,1,30713.262612872317,30647.237387127683,18.17507524821216,3086,3794.6679274571197,6223.50283677852,-408.4321051499734,0,0,0,0,-2049.3719031289493,-542.1599630269943
1781885100,30677.25,30678.25,30664.75,30664.75,0,0,0,0,0,0,0,0,0,0,0,0,1,30705.011711952866,30637.988288047134,17.84114130191129,2647,3412.11195163808,5692.00189118568,-589.7978795658202,0,0,0,0,-4500.297829054875,-919.1254740772687
1781885400,30665.25,30673.75,30657.5,30669.25,0,0,0,0,0,0,1,0,0,0,0,1,0,30700.341232527662,30630.908767472338,17.72748835177477,3711,3511.741301092053,5118.16792745712,-417.04918601434997,0,0,0,0,-3586.8209059779524,-1173.1917056868576
1781885700,30669.25,30675.75,30666.5,30673,0,0,0,0,0,0,0,0,0,0,0,1,0,30701.432930204257,30640.817069795743,17.121953469505144,2107,3043.4942007280356,5267.6119516380795,-278.87314813082327,0,0,0,0,-2732.6317167887632,-1321.7098019822772
1781886000,30673,30683,30669.25,30681.25,0,0,0,0,0,0,0,0,0,0,0,1,0,30708.321649475383,30643.928350524617,16.881099650254775,2394,2826.9961338186904,4565.241301092054,-109.49812818085663,0,0,0,0,-1296.2317167887632,-1319.283317678133
1781886300,30681.25,30686,30677.75,30684,0,0,0,0,0,0,0,0,0,0,0,1,0,30710.39688879857,30653.35311120143,16.264592532379435,1880,2511.330755879127,4240.494200728035,-46.8153696640896,0,0,0,0,-669.5650501220965,-1257.405387434701
1781886600,30683,30704,30676.75,30697.75,0,0,0,0,0,0,0,0,0,0,0,1,0,30729.573896741527,30651.176103258473,17.049264494352332,3276,2766.220503919418,3766.9961338186904,112.48457667589534,0,0,1,0,1103.6826562999217,-1032.539859459975
1781886900,30698,30699,30690,30696,0,0,0,0,0,0,0,0,0,0,0,0,1,30723.711475545704,30665.288524454296,16.474317030470022,2248,2593.480335946279,4149.3307558791275,27.76518110954001,0,0,0,0,604.1271007443662,-876.6668156309902
1781887200,30695.5,30700,30686.25,30689,0,0,0,0,0,0,0,0,0,0,0,0,1,30724.419584435298,30661.830415564702,16.279722956865022,1924,2370.320223964186,3890.2205039194187,-80.0714216816391,0,0,0,1,-305.4001719829065,-822.260468616887
1781887500,30689,30700.75,30680,30684.5,0,0,0,0,0,1,0,0,0,0,0,0,1,30725.64854268992,30655.10145731008,16.59902845994609,2857,2532.546815976124,3555.480335946279,-140.15966762219375,0,1,0,0,-924.9905334286897,-832.0442843132491
1781887800,30685.25,30686.25,30655,30660,0,0,0,0,0,0,0,0,0,0,0,0,1,30712.718289640638,30628.531710359362,17.645526427092797,2862,2642.3645439840825,3798.820223964186,-347.43765112054456,0,0,0,0,-3237.4865334286897,-1061.1340223242435
1781888100,30659.5,30671.25,30636.5,30651,0,0,0,1,0,0,0,1,0,0,0,0,1,30699.550911809165,30608.199088190835,18.86727453944331,3286,2856.909695989388,3963.546815976124,-372.08073956137946,0,0,0,0,-4041.2563176013514,-1344.9551933030157
1782079200,30580.75,30614,30524.75,30599.25,0,0,0,0,0,0,0,0,1,0,0,0,0,30653.806203822794,30484.943796177206,26.53746921519736,11381,5698.273130659592,4285.364543984082,-92.02915016674774,0,0,0,0,-1682.1694828674576,-1377.0708399282007
1782079500,30600,30616.75,30514.25,30536.75,0,0,0,0,0,0,0,0,1,0,0,0,1,30664.695046406883,30466.304953593117,31.963364271254687,10213,7203.182087106395,8547.409695989389,-677.8749893577587,0,0,0,0,-7984.337775550384,-2006.334357606504
1782079800,30537.75,30554,30477,30506,0,0,0,0,0,0,0,0,1,0,0,0,1,30606.77040023496,30424.22959976504,35.180266823307925,10428,8278.121391404264,10804.773130659592,-962.4386670547138,0,0,0,0,-12284.194918407527,-2985.178220539935
1782080100,30505.25,30517.75,30465,30516.75,0,0,0,0,0,0,0,0,1,0,0,1,0,30572.40287164675,30410.34712835325,36.43524776450021,9098,8551.414260936175,12417.182087106396,-596.632836095476,0,0,0,0,-10300.744681440703,-3681.8988358638176
1782080400,30515.25,30555.5,30509.75,30547.25,0,0,0,0,0,0,0,0,0,0,0,1,0,30611.15088081484,30454.09911918516,37.10058720989305,7193,8098.609507290784,12827.121391404264,-7.503060712022545,0,0,0,0,-5269.575282533599,-3833.1061164990347
1782080700,30548,30561.75,30543.5,30553.25,0,0,0,0,0,0,0,0,0,0,0,1,0,30615.381175042352,30489.868824957648,35.75411669490069,4331,6842.73967152719,12147.914260936175,116.77990749537764,0,0,1,0,-4023.6711729445583,-3851.2551694938466
1782081000,30553.25,30553.5,30513,30525,0,0,0,0,1,0,0,0,0,0,0,0,1,30607.639662539324,30458.860337460676,36.09310835955064,6843,6842.8264476847935,10264.109507290785,-348.959643682226,0,0,0,1,-8796.874876648262,-4322.266570175219
1782081300,30525,30533,30510.25,30522,0,0,0,0,0,0,0,0,0,0,0,0,1,30585.710043786516,30457.539956213484,35.14002919101131,3844,5843.217631789862,10264.23967152719,-324.90029852216776,0,0,0,0,-9303.77597554936,-4796.6960373537095
1782081600,30522.5,30556.5,30519.5,30552,0,0,0,0,0,0,0,0,0,0,0,1,0,30609.409326373196,30466.590673626804,35.27288424879622,4028,5238.145087859908,8764.826447684793,46.79614382821134,0,0,1,0,-6092.262462035847,-4920.083315894865
1782081900,30551.25,30570.25,30546.5,30569.25,0,0,0,0,0,0,0,0,0,0,0,1,0,30621.92473163225,30494.82526836775,34.449821088167916,3566,4680.763391906606,7857.217631789862,301.6537420203599,0,0,0,0,-3389.6098304569,-4774.323936329345
1782082200,30569,30571.75,30560.75,30568.25,0,0,0,0,0,0,0,0,0,0,0,0,1,30620.912250801375,30511.587749198625,32.77483386758449,2239,3866.8422612710706,7021.145087859908,238.72676443479492,0,0,0,0,-3542.268921365991,-4656.985363475692
1782082500,30569,30572.75,30498.5,30523,0,0,0,0,0,0,0,0,0,0,0,0,1,30626.35601860128,30444.89398139872,35.7373457341856,6967,4900.228174180714,5800.263391906606,-205.94040882449596,0,1,0,1,-7858.524813621883,-4961.893882537234
1782082800,30523,30524.5,30455.25,30479.75,0,0,0,0,0,0,1,0,1,1,0,0,1,30581.696660129757,30398.053339870243,38.13110675317234,11469,7089.8187827871425,7350.342261271071,-834.8636241204905,0,0,0,0,-15021.47427210564,-5919.949157734225
1782083100,30479.75,30501,30460,30486.5,0,0,0,0,0,0,0,0,0,0,0,1,0,30558.504041549062,30402.495958450938,38.33602769937431,7392,7190.545855191428,10634.728174180713,-553.4710522833586,0,0,0,0,-13804.498662349542,-6670.8586343642555
1782083400,30485.75,30489.5,30441,30456.75,0,0,1,0,0,0,0,1,0,0,0,0,1,30548.09303858127,30382.40696141873,39.06202572084758,8079,7486.697236794285,10785.818782787142,-889.135077702768,0,0,0,0,-18635.24093039078,-7810.32361493821
1782083700,30456.75,30466,30425.25,30430.5,0,0,0,0,0,0,0,0,0,0,0,0,1,30524.773892968322,30366.476107031678,39.182595312215604,7466,7479.798157862857,11230.045855191427,-1154.6072227938366,0,0,0,0,-23444.627433458263,-9299.304930987739
1782084000,30429.75,30457.5,30421.25,30453.75,0,0,0,0,0,0,0,0,0,0,0,1,0,30515.95968632773,30362.79031367227,38.973124218485914,5243,6734.198771908571,11219.697236794285,-583.99639654773,0,0,0,0,-19973.399847251367,-10315.885399203322
1782084300,30454,30460.5,30423.75,30439.25,0,0,0,0,0,0,0,0,0,0,0,0,1,30518.721494447178,30365.528505552822,38.8143296314512,4797,6088.465847939047,10101.298157862857,-622.3797798907295,0,0,0,0,-21898.72637786361,-11419.013111456683
1782084600,30440,30448,30405,30409,0,0,0,0,0,0,0,0,0,0,0,0,1,30506.669959129522,30346.330040870478,39.11330608634754,7417,6531.310565292698,9132.69877190857,-971.2505161793347,0,0,0,0,-27245.865912747333,-12926.332425865316
1782084900,30408.5,30411.75,30348.5,30379.5,0,0,0,0,0,0,0,0,0,0,0,0,1,30473.006033477413,30287.243966522587,40.83735565160843,10511,7857.873710195132,9796.965847939047,-1199.2674107923845,0,0,0,0,-32065.13864002006,-14749.075874832433
1782085200,30378.75,30388.5,30364.75,30381.5,0,0,0,0,0,0,0,0,0,0,0,1,0,30447.925245371884,30305.324754628116,39.61683024792212,5027,6914.249140130088,11786.810565292697,-868.678797993729,0,0,0,0,-31483.064955809536,-16342.789120639776
1782085500,30381.5,30398,30351.75,30360.75,0,0,0,0,0,0,0,0,0,0,0,0,1,30458.135942131034,30291.614057868966,40.09062808735625,7080,6969.499426753392,10371.373710195132,-946.6738141693786,0,0,0,0,-34659.497388241965,-18087.23752707808
1782085800,30361,30370.75,30349.5,30357.5,0,0,0,0,1,0,0,0,0,0,0,0,1,30428.86730340739,30291.38269659261,38.74486893825938,4884,6274.332951168928,10454.249140130089,-780.5178790037478,0,0,0,0,-35463.92091765373,-19742.159754751952
1782086100,30357,30361.75,30336.75,30354,0,0,0,0,0,0,0,0,0,1,0,0,1,30418.39463887829,30280.10536112171,37.763092585526564,5231,5926.555300779285,9411.499426753391,-622.9829677259454,1,0,0,0,-36091.640917653735,-21299.253198837836
1782086400,30353.75,30493,30347.75,30490.25,0,0,0,0,0,0,0,0,1,0,0,1,0,30561.161093244125,30279.588906755875,45.44072882941753,20213,10688.703533852857,8889.832951168928,1355.874191509186,0,0,1,0,-17096.291520063372,-20898.97113419265
1782086700,30490.5,30533.75,30487.25,30506.25,0,0,0,0,0,0,0,0,1,0,0,1,0,30602.024586583833,30418.975413416167,45.51639105588771,16951,12776.135689235238,16033.055300779284,1712.968346117348,0,0,0,0,-11354.823778127888,-19990.00471932934
1782087000,30505.75,30517.25,30472,30497,0,0,0,0,1,0,0,0,0,0,0,0,1,30585.496044684987,30403.753955315013,45.4973631233243,10222,11924.757126156825,19164.20353385286,1266.0884347659057,0,0,0,0,-13331.45361238203,-19355.856994858168
1782087300,30497.25,30542.5,30475,30524.5,0,0,0,0,0,0,0,0,0,0,0,1,0,30613.10347006463,30404.39652993537,47.06898004308685,11572,11807.171417437883,17887.135689235238,1518.3592582885658,0,0,0,0,-8659.794353122772,-18337.18436231194
1782087600,30524.25,30532.25,30505,30525.25,0,0,0,0,0,0,0,0,0,0,0,1,0,30600.73000791716,30436.51999208284,45.65333861143779,6228,9947.447611625255,17710.757126156823,1295.4697747180307,0,0,0,0,-8431.243894407176,-17393.76146060672
1782087900,30524.5,30566.25,30517.75,30565.5,0,0,0,0,0,0,0,0,0,0,0,1,0,30635.035007351646,30448.964992648354,45.85667156776366,8584,9492.965074416838,14921.171417437883,1765.886648325394,0,0,0,0,-1174.6665748195473,-15849.08575719842
1782088200,30565.5,30574.25,30549.5,30559.25,0,0,0,0,0,0,0,0,0,0,0,0,1,30640.7735782551,30482.9764217449,44.34905217006626,5757,8247.643382944558,14239.447611625255,1317.6842803707873,0,0,0,0,-2628.4544536074263,-14589.978013999278
1782088500,30559,30571,30551,30557.25,0,0,0,0,0,0,0,0,0,0,0,0,1,30634.914751236876,30487.085248763124,42.60983415791867,4759,7084.762255296372,12371.465074416836,1040.6613240689048,0,0,0,0,-3044.8669536074262,-13490.443627295292
1782088800,30558,30580.5,30553.75,30578.25,0,0,0,0,0,0,0,0,0,0,0,1,0,30642.715483291387,30491.534516708613,41.47698886092447,5482,6550.508170197581,10627.143382944558,1237.1296851656525,0,0,0,0,1105.0582800374336,-12100.395826596938
1782089100,30578.25,30605,30576.75,30602.75,0,0,0,0,0,0,0,0,0,0,0,1,0,30665.79830591343,30515.95169408657,40.53220394228701,8325,7142.005446798387,9825.762255296373,1677.5093497148816,0,0,0,0,8324.969784462213,-10155.122911257971
1782089400,30603,30608,30589.5,30606.75,0,0,0,0,0,0,0,0,0,0,0,1,0,30666.4377126339,30531.0622873661,38.958475089266514,4012,6098.670297865592,10713.008170197581,1422.1566858359238,0,0,0,0,9138.213027705457,-8317.662345642406
1782089700,30606.25,30624,30603.75,30616.75,0,0,0,0,0,0,0,0,0,0,0,1,0,30680.43323316005,30547.31676683995,37.62215544003319,5687,5961.446865243728,9148.005446798388,1404.9566613349725,0,1,0,0,12087.02784252027,-6374.358518198342
1782090000,30617.25,30637.75,30612,30635.75,0,0,0,0,0,0,0,0,0,0,0,1,0,30692.91121650576,30556.83878349424,36.774144337173674,7078,6333.631243495819,8942.170297865592,1582.1229883542144,0,0,0,0,17172.19289106396,-4131.829812554313
1782090300,30636.25,30649.5,30631.25,30632.25,0,0,0,0,0,0,0,0,0,0,0,0,1,30702.67648675535,30578.07351324465,35.4509911702327,6752,6473.087495663879,9500.446865243728,1097.9285098199584,0,0,0,0,15692.302480105058,-2243.817213253421
1782090600,30633.25,30636.75,30620.25,30629.75,0,0,0,0,0,0,0,0,0,0,0,0,1,30687.89602341568,30569.10397658432,34.0973489437875,4304,5750.058330442586,9709.631243495818,748.8326686547189,0,0,0,0,14779.33278313536,-622.5648326449659
1782090900,30629.25,30647.75,30621.25,30632.25,0,0,0,0,0,0,0,0,0,0,0,1,0,30698.082021743132,30570.917978256868,33.55468116208839,4700,5400.0388869617245,8625.08749566388,594.9306663829087,0,0,0,0,15311.408254833474,894.9564137815521
1782091200,30632.5,30655,30624.25,30652.25,0,0,0,0,0,0,0,0,0,0,0,1,0,30705.031520190052,30574.218479809948,33.35434679336779,5615,5471.692591307817,8100.058330442587,754.5242094089979,0,0,0,0,18917.790368654612,2611.4167904361293
1782091500,30652.75,30659,30649.5,30651.5,0,0,0,0,0,0,0,0,0,0,0,0,1,30706.475697319333,30602.024302680667,31.650464879555805,3664,4869.128394205211,8207.538886961725,494.7565648362663,0,0,0,0,18435.68510549672,4118.489963299043
1782091800,30651.25,30655.5,30633,30651,0,0,0,0,0,0,0,0,0,0,0,0,1,30701.99529036795,30586.50470963205,30.99686024530182,5175,4971.085596136808,7303.692591307818,319.4576061058749,0,0,0,0,18378.18510549672,5476.556167317869
1782092100,30651.25,30662,30642.25,30656,0,0,0,0,0,0,0,0,0,0,0,1,0,30707.290269627385,30596.959730372615,30.193513084923122,3693,4545.057064091206,7456.628394205212,263.2720790812092,0,0,0,0,19266.374978914442,6789.87224461278
1782092400,30655.75,30657,30641,30650,0,0,0,0,0,0,0,0,0,0,0,0,1,30700.76953608257,30597.23046391743,29.17969072171433,2675,3921.7047093941374,6817.585596136809,41.631171057734036,0,0,0,0,18305.046853914442,7886.555540736748
1782092700,30650,30654.5,30610.5,30628.75,0,0,0,0,0,0,0,0,0,0,0,0,1,30699.85742636239,30565.14257363761,30.238284241591877,6884,4909.136472929425,5882.5570640912065,-361.7039177271564,0,0,0,1,14980.38776300535,8562.158609524235
1782093000,30629.25,30642.5,30606.5,30612.5,0,0,0,0,0,1,0,0,0,0,0,0,1,30688.47475305079,30560.52524694921,30.649835367192455,4898,4905.424315286283,7363.704709394136,-589.6562968790672,0,0,0,0,12701.457207449796,8956.377523612384
1782093300,30613,30623.5,30603.5,30607.25,0,0,0,0,0,0,0,0,0,0,0,0,1,30668.333699261446,30558.666300738554,29.889132840964425,3529,4446.616210190855,7358.136472929424,-652.4586730717285,0,0,0,0,11686.869707449796,9216.424398263565
1782093600,30607.5,30616.5,30595.5,30604.75,0,0,0,0,0,0,0,0,0,0,0,0,1,30660.381292171343,30551.618707828657,29.25419478089554,5073,4655.410806793903,6669.924315286282,-666.1647889948413,0,0,0,0,11022.548278878367,9388.436196417357
1782093900,30605.25,30626.75,30602.5,30621,0,0,0,0,0,0,0,0,0,0,0,1,0,30670.09512844482,30559.15487155518,28.896752296545856,4738,4682.9405378626025,6983.116210190855,-320.702309880054,0,0,0,0,14099.80601083713,9837.138083504955
1782094200,30620.5,30622.75,30591.5,30593.5,0,0,0,0,0,0,0,0,0,0,0,0,1,30666.347262127332,30547.902737872668,29.064841418221153,4407,4590.960358575068,7024.410806793903,-684.5100566195435,0,0,0,0,10292.15801083713,9880.473314679448
1782094500,30594,30611.5,30592,30606.25,0,0,0,0,0,0,0,0,0,0,0,1,0,30654.072457689665,30549.427542310335,28.381638459776784,3040,4073.973572383379,6886.4405378626025,-438.4906337442564,0,0,0,0,12201.90160058072,10101.56172286052
1782094800,30606.25,30623.25,30596.75,30618.75,0,0,0,0,0,0,0,0,0,0,0,1,0,30665.620853568977,30554.379146431023,28.24723571264987,3641,3929.649048255586,6110.960358575068,-252.93775358144862,0,0,0,0,13919.3544307694,10465.161028375653
1782095100,30618.25,30621.5,30587.75,30589.5,0,0,0,0,0,0,0,0,0,0,0,0,1,30664.460435456906,30544.789564543094,28.64029030460345,4349,4069.432698837057,5894.473572383379,-609.9864373313233,0,0,0,0,10214.650727065695,10441.30290444137
1782095400,30588.5,30598.25,30582,30589.25,0,0,0,0,0,0,0,0,0,0,0,0,0,30639.882904352842,30540.367095647158,27.755269568560347,3837,3991.9551325580383,6104.1490482555855,-531.6621518718258,0,0,0,0,10391.743034758003,10436.582916852478
1782095700,30590.75,30595.25,30585,30593.25,0,0,0,0,0,0,0,0,0,0,0,1,0,30635.00733975621,30545.24266024379,26.50489317080604,1877,3286.9700883720257,5987.932698837058,-437.6884738606357,0,0,0,0,10849.547912806784,10475.912916467174
1782096000,30592.25,30601.75,30584.25,30597.25,0,0,0,0,0,0,0,0,0,0,0,1,0,30640.542529773622,30545.457470226378,25.861686515748463,3180,3251.313392248017,4930.455132558039,-315.6121175171502,0,0,0,0,11758.119341378213,10598.02781407775
1782096300,30596,30597.75,30577.5,30582,0,0,0,0,0,0,0,0,0,0,0,0,1,30635.941277646936,30539.308722353064,25.460851764623573,2705,3069.208928165345,4876.970088372025,-475.2903976218831,0,0,0,0,9887.99588458809,10530.405725554925
1782096600,30582.5,30598.5,30577,30590.5,0,0,0,0,0,0,0,0,0,0,0,1,0,30636.266900672155,30539.233099327845,25.177933781436174,2645,2927.80595211023,4603.813392248017,-333.645045320729,0,0,0,0,10872.181931099718,10562.955840368715
1782096900,30590.25,30594.25,30581.5,30584.5,0,0,0,0,0,0,0,0,0,0,0,0,1,30630.68533633843,30545.06466366157,24.290224225619305,1855,2570.2039680734865,4391.708928165345,-387.1226434404762,0,0,0,0,10035.613303648737,10512.73274163348
1782097200,30584.25,30587.5,30551.75,30572.75,0,0,0,0,0,0,0,0,0,0,0,0,1,30625.16316945711,30514.08683054289,25.10877963807507,6779,3973.1359787156575,3855.3059521102296,-554.4742396367781,0,0,0,0,7854.955960991394,10259.61114347709
1782097500,30572.75,30577.25,30554.25,30561.25,0,0,0,0,0,0,0,0,0,0,0,0,1,30614.687228781604,30516.812771218396,24.958152521069707,2707,3551.090652477105,5959.703968073486,-609.2410578839962,0,0,0,0,6501.455960991394,9901.691602287976
1782097800,30561,30567.5,30547.25,30555.5,0,0,0,0,0,0,0,0,0,0,0,0,1,30604.432783868633,30510.317216131367,24.621855912421868,2835,3312.3937683180698,5326.635978715657,-594.7548345958625,0,0,0,0,5731.455960991394,9504.526303116872
1782098100,30555,30594.5,30555,30590.5,0,0,0,0,0,0,0,0,0,0,0,1,0,30633.02687073516,30516.47312926484,25.68458049010602,5031,3885.262512212046,4968.590652477104,-80.98955155871613,0,0,0,0,10252.987606561015,9575.808332016315
1782098400,30590.5,30609.5,30584.25,30606,0,0,0,0,0,0,0,0,0,0,0,1,0,30647.98030853979,30545.76969146021,25.653539026527017,3686,3818.841674808031,5827.893768318069,125.95962769518934,0,0,1,0,12515.680675867945,9855.796174287898
1782098700,30605.75,30608.75,30598.75,30603.25,0,0,0,0,1,0,0,0,0,0,0,0,1,30645.55314364409,30561.94685635591,24.535429096060803,1968,3201.8944498720207,5728.262512212046,34.66164709118078,0,0,0,0,12023.680675867945,10062.26136491457
1782099000,30603.25,30616,30603.25,30612.75,0,0,0,0,0,0,0,0,0,0,0,1,0,30651.540419098084,30567.709580901916,23.69361273205646,2397,2933.5962999146805,4802.841674808031,174.288630136346,0,0,0,0,13809.680675867945,10419.158442148224
1782099300,30612.5,30615,30604,30610,0,0,0,0,0,0,0,0,0,0,0,0,1,30649.180389162506,30569.819610837494,22.786926108338143,1833,2566.730866609787,4400.394449872021,79.70391596038792,0,0,0,0,13393.089766777035,10702.389996874777
1782099600,30609.5,30612,30593,30600.5,0,0,0,0,0,0,0,0,0,0,0,0,1,30645.77464707947,30559.22535292053,22.51643138631399,2427,2520.1539110731915,3850.0962999146805,-66.93137471582716,0,0,0,1,12243.458187829667,10849.158396013338
1782099900,30600.75,30611.25,30597.75,30608.25,0,0,0,0,0,1,0,0,0,0,0,1,0,30644.05860085951,30564.94139914049,21.872400573005848,1960,2333.435940715461,3780.230866609787,24.571250898499557,0,0,1,0,13332.347076718555,11085.6525560805
1782100200,30608.5,30609.75,30563.25,30565.75,0,0,0,0,0,0,0,0,0,0,0,0,1,30645.197272226687,30527.802727773313,23.631514817791146,3813,2826.623960476974,3500.153911073192,-333.21977312524734,0,0,0,1,9826.847076718555,10965.766319950792
1782100500,30566,30569.75,30545,30556,0,0,0,0,0,0,1,0,0,1,0,0,1,30605.31710992478,30509.43289007522,23.71140661652035,4644,3432.4159736513157,4239.935940715461,-469.3521015072472,0,0,0,0,7950.483440354919,10678.596521894042
1782100800,30556,30561.25,30547,30558.5,0,0,0,0,0,0,0,0,0,0,0,1,0,30595.803387787295,30512.446612212705,23.035591858197467,2806,3223.6106491008773,5148.6239604769735,-354.240138053837,0,0,0,0,8442.764142109305,10465.660104771687
1782101100,30559,30580.5,30557.75,30578.75,0,0,0,0,0,0,0,0,0,0,0,1,0,30615.022788659633,30523.227211340367,23.01519243975479,2969,3138.740432733918,4835.415973651316,-61.74831367877351,0,0,0,0,11020.247658592822,10518.477967040366
1782101400,30578.5,30584.25,30557.75,30560.5,0,0,0,0,1,0,0,0,0,0,0,0,1,30619.146160898228,30522.853839101772,23.26410726548659,2550,2942.493621822612,4708.110649100878,-228.26923467540843,0,0,0,0,9288.172186894708,10401.305987978874
1782101700,30560.5,30568.25,30554,30561.5,0,0,0,0,0,0,1,0,0,0,0,1,0,30602.180363691212,30520.069636308788,22.620242460808978,2417,2767.329081215075,4413.740432733918,-183.5435986014513,0,0,0,0,9457.786221982427,10311.44696264588
1782102000,30561.75,30577,30554.75,30563,0,0,0,0,0,0,0,0,0,0,0,1,0,30610.890694856127,30520.859305143873,22.59379657075119,2118,2550.8860541433833,4150.993621822612,-150.56100662466724,0,0,0,0,9576.77498602737,10241.478202967926
1782102300,30563.5,30563.5,30542.75,30547.25,0,0,0,0,0,0,0,0,0,1,0,0,1,30597.193145223548,30509.056854776452,22.46209681569753,2585,2562.257369428922,3826.329081215075,-324.2626799856745,0,0,0,0,7552.377395665925,9985.37336417726
1782102600,30547.25,30565,30542.75,30562,0,0,0,0,0,0,0,0,0,0,0,1,0,30598.670420564722,30509.079579435278,22.446947043147706,2280,2468.1715796192816,3843.3860541433833,-130.9856679047891,0,0,0,0,9063.838069823229,9897.608098048304
1782102900,30562.25,30562.75,30532.5,30547,0,0,0,0,0,0,0,0,0,0,0,0,1,30597.256461952955,30497.993538047045,23.004307968637157,3445,2793.781053079521,3702.257369428922,-278.0675569618156,0,0,0,0,7327.1025326331455,9652.79804419924
1782103200,30546,30551.25,30524,30531.75,0,0,1,0,0,0,0,1,0,0,0,0,1,30586.211357527744,30489.038642472256,23.307571685163076,4076,3221.1873687196808,4190.671579619281,-433.18705278017154,0,0,0,0,5195.616294101035,9228.304544189887
1782103500,30532.25,30580.25,30529.5,30573,0,0,0,0,0,0,0,0,0,0,0,1,0,30618.151617704334,30491.598382295666,25.267745136222857,5575,4005.791579146454,4831.781053079521,65.0130779123684,0,0,1,0,9672.09412661335,9270.570218706407
1782103800,30572.25,30587.75,30567.5,30570.75,0,0,0,0,0,0,0,0,0,0,0,0,1,30625.114002154023,30530.135997845977,24.909334769349794,3351,3787.5277194309692,6008.68736871968,26.274073246634586,0,0,0,0,9423.871904391128,9285.17037924781
1782104100,30570.75,30591.75,30564.25,30582.5,0,0,0,0,1,0,0,0,0,0,0,1,0,30629.391573428737,30526.608426571263,25.09438228582481,3203,3592.685146287313,5681.291579146454,146.6068112757743,0,0,0,0,10792.426449845672,9428.718576447605
1782104400,30583.25,30589.5,30571.25,30583.75,0,0,0,0,0,0,0,0,0,0,0,1,0,30626.408246755254,30534.341753244746,24.605497836837323,2913,3366.1234308582084,5389.027719430969,122.45523459424786,0,0,0,0,10872.234669023754,9566.196299550096
1782104700,30584,30640.75,30583.25,30637.25,0,1,0,0,0,0,1,1,1,0,0,1,0,30681.18265770131,30542.81734229869,26.955105134206086,6465,4399.082287238805,5049.185146287313,657.6535087123395,0,0,0,0,16859.386842936798,10260.785875110734
1782105000,30637.5,30664,30632.75,30654,0,0,0,0,0,0,0,0,0,0,0,1,0,30704.89282500836,30591.85717499164,27.26188333890565,4669,4489.054858159204,6598.623430858208,758.1038401128783,0,0,0,0,19324.618842936798,11124.00806252274
1782105300,30653.25,30664.5,30642.75,30646.75,0,0,0,0,0,0,0,0,0,0,0,0,1,30704.80226607919,30602.44773392081,26.86817738612668,3046,4008.0365721061357,6733.582287238805,517.1625166354203,0,0,0,0,18414.319992362085,11818.323484412202
1782105600,30646.75,30660.75,30643.5,30657.75,0,0,0,0,0,0,0,0,0,0,0,1,0,30700.021747073533,30604.228252926467,26.181164715689057,2571,3529.0243814040905,6012.054858159204,556.9861528229939,0,0,0,0,20053.79825323165,12602.654414775958
1782105900,30657.5,30661.5,30651,30659,0,0,0,0,0,0,0,0,0,0,0,1,0,30699.091622282565,30613.408377717435,25.061081521711266,1944,3000.6829209360603,5293.536572106135,457.46396845041915,0,0,0,0,20331.512538945935,13338.736140887384
1782106200,30658.75,30661.75,30627.75,30638.75,0,0,0,0,0,1,0,0,0,0,0,0,1,30700.299363548096,30589.200636451904,25.699575698731888,4107,3369.4552806240404,4501.0243814040905,119.7279904324273,0,1,0,0,17915.63018600476,13774.630811850944
1782106500,30638.75,30656.25,30638,30639.75,0,0,0,0,0,0,0,0,0,0,0,1,0,30694.001194723234,30600.248805276766,25.167463148822467,2446,3061.6368537493604,5054.18292093606,83.41400542051912,0,0,0,0,18049.657583265034,14181.776218652287
1782106800,30640.25,30647.75,30633.25,30638.5,0,0,0,0,0,0,0,0,0,0,0,0,1,30684.358252243004,30596.641747756996,24.405501495335148,1715,2612.7579024995734,4592.455280624041,21.143712289124267,0,0,0,0,17842.674824644346,14530.433228746768
1782107100,30638.25,30644.5,30628.75,30640.25,0,0,0,0,0,0,0,0,0,0,0,1,0,30680.18087708279,30593.06912291721,23.787251388525497,2168,2464.505268333049,3919.13685374936,15.597163387434819,0,0,0,0,18117.976411945932,14872.10400809907
1782107400,30639.75,30650.75,30633.75,30640.5,0,0,0,0,0,0,0,0,0,0,0,1,0,30685.703671576874,30598.796328423126,23.302447717916532,1823,2250.6701788886994,3696.757902499574,-7.36699890114113,0,0,0,1,18198.402882534167,15188.894377092889
1782107700,30640,30652.5,30635.75,30640.75,0,0,0,0,0,0,1,0,0,0,0,1,0,30686.7516236071,30601.4983763929,22.834415738065353,1898,2133.1134525924663,3376.005268333049,-25.610196385239306,0,1,0,0,18283.38795716103,15483.608051385094
1782108000,30641,30668.5,30637.5,30664,0,0,0,0,0,0,0,0,0,0,1,1,0,30703.626507635163,30602.373492364837,23.417671756774972,3622,2629.4089683949774,3199.6701788886994,204.51019271821474,0,0,1,0,20970.678279741674,16006.186168371434
1782108300,30663.5,30683.75,30660.5,30681.25,1,0,0,0,0,0,0,1,0,0,0,1,0,30718.85854280408,30625.39145719592,23.405695202719617,4505,3254.6059789299848,3944.1134525924663,461.4559743693252,0,0,0,0,24409.97935501049,16806.54742424182
1782108600,30681.5,30684.25,30667,30682,0,0,0,0,0,0,0,0,0,0,0,1,0,30718.699004032358,30632.550995967642,22.966002688239644,2300,2936.403985953323,4881.908968394977,350.4499667562318,0,0,0,0,24476.64602167716,17537.033004949946
1782108900,30682,30694.5,30675.75,30687.5,0,0,0,0,0,0,0,0,0,0,0,1,0,30728.49728945862,30641.75271054138,22.664859639079673,3039,2970.6026573022154,4404.605978929985,335.09307862277524,0,1,0,0,25368.086021677158,18282.847577971585
1782109200,30687.75,30715,30682.5,30709.5,0,0,0,0,0,0,0,0,0,0,0,1,0,30750.05105449729,30647.44894550271,23.367369664859694,3764,3235.068438201477,4455.903985953323,473.35093864329406,0,0,0,0,27887.070637061774,19197.535488361125
1782109500,30710,30738.5,30707.75,30730.25,0,0,0,0,0,0,0,0,0,0,0,1,0,30774.342050604628,30671.907949395372,23.894700403084,4863,3777.712292134318,4852.602657302215,647.0776432705692,0,0,0,0,31089.53405169592,20330.106780107297
1782109800,30729.5,30729.75,30704.75,30713,0,0,0,0,0,0,0,0,0,0,0,0,1,30765.76404699001,30668.73595300999,24.00936466000657,4379,3978.1415280895453,5666.568438201477,211.04143189213505,0,0,0,0,28199.39405169592,21079.562710734783
1782110100,30713.5,30726.25,30708.75,30720,0,0,0,0,0,0,0,0,0,0,0,1,0,30761.56661506215,30673.43338493785,23.544410041434674,1968,3308.094352059697,5967.212292134318,194.71895104180476,0,0,0,0,28930.365480267348,21827.25821259503
1782110400,30720.5,30735,30717.5,30724.25,0,0,0,0,0,1,0,0,0,0,0,1,0,30769.66899970057,30682.83100029943,23.112666467046484,1653,2756.396234706465,4962.141528089545,144.60975000723568,0,0,0,0,29284.579765981634,22537.479312917563
1782110700,30723.5,30739.5,30720.75,30723.25,0,0,0,0,0,0,0,0,0,0,1,0,1,30773.70157115053,30686.54842884947,22.801047433686023,2254,2588.930823137643,4134.5943520596975,66.59582085528257,0,1,0,0,29254.5264326483,23177.198086225253
1782111000,30723,30736.25,30720.5,30734.75,0,0,0,0,0,0,0,0,0,0,0,1,0,30769.696101782632,30687.053898217368,22.297401188422732,1248,2141.953882091762,3883.3962347064644,92.94171985061291,0,0,0,0,30185.57405169592,23844.662463889126
1782111300,30735.5,30743,30732,30736.75,0,0,0,0,0,0,0,0,0,0,0,1,0,30775.235665941018,30699.764334058982,21.490443960678252,1806,2029.9692547278412,3212.9308231376426,45.49192426489378,0,0,0,0,30390.80132442319,24468.104260130465
1782111600,30737,30771.75,30732.5,30771,1,0,0,0,0,0,0,1,1,0,0,1,0,30805.88847551666,30698.36152448334,22.758983677772665,5814,3291.3128364852273,3044.953882091762,460.98170592061456,0,0,0,0,35427.13253461428,25511.821238652734
1782111900,30771.25,30775.75,30754.75,30756.75,0,0,0,0,0,0,0,0,0,0,0,0,1,30809.700012979756,30720.799987020244,22.63334198650319,3909,3497.2085576568184,4936.969254727841,68.81021178725825,0,0,0,0,32728.06110604285,26199.082178404173
1782112200,30757.25,30765,30754.75,30763.75,0,0,0,0,0,0,0,0,0,0,0,1,0,30797.623226338343,30722.126773661657,21.74881755889582,1877,2957.139038437879,5245.812836485227,114.47946040758472,0,0,0,0,33918.35378896968,26934.250903219934
1782112500,30764.5,30781,30763,30778.75,0,0,0,0,0,0,0,0,0,0,0,1,0,30813.221567314176,30730.778432685824,21.481044876117547,2409,2774.426025625253,4435.708557656819,218.35443633801788,0,0,0,0,35825.47878896968,27781.034511386577
1782112800,30779.25,30782,30759.75,30762.5,0,0,0,0,0,0,0,0,0,0,0,0,1,30814.303955363164,30727.446044636836,21.53597024210915,2182,2576.9506837501685,4161.639038437879,-32.42369402786892,0,0,0,1,34182.849575486536,28390.731184158
1782113100,30762.25,30775,30759.75,30774.5,0,0,0,0,0,0,0,0,0,0,0,1,0,30806.63045855151,30728.11954144849,21.086972367672782,1737,2296.9671225001125,3865.426025625253,49.13280909386208,0,0,1,0,35578.14465745375,29075.24675304331
1782113400,30774,30777,30762.75,30770.75,0,0,0,0,0,0,0,0,0,0,0,0,1,30807.89792579783,30731.85207420217,20.598617198553296,1638,2077.311415000075,3445.4506837501685,-51.123774535310986,0,0,0,1,35204.56571008533,29658.99141561874
1782113700,30771.25,30779.5,30766,30768,0,0,0,0,0,1,0,0,0,0,0,0,1,30809.637359669414,30735.862640330586,20.091573112942346,1554,1902.8742766667167,3115.967122500113,-132.5598769771929,0,1,0,0,34830.45459897422,30151.511718795453
1782114000,30768.25,30769.5,30745.5,30749.75,0,0,0,0,0,0,0,0,0,0,0,0,1,30800.05611969303,30714.94388030697,20.370746462017895,3220,2341.916184444478,2854.311415000075,-396.3444629469647,0,0,0,0,32348.371265640886,30360.736437542637
1782114300,30749,30767.5,30745.25,30761.75,0,0,0,0,0,0,0,0,0,0,0,1,0,30798.25746828638,30714.49253171362,20.504978857588046,2251,2311.610789629652,3512.874276666717,-253.79877962196622,0,0,0,0,33638.27014204538,30672.882504638135
1782114600,30762,30766.75,30750,30751.25,0,0,0,0,0,0,0,0,0,0,0,0,1,30797.10514912307,30719.64485087693,20.236766082046042,1536,2053.0738597531013,3467.416184444478,-349.8975157204899,0,0,0,0,32652.47909726926,30861.415513460146
1782114900,30751.25,30759.75,30746,30758.5,0,0,0,0,0,0,0,0,0,0,0,1,0,30789.41013847142,30716.33986152858,19.773425647614182,1452,1852.7159065020676,3079.6107896296517,-261.0464847067424,0,0,0,0,33418.07909726926,31104.90728334673
1782115200,30758.75,30765.5,30725.25,30730.75,0,0,0,0,0,0,0,0,0,0,0,0,1,30797.354057152035,30693.395942847965,21.236038101356026,5158,2954.4772710013785,2779.0738597531013,-596.3728175123516,0,0,0,0,29829.905184225783,30983.47851200188
1782115500,30730.75,30734.5,30716.5,30719.25,0,0,0,0,0,0,0,0,0,0,0,0,1,30766.00733878403,30684.99266121597,21.004892522687737,3525,3144.651514000919,4431.715906502068,-739.9239311644872,0,0,0,0,27577.82185089245,30659.130258562887
1782115800,30718.75,30734.5,30698,30727,0,0,0,0,0,0,0,0,0,0,0,1,0,30767.667528870887,30664.832471129113,22.111685913924326,4770,3686.4343426672795,4716.9772710013785,-538.5120789511803,0,0,0,0,28655.97253582396,30468.35333258775
1782116100,30726.5,30730.5,30700.5,30705.75,0,0,0,0,0,0,0,0,0,0,0,0,1,30764.512705380108,30666.487294619892,22.67513692007259,3077,3483.2895617781865,5529.65151400092,-672.1902782695288,0,0,0,0,26527.714202490628,30093.054367816596
1782116400,30705,30716,30686.25,30711.75,0,0,0,0,0,0,0,0,0,0,0,1,0,30750.770726424387,30651.479273575613,23.180484282924546,3877,3614.526374518791,5224.934342667279,-493.5235476727974,0,0,0,0,27407.3696646755,29837.274872279348
1782116700,30711.25,30715.5,30695.75,30700.5,0,0,0,0,0,0,0,0,0,0,0,0,1,30749.903174536932,30661.346825463068,22.93544969128708,2675,3301.3509163458607,5421.789561778186,-564.143667558936,0,0,0,0,25951.35700644765,29467.18745648585
1782117000,30701.75,30716.75,30692.25,30714.25,0,0,0,0,0,0,0,0,0,0,0,1,0,30751.32080492715,30657.67919507285,23.047203284766574,2551,3051.233944230574,4952.026374518791,-358.37069139277725,0,0,0,0,27252.887618692548,29256.301757648394
1782117300,30714,30731.5,30713,30726.25,0,0,0,0,1,0,0,0,0,0,0,1,0,30765.58360457521,30678.91639542479,22.722403050140393,2884,2995.4892961537157,4576.85091634586,-130.88799743617994,0,0,0,0,29162.563294368225,29247.374284955044
1782117600,30726,30740.5,30718.25,30739.25,0,0,0,0,0,0,0,0,0,0,0,1,0,30774.532989962696,30684.217010037304,22.688659975130367,2239,2743.3261974358106,4493.233944230574,1.2778054564349475,0,0,1,0,30495.90037301991,29366.281531437413
1782117900,30738.75,30741.5,30712.25,30721.5,0,0,0,0,0,0,0,0,0,0,0,0,1,30776.235990679645,30677.514009320355,23.157327119763913,2523,2669.8841316238736,4114.989296153716,-156.3869295369802,0,0,0,1,29007.977296096833,29332.157318547834
1782118200,30720.5,30728.75,30714,30728.25,0,0,0,0,0,0,0,0,0,0,0,1,0,30762.5852056311,30680.1647943689,22.55680375406649,1745,2361.5894210825822,4004.82619743581,-57.611720900069514,0,0,0,0,29924.841702876492,29388.60345038866
1782118500,30727.75,30736.5,30721.5,30730,0,0,0,0,0,0,0,0,0,0,0,1,0,30769.52554808602,30688.47445191398,22.017032057347453,1838,2187.0596140550547,3542.384131623873,-36.99435343716226,0,0,0,0,30200.541702876493,29465.93090300655
1782118800,30729.75,30748.25,30709.5,30747,0,0,0,0,0,0,0,0,0,0,0,1,0,30783.06836607988,30674.68163392012,23.212244053251204,3504,2626.03974270337,3280.589421082582,100.88150529953973,0,0,1,0,31760.386864166816,29684.450518355145
1782119100,30746.75,30757.5,30739.25,30753.25,0,0,0,0,0,0,0,0,0,0,0,1,0,30791.78669707417,30704.96330292583,22.85779804944755,3594,2948.693161802247,3939.059614055055,186.27121688171917,0,0,0,0,33040.44165868736,30004.06872219631
1782119400,30753.75,30754.75,30729.5,30744.25,0,0,0,0,0,0,0,0,0,0,0,0,1,30789.293004426017,30694.956995573983,23.028669617344153,2412,2769.795441201498,4423.03974270337,48.797608793462985,0,0,0,0,32132.956510172513,30206.819940098805
1782119700,30743.75,30745.75,30728.75,30732.75,0,0,0,0,0,0,0,0,0,0,0,0,1,30779.647075538443,30694.852924461557,22.59805035896243,1744,2427.863627467665,4154.693161802246,-84.41850814310226,0,0,0,1,31004.48592193722,30282.78812884532
1782120000,30731.75,30740.75,30726.25,30734,0,0,0,0,0,1,0,0,0,0,0,1,0,30773.7794272857,30693.2205727143,22.019618190465113,1536,2130.57575164511,3641.795441201498,-63.86004248380162,0,0,0,0,31242.830749523426,30374.22075938609
1782120300,30733.75,30743.5,30723.75,30732,0,0,0,0,0,0,0,0,0,0,0,0,1,30776.286253908147,30690.963746091853,21.857502605431893,1998,2086.3838344300734,3195.8636274676646,-85.73089240086875,0,0,0,0,31065.79277483988,30440.08476085788
1782120600,30731.5,30734.75,30713.5,30726.75,0,0,0,0,0,0,0,0,0,0,0,0,1,30767.47116434328,30680.77883565672,21.814109562186758,2777,2316.5892229533824,3129.5757516451104,-144.7075578969048,0,0,0,0,30445.051598369293,30440.557793001826
1782120900,30726.5,30729,30712,30712.75,0,0,0,0,0,0,0,0,0,0,0,0,1,30761.20536689019,30679.79463310981,21.470244593459135,1352,1995.0594819689218,3474.883834430074,-236.26297955245985,0,0,0,0,29351.522186604587,30336.84011620209
1782121200,30712.75,30720.25,30703.75,30708.5,0,0,0,0,0,0,0,0,0,0,0,0,1,30751.922840683746,30672.077159316254,21.115227122497767,1833,1941.0396546459478,2992.589222953383,-250.80594600899258,0,0,0,0,28879.385822968223,30198.034945417912
1782121500,30708.75,30715.75,30704,30708.25,0,0,0,0,0,0,0,0,0,0,0,0,1,30746.41942349205,30673.33057650795,20.446282328033643,1285,1722.3597697639652,2911.559481968922,-221.64268491592424,0,0,0,0,28824.704971904393,30067.2416146071
1782121800,30709,30716.75,30700,30709.75,0,0,0,0,0,0,0,0,0,0,0,1,0,30747.02339324262,30669.72660675738,20.182262161745523,2065,1836.5731798426434,2583.539654645948,-182.4776545781098,0,0,0,0,28917.167658471557,29957.71076164181
1782122100,30710.25,30714.25,30698,30699.75,0,0,0,0,0,0,0,0,0,0,0,0,1,30744.102079439574,30668.147920560426,19.901386293049416,1970,1881.0487865617622,2754.8597697639652,-277.72448712855186,0,0,0,0,27644.24458154848,29737.38064925197
1782122400,30699.5,30739,30699,30738.75,0,0,0,0,0,0,0,0,0,0,0,1,0,30771.005502336746,30666.994497663254,21.337001557831602,3244,2335.3658577078413,2821.573179842643,65.76796573111066,0,0,1,0,30827.419581548478,29841.193880899256
1782122700,30738,30760.5,30734,30753.25,0,0,0,0,0,0,1,0,0,0,1,1,0,30793.058680741266,30701.441319258734,21.70578716084363,3294,2654.9105718052274,3503.048786561762,224.23930768847833,0,0,0,0,32723.023355133384,30115.653830826315
1782123000,30753.25,30765.75,30750,30750.5,0,0,0,0,1,0,0,0,0,0,0,0,1,30797.67056068832,30718.07943931168,21.280373792211943,2481,2596.940381203485,3982.3658577078413,132.7980997884567,0,0,0,0,32289.832878942907,30322.718502075513
1782123300,30750,30761,30745,30748.25,0,0,0,0,0,0,0,0,0,0,0,0,1,30792.354806353436,30713.645193646564,20.903204235625374,2204,2465.9602541356567,3895.410571805227,75.39258122797457,0,0,0,0,32048.770378942907,30487.104395110502
1782123600,30748.25,30754,30740.75,30750.5,0,0,0,0,0,0,0,0,0,0,0,1,0,30784.534820185334,30710.215179814666,20.356546790223565,1564,2165.3068360904376,3698.9403812034852,75.72638784552379,0,0,0,0,32314.355284603284,30661.12828934791
1782123900,30749.5,30751.25,30734,30742,0,0,0,0,0,1,0,0,0,0,0,0,1,30781.451975886383,30703.798024113617,20.134650590921883,1606,1978.8712240602918,3247.960254135656,-15.204540113200068,0,0,0,1,31616.094415038067,30752.077444175546
1782124200,30741,30741,30713.5,30722.25,0,0,0,0,0,0,0,0,0,0,0,0,1,30772.09826332307,30682.40173667693,20.732175548713176,2559,2172.2474827068613,2968.3068360904376,-187.6897233888036,0,0,0,0,29871.32168776534,30668.19594356505
1782124500,30722.5,30727.5,30707,30709,0,0,0,0,0,0,1,0,0,0,0,0,1,30758.573387371423,30675.926612628577,20.715591580947947,2228,2190.8316551379075,3258.3712240602918,-300.9030209958853,0,0,0,0,28404.102175570217,30452.56796566078
1782124800,30708.75,30723.25,30702.75,30717.75,0,0,0,0,0,0,0,0,0,0,0,1,0,30754.30028827346,30671.69971172654,20.700192182308808,2912,2431.221103425272,3286.2474827068613,-132.81008972931207,0,0,0,0,29682.541199960462,30379.23208321313
1782125100,30718,30736.25,30717.75,30732.75,0,0,0,0,0,0,0,0,0,0,0,1,0,30767.064553396787,30686.935446603213,20.543035597858175,2697,2519.814068950181,3646.8316551379075,87.18957185500297,0,0,1,0,31832.852010771272,30517.672076313906
1782125400,30733,30734.5,30716.75,30723.5,0,0,0,0,0,0,0,0,0,0,0,0,1,30765.01529958273,30686.23470041727,20.34353305515402,2006,2348.542712633454,3779.7211034252714,-37.34338330006391,0,0,0,1,30759.21820795437,30540.676469803475
1782125700,30723.75,30726.75,30715.25,30720,0,0,0,0,0,0,0,0,0,0,0,0,1,30756.317778183966,30685.682221816034,19.71185212264302,1480,2059.028475088969,3522.8140689501806,-83.01706743347754,0,0,0,0,30276.6095123022,30515.527235755733
1782126000,30720.25,30773.25,30718.75,30767.25,1,0,0,0,0,0,1,1,1,0,0,1,0,30806.545079742253,30685.454920257747,22.19671982816852,6008,3375.352316725979,3088.5427126334534,413.1554774377546,0,0,1,0,35457.82052147651,30986.22183439581
1782126300,30767.75,30828.5,30767,30782.5,0,0,0,0,0,0,0,0,1,0,0,1,0,30866.00614547495,30729.49385452505,25.00409698329934,13197,6649.234877817319,5063.028475088969,625.1554440780795,0,0,0,0,38622.954667817976,31713.52972329316
1782126600,30782,30782,30710.75,30729.75,0,0,0,0,0,0,0,0,1,0,1,0,1,30824.51463508388,30668.23536491612,28.343090055920815,8087,7128.489918544879,9973.85231672598,-62.034580342247466,0,0,0,1,32692.48800115131,31806.763844993937
1782126900,30730.25,30742,30722,30741,0,0,0,0,0,0,0,0,0,0,0,1,0,30783.62073257789,30680.37926742211,27.747155051926473,3319,5858.659945696587,10692.734877817318,103.85805481679097,0,0,1,0,34476.45050115131,32061.019717008923
1782127200,30739.5,30744,30728.25,30741.75,0,0,0,0,0,1,0,0,0,0,0,1,0,30784.33532310804,30687.91467689196,26.890215405360298,2739,4818.773297131058,8787.989918544881,107.37334764212025,0,0,0,0,34867.73621543703,32328.32605019255
1782127500,30742,30750.75,30733.75,30738.25,0,0,0,0,0,0,0,0,0,0,0,0,1,30790.02565717175,30694.47434282825,26.183771447834562,2410,4015.848864754039,7228.159945696587,22.667572675742633,0,0,0,0,34336.1185683782,32519.54438525785
1782127800,30737.75,30762.5,30736.5,30752.25,0,0,0,0,0,0,0,0,0,0,0,1,0,30801.75596737377,30697.24403262623,26.170644915846378,3682,3904.565909836026,6023.773297131058,196.63833951648405,0,0,0,0,36389.54164530128,32888.115552881034
1782128100,30752.25,30771.25,30751.75,30769.5,0,0,0,0,0,0,0,0,0,0,0,1,0,30809.7912554185,30713.2087445815,25.694170279000208,3192,3667.043939890684,5856.848864754039,409.5761451441598,0,0,0,0,39213.233952993585,33490.50778146318
1782128400,30769.75,30771,30747.25,30749.75,0,0,0,0,0,0,0,0,0,0,0,0,1,30809.332951460037,30708.917048539963,25.555300973357337,3083,3472.3626265937896,5500.565909836027,70.4504467803205,0,0,0,0,36617.0234266778,33788.27117624552
1782128700,30749.25,30758,30726.25,30757.75,0,0,0,0,0,0,0,0,0,0,0,1,0,30796.99666921289,30687.25333078711,25.997779475260383,4901,3948.57508439586,5208.543939890685,161.13857157758343,0,0,0,0,37929.10216683528,34182.63603249216
1782129000,30757.25,30761.25,30735.25,30743,0,0,0,0,0,0,0,0,0,0,0,0,1,30800.246907126257,30696.253092873743,25.997938084170357,3080,3659.0500562639068,5922.86262659379,-48.288104307915376,0,0,0,1,36241.025243758355,34378.6731002318
1782129300,30742.25,30762.25,30741.25,30756.5,0,0,0,0,0,0,0,0,0,0,0,1,0,30800.711413760095,30702.788586239905,25.64094250672962,2740,3352.700037509271,5488.57508439586,115.02033163873028,0,0,1,0,38100.31095804407,34733.114800975825
1782129600,30756,30769.75,30751.75,30768.25,0,0,0,0,0,0,0,0,0,0,0,1,0,30807.39274134866,30714.10725865134,25.095160899106077,3330,3345.133358339514,5029.050056263906,285.65506353301123,0,0,0,0,40366.56095804407,35269.63348260137
1782129900,30768.5,30774.75,30762.75,30773,0,0,0,0,0,0,0,0,0,0,0,1,0,30810.989688395184,30726.510311604816,24.159792263455643,2668,3119.4222388930093,5017.700037509271,303.71070215477334,0,0,0,0,41367.06095804407,35850.34086121496
1782130200,30773.25,30786.75,30768,30781,0,0,0,0,0,0,0,0,0,0,0,1,0,30822.41006779553,30732.33993220447,23.773378530351668,3038,3092.2814925953394,4679.1333583395135,340.3245644408015,0,0,0,0,42622.76762471074,36495.333886309796
1782130500,30780.75,30785.25,30770.5,30778.5,0,0,0,0,0,0,0,0,0,0,0,0,1,30819.943277238704,30735.806722761296,23.128851492469405,2986,3056.854328396893,4638.422238893009,206.82158918507628,0,0,0,0,42167.27609928701,37035.51885897429
1782130800,30778.25,30813.25,30776.75,30809.75,0,0,0,0,0,0,0,0,0,0,0,1,0,30849.375900293082,30740.624099706918,24.08393352872159,5729,3947.569552264595,4585.281492595339,604.5166249073686,0,0,0,0,47111.48157873906,37995.13435609474
1782131100,30809.5,30826.75,30801.5,30824.25,0,0,0,0,0,0,1,0,0,0,0,1,0,30863.000835986433,30765.249164013567,24.167223990955762,5146,4347.046368176397,5921.354328396893,742.2246256766846,0,0,0,0,50117.56078665985,39149.651159005705
1782131400,30824,30845.5,30814.75,30843.75,1,0,0,0,0,0,0,1,0,0,0,1,0,30882.456133415973,30777.793866584027,24.637422277316066,6997,5230.364245450931,6520.569552264595,989.3093054518181,0,0,0,0,54611.568916741155,40622.21475498051
1782131700,30843.5,30844.75,30822,30823.5,0,0,0,0,0,0,0,0,0,0,1,0,1,30881.503909600546,30785.246090399454,24.502606400364918,4275,4911.909496967287,7845.546368176396,407.52692872026387,0,0,0,0,50853.32715849939,41596.606412458495
1782132000,30824.5,30834.5,30804.75,30807.5,0,0,0,0,0,0,0,0,0,0,0,0,1,30871.816130343366,30767.433869656634,24.877420228910278,6213,5345.606331311525,7367.86424545093,-50.09438857602106,0,0,0,1,47303.041444213675,42140.0764154828
1782132300,30807.75,30817,30796.5,30813.25,0,0,0,0,0,1,0,0,0,0,0,1,0,30853.847121033126,30759.652878966874,24.56474735541669,5812,5501.070887541016,8018.409496967287,57.83617071074855,0,0,1,0,48862.358517384404,42780.293758521046
1782132600,30813,30820.5,30803.75,30805.5,0,0,0,0,0,0,0,0,0,0,0,0,1,30856.509826673617,30767.740173326383,24.006551115744067,4451,5151.047258360678,8251.606331311525,-188.75642229463534,0,0,0,1,46869.37344275754,43169.729918924524
1782132900,30805.5,30815.75,30800.5,30800.75,0,0,0,0,0,0,0,0,0,0,0,0,1,30850.82162476836,30765.42837523164,23.381083178905207,4205,4835.698172240452,7726.570887541016,-324.2195527934051,0,0,0,0,45559.61934439689,43397.33843563618
1782133200,30800.5,30869.75,30800.5,30852.5,1,0,0,0,0,0,1,1,1,0,0,1,0,30909.736151570618,30760.513848429382,26.657434380411978,17899,9190.132114826967,7253.547258360677,955.2380661365972,0,0,1,0,59000.02367652685,44883.30845857815
1782133500,30851.75,30855.25,30820.75,30834,0,0,0,0,0,0,0,0,0,0,1,0,1,30896.076426458432,30779.923573541568,27.21761763895398,8144,8841.421409884644,13785.19817224045,333.1506641874604,0,0,0,0,54809.9946910196,45828.7071473821
1782133800,30833.5,30860.5,30828.25,30859,0,0,0,0,0,0,0,0,0,0,0,1,0,30901.865610282828,30786.884389717172,27.577073521885836,9115,8932.61427325643,13262.132114826967,895.8359292533764,0,0,0,0,62017.20399334518,47370.46875175954
1782134100,30858.75,30866.25,30846.5,30858.25,0,0,0,0,0,1,0,0,0,0,0,0,1,30906.776995262626,30805.973004737374,27.017996841751135,6370,8078.409515504286,13398.921409884644,655.1664450838438,0,0,0,0,61855.938170560374,48750.03726783581
1782134400,30858.25,30871.75,30853.5,30869.75,0,0,0,0,0,0,0,0,0,0,0,1,0,30911.337567029583,30813.912432970417,26.391711353054625,4862,7006.273010336191,12117.61427325643,757.7719608189568,0,0,0,0,64919.66419795763,50290.001737371225
1782134700,30869.75,30873.75,30815.75,30822.25,0,0,0,0,0,0,0,0,1,0,1,0,1,30916.72416938461,30772.77583061539,28.649446256407863,13531,9181.182006890795,10509.409515504287,-494.57943799823,0,0,0,1,53838.24178416453,50627.92936087535
1782135000,30822.5,30902,30757.25,30783.75,0,0,0,0,0,0,0,0,1,0,0,0,1,30957.41351442857,30701.83648557143,36.94234295237873,92359,36907.121337927194,13771.773010336192,-2795.7348444280688,0,1,0,0,29113.466309207706,48578.93287976415
1782135300,30785.5,30924.5,30779,30920.5,1,0,0,0,0,0,0,1,1,0,0,1,0,30991.544691969386,30711.955308030614,44.6964613129231,70499,48104.414225284796,55360.68200689079,3827.2581685691157,0,0,1,0,94524.90960817678,52954.74018723202
1782135600,30920.25,30927,30762.75,30789.75,0,0,0,0,0,0,0,0,1,0,0,0,1,31006.853999685856,30682.896000314144,53.23599979057145,76758,57655.60948352319,72156.6213379272,-2690.511587955275,0,0,0,1,33539.10138899869,51105.63173025742
1782135900,30790,30903.25,30788,30879.5,0,0,0,0,1,0,0,0,1,0,0,1,0,30989.748356851152,30701.501643148848,57.66557123410206,66057,60456.07298901546,86483.4142252848,2577.3885511994717,0,0,1,0,84837.1621265258,54318.15843466393
1782136200,30880,30909.25,30844.25,30851.75,0,0,0,0,0,0,0,0,1,0,0,0,1,30996.534188504644,30756.965811495356,58.189459003094775,50464,57125.38199267697,90684.10948352319,-34.76961637714817,0,0,0,1,62904.73135729503,55135.927284438316
1782136500,30852,30937.75,30842.75,30937.5,0,0,0,0,0,0,0,0,0,0,0,1,0,31028.978175040025,30751.521824959975,60.81878336001658,36766,50338.92132845132,85688.07298901546,3011.968851477577,0,0,1,0,95994.13135729503,59027.18481518657
1782136800,30936.75,30953.5,30909.25,30922.5,0,0,0,0,0,0,0,0,0,0,0,0,1,31042.95294825145,30819.79705174855,59.63529883430111,39329,46668.94755230088,75508.38199267698,1170.6335165419318,0,0,0,0,83328.86017085436,61341.63008715493
1782137100,30922.75,30965.75,30907.75,30950.5,0,0,0,0,0,0,0,0,0,0,0,1,0,31055.02773766206,30818.47226233794,59.518491774708174,38171,43836.29836820059,70003.42132845132,2570.792043093773,0,0,0,0,101591.70930878539,65174.97096540545
1782137400,30950.5,30967.75,30897.75,30909.5,0,0,0,0,0,0,0,0,0,0,0,0,1,31058.150756400486,30807.349243599514,60.267170933657596,35423,41031.86557880039,65754.44755230087,24.482489261159117,0,0,0,0,80843.95216592825,66667.25488926476
1782137700,30909.75,30911.75,30848.25,30876.25,0,0,0,0,0,0,0,0,0,0,0,0,1,31002.49713094331,30757.50286905669,60.4980872955392,42133,41398.910385866926,61547.79836820059,-2190.996219242878,0,0,0,1,58616.30649663691,65900.49789949069
1782138000,30876,30878.25,30787.25,30804.75,0,0,0,0,0,0,0,0,0,0,0,0,1,30972.265193018786,30693.234806981214,62.67679534585783,48074,43623.94025724462,62098.36557880039,-5432.052781684838,0,0,0,0,20975.949353779768,61621.96946656584
1782138300,30804.5,30821.5,30744,30757.5,0,0,0,0,0,1,1,0,0,1,0,0,1,30917.103393517446,30648.396606482554,63.735595678296555,54372,47206.62683816308,65435.910385866926,-7597.736191037158,0,0,0,0,-11998.037742994427,54610.54020851248
1782138600,30756.5,30763.25,30649.25,30692,0,0,0,1,0,0,0,1,0,0,0,0,1,30864.238865409057,30548.261134590943,67.32591027270395,73760,56057.75122544205,70809.94025724463,-10134.523117966466,0,0,0,0,-53730.669321941794,44292.32977704065
1782138900,30691.5,30732.25,30661.5,30695.5,0,0,0,0,0,0,0,0,0,0,0,1,0,30833.605732165553,30560.144267834447,67.57048811036796,51062,54392.500816961365,84086.62683816308,-7934.5643019530735,0,0,0,0,-50843.77179544003,35231.74867489963
1782139200,30695,30715.5,30612.75,30625.5,0,0,0,0,0,0,0,0,0,0,0,0,1,30820.624965582298,30507.625034417702,70.08331038819883,51422,53402.33387797424,81588.75122544204,-9629.320684489718,0,0,0,0,-85625.56254969793,23721.52855827129
1782139500,30625.75,30682.25,30614,30631,0,0,0,0,0,0,0,0,0,0,0,1,0,30787.178539469278,30509.071460530722,69.95235964618463,54889,53897.88925198283,80103.50081696136,-7274.636997453045,0,0,0,0,-81403.33178046717,13709.637097439057
1782139800,30630.75,30655.75,30557,30579.75,0,0,0,0,0,0,0,0,0,0,0,0,1,30763.764000935756,30448.985999064244,72.00933395717145,51729,53174.92616798855,80846.83387797425,-8214.636496310519,0,0,0,0,-108119.06848932792,2106.9032320326787
1782140100,30579.25,30653.75,30545,30639.75,0,0,0,0,0,0,0,0,0,0,0,1,0,30765.700500868916,30433.049499131084,74.63366724594492,47919,51422.95077865903,79762.38925198282,-3902.5434821564086,0,0,0,0,-81460.68228243137,-5851.914436011516
1782140400,30639.5,30679.75,30628,30666.25,0,0,0,0,0,0,0,0,0,0,0,1,0,30789.24867937828,30518.50132062172,72.99911958552028,30725,44523.63385243936,77134.42616798855,-1373.3708220263698,0,0,0,0,-65578.6774515135,-11540.177580345038
1782140700,30666.5,30669.25,30602.75,30639.25,0,0,0,0,0,0,0,0,0,0,0,0,1,30778.052345136974,30493.947654863026,72.5348967579831,40109,43052.089234959574,66785.45077865904,-2342.0235345830824,0,0,0,0,-82014.32030865636,-18252.00069732707
1782141000,30639.25,30662.75,30615.75,30628.75,0,0,0,0,1,0,0,0,0,0,0,0,1,30768.816463341478,30509.683536658522,70.71097556098431,29824,38642.726156639714,64578.133852439365,-2196.0798522103605,0,0,0,0,-88677.12881929465,-24959.155756562075
1782141300,30628,30655.75,30590.75,30605.75,0,0,0,0,0,0,0,0,0,0,0,0,1,30761.2045731028,30485.2954268972,70.30304873519971,31693,36326.15077109314,57964.08923495957,-2455.583844707223,0,0,0,0,-99525.88651160235,-32060.749161804008
1782141600,30605.75,30644.5,30587.25,30632.5,0,0,0,0,0,0,0,0,0,0,0,1,0,30748.556032166885,30483.193967833115,69.37068811125688,30966,34539.43384739543,54489.22615663971,-268.2595187349352,0,0,0,0,-85057.05681727921,-37108.01655756355
1782141900,30631.75,30648.75,30583,30597.25,0,0,0,0,0,0,0,0,0,0,0,0,1,30752.418101297822,30479.331898702178,69.1120675318814,26601,31893.28923159695,51809.15077109314,-1157.2920458801746,0,0,0,0,-99014.99598077731,-43003.91935977438
1782142200,30597,30632.75,30586,30596.25,0,0,0,0,0,0,0,0,0,0,0,0,1,30734.022165490835,30484.727834509165,67.51477699388987,25660,29815.52615439797,47839.93384739543,-599.6942573717915,0,0,0,0,-99426.65373478801,-48377.513109775675
1782142500,30596.5,30618.25,30575.5,30607,0,0,0,0,0,0,1,0,0,0,0,1,0,30716.868796527204,30476.881203472796,65.74586435146917,23708,27779.68410293198,44723.28923159695,445.6489487353874,0,0,1,0,-93603.63619092836,-52684.762927028314
1782142800,30607.5,30673,30607.5,30648,0,0,0,0,0,0,0,0,0,0,0,1,0,30771.64602534669,30508.85397465331,65.7640168977928,23620,26393.122735287987,41669.52615439797,2120.9985047087825,0,0,0,0,-78998.90336650088,-55190.87154031142
1782143100,30648.75,30674.25,30539.25,30554.75,0,0,0,0,0,0,0,0,0,1,0,0,1,30780.314166393353,30433.185833606647,70.70944426223618,33213,28666.415156858657,39589.68410293198,-77.40698841210906,0,0,0,1,-102124.99225538976,-59660.787798890306
1782143400,30554.75,30601.5,30550.75,30552.75,0,0,0,0,0,0,0,0,0,0,0,0,1,30705.425654508115,30446.824345491885,69.28376967207645,28537,28623.276771239103,42999.62273528799,200.52970827358968,0,0,1,0,-103249.60309282818,-63812.1035411701
1782143700,30552.75,30591,30543,30556.5,0,0,0,0,0,0,0,0,0,0,0,1,0,30692.645250614678,30441.354749385322,67.76350040978527,24170,27138.85118082607,42934.91515685865,709.185500288469,0,0,0,0,-101361.32184282818,-67388.21956989945
1782144000,30556.5,30569,30502.75,30518,0,0,1,0,0,0,0,1,0,0,0,0,1,30670.483089856487,30401.266910143513,67.65539323765775,33167,29148.234120550715,40708.27677123911,-871.9486609494807,0,0,0,1,-120635.729389998,-72459.41098133741
1782144300,30518,30555,30506.25,30550,0,0,0,0,0,0,0,0,0,0,0,1,0,30654.457512009594,30406.792487990406,66.30500800639648,24084,27460.156080367142,43722.351180826074,1145.5080476575326,0,0,1,0,-104826.74477461338,-75542.01419974465
1782144600,30549.5,30587.25,30547.25,30580.25,0,0,0,0,0,0,0,0,0,0,0,1,0,30683.889118294624,30450.610881705376,64.42607886308244,20248,25056.104053578096,41190.23412055071,2759.528317177648,0,0,0,0,-89261.09477461339,-76848.5933021131
1782144900,30579.25,30586.25,30552.25,30583.5,0,0,0,0,1,0,0,0,0,0,0,1,0,30679.62918127358,30458.87081872642,62.25278751571941,16371,22161.069369052064,37584.156080367145,2784.4107921431632,0,0,0,0,-87214.71977461339,-77835.84344235122
1782145200,30583.25,30615.5,30559.75,30572.25,0,0,0,0,0,0,0,0,0,0,0,0,1,30708.182454039754,30467.067545960246,61.78830269316803,23897,22739.712912701376,33241.60405357809,2149.197453163689,0,0,0,0,-91929.82291362685,-79178.12720152033
1782145500,30571.25,30592,30552.5,30589.25,0,0,0,0,0,0,0,0,0,0,0,1,0,30682.29442160834,30462.20557839166,60.19628107222746,14824,20101.141941800917,34109.569369052064,2695.4028723123693,0,0,0,0,-85174.58240729774,-79749.21817349913
1782145800,30589.25,30590.5,30547.5,30550.25,0,0,0,0,0,0,0,0,0,0,0,0,1,30678.95196292203,30459.04803707797,58.96797528135407,13142,17781.42796120061,30151.712912701376,1365.1018086210963,0,0,0,0,-97094.07077939076,-81401.10889786977
1782146100,30549.75,30560.25,30531,30548.25,0,0,0,0,0,0,1,0,0,0,0,0,1,30645.517894141885,30445.732105858115,56.84526276125735,13316,16292.95197413374,26672.141941800917,1328.0564713736624,0,0,0,0,-97776.94257426256,-82960.71210514527
1782146400,30548.75,30558,30526,30543.75,0,0,0,0,0,0,0,0,0,0,0,0,1,30640.60590170318,30443.39409829682,55.07060113545326,12788,15124.634649422494,24439.42796120061,1164.8628917864373,0,0,0,0,-99775.06757426256,-84562.07929268025
1782146700,30544,30577.75,30522.5,30577,0,0,0,0,0,0,0,0,0,0,0,1,0,30660.375123010097,30439.874876989903,55.083415340063745,15542,15263.75643294833,22686.951974133743,2084.9795034329645,0,0,0,0,-90492.06304937569,-85126.83965046077
1782147000,30576.75,30595.75,30570,30592.5,0,0,0,0,0,0,0,0,0,0,0,1,0,30675.232257080803,30490.517742919197,52.98817138720205,12722,14416.50428863222,22895.634649422496,2679.3853367725847,0,0,0,0,-82710.64557364753,-84896.72592885951
1782147300,30592.25,30605.75,30566.5,30589.5,0,0,0,0,0,0,0,0,0,0,0,0,1,30683.76031014646,30488.48968985354,52.00687343097333,15654,14829.002859088147,21624.756432948332,2310.120355954371,0,0,0,0,-83807.42264371122,-84792.98275884539
1782147600,30589.5,30602.75,30573,30591.5,0,0,0,0,0,0,0,0,0,0,0,1,0,30678.375645136,30497.374354864,50.41709675733238,10838,13498.668572725432,22243.50428863222,2164.6746046898306,0,0,0,0,-83078.81760169442,-84629.72893435482
1782147900,30591.5,30591.5,30532,30540.25,0,0,0,0,0,0,0,0,0,0,0,0,1,30668.09881334057,30455.40118665943,51.065875560380064,17609,14868.77904848362,20248.00285908815,535.5588740688377,0,0,0,0,-98246.23356808098,-85926.53889947159
1782148200,30539.5,30568.25,30536,30567.75,0,0,0,0,0,0,0,0,0,0,0,1,0,30642.832826673388,30461.417173326612,49.72188444892435,10565,13434.186032322414,22303.16857272543,1501.1008693021745,0,0,0,0,-88991.6211649802,-86218.4514961867
1782148500,30567.75,30600.75,30567,30599.75,0,0,0,0,0,0,0,0,0,0,0,1,0,30673.621553339573,30494.128446660427,48.58103555971547,13393,13420.45735488161,20151.279048483622,2601.870513384003,0,0,0,0,-76293.07301683206,-85273.17735529577
1782148800,30599.75,30611.5,30583.75,30602,0,0,0,0,0,0,0,0,0,0,0,1,0,30682.13965667246,30513.11034332754,47.093104448307216,11137,12659.304903254406,20130.686032322414,2371.5449557833876,0,0,0,0,-75390.07301683206,-84331.92932306114
1782149100,30601.5,30610.5,30589.25,30596,0,0,0,0,0,0,0,0,0,0,0,0,1,30678.37075262443,30521.37924737557,45.24716841628527,8725,11347.869935502937,18988.957354881608,1869.8285112419048,0,0,0,0,-77648.30831094971,-83695.39398857433
1782149400,30596.75,30606,30573.5,30586,0,0,0,0,0,0,0,0,0,0,0,0,1,30672.504984579828,30506.995015420172,44.33665638655061,11821,11505.579957001957,17021.804903254404,1292.3387035697874,0,0,0,0,-81558.3313878728,-83491.86421707895
1782149700,30585.75,30593,30558.5,30589.5,0,0,0,0,0,1,0,0,0,0,0,1,0,30658.45105710984,30493.04894289016,43.63403807322556,12290,11767.053304667972,17258.369935502935,1306.0035281049363,0,0,0,0,-80222.4618226554,-83180.49256046719
1782150000,30589,30598.5,30574.75,30581,0,0,0,0,0,0,0,0,0,0,0,0,1,30661.820624459135,30511.429375540865,42.21374963942373,7839,10457.702203111981,17650.57995700196,933.9597844330992,0,0,0,0,-82862.96708581329,-83150.25203907158
1782150300,30581.75,30617,30573.5,30613.25,0,1,0,0,0,0,0,1,0,0,0,1,0,30680.458436997767,30510.041563002233,42.305624665179174,10159,10358.134802074654,15686.553304667972,1564.5989637588032,0,0,0,0,-75506.44984443398,-82422.27087767753
1782150600,30613.25,30650,30608,30642,0,0,0,0,0,0,0,0,0,0,0,1,0,30713.425691497927,30544.574308502073,42.28379433195209,14196,11637.423201383102,15537.202203111981,2289.9888691128294,0,0,0,0,-65788.94984443398,-80838.14506498766
1782150900,30641.75,30648.5,30613.5,30614.75,0,0,0,0,0,0,0,0,0,0,0,0,1,30711.14528496236,30550.85471503764,41.763523308241226,11694,11656.282134255402,17456.13480207465,1102.6002246354408,0,0,0,0,-74810.0355587197,-80264.03939772405
1782151200,30615,30628.75,30600.5,30614.75,0,0,0,0,0,0,0,0,0,0,0,0,0,30689.94740746505,30539.30259253495,40.79827164336685,12741,12017.854756170267,17484.423201383102,964.868010150637,0,0,0,0,-74922.78777110908,-79755.34876661786
1782151500,30614.75,30634.75,30613.75,30631.25,0,0,0,0,0,1,0,0,0,0,0,1,0,30693.82616407469,30554.67383592531,39.384109383126365,9104,11046.569837446845,18026.7821342554,1529.397917338666,0,0,0,0,-67769.64491396623,-78613.85316160342
1782151800,30630.25,30638.25,30613.75,30625.5,0,0,0,0,0,0,0,0,0,0,0,0,1,30695.731438069353,30556.268561930647,38.32095871290306,8642,10245.046558297896,16569.854756170265,1148.4506415826525,0,0,0,0,-69445.1347098846,-77740.64188048734
1782152100,30626.25,30651.25,30626.25,30640.5,0,0,0,0,0,0,0,0,0,0,1,1,0,30707.38454963583,30570.11545036417,37.423033090552835,8873,9787.697705531931,15367.569837446845,1463.276855419052,0,0,0,0,-64387.5247098846,-76468.91643566803
1782152400,30640.75,30663.25,30634.25,30643.75,0,0,0,0,0,0,0,0,0,0,0,1,0,30718.482081804697,30579.017918195303,36.82138786979907,11828,10467.79847035462,14681.546558297898,1349.0752604228987,0,0,0,0,-63163.93850298805,-75201.7756801747
1782152700,30643.75,30646.75,30615.75,30627.25,0,0,0,0,0,0,0,0,0,0,0,0,1,30701.358361675793,30561.141638324207,36.40557445052771,10184,10373.198980236413,15701.697705531931,621.5070340823827,0,0,0,0,-68584.45463202031,-74571.55462796953
1782153000,30628,30647.25,30616.75,30625.25,0,0,0,0,0,0,0,0,0,0,0,0,1,30701.225621556092,30562.774378443908,35.98374770406144,11278,10674.799320157608,15559.79847035462,438.2474299524748,0,0,0,0,-69601.32348447932,-74098.19928097045
1782153300,30625.5,30634.5,30610.75,30613.75,0,0,0,0,0,1,0,0,0,0,0,0,1,30687.164862873513,30558.085137126487,35.10990858234277,7760,9703.199546771739,16012.198980236411,20.264702065828573,0,0,0,0,-73440.48137921616,-74035.55948080338
1782153600,30613.5,30618.5,30580.25,30582,0,0,0,0,0,0,0,0,0,0,0,0,1,30671.501301239692,30527.248698760308,35.33420082646114,12237,10547.799697847826,14554.799320157608,-907.555910966664,0,0,0,1,-83518.01079098086,-74938.65008177266
1782153900,30582.75,30605.5,30574.5,30600.75,0,0,0,0,0,0,0,0,0,0,0,1,0,30658.036922579715,30521.963077420285,35.02461505314249,11899,10998.199798565218,15821.699546771739,-59.667471029198225,0,0,0,0,-76608.91401678731,-75097.72283748834
1782154200,30601.25,30605.5,30554,30574.75,0,0,0,0,0,0,0,0,0,0,0,0,1,30659.80214239545,30499.69785760455,36.20142826363231,16414,12803.466532376811,16497.299697847826,-812.5016909381501,0,0,0,0,-85054.95285173877,-76046.03045789314
1782154500,30574.5,30575.75,30550.75,30558.25,0,0,0,0,0,0,0,0,0,0,0,0,1,30628.851989367202,30497.648010632798,35.40132624480143,10643,12083.31102158454,19205.199798565216,-1276.8912466516122,0,0,0,0,-91972.90285173876,-77562.8754477832
1782154800,30558.75,30596.75,30553.5,30586,0,0,0,0,0,0,0,0,0,0,0,1,0,30650.692918698118,30499.557081301882,35.96194579874419,13612,12592.874014389694,18124.966532376813,-188.9726829136431,0,0,0,0,-83396.55603092951,-78118.46407474951
1782155100,30585.75,30589.25,30534,30559.25,0,0,0,0,0,0,0,0,0,0,0,0,1,30645.259495933966,30477.990504066034,37.33966395597675,16417,13867.582676259795,18889.31102158454,-848.2560624700116,0,0,0,0,-91270.77322549965,-79371.06494624952
1782155400,30559.75,30587,30548.5,30574.25,0,0,0,0,0,0,0,0,0,0,0,1,0,30643.133817652968,30492.366182347032,37.42254510197841,12171,13302.05511750653,20801.374014389694,-207.86267342721453,0,0,0,0,-86686.89010861653,-80067.81019980829
1782155700,30573.75,30588,30561.25,30582.25,0,0,0,0,0,0,0,0,0,0,0,1,0,30642.990330677756,30506.259669322244,36.6602204518371,10830,12478.036745004354,19953.082676259794,208.2288285624358,0,0,1,0,-83245.58169740158,-80370.45510434097
1782156000,30582.25,30587.25,30550,30561.5,0,0,0,0,1,0,0,0,0,0,0,0,1,30642.30352134363,30494.94647865637,36.702347562420165,10832,11929.357830002902,18717.05511750653,-345.3689183600543,0,0,0,1,-89279.51458330761,-81218.93695948065
1782156300,30562.5,30569.5,30549.75,30551.75,0,0,0,0,0,0,0,0,0,0,0,0,1,30622.737198390514,30496.512801609486,35.49146559367587,8239,10699.238553335268,17894.036745004352,-648.5638937076558,0,0,0,0,-93764.03357064938,-82413.70806530624
1782156600,30552.25,30598.5,30551.75,30585.25,0,0,0,0,0,0,0,0,0,0,0,1,0,30652.94346993405,30497.30653006595,36.29564662269902,12974,11457.492368890178,16048.857830002902,392.2050305605601,0,0,1,0,-84605.91592359055,-82622.48976609523
1782156900,30584.75,30590.5,30570.25,30581,0,0,0,0,0,0,0,0,0,0,0,0,1,30643.22429351019,30517.52570648981,35.149529006791944,8963,10625.994912593453,17186.238553335268,220.32819867665643,0,0,0,0,-86265.73073840537,-82969.46509679143
1782157200,30580.25,30589.25,30560.25,30564,0,0,0,0,0,0,0,0,0,0,0,0,1,30641.315415402318,30508.184584597682,34.71027693487823,8922,10057.996608395635,15938.99236889018,-235.5203710557978,0,0,0,1,-91265.12729012952,-83759.52816282363
1782157500,30564.25,30599,30561.5,30589.25,0,0,0,0,0,0,0,0,0,0,0,1,0,30651.36431430215,30509.13568569785,34.90954286810121,10314,10143.331072263756,15086.994912593453,511.6509624492152,0,0,1,0,-84389.12729012952,-83819.4899844718
1782157800,30589.25,30648.75,30578.75,30627,0,0,0,0,0,0,1,0,0,0,0,1,0,30704.874006137714,30522.625993862286,37.41600409180827,23462,14582.88738150917,15214.996608395635,1660.732038257883,0,0,0,0,-71736.40586155809,-82668.72006800382
1782158100,30626,30672.75,30613.25,30654,0,0,0,0,0,0,0,0,0,0,1,1,0,30731.240148556448,30554.759851443552,38.99343237096482,23176,17447.258254339446,21874.331072263754,2421.747921304164,0,0,0,0,-60830.05292038162,-80588.84700632552
1782158400,30654.25,30677.75,30642.5,30661.5,0,0,0,0,0,0,0,0,0,0,0,1,0,30735.839066516703,30584.410933483297,38.72604434446733,11837,15577.17216955963,26170.88738150917,2228.35357329846,0,0,0,0,-58395.49263669368,-78475.19420921773
1782158700,30661.25,30665,30641,30644.25,0,0,0,0,0,0,0,0,0,0,0,0,1,30721.511276051224,30584.488723948776,37.67418403414824,4997,12050.448113039754,23365.758254339446,1493.1210597348631,0,0,0,0,-61935.03430336034,-76899.94088485037
1782159000,30644.25,30655.75,30637.75,30652.25,0,0,0,0,0,0,0,0,0,0,0,1,0,30710.15332776185,30583.34667223815,36.26888517456622,3371,9157.298742026504,18075.67216955963,1357.1941206314875,0,0,0,0,-60436.81208113812,-75332.02385592539
1782159300,30653,30676.75,30648.25,30671.5,0,0,0,0,0,1,0,0,0,0,0,1,0,30730.32094720743,30594.67905279257,35.71396480495435,3452,7255.532494684336,13735.948113039754,1306.7674664095605,0,0,0,0,-58196.04015131356,-73700.02540786713
1782159600,30671,30672,30657,30657.75,0,0,0,0,0,0,0,0,0,0,0,0,1,30723.351593835472,30605.648406164528,34.23439589031476,2151,5554.0216631228905,10883.298742026504,866.9920009632647,0,0,0,0,-60096.09015131356,-72404.4125262906
1782159900,30658.25,30658.75,30644.75,30648.75,0,0,0,0,0,0,0,0,0,0,0,0,1,30707.933622847224,30595.566377152776,32.78908189814942,1827,4311.681108748594,8331.032494684336,564.5064819893856,0,0,0,0,-61335.84015131356,-71350.26277629279
1782160200,30649,30656.75,30647.5,30651.25,0,0,0,0,0,0,0,0,0,0,0,1,0,30703.411578358136,30600.838421641864,31.107718905424463,1502,3375.1207391657294,6467.5216631228905,464.94936918535393,0,0,0,0,-60970.48879996221,-70361.71287378512
1782160500,30651,30656.5,30649,30653,0,0,0,0,0,0,0,0,0,0,0,1,0,30700.632179903983,30604.867820096017,29.421453269322715,1188,2646.0804927771533,5062.681108748594,375.9697535231602,0,0,0,0,-60653.688799962205,-69437.13915246865
1782160800,30652.75,30660.25,30652.75,30656.75,0,0,0,0,0,0,1,0,0,0,0,1,0,30702.033452767984,30610.966547232016,27.855635178656804,1316,2202.720328518102,3969.12073916573,337.02769443521777,0,0,0,0,-59951.822133295536,-68533.77562683311
1782161100,30656.75,30659,30652.25,30657.25,0,0,0,0,0,0,0,0,0,0,0,1,0,30698.52213471313,30612.72786528687,26.348089808752746,1435,1946.8135523454014,3304.0804927771533,246.8991400313348,0,0,0,0,-59845.52583699924,-67706.32326589656
1782161400,30658,30658.75,30647.75,30652,0,0,0,0,0,0,0,0,0,0,0,0,1,30696.627696519336,30609.872303480664,25.251797679556123,1004,1632.5423682302676,2920.220328518102,110.17419208927993,0,0,0,0,-60393.1622006356,-67009.8317358717
1782161700,30652,30673.75,30650.5,30662,0,0,0,0,0,0,0,0,0,0,0,1,0,30711.413218196525,30612.836781803475,25.1088121310164,1508,1591.028245486845,2448.813552345401,110.4684484748721,0,0,0,0,-59744.56005009796,-66317.90109913134
1782165600,30662,30699.75,30644.5,30675.75,0,0,0,0,0,0,0,0,0,0,1,1,0,30740.642631182487,30603.607368817513,27.261754121658083,7279,3487.018830324563,2386.5423682302676,219.34157914568175,0,0,0,0,1811.5158371040725,-59829.38520044225
1782165900,30677.75,30686.5,30647.5,30669.75,0,0,0,0,0,0,0,0,0,0,0,0,1,30728.65030038374,30605.34969961626,28.100200255825364,4951,3975.0125535497086,5230.528245486845,40.61607506314266,0,0,0,0,795.926093514329,-54055.54602958924
1782166200,30669.75,30670.75,30655.5,30663.5,0,0,0,0,0,0,0,0,0,0,0,0,1,30711.52349321347,30614.72650678653,27.182328808980692,1864,3271.3417023664724,5962.518830324563,-81.71251687858245,0,0,0,1,31.991667284820778,-48904.35196322028
1782166500,30663.5,30669.5,30659.75,30664,0,0,0,0,0,1,0,0,0,0,0,1,0,30708.405743698222,30620.844256301778,25.93716246548207,1325,2622.5611349109818,4907.012553549708,-102.62060791865082,0,0,0,0,99.94038523353872,-44237.27650146277
1782166800,30663.75,30674.75,30656.25,30669.5,0,0,0,0,0,0,0,0,0,0,0,1,0,30712.858904862635,30618.141095137365,25.405936575090493,2273,2506.0407566073213,3933.8417023664724,-58.882273579928665,0,0,0,0,806.4133582065117,-39947.401276732366
1782167100,30669.75,30670.5,30634,30640.5,0,0,0,0,0,0,0,0,0,0,0,0,1,30709.797554515306,30594.702445484694,26.198369676869742,3731,2914.360504404881,3759.061134910982,-370.5541486164335,0,0,0,0,-2183.4976006975976,-36350.839021871914
1782167400,30640.75,30644,30601.25,30604.5,0,0,0,0,0,0,0,0,0,0,0,0,1,30685.0709434785,30560.1790565215,27.38062898566476,5624,3817.5736696032536,4371.540756607321,-789.4479248209054,0,0,0,0,-6952.386489586486,-33550.98639974949
1782167700,30603.5,30608.25,30572.25,30595.25,0,0,0,0,0,0,0,0,0,0,0,0,1,30650.244447515746,30530.255552484254,27.996298343831565,6681,4772.049113068836,5726.36050440488,-820.8797615659839,0,0,0,0,-8483.448989586486,-31163.60188449587
1782168000,30595.75,30598.5,30569,30574.25,0,0,0,0,0,0,0,0,0,0,0,0,1,30640.65555840748,30526.84444159252,28.103705604986455,3803,4449.032742045891,7158.0736696032545,-957.4996447418345,0,0,0,0,-11255.126955688182,-29267.556653180854
1782168300,30574.75,30590.25,30566.75,30588.25,0,0,0,0,0,0,0,0,0,0,0,1,0,30631.912304235517,30525.087695764483,27.774869490344567,3953,4283.6884946972605,6673.549113068836,-587.8313529066687,0,0,0,0,-8984.25461526265,-27335.81360195055
1782168600,30588.25,30593,30579.75,30591.25,0,0,0,0,0,0,0,0,0,0,0,1,0,30633.106068218694,30539.643931781306,26.737378812462815,2178,3581.792329798174,6425.532742045891,-449.5767973467277,0,0,0,0,-8491.122539790951,-25541.081119840113
1782168900,30590.25,30596.5,30580.25,30582.5,0,0,0,0,0,0,0,0,0,0,0,0,1,30635.48242048879,30541.26757951121,25.98828032585833,2701,3288.194886532116,5372.6884946972605,-501.29948908042104,0,0,0,0,-9779.291770560181,-24039.958324670595
1782169200,30582.5,30588.75,30560.5,30573.75,0,0,0,0,0,0,0,0,0,0,0,0,1,30627.97474759673,30521.27525240327,26.149831731154165,4263,3613.129924354744,4932.292329798174,-543.0092268766325,0,0,0,0,-11099.690000648678,-22807.55181762089
1782169500,30574.5,30582,30568.25,30579.25,0,0,0,0,0,0,0,0,0,0,0,1,0,30619.896194196965,30530.353805803035,25.264129464643155,1907,3044.4199495698294,5419.6948865321165,-387.03780333253167,0,0,0,0,-10440.90818246686,-21629.776233320506
1782169800,30579.25,30579.75,30555,30559,0,0,0,0,0,0,0,0,0,0,0,0,1,30617.59110889718,30517.15889110282,25.22740593145436,2909,2999.2799663798864,4566.629924354744,-543.0593051802962,0,0,0,0,-12820.99909155777,-20790.845076962152
1782170100,30559.5,30560.25,30545.75,30548.25,0,0,0,0,0,0,1,0,0,0,0,0,1,30596.941743975953,30509.058256024047,24.461162650636194,3296,3098.186644253258,4498.919949569829,-683.1498046668617,0,0,0,0,-15378.240470868113,-20275.358924000815
1782170400,30549,30566,30544.25,30559.5,0,0,0,0,0,0,0,0,0,0,0,1,0,30602.401262263385,30507.848737736615,24.267508175590752,3361,3185.7910961688385,4647.279966379887,-399.3883769782928,0,0,0,0,-13755.688746730182,-19654.437954736946
1782170700,30559.5,30574,30552.25,30572.75,0,0,0,0,0,0,0,0,0,0,0,1,0,30610.131529244572,30516.118470755428,24.087686163048556,2840,3070.5273974458923,4778.686644253257,-155.12650382112656,0,0,0,0,-12025.573804201447,-18927.879464209756
1782171000,30573,30577.75,30565,30568.25,0,0,0,0,0,0,0,0,0,0,0,0,1,30612.666777155675,30530.083222844325,23.277851437116514,2073,2738.0182649639282,4605.7910961688385,-190.30946380423546,0,0,0,0,-12797.867921848507,-18344.068841127733
1782171300,30567.75,30576.75,30559.25,30562,0,0,0,0,1,0,0,0,0,0,0,0,1,30611.047721644554,30524.952278355446,22.865147763036763,2308,2594.6788433092856,4107.027397445892,-216.35653746366816,0,0,0,0,-13556.210778991364,-17888.082359019507
1782171600,30562.25,30575,30560.5,30572.75,0,0,0,0,0,0,0,0,0,0,0,1,0,30608.4014558128,30527.0985441872,22.267637208534136,1599,2262.7858955395236,3892.0182649639282,-55.81243101094606,0,0,0,0,-12398.314227267227,-17365.247298852624
1782171900,30573.5,30585.25,30546.25,30554.5,0,0,0,0,0,0,1,0,0,0,0,0,1,30620.44420896903,30511.05579103097,23.462805979353128,5024,3183.1905970263488,3394.178843309285,-263.7189827564084,0,0,0,0,-14845.90397085697,-17125.309839043515
1782172200,30554.75,30563.5,30538.75,30558.75,0,0,0,0,0,0,0,0,0,1,0,1,0,30598.832122614098,30503.417877385902,23.554748409399334,4059,3475.1270646842327,4774.785895539523,-139.41854539098614,0,0,0,0,-14189.90397085697,-16845.747375406703
1782172500,30558,30578,30554.25,30575.5,0,0,0,0,0,0,0,0,0,0,0,1,0,30613.353042427378,30518.896957572622,23.568694951585094,3324,3424.751376456155,5212.690597026349,131.60320592838542,0,0,1,0,-11740.640812962234,-16359.546750411992
1782172800,30574.75,30602.75,30571,30589.75,0,0,0,0,0,0,0,0,1,0,0,1,0,30638.979610825423,30534.770389174577,24.15307388361473,8262,5037.167584304103,5137.127064684232,488.4501360237815,0,0,0,0,-7837.333726348061,-15547.907414786856
1782173100,30590.25,30597.25,30557.75,30559.5,0,0,0,0,1,0,0,0,0,0,0,0,1,30635.12392433789,30519.87607566211,25.249282891927965,5733,5269.111722869402,7555.7513764561545,-11.082470347855661,0,0,0,1,-12300.36537191768,-15238.617696418363
1782173400,30559.5,30563.5,30517.25,30519.5,0,0,0,1,0,0,1,1,1,0,0,0,1,30603.6240011709,30477.1259988291,26.749334113933113,8494,6344.074481912934,7903.667584304103,-689.5249360634497,0,0,0,0,-19646.527534079843,-15658.418633338504
1782173700,30520.25,30545.25,30505.75,30508,0,0,0,0,0,1,0,0,0,0,0,0,1,30586.740143944407,30464.259856055593,27.66009596293789,7410,6699.382987941956,9516.111722869402,-762.9644369734111,0,0,0,0,-21944.565508763386,-16257.099288140875
1782174000,30508,30510.25,30461,30467,0,0,0,0,0,0,0,0,1,0,0,0,1,30554.05334794838,30417.19665205162,29.202231965585185,9836,7744.921991961304,10049.074481912934,-1371.6655028314308,0,0,0,0,-30132.91068642836,-17578.605135596827
1782174300,30467.25,30511.75,30464.75,30495,0,0,0,0,0,0,0,0,0,0,0,1,0,30557.46025166635,30419.03974833365,30.473501110900525,8819,8102.947994640869,11617.382987941957,-598.2139746348598,0,0,0,0,-24925.947920470913,-18278.352067489595
1782174600,30495.25,30534.5,30482.25,30525.5,0,0,0,0,0,0,0,0,0,0,0,1,0,30582.5434479759,30434.2065520241,32.02896531726477,8321,8175.631996427246,12154.421991961304,-0.07299975918817836,0,0,0,0,-20108.526867839333,-18452.654429427665
1782174900,30525,30557.75,30510,30552.75,0,0,0,0,1,0,0,0,0,0,0,1,0,30607.47784454905,30460.27215545095,33.15189636603157,6941,7764.087997618164,12263.447994640868,413.88758342495316,0,0,1,0,-16074.751998729385,-18226.187531265925
1782175200,30552.75,30606.75,30547.75,30605.5,0,1,0,0,0,0,1,1,0,0,0,1,0,30659.247284224115,30495.252715775885,34.998189482743605,9827,8451.725331745443,11646.131996427246,1195.5920869065367,0,0,0,0,-7288.747761441249,-17184.52660080643
1782175500,30606.25,30635,30594.5,30613.75,0,0,0,0,0,0,0,0,1,0,0,1,0,30688.086763922394,30541.413236077606,35.39117594826192,11836,9579.816887830295,12677.587997618164,1204.2525670235295,0,0,0,0,-5096.895909589397,-16033.323677833381
1782175800,30614,30617.5,30595,30598.75,0,0,0,0,0,0,0,0,0,0,1,0,1,30669.205566499364,30543.294433500636,34.47037766624321,5156,8105.211258553531,14369.725331745442,667.9572808496978,0,0,0,0,-8591.51813181162,-15324.580292497976
1782176100,30598.75,30609.25,30586.5,30601.5,0,0,0,0,0,0,0,0,0,0,0,1,0,30659.69981174941,30536.05018825059,33.63320783294012,5195,7135.140839035687,12157.816887830297,613.8837387762061,0,0,0,0,-7963.551098844586,-14623.529893102415
1782176400,30600.75,30617.25,30586.25,30611,0,0,0,0,0,1,0,0,0,0,0,1,0,30667.41768233874,30536.08231766126,33.445121559158686,7849,7373.093892690458,10702.71125855353,750.5918460521094,0,0,0,0,-5368.317227876843,-13742.081067842837
1782176700,30610.5,30614.75,30580.5,30603.25,0,0,0,0,0,0,0,0,0,0,0,0,1,30665.003919314542,30530.246080685458,33.50261287636164,6638,7128.062595126972,11059.640839035688,480.48331607795825,0,0,0,0,-6773.441315468084,-13078.401091426194
1782177000,30602.5,30616,30583.5,30584,0,0,0,0,0,0,0,0,0,0,0,0,1,30666.14649650636,30533.35350349364,33.43099767090724,5030,6428.7083967513145,10692.093892690458,119.73334472123472,0,0,0,0,-9636.672084698854,-12750.61737649978
1782177300,30584.5,30593.75,30553.25,30567.5,0,0,0,0,0,0,0,0,0,0,0,0,1,30644.653889613048,30502.346110386952,33.93592640869958,8582,7146.472264500876,9643.062595126972,-244.76280810625076,0,0,0,1,-13238.993072353174,-12797.129347533437
1782177600,30567,30576.5,30550,30551.5,0,0,0,0,0,0,0,0,0,0,0,0,1,30626.607183212116,30499.892816787884,33.40478880807818,5503,6598.648176333917,10719.708396751314,-504.15575070332886,0,0,0,0,-16457.728921409776,-13145.757878378803
1782177900,30552.75,30581.75,30551.25,30565.75,0,0,0,0,0,0,0,0,0,0,0,1,0,30631.54595583982,30501.45404416018,33.197303893215455,5419,6205.432117555944,9897.972264500875,-192.03329925087877,0,0,0,0,-14147.991216491744,-13241.208672484798
1782178200,30566,30573.25,30517,30518.75,0,0,0,0,0,0,0,0,0,0,0,0,1,30625.51588756555,30464.73411243445,34.84392504370006,7788,6732.954745037297,9308.148176333916,-768.9463048592569,0,0,0,0,-20689.911216491746,-13950.608914771174
1782178500,30519.25,30523.5,30476.25,30499.75,0,0,0,0,0,0,1,0,0,0,0,0,1,30577.095109882295,30422.654890117705,35.730073254864344,11380,8281.969830024864,10099.432117555945,-1060.3526652939572,0,0,0,0,-25386.419152999682,-15039.733699364366
1782178800,30499.25,30518,30464.25,30471,0,0,0,0,0,0,0,0,0,0,0,0,1,30573.525816319274,30408.724183680726,37.01721087951689,9685,8749.646553349909,12422.954745037296,-1327.5985741055079,0,0,0,0,-30476.67496695317,-16509.91858199187
1782179100,30470.75,30473,30434.5,30442.25,0,0,0,1,0,0,0,1,0,0,0,0,1,30528.684686582183,30378.815313417817,37.12312438812283,10555,9351.431035566606,13124.469830024864,-1792.4290887127518,0,0,0,0,-38290.116525394726,-18584.223148030236
1782179400,30442,30463.75,30405,30456.25,0,0,0,0,0,0,0,0,0,0,0,1,0,30521.751851826313,30346.998148173687,38.667901217542635,11963,10221.95402371107,14027.146553349909,-1150.8877771154664,0,0,0,0,-35388.45269560749,-20184.625962085214
1782179700,30456.5,30481.5,30447,30460.5,0,0,0,0,0,0,0,0,0,0,0,1,0,30539.055290981578,30389.444709018422,38.37019398771816,8226,9556.63601580738,15332.931035566606,-803.0533653642273,0,0,0,0,-34434.71356517271,-21541.77716237926
1782180000,30460.25,30474,30436.25,30462,0,0,0,0,0,0,0,0,0,1,0,1,0,30531.48884162575,30378.76115837425,38.325894417166865,8328,9147.09067720492,14334.95402371107,-567.261758714307,0,0,0,0,-34048.64734000715,-22732.90765548668
1782180300,30461.5,30462.75,30400,30416.5,0,0,0,0,0,0,0,0,0,0,0,0,1,30522.855710081054,30339.894289918946,40.07047338736923,10091,9461.727118136614,13720.63601580738,-1088.1729616966388,0,0,0,0,-41285.22104518643,-24499.794644981896
1782180600,30416.75,30439.5,30402.75,30435,0,0,0,0,0,0,0,0,0,0,0,1,0,30499.249945075266,30343.000054924734,39.83329671684286,7698,8873.818078757742,14192.59067720492,-464.8745318731185,0,0,0,0,-37462.40471865582,-25734.328937712744
1782180900,30435,30459,30429,30452.5,0,0,0,0,0,0,0,0,0,0,0,1,0,30517.69637756989,30370.30362243011,39.13091837992551,7189,8312.212052505161,13310.727118136612,81.44006694394864,0,0,1,0,-33268.82138532248,-26451.899647008908
1782181200,30452.25,30462,30443.75,30449.25,0,0,0,0,1,0,0,0,0,0,0,0,1,30518.459136314897,30387.290863685103,37.63942420993083,4638,7087.474701670108,12468.318078757742,60.056425832694686,0,0,0,0,-34031.23234422659,-27173.740856267734
1782181500,30450,30465.5,30441.5,30455.75,0,0,0,0,0,0,0,0,0,0,0,1,0,30520.49776943526,30386.50223056474,36.66517962350719,4545,6239.983134446738,10631.212052505161,216.36889069590814,0,0,0,0,-32942.32609422659,-27723.12992654953
1782181800,30455.75,30458.5,30432,30433.25,0,0,0,0,0,0,0,0,0,0,0,0,1,30512.408643047027,30378.091356952973,35.93909536468525,4143,5540.988756297826,9359.974701670108,-91.06109431832658,0,0,0,1,-36459.96760366055,-28555.209705322006
1782182100,30433,30445.5,30422,30432.5,0,0,0,0,0,0,0,0,0,0,0,0,1,30498.075882829384,30369.424117170616,35.050588552922015,3523,4868.325837531884,8311.483134446738,-17.207533731907574,0,0,0,0,-36534.925050469064,-29315.182595336013
1782182400,30433.25,30443.5,30420.75,30434.5,0,0,0,0,0,0,0,0,0,0,0,1,0,30494.757962627285,30369.492037372715,34.17197508485616,3595,4443.883891687922,7302.488756297826,68.7619462200363,1,0,1,0,-36337.39757794159,-29983.96497463178
1782182700,30434.75,30439,30400,30415.75,0,0,0,0,0,0,1,0,0,0,0,0,1,30490.77525101105,30348.22474898895,34.516834007366434,6012,4966.589261125281,6665.825837531884,-155.74965014479278,0,0,0,1,-39266.32065486467,-30867.998848939675
1782183000,30415.75,30433,30409.75,30415.75,0,0,0,0,0,0,0,0,0,0,0,0,0,30483.568090224548,30359.181909775452,33.7120601496974,4045,4659.392840750187,7449.883891687921,-62.172274534594976,0,0,0,0,-39266.32065486467,-31667.83902093253
1782183300,30415.75,30433,30390,30405.25,0,0,0,0,0,0,0,0,0,1,0,0,1,30484.563226637078,30338.436773362922,34.37548442471901,6091,5136.595227166791,6989.08926112528,-125.36618838615573,0,0,0,0,-40753.657864167,-32533.155101240576
1782183600,30405.75,30414.25,30387.75,30395.75,0,0,1,0,0,0,0,1,0,0,0,0,1,30464.96942473443,30337.03057526557,33.81294982295337,5288,5187.063484777861,7704.892840750186,-223.82010324042085,0,0,0,0,-42749.129562280206,-33506.10504991102
1782183900,30395.75,30396.5,30367.5,30368.25,0,0,0,0,0,0,0,0,0,0,0,0,1,30446.703751539113,30317.296248460887,33.46916769274242,6224,5532.708989851907,7780.595227166792,-670.0525026390919,0,0,0,0,-48651.198527797445,-34948.494904947824
1782184200,30367.75,30377,30357,30366.5,0,0,0,0,0,0,0,0,0,0,0,0,1,30425.760626429175,30308.239373570825,32.50708428611796,5729,5598.139326567938,8299.06348477786,-507.64869391675916,0,0,0,0,-49009.261027797445,-36287.61548807636
1782184500,30366.25,30380.5,30356.5,30360.5,0,0,0,0,0,0,0,0,0,0,0,0,1,30428.349153112806,30308.650846887194,31.899435408538103,5053,5416.426217711959,8397.208989851908,-451.90345608604,1,0,0,0,-50219.87561113078,-37614.49740455773
1782184800,30361,30369.5,30352.25,30357.5,0,0,0,0,0,0,0,0,0,0,0,0,1,30415.779570747607,30305.970429252393,30.853047165071096,4231,5021.284145141306,8124.639326567938,-370.17431128753515,1,0,0,0,-51078.339379246725,-38896.76806881383
1782185100,30358.25,30374.75,30350,30366,0,0,0,0,0,0,0,0,0,0,0,1,0,30420.375672837064,30304.374327162936,30.417115224708876,4469,4837.189430094204,7531.926217711959,-88.54765271388897,1,0,0,0,-49678.95554086289,-39923.64306615183
1782185400,30366.25,30366.25,30335.5,30340.5,0,0,0,0,0,0,0,0,0,0,0,0,1,30411.911339062986,30289.838660937014,30.440892708658243,7058,5577.459620062803,7255.784145141306,-545.9876598396913,0,0,0,0,-55589.31326444012,-41415.611656465
1782185700,30340.5,30346,30312,30320.75,0,0,0,0,0,0,0,0,0,0,0,0,1,30392.04267198706,30265.95732801294,30.695114658039795,6739,5964.639746708535,8366.189430094204,-727.3905053338904,0,0,0,0,-59503.87944091071,-43138.30382641221
1782186000,30321,30332.25,30301,30330.75,0,0,0,0,0,0,0,0,0,0,0,1,0,30378.352123987985,30254.897876012015,30.734749325322667,7848,6592.42649780569,8946.959620062804,-271.6018338860317,0,0,0,0,-57055.303440910706,-44463.73236112635
1782186300,30329.5,30342,30312,30337.5,0,0,0,0,0,0,0,0,0,0,0,1,0,30388.023400845985,30265.976599154015,30.682267230656766,5495,6226.617665203793,9888.639746708535,9.409321456618727,0,0,1,0,-55589.97010757737,-45523.37405126454
1782186600,30337,30378.75,30336.25,30375.5,0,0,0,0,0,0,0,0,0,0,0,1,0,30426.039586499843,30288.960413500157,31.52639099989557,6854,6435.745110135862,9339.926497805689,684.7213965512751,0,0,0,0,-49381.05246051855,-45890.771995003015
1782186900,30375,30402.25,30367.5,30398.75,0,0,0,0,1,0,0,0,0,0,0,1,0,30449.884973178425,30319.865026821575,31.756648785617312,5347,6072.830073423908,9653.617665203794,990.2345249317399,0,0,0,0,-45726.628000086894,-45875.139233582435
1782187200,30401,30415,30390.75,30398.25,0,0,0,0,0,0,0,0,0,0,0,0,1,30461.830689379967,30343.919310620033,31.220459586644644,5816,5987.2200489492725,9109.245110135862,826.5843282625418,0,0,0,0,-46386.17439183947,-45923.809248654536
1782187500,30398.5,30399.5,30360,30362.25,0,0,0,0,0,0,0,0,0,0,0,0,1,30447.217782995685,30312.282217004315,31.81185533045574,4787,5587.146699299515,8980.83007342391,336.15175530493855,0,0,0,0,-50779.30730323188,-46386.23763480476
1782187800,30363,30365.5,30335.5,30353.5,0,0,0,0,0,0,0,0,0,0,0,0,1,30413.023655638848,30287.976344361152,31.68243709256604,5562,5578.7644661996765,8380.720048949272,181.53838111391048,0,0,0,0,-52540.60730323188,-46972.36807941687
1782188100,30354,30354.5,30317,30321,0,0,0,0,0,1,0,0,0,0,0,0,1,30402.64696595036,30268.85303404964,32.0979773002399,5560,5572.509644133118,8368.146699299516,-240.38881186616754,0,0,0,1,-57433.407303231885,-47968.657529304015
1782188400,30320.75,30327,30306,30322.25,0,0,0,0,0,0,1,0,0,0,0,1,0,30373.957896953907,30259.042103046093,31.305264635937046,4762,5302.339762755412,8358.764466199676,-90.42620681700816,0,0,0,0,-57093.26444608903,-48837.66771185497
1782188700,30321.5,30339.25,30317.5,30330,0,0,0,0,0,0,0,0,0,0,0,1,0,30385.184118600057,30271.565881399943,30.622745733370117,3822,4808.893175170275,7953.509644133119,140.99167851604602,0,0,1,0,-55599.60927367524,-49481.66214631405
1782189000,30330,30330.25,30311.75,30315,0,0,0,0,0,0,0,0,0,0,0,0,1,30374.885252985765,30267.114747014235,29.75683532384368,3164,4260.595450113517,7213.339762755412,-53.1714859157247,0,0,0,1,-58165.01467908065,-50308.64810181563
1782189300,30314.75,30323,30302,30308.75,0,0,0,0,0,0,0,0,0,0,0,0,1,30366.69702062964,30258.30297937036,29.131347086426274,3574,4031.730300075678,6390.893175170275,-65.82915536980568,0,0,0,0,-59186.1575362235,-51154.12519080685
1782189600,30309,30310.75,30285.25,30295.75,0,0,1,0,0,0,0,1,0,0,0,0,1,30354.05794772752,30241.94205227248,28.87196515168154,6067,4710.1535333837855,6047.595450113517,-276.1978604225135,0,0,0,0,-62338.61832053723,-52219.31501268593
1782189900,30296,30304.75,30284.75,30287.25,0,0,0,0,0,0,0,0,0,0,0,0,1,30347.1073800327,30242.3926199673,28.23825335513286,3880,4433.435688922524,7065.230300075678,-308.91542533990946,0,0,0,0,-64036.11832053723,-53344.72485152891
1782190200,30286.75,30290.5,30243.75,30256.25,0,0,0,0,0,0,0,0,0,0,0,0,1,30334.840781458934,30199.409218541066,29.56052097262337,8226,5697.623792615015,6650.1535333837855,-678.6239569970871,0,0,0,0,-69402.813507703,-54874.066628307395
1782190500,30255.75,30256.5,30231,30241.25,0,0,0,0,0,0,0,0,0,0,0,0,1,30300.40572564044,30187.09427435956,29.27048376029313,6096,5830.415861743343,8546.435688922524,-796.5518569319299,0,0,0,0,-72869.16644887948,-56587.88565883807
1782190800,30242,30264.75,30236,30262.25,0,0,0,0,0,0,0,0,0,0,0,1,0,30308.599959523264,30192.150040476736,29.23330634884362,6064,5908.277241162229,8745.623792615015,-159.23144672634294,0,0,0,0,-68598.00123148818,-57731.706189566656
1782191100,30262.5,30268.75,30228.25,30238.25,0,0,0,0,0,0,0,0,0,0,0,0,1,30313.807105271604,30183.192894728396,30.038070181069077,5271,5695.851494108153,8862.415861743344,-337.22627555129884,0,0,0,0,-71754.09382408077,-59067.171678568004
1782191400,30237.75,30262.25,30227,30231,0,0,0,0,0,0,0,0,0,0,0,0,1,30307.865526323632,30181.384473676368,30.410350882421287,5425,5605.567662738768,8543.77724116223,-280.8159722677399,0,0,0,0,-72792.92361131482,-60374.38614835341
1782191700,30231,30243.25,30219,30222.75,0,0,0,0,0,0,0,0,0,0,0,0,1,30288.205488729087,30174.044511270913,29.970325819391196,5350,5520.378441825846,8408.351494108152,-306.3655719407018,0,0,0,0,-74613.02670409833,-61730.447153662455
1782192000,30222.5,30241.25,30210.25,30213.75,0,0,0,0,0,0,0,0,0,0,0,0,1,30286.315810962722,30165.184189037278,30.043873975148966,5375,5471.91896121723,8280.56766273877,-296.55997609564724,0,0,0,0,-76130.16380087253,-63101.84873911103
1782192300,30214.5,30217.75,30180.25,30187,0,0,0,0,0,0,0,0,0,0,0,0,1,30263.614681608244,30134.385318391756,30.57645440549547,8093,6345.612640811487,8207.878441825846,-702.1037602609304,0,0,0,0,-82065.0304675392,-64907.866046580384
1782192600,30187,30189.75,30146.25,30155.25,0,0,0,0,0,0,0,0,1,0,0,0,1,30236.999347207653,30099.000652792347,31.49956480510294,11839,8176.741760540991,9518.41896121723,-1282.4577155211164,0,0,0,0,-90706.1396629415,-67364.84448623382
1782192900,30154.5,30160.5,30127,30139.25,0,0,0,0,0,0,0,0,0,0,0,0,1,30207.963679549965,30079.536320450035,31.64245303330987,8795,8382.82784036066,12265.112640811487,-1310.4288052999964,0,0,0,0,-94709.83369279224,-69969.12917257272
1782193200,30140,30165.75,30121,30162,0,0,0,0,0,0,0,0,0,0,0,1,0,30214.61805958211,30072.13194041789,32.57870638807345,9434,8733.21856024044,12574.24176054099,-511.1262025012031,0,0,0,0,-90071.88955871403,-71883.67778077665
1782193500,30161.75,30169.75,30144,30156.75,0,0,0,0,0,0,0,0,0,0,0,0,1,30217.886412469103,30095.863587530897,32.0909416460682,6775,8080.479040160294,13099.82784036066,-415.9514410315603,0,0,0,0,-91387.42353929655,-73741.17737682616
1782193800,30156.25,30165,30132,30135.5,0,0,0,0,0,0,0,0,0,0,0,0,1,30213.23381157845,30083.76618842155,32.15587438563476,5692,7284.319360106862,12120.71856024044,-548.3988984288469,0,0,0,0,-94966.48414535716,-75762.6351643053
1782194100,30135.5,30135.75,30092,30107.75,0,0,0,0,0,0,0,0,0,0,0,0,1,30185.22603932285,30042.52396067715,32.98402621523228,9954,8174.212906737908,10926.479040160293,-909.8296646391286,0,0,0,0,-101280.16414535715,-78192.87601964358
1782194400,30108.25,30132,30089.5,30122.5,0,0,0,0,0,0,0,0,0,0,0,1,0,30182.495607942645,30039.004392057355,33.663738628429975,9187,8511.808604491938,12261.319360106863,-314.4164772839408,0,0,0,0,-98199.81708653361,-80098.298978395
1782194700,30121.25,30134.25,30073.25,30086.5,0,0,0,0,0,0,0,0,0,0,0,0,1,30187.6744930896,30019.8255069104,35.61632872639926,10657,9226.872402994626,12767.712906737906,-687.694304784733,0,0,0,0,-104270.81298817295,-82400.44316980243
1782195000,30086.75,30093.75,30068,30086.75,0,0,0,0,0,0,0,0,0,0,0,0,0,30146.117386440343,30015.632613559657,34.91159096022788,7956,8803.248268663085,13840.30860449194,-416.1080203544741,0,0,0,0,-104270.81298817295,-84483.33553345676
1782195300,30087,30109.25,30053,30062.5,0,0,0,0,0,0,0,0,0,0,0,0,1,30163.903644551745,29998.346355448255,36.43576303449732,10518,9374.832179108724,13204.872402994628,-622.757048938611,0,0,0,0,-108851.9863215063,-86804.15941803291
1782195600,30062,30064.75,30029,30041.5,0,0,0,0,0,0,0,0,0,0,0,0,1,30119.330169940906,29974.419830059094,36.386779960604656,8598,9115.888119405816,14062.248268663086,-819.7513429485753,0,0,0,0,-113782.30799982797,-89373.5069020134
1782195900,30042,30047.25,30004,30022,0,0,0,0,0,0,0,0,0,0,0,0,1,30102.565514945127,29948.684485054873,36.87700996341861,11995,10075.592079603877,13673.832179108724,-1032.6525238137478,0,0,0,0,-119329.12880907653,-92226.42327411464
1782196200,30021.25,30054.5,30012.5,30032,0,0,0,0,0,0,0,0,0,0,0,1,0,30110.364406734763,29956.635593265237,37.24293782317442,10102,10084.394719735918,15113.388119405816,-433.9674326491927,0,0,0,0,-116743.49785669558,-94561.38275816997
1782196500,30032.75,30040.75,30006.25,30024.5,0,0,0,0,0,0,0,0,0,0,0,0,1,30096.320520539422,29950.679479460578,37.04701369294768,8316,9494.929813157278,15126.592079603877,-373.1459033132919,0,0,0,0,-118732.10655234776,-96863.35645285356
1782196800,30024.75,30044.75,29980,30004.5,0,0,0,0,0,0,0,0,0,0,0,0,1,30103.288697643748,29921.461302356252,39.025798429165704,11447,10145.619875438186,14242.394719735916,-470.66395347814705,0,0,0,0,-122312.05635929757,-99287.04215822919
1782197100,30004.5,30038.5,29993.25,30006,0,0,0,0,0,0,0,0,0,0,0,1,0,30097.70557638348,29934.04442361652,39.47038425565387,10030,10107.07991695879,15218.42981315728,-178.8246700751472,0,0,0,0,-121979.57017145226,-101448.23530234567
1782197400,30007.75,30022.75,29988.5,29993.5,0,0,0,0,0,0,0,0,0,0,0,0,1,30081.396249498946,29929.853750501054,39.097499665964314,5346,8520.053277972527,15160.619875438184,-180.1618972301526,0,0,0,0,-124203.81834663474,-103615.43368751605
1782197700,29994,30006.5,29948.5,29969.25,0,0,0,0,0,0,0,0,0,0,0,0,1,30067.17151739188,29887.82848260812,40.44767826125258,7848,8296.035518648352,12780.079916958792,-285.8030984683239,0,0,0,0,-127552.7493811175,-105895.17803928762
1782198000,29969,29981.25,29944.75,29976.25,0,0,0,0,0,0,0,0,0,0,0,1,0,30041.498551863886,29884.501448136114,40.16570124259168,9848,8813.357012432234,12444.053277972529,129.1364797072108,0,0,1,0,-125596.6397920764,-107771.5077300294
1782198300,29976,30046.25,29966.25,30043.75,0,0,0,0,0,0,0,0,0,0,0,1,0,30110.76651244504,29901.73348755496,43.011008296692275,10318,9314.904674954823,13220.03551864835,1104.5725308481246,0,0,0,0,-116858.5835420764,-108636.94352165292
1782198600,30043,30054.25,30031.5,30046.75,0,0,0,0,0,0,0,0,0,0,0,1,0,30116.595690127535,29969.154309872465,41.563793418357115,6728,8452.603116636548,13972.357012432236,1174.4633687975302,0,0,0,0,-115749.57255306542,-109314.33676273983
1782198900,30046.25,30052,30005.25,30008.75,0,0,0,0,1,0,0,0,0,0,0,0,1,30114.901355118425,29942.348644881575,41.934236745617326,6538,7814.402077757699,12678.904674954822,625.556892359814,0,0,0,0,-120993.95757980339,-110426.68160246017
1782199200,30008.75,30034.5,29992.25,29998.75,0,0,0,0,0,0,0,0,0,0,0,0,1,30097.43518689568,29929.31481310432,41.956791263787515,7262,7630.268051838466,11721.603116636548,505.3308198269724,0,0,0,0,-122712.77414785072,-111596.78565440213
1782199500,29998.5,30011.5,29980.75,30010.25,0,0,0,0,0,0,0,0,0,0,0,1,0,30073.234459260275,29919.015540739725,41.156306173516974,6061,7107.178701225644,11445.402077757699,783.3665762059796,0,0,0,0,-120396.78227793203,-112434.88057092878
1782199800,30009.25,30009.5,29955.25,29993,0,0,0,0,0,0,1,0,0,0,0,0,1,30072.717712170255,29892.032287829745,42.145141446837194,7557,7257.119134150429,10660.768051838466,573.7644288246477,0,0,0,0,-122660.39978945277,-113408.73954412155
1782200100,29992,29997.75,29954,29988.75,0,0,0,0,0,0,0,0,0,0,0,0,1,30061.139661300953,29890.610338699047,42.25977420063454,6783,7099.079422766953,10885.678701225643,564.4211558300549,0,0,0,0,-123164.27978945278,-114337.83861510547
1782200400,29990,30004.25,29938.25,29951,0,0,0,0,0,0,0,0,0,1,0,0,1,30070.18325692231,29872.31674307769,43.95550461487493,8816,7671.386281844635,10648.619134150429,110.18534015237879,0,0,0,0,-128373.73433490732,-115674.59058841993
1782200700,29951,29970.25,29937.25,29952,0,0,0,0,0,0,0,0,0,0,0,1,0,30035.009452856433,29872.490547143567,43.17296857095529,7346,7562.924187896423,11507.079422766952,250.0950352794962,0,0,0,0,-128151.12827430126,-116862.83227278959
1782201000,29954,29955.25,29917.75,29934.25,0,0,1,0,0,0,0,1,0,0,0,0,1,30019.40163479526,29853.59836520474,42.767756530172775,8025,7716.949458597615,11344.386281844634,-56.132079082751034,0,0,0,1,-132377.62827430124,-118340.43189198118
1782201300,29934.75,29936.75,29889,29908,0,0,0,0,0,0,0,0,0,0,0,0,1,30001.4354465956,29824.3145534044,43.123631063731864,10017,8483.63297239841,11575.424187896424,-435.7246264726159,0,0,0,0,-137989.24607534838,-120211.74752849234
1782201600,29908.5,29919.5,29815.75,29848.25,0,0,0,0,0,0,0,0,0,0,0,0,1,29990.681128981625,29744.568871018375,47.454085987751014,17572,11513.088648265606,12725.449458597617,-1174.261275572679,0,0,0,0,-148193.7087259508,-122876.69621396458
1782201900,29848.75,29904,29847.5,29891,0,0,0,0,0,0,0,0,0,0,0,1,0,29976.150334054368,29775.349665945632,48.10022270291166,8645,10557.059098843738,17269.63297239841,-200.05821767779912,0,0,0,0,-141729.08483214548,-124672.16179664848
1782202200,29891.5,29898.75,29849.5,29853.25,0,0,0,0,0,0,0,0,0,0,0,0,1,29971.023524479057,29777.226475520943,48.182349652703685,8640,9918.03939922916,15835.588648265606,-643.8145214194612,0,0,0,0,-148439.3386392521,-126935.70244832501
1782202500,29852.25,29859.5,29807.5,29808.25,0,0,0,0,0,0,0,0,0,0,0,0,1,29932.182558444838,29734.817441555162,48.45503896322485,12366,10734.026266152772,14877.05909884374,-1354.2327442351302,0,0,0,0,-158902.87710079056,-129980.19527236935
1782202800,29809.25,29834.25,29781.25,29797.5,0,0,0,0,0,0,0,0,0,0,0,0,1,29907.419518555922,29708.080481444078,48.77967903728022,9743,10403.684177435181,16101.039399229157,-1142.8529250015404,0,0,0,0,-161062.8818177717,-132940.45113383624
1782203100,29796.5,29815,29776,29800,0,0,0,0,0,0,0,0,0,0,0,1,0,29887.121695801925,29703.878304198075,48.081130534617344,7515,9440.789451623454,15605.526266152772,-695.8907911381648,1,0,0,0,-160388.45874084864,-135554.54709640885
1782203400,29799.5,29854.75,29798.75,29837.25,0,0,0,0,0,0,0,0,0,0,0,1,0,29927.720146101787,29725.779853898213,48.64676406785896,9657,9512.859634415636,14161.184177435181,222.35839868427797,0,0,1,0,-153878.60606227722,-137299.6955693487
1782203700,29838,29856.25,29816.75,29825.25,0,0,0,0,0,0,0,0,0,0,0,0,1,29928.240135665947,29744.759864334053,47.99342377729761,6442,8489.239756277091,14269.289451623454,161.43966243035652,0,0,0,0,-155957.98580911267,-139076.67559218337
1782204000,29824.75,29878.25,29823.5,29853.5,0,0,0,0,1,0,0,0,0,0,0,1,0,29950.964054546952,29750.785945453048,48.476036364633494,8601,8526.493170851394,12733.859634415636,731.164647932513,0,0,0,0,-151441.4789597976,-140254.27591290855
1782204300,29853.5,29854.75,29779.5,29806.25,0,0,0,0,0,0,1,0,0,0,0,0,1,29930.332693507884,29703.917306492116,50.38846233858824,8389,8480.66211390093,12789.739756277091,270.13615505434905,0,0,0,0,-156708.99058770458,-141821.39159622244
1782204600,29806.25,29844.5,29800.25,29833.5,0,0,0,0,0,0,0,0,0,0,0,1,0,29919.42500111446,29725.32499888554,49.950000742974794,6820,7927.108075933953,12720.993170851394,783.0240261685813,0,0,0,0,-152509.10358205487,-142839.2689282065
1782204900,29833.5,29841.5,29810.25,29828.5,0,0,0,0,0,0,0,0,0,0,0,0,1,29914.421429606286,29737.328570393714,48.61428640419088,5608,7154.072050622635,11890.66211390093,716.2163884464334,0,0,0,0,-153406.38358205487,-143845.66080000158
1782205200,29829.25,29871.25,29823.25,29859.5,0,0,0,0,0,0,0,0,0,0,0,1,0,29944.105613205837,29750.394386794163,48.57040880389153,7371,7226.381367081757,10731.108075933953,1178.1791357736556,0,0,0,0,-148761.11795705487,-144313.7995768638
1782205500,29859,29887.5,29845.25,29850.75,0,0,0,0,0,0,0,0,0,0,0,0,1,29959.67842654828,29773.07157345172,48.118951032184995,6439,6963.920911387838,10839.572050622635,991.3259264549929,0,0,0,0,-150018.4374836821,-144857.0984251322
1782205800,29850.75,29910,29842.5,29900.75,0,0,0,0,0,0,0,0,0,0,0,1,0,29984.254967509114,29768.245032490886,49.50331167274321,8298,7408.6139409252255,10445.881367081756,1528.6127596372125,0,0,0,0,-143871.77081701544,-144763.25770054964
1782206100,29900.75,29913.5,29881.75,29910.25,0,0,0,0,0,0,0,0,0,0,0,1,0,29985.85282697275,29809.39717302725,48.23521798183298,5241,6686.075960616817,11112.920911387839,1525.2976785773567,0,0,0,0,-142303.59758866898,-144529.004356561
1782206400,29910.75,29932.25,29900,29923,0,0,0,0,0,0,0,0,0,0,0,1,0,30002.890125046124,29829.359874953876,47.09341669741634,5879,6417.050640411211,10029.113940925225,1574.5204249398246,0,0,0,0,-140070.4890615372,-144104.38385227302
1782206700,29922.5,29933.25,29900.5,29917,0,0,0,0,0,0,0,0,0,0,0,0,1,30002.353330399972,29831.396669600028,46.06888693331517,5635,6156.367093607474,9625.575960616818,1304.569503385309,0,0,0,0,-141016.82493939978,-143810.33062247557
1782207000,29916.75,29918.75,29890,29897.5,0,0,0,0,0,0,0,0,0,0,0,0,1,29985.997735371402,29822.752264628598,44.83182358093551,4384,5565.578062404983,9234.550640411211,888.2570308281751,0,0,0,0,-143952.19885244325,-143823.84188247248
1782207300,29897.75,29907.25,29885.25,29885.5,0,0,0,0,0,0,0,0,0,0,0,0,1,29972.05146855916,29820.44853144084,43.20097903944012,3803,4978.052041603322,8348.367093607474,619.5699755216388,0,0,0,0,-146069.7783978978,-144037.74059822728
1782207600,29885.75,29891,29862.75,29863.5,0,0,0,0,0,1,0,0,0,0,0,0,1,29954.19957794779,29799.55042205221,42.1330519651944,5027,4994.368027735548,7467.078062404984,222.91888231560495,0,0,0,0,-150029.0969819686,-144608.3459681074
1782207900,29863.5,29881,29857.5,29879.5,0,0,0,0,0,0,0,0,0,0,0,1,0,29942.20317952295,29796.29682047705,40.80211968196623,3940,4642.912018490365,7491.552041603321,522.8085600127182,0,0,0,0,-147346.54379047925,-144869.1267130952
1782208200,29878.75,29891.5,29866.75,29884.25,0,0,0,0,0,0,0,0,0,0,0,1,0,29950.983309557025,29807.266690442975,39.65553970468293,4001,4428.941345660243,6964.368027735547,594.9536241347712,0,0,0,0,-146457.43267936812,-145020.39394797833
1782208500,29883.25,29894.5,29874.25,29886,0,0,0,0,0,0,0,0,0,0,0,1,0,29951.904144588665,29816.845855411335,38.26942972577701,3216,4024.6275637734957,6643.412018490365,607.0722239393331,0,0,0,0,-146020.6919386274,-145115.66042327823
1782208800,29886.75,29916.75,29875.25,29903.5,0,0,0,0,0,0,1,0,0,0,0,1,0,29974.500277118048,29817.499722881952,38.50018474536437,5903,4650.75170918233,6036.941345660243,795.776345340868,0,0,0,0,-143638.1557940491,-144974.94569668497
1782209100,29903,29906.75,29866.25,29879.5,0,0,0,0,0,0,0,0,0,0,0,0,1,29964.714543038186,29808.285456961814,38.64302869212406,4047,4449.5011394548865,6976.127563773495,499.02979108739356,0,0,0,0,-145986.41505330836,-145071.27611160147
1782209400,29879.25,29885.25,29853.5,29863.5,0,0,0,0,0,0,0,0,0,0,0,0,1,29942.476004249744,29796.273995750256,38.15066949982948,3465,4121.334092969924,6674.25170918233,312.81750324894693,0,0,0,0,-147705.2733210249,-145322.1329886894
1782209700,29864,29876.75,29854.75,29871.5,0,0,0,0,0,0,0,0,0,0,0,1,0,29932.245575374764,29799.254424625236,36.997050249841664,3851,4031.2227286466164,6182.0011394548865,444.0250445039526,0,0,0,0,-146392.432411934,-145424.06626709364
1782210000,29871.75,29881.25,29840.5,29847.75,0,0,0,0,0,0,0,0,0,0,0,0,1,29937.147677133707,29784.602322866293,37.26511808913869,5389,4483.815152431078,6046.834092969924,125.81178780869061,0,0,0,0,-149566.32198248614,-145818.56681141673
1782210300,29846.75,29849.25,29816.5,29824.75,0,0,0,0,0,0,0,0,0,0,0,0,1,29904.6639144813,29761.0860855187,36.94260965420021,5625,4864.210101620719,6725.722728646617,-191.4056581442769,0,0,0,1,-153344.94793668462,-146535.3650138232
1782210600,29825,29826,29788.75,29792,0,0,0,0,0,0,0,0,0,0,0,0,1,29881.446849161206,29733.303150838794,36.964566107471626,8421,6049.806734413813,7296.315152431078,-795.0605941681945,0,0,0,0,-160805.1627017853,-147894.39336505768
1782210900,29792.25,29807,29782.25,29800.25,0,0,0,0,0,0,0,0,0,0,0,1,0,29861.138145649693,29728.111854350307,36.09209709979508,6223,6107.537822942541,9074.71010162072,-390.63385062625684,0,0,0,0,-158793.68795431056,-148932.42142117702
1782211200,29799.25,29801,29750.5,29780.5,0,0,0,0,0,0,0,0,0,1,0,0,1,29856.68184953186,29694.81815046814,37.12123302123829,9748,7321.025215295027,9161.306734413813,-587.8950892710448,0,0,0,0,-162412.99488500363,-150216.28556058908
1782211500,29780.75,29812.75,29779.25,29794.75,0,0,0,0,0,0,0,0,0,0,0,1,0,29868.04386027958,29723.95613972042,36.862573519721266,6859,7167.016810196685,10981.53782294254,-134.47337229798825,0,0,0,0,-159546.5471238096,-151104.88189994343
1782211800,29796.25,29810.75,29780,29803.5,0,0,0,0,0,0,0,0,0,0,0,1,0,29865.388941688183,29725.361058311817,36.42596112545546,5159,6497.677873464457,10750.525215295027,80.91679923755055,0,0,1,0,-158330.1975303137,-151793.00719807393
1782212100,29804,29824.75,29792.5,29817.75,0,0,0,0,1,0,0,0,0,0,0,1,0,29878.941517281884,29738.308482718116,36.127678187922925,4841,5945.4519156429715,9746.516810196685,335.71058862481857,0,0,0,0,-156266.20528225167,-152219.0260632337
1782212400,29817.75,29842.25,29800.75,29802,0,0,0,0,0,0,0,0,0,0,0,0,1,29897.017123190322,29745.982876809678,36.511415460214145,8249,6713.301277095315,8918.177873464458,52.41837605351952,0,0,0,0,-159396.84986056492,-152902.6283296462
1782212700,29801.25,29833.25,29787.75,29814.5,0,0,0,0,0,0,0,0,0,0,0,1,0,29888.980185819582,29732.019814180418,37.153457213055994,7559,6995.200851396877,10069.951915642972,322.6827021922065,0,0,0,0,-157195.60260781768,-153311.4830228054
1782213000,29815,29852,29814.75,29848.5,0,0,0,0,0,0,0,0,0,0,0,1,0,29907.7673154039,29758.9826845961,37.17821026926628,5434,6474.8005675979175,10492.801277095316,793.4511356261103,0,0,0,0,-152308.64958768344,-153215.9750766033
1782213300,29848,29848,29825.5,29838.25,0,0,0,0,0,0,0,0,0,0,0,0,1,29902.248221446476,29771.251778553524,36.16548096431869,4960,5969.867045065278,9712.200851396876,509.8036991455456,0,0,0,0,-154457.98292101678,-153334.261537976
1782213600,29838,29869,29811,29842,0,0,0,0,0,0,0,0,0,0,0,1,0,29925.5876342003,29754.4123657997,37.72508946686735,9514,7151.244696710185,8954.800567597917,538.9138514749684,0,0,0,0,-153801.8449899823,-153378.79329530994
1782213900,29843,29845.5,29805.5,29813.25,0,0,0,0,0,0,0,0,0,0,0,0,1,29902.331374614565,29748.668625385435,37.88758307637683,5540,6614.163131140123,10726.867045065277,109.53441555476127,0,0,0,0,-157922.2199899823,-153811.50059956446
1782214200,29811.75,29847,29801.5,29828,0,0,0,0,0,0,0,0,0,0,0,1,0,29904.646990713525,29743.853009286475,38.431327142349915,5840,6356.108754093416,9921.244696710186,342.53284711893576,0,0,0,0,-155836.505704268,-154004.35822858385
1782214500,29829,29858.5,29812.75,29852.75,0,0,0,0,0,1,0,0,0,0,0,1,0,29916.931134233986,29754.318865766014,38.95408948932492,6224,6312.072502728944,9534.163131140123,637.8649505865765,0,0,0,0,-152605.46745290188,-153871.13053566177
1782214800,29852.5,29873.5,29848.75,29868.75,0,0,0,0,0,0,0,0,0,0,1,1,0,29930.40926750299,29791.84073249701,37.93951166865885,6199,6274.381668485962,9468.108754093415,953.1447785535465,0,0,0,0,-148535.41694785136,-153362.96733682268
1782215100,29867.75,29882.25,29848,29866,0,0,0,0,0,0,0,0,0,0,0,0,1,29938.763962681347,29791.486037318653,37.6759751208975,6788,6445.587778990642,9411.572502728943,788.0345489750993,0,0,0,0,-148882.24906463968,-152936.23226328145
1782215400,29866,29885.75,29853,29881.75,0,1,0,0,0,0,0,1,0,0,0,1,0,29941.73617963268,29797.01382036732,37.324119755119106,5644,6178.3918526604275,9668.381668485963,935.9036565844935,0,0,0,0,-146167.95898830378,-152291.63480852166
1782215700,29882.75,29884,29871,29872.25,0,0,0,0,0,0,0,0,0,0,0,0,1,29937.380023944632,29817.619976055368,35.586682629753454,4322,5559.594568440285,9267.58777899064,466.18552118542755,0,0,0,0,-149658.80514214994,-152040.88912601006
1782216000,29872.25,29901,29864.25,29879.5,0,0,0,0,0,0,0,0,0,0,0,1,0,29954.50466509144,29810.74533490856,35.66977672762821,7397,6172.063045626856,8339.391852660428,545.6516189015695,0,0,0,0,-148199.5330333064,-151675.0456886097
1782216300,29879,29880.75,29850,29857.5,0,0,0,0,0,0,0,0,0,0,0,0,1,29933.72754615634,29797.02245384366,35.3183641042262,5930,6091.375363751237,9258.094568440285,79.29828138718375,0,0,0,0,-152345.711895095,-151738.91866065594
1782216600,29858,29868.75,29813.25,29822.5,0,0,0,0,0,0,0,0,0,0,0,0,1,29923.88986428803,29758.11013571197,36.759909525352896,7748,6643.583575834158,9137.063045626855,-377.6651456387997,0,0,0,1,-157301.63982302294,-152268.70162850042
1782216900,29821.5,29826.75,29788.25,29804.75,0,0,0,0,0,1,0,0,0,0,0,0,1,29882.07630255317,29732.92369744683,36.8842017021134,8021,7102.722383889439,9965.375363751238,-609.6678123100788,0,0,0,0,-160791.29566717878,-153080.3772512317
1782217200,29805.5,29805.75,29766.25,29781.5,0,0,0,0,0,0,1,0,0,0,0,0,1,29861.356566656515,29710.643433343485,37.07104443767673,8840,7681.814922592959,10654.083575834158,-971.581884971409,0,0,0,0,-166162.43490768512,-154326.28750422725
1782217500,29782,29782.25,29744.5,29776.25,0,0,0,0,0,0,0,0,0,1,0,0,1,29837.929311895336,29688.820688104664,37.11954126355697,9743,8368.876615061972,11522.722383889439,-894.2051128071462,0,0,0,0,-167646.4680202679,-155594.87612480254
1782217800,29776.25,29793.25,29709.75,29711.5,0,0,0,1,0,0,0,1,0,0,0,0,1,29853.898646759953,29649.101353240047,40.4324311733029,13876,10204.584410041314,12553.31492259296,-1697.5503585093911,0,0,0,0,-178406.59975679484,-157767.42123261132
1782218100,29711,29743.75,29707.5,29738.5,0,0,0,0,0,0,0,0,0,0,0,1,0,29803.950529134243,29647.299470865757,40.13368608949555,10669,10359.389606694209,15306.87661506197,-567.0053678288822,0,0,0,0,-170312.8756188638,-158962.22641225441
1782218400,29737.75,29771.75,29732,29739.25,0,0,0,0,0,0,0,0,0,0,0,1,0,29831.909419910367,29671.840580089633,40.10627994024587,10477,10398.593071129473,15539.084410041312,-365.52219070022227,0,0,0,0,-169917.51712829777,-160005.58743282998
1782218700,29739.75,29753.75,29724.5,29740.25,0,0,0,0,0,0,0,0,0,0,0,1,0,29812.74624705963,29665.50375294037,39.33083137308545,8068,9621.728714086315,15597.88960669421,-222.9189815254631,0,0,0,0,-169779.60259838324,-160936.44602002553
1782219000,29740.25,29764.5,29722.75,29724.75,0,0,0,0,1,0,0,0,0,0,0,0,1,29823.755443698225,29663.494556301775,39.50362913215078,7298,8847.152476057543,14432.593071129473,-372.9660334886714,0,0,0,0,-172489.03972413173,-162036.6930394642
1782219300,29724.25,29752.25,29717,29734.75,0,0,0,0,0,0,0,0,0,0,0,1,0,29811.04969771978,29658.20030228022,39.199798479854294,8093,8595.768317371696,13270.728714086315,-11.021421353375786,0,0,0,0,-170078.3588730679,-162802.5659759979
1782219600,29734.25,29746,29708.25,29718.75,0,0,0,0,0,0,0,0,0,0,0,0,1,29804.64436216837,29649.60563783163,39.09624144557899,9261,8817.51221158113,12893.652476057545,-300.358010084909,0,0,0,0,-173880.8886743924,-163857.64432822593
1782219900,29719.25,29730,29702,29712.75,0,0,0,0,0,0,0,0,0,1,0,0,1,29787.455479156342,29644.544520843658,38.30365277089478,8701,8778.674807720754,13226.268317371694,-366.46381802637563,0,0,0,0,-175900.7636743924,-165004.6080754799
1782220200,29713.25,29745.5,29691.25,29735.25,0,0,0,0,0,0,0,0,0,0,0,1,0,29804.66401635946,29632.08598364054,39.44267757297372,13421,10326.116538480503,13168.012211581132,284.23813922904174,0,0,1,0,-170458.14616287165,-165523.99265523147
1782220500,29735.25,29736.75,29697.75,29731.25,0,0,0,0,0,0,0,0,0,0,0,0,1,29795.8665866195,29638.6334133805,39.411057746332745,11711,10787.744358987002,15489.174807720754,187.77350825380313,0,0,0,0,-171659.27436799987,-166108.30519930465
1782220800,29730.5,29754.75,29725.5,29745,0,0,0,0,0,0,0,0,0,0,0,1,0,29812.77790186096,29667.47209813904,38.685267907308976,11244,10939.829572658002,16181.616538480503,745.1909308378796,0,0,0,0,-166085.32565005115,-166106.11667080433
1782221100,29745,29745,29676,29718.75,0,0,0,0,0,0,0,0,1,0,0,0,1,29806.275908870895,29614.724091129105,40.85060591392976,25796,15891.886381772001,16409.744358987,-253.14040708890775,0,0,0,1,-175899.02130222507,-167038.77425474915
1782221400,29719.5,29775.75,29616.5,29767.75,0,0,0,0,0,0,0,0,1,0,0,1,0,29849.71155823726,29542.53844176274,49.30770549150621,82098,37960.590921181334,23837.829572658004,2197.9814823158436,0,0,1,0,-151024.74500709164,-165513.6286121151
1782221700,29767.25,29797.25,29670.75,29779.5,0,0,0,0,0,0,0,0,1,0,0,1,0,29879.482161220312,29588.517838779688,54.82144081354148,74190,50037.060614120885,56940.886381772,2516.936513556997,0,0,0,0,-143840.33789246713,-163449.50568643434
1782222000,29779.75,29805.75,29738.75,29759.25,0,0,0,0,0,0,0,0,1,0,0,0,1,29889.287006847433,29655.212993152567,55.691337898288516,49142,49738.70707608059,75055.59092118133,669.0306695369167,0,0,0,0,-158876.322967094,-163013.96447506858
1782222300,29754.25,29858,29719.75,29819,0,0,0,0,1,0,0,0,1,0,0,1,0,29950.382577786902,29627.367422213098,61.5883851912679,62036,53837.80471738706,74608.06061412088,3305.630367807086,0,0,0,0,-129821.48752405602,-159852.77619401977
1782222600,29819.25,29915.75,29816.75,29876.5,0,0,0,0,0,0,1,0,1,0,1,1,0,30012.140965087838,29720.359034912162,64.26064339189163,56804,54826.53647825804,80756.70707608058,5789.217505135255,0,0,0,0,-96972.70974627824,-153864.198437092
1782222900,29876.75,29934,29843.75,29926,0,1,0,0,0,0,0,1,1,0,0,1,0,30033.175539010135,29744.574460989865,66.11702600675652,58586,56079.69098550536,82239.80471738706,7691.218543493882,0,0,0,0,-65001.95628367436,-145401.12775581414
1782223200,29926,30004,29921,29985.75,0,0,0,0,0,0,0,0,1,0,0,1,0,30104.98442908084,29820.01557091916,67.32295272055963,60262,57473.793990336904,84119.53647825804,10261.85514572113,0,0,0,0,-21620.57676560207,-133612.50385198442
1782223500,29986,29998,29933.5,29975.25,0,0,0,0,0,0,0,0,0,0,0,0,1,30098.68196986078,29832.81803013922,67.12131324051965,52921,55956.195993557936,86210.69098550535,7375.31690685688,0,0,0,0,-30440.743432268733,-123786.6219072496
1782223800,29975,30016,29948.5,30002.25,0,0,0,0,0,0,0,0,0,0,0,1,0,30116.722543442153,29847.777456557847,67.14836229476825,52809,54907.13066237196,83934.29399033691,7805.846544739155,0,0,0,0,-9121.554543379843,-112866.13930116677
1782224100,30002.25,30022.75,29978,30012.5,0,0,0,0,0,0,0,0,0,0,0,1,0,30121.07271891057,29879.67728108943,65.54847927371337,39316,49710.08710824797,82360.69599355794,6944.028936330022,0,0,0,0,-116.2137612569386,-102128.05115450869
1782224400,30012.25,30046.75,29977,29992,0,0,0,0,0,0,0,0,0,0,0,0,1,30145.52288184553,29878.22711815447,65.84858789701956,51217,50212.391405498645,74565.13066237196,3946.9112996861313,0,1,0,0,-14985.665374160164,-93828.77631828502
1782224700,29991.25,30002.5,29940.75,29983.25,0,0,0,0,0,0,0,0,0,0,0,0,1,30100.83374742799,29842.41625257201,65.55583161866102,53057,51160.59427033243,75318.58710824797,2227.969641351553,0,0,0,0,-21859.446750678384,-86974.55445470344
1782225000,29983,29997.75,29903,29939.25,0,0,0,0,0,0,0,0,0,0,0,0,1,30099.211694040278,29801.538305959722,67.64112936018523,50581,50967.39618022162,76740.89140549865,-739.5928942962337,0,0,0,1,-45214.78975859395,-82997.43400745491
1782225300,29939.75,30000,29893.25,29901,0,0,0,0,0,1,0,0,0,0,0,0,1,30105.65193018026,29787.59806981974,70.434620120172,58421,53451.93078681442,76451.09427033243,-2951.8462551427488,0,0,0,0,-66421.47594126374,-81418.77133448432
1782225600,29901.25,29945.5,29872.5,29884.75,0,0,0,0,0,0,0,0,0,0,0,0,1,30051.426792310238,29766.573207689762,70.61786154015972,48731,51878.28719120961,80177.89618022162,-3776.1517529637817,0,0,0,0,-77436.01703715415,-81039.46140140526
1782225900,29884.5,29900.5,29832.75,29870,0,0,0,0,0,0,0,0,0,0,0,0,1,30006.119521430937,29727.130478569063,70.41301428729118,45452,49736.1914608064,77817.43078681441,-4300.8604643246,0,0,0,0,-87163.75135449732,-81622.72711122356
1782226200,29869.75,29929,29828.75,29851.75,0,0,0,0,0,0,0,0,0,0,0,0,1,30037.816341328726,29719.933658671274,72.54422755248467,51754,50408.79430720427,74604.2871912096,-4657.754155415254,0,0,0,0,-96456.24013255218,-83035.44263706438
1782226500,29851.25,29867.25,29813,29854.25,0,0,0,0,0,0,0,0,0,0,0,1,0,29974.10624551953,29706.14375448047,71.23749701302148,37001,45939.52953813618,75613.19146080641,-3849.582340777892,0,0,0,0,-94410.10188370425,-84118.74351769674
1782226800,29854.25,29886.25,29814.5,29828.75,0,0,0,0,0,0,0,0,0,0,0,0,1,29993.16115655385,29707.58884344615,71.27410436923424,33058,41645.686358757455,68909.29430720427,-4461.613477955205,0,0,0,0,-106158.93812063805,-86217.80967035782
1782227100,29828.75,29840.25,29765,29796.5,0,0,0,0,0,0,0,0,0,0,0,0,1,29947.58714537143,29657.66285462857,71.55809691428894,33952,39081.12423917164,62468.52953813618,-5193.134811766252,0,0,0,0,-120709.7952634952,-89502.76067922804
1782227400,29797.25,29813.25,29773,29792.25,0,0,0,0,0,0,0,0,0,0,0,0,1,29917.232706416333,29669.017293583667,69.32180427755402,22229,33463.74949278109,58621.686358757455,-4644.261910754432,0,0,0,0,-123471.16172312252,-92737.84649293228
1782227700,29791.5,29803.75,29745,29746.25,0,0,0,0,0,0,0,0,0,0,0,0,1,29906.60001310088,29642.14998689912,68.56667540058588,22783,29903.49966185406,50195.62423917164,-5555.438801986004,0,0,0,0,-141018.91916993103,-97336.04389074168
1782228000,29746,29777,29722.5,29729.5,0,0,0,0,0,0,0,0,0,0,0,0,1,29878.34286930796,29621.15713069204,67.56191287197261,26545,28783.999774569373,44855.24949278109,-5364.8540565337935,0,0,0,0,-149055.47880295856,-102261.70435857186
1782228300,29729.75,29750.75,29710.75,29727,0,0,0,0,0,0,0,0,0,0,0,0,1,29849.139807214535,29612.360192785465,65.59320480968886,27626,28397.999849712916,43175.99966185406,-4594.704636877932,1,0,0,0,-150954.76630295857,-106899.13882946584
1782228600,29727,29778.25,29713.75,29757.75,0,0,0,0,0,0,0,0,0,0,0,1,0,29876.52267812778,29615.47732187222,65.51511875185393,28030,28275.333233141944,42596.999774569376,-2498.921025243101,0,0,0,0,-137591.62676807484,-109822.23291885717
1782228900,29758.25,29788,29698,29712.75,0,0,0,0,0,0,0,0,0,0,0,0,1,29888.89605826151,29597.10394173849,67.26403884100722,31924,29491.555488761296,42412.99984971291,-3548.245589121655,0,0,0,0,-153730.9823236304,-114004.01857645462
1782229200,29712.5,29746.25,29695,29733.75,0,0,0,0,0,0,0,0,0,0,0,1,0,29845.430268385688,29595.819731614312,66.12017892379242,25137,28040.036992507532,44237.333233141944,-1880.2005947463986,0,0,0,0,-143308.32378704502,-116794.90478698704
1782229500,29733.25,29759,29721,29724.75,0,0,0,0,0,0,0,0,0,0,0,0,1,29855.167392072424,29624.832607927576,64.1115947149501,20612,25564.024661671687,42060.055488761296,-1921.3660073824628,0,0,0,0,-147918.90273441345,-119759.09506769432
1782229800,29725.75,29821.25,29720,29798,0,0,0,0,0,0,0,0,0,0,0,1,0,29921.396506924393,29619.853493075607,66.76433794959652,30461,27196.34977444779,38346.03699250753,537.0924640388064,0,0,1,0,-126182.53483317888,-120370.85123583571
1782230100,29798.75,29814,29760.5,29797.5,0,0,0,0,1,0,0,0,0,0,0,0,1,29912.725327858367,29661.774672141633,65.81688523891106,25027,26473.233182965192,40794.52466167168,437.9116605369639,0,0,0,0,-126767.2778238331,-120980.0347204069
1782230400,29797.75,29860.25,29789.75,29857.25,0,0,0,0,0,0,0,0,0,0,0,1,0,29959.477090154196,29690.522909845804,66.1513934361317,23432,25459.488788643463,39709.849774447786,2269.4600564372968,0,0,0,0,-106991.33456142174,-119647.77756240832
1782230700,29857.25,29889.75,29837.25,29872.75,0,0,0,0,0,0,0,0,0,0,0,1,0,29987.51444085747,29739.48555914253,65.17629390497943,24273,25063.992525762307,38189.233182965196,2560.691506072192,0,0,0,0,-99825.02027570746,-117759.89591605586
1782231000,29872.75,29914.75,29871.5,29904.25,0,0,0,0,0,0,0,0,0,0,0,1,0,30010.165195081936,29776.084804918064,63.61013005462376,20917,23681.66168384154,37595.98878864346,3539.31049152536,0,0,0,0,-84590.6734548982,-114600.92234832655
1782231300,29904.75,29915.5,29857.5,29864.5,0,0,0,0,0,0,0,0,0,0,0,0,1,30010.31410971894,29762.68589028106,63.20940647929349,21073,22812.10778922769,35522.49252576231,1503.5774582812796,0,0,0,0,-99214.6087997258,-113135.55915322172
1782231600,29865.25,29904.5,29833.5,29892.5,0,0,0,0,0,0,0,0,0,0,0,1,0,30000.148816167588,29737.851183832412,63.765877445058244,22401,22675.071859485128,34218.161683841536,2017.9045170809466,0,0,0,0,-90617.04189831734,-110990.93846227844
1782231900,29892.25,29898,29858.5,29876.5,0,0,0,0,0,0,0,0,0,0,0,0,1,29991.048900727044,29765.451099272956,62.03260048469694,15268,20206.04790632342,34012.607789227695,1041.6321879495158,0,0,0,0,-96704.91531603887,-109630.36482930325
1782232200,29877.25,29889.5,29843,29848.5,0,0,0,0,0,1,0,0,0,0,0,0,1,29980.884693532258,29751.615306467742,60.9231290215043,16885,19099.031937548945,30309.071859485128,-171.0123058828899,0,0,0,1,-107144.56585367328,-109393.62206971944
1782232500,29848.75,29872.25,29837.25,29868.75,0,0,0,0,0,0,0,0,0,0,0,1,0,29960.85721542281,29748.64278457719,59.07147694853971,13992,17396.687958365965,28648.547906323416,575.7832926190229,0,0,1,0,-99149.13728224472,-108417.9568518647
1782232800,29869,29904.75,29867.25,29902,0,0,0,0,0,0,1,0,0,0,0,1,0,29991.04598574975,29780.95401425025,57.53065716650116,15435,16742.791972243976,26095.03193754895,1706.297677371372,0,0,0,0,-85566.33728224471,-106241.61213094852
1782233100,29902.5,29906.75,29844.25,29863,0,0,0,0,0,0,0,0,0,0,0,0,1,29993.578415339056,29757.421584660944,57.885610226036796,18374,17286.527981495983,25114.187958365965,245.873459508883,0,0,0,0,-97178.70528224471,-105378.47814535767
1782233400,29863.25,29865.25,29830.5,29855.25,0,0,0,0,0,0,0,0,0,0,0,0,1,29949.599599957695,29746.150400042305,56.23306663846274,16109,16894.018654330655,25929.791972243976,-203.0040409226516,0,0,0,1,-100887.25204483465,-104950.74232626024
1782233700,29855.25,29880,29837,29863.75,0,0,0,0,0,0,0,0,0,0,0,1,0,29962.93177138929,29754.06822861071,55.287847592858256,15536,16441.34576955377,25341.027981495983,70.23050431051104,0,0,1,0,-97816.18227739279,-104271.26041684429
1782234000,29863.25,29866.5,29807.25,29814.5,0,0,0,0,0,0,0,0,0,0,0,0,1,29949.856287718623,29723.893712281377,55.570858479082666,19310,17397.56384636918,24662.018654330655,-1491.0857620039546,0,0,0,1,-113704.15696093709,-105169.6315162817
1782234300,29814,29825.5,29791.5,29819.25,0,0,0,0,0,0,0,0,0,0,0,1,0,29906.545124310152,29710.454875689848,54.030082873433905,16715,17170.04256424612,26096.34576955377,-1016.1858531433068,0,0,0,0,-111123.16431387827,-105736.63463986233
1782234600,29817.75,29882.5,29816,29851.25,0,0,0,0,0,0,0,0,0,0,0,1,0,29964.881186859428,29733.618813140572,54.920791239617195,20482,18274.02837616408,25755.06384636918,105.96796835299506,0,0,1,0,-100805.16431387827,-105266.97079929242
1782234900,29851,29869.5,29820.75,29832.5,0,0,0,0,0,0,0,0,0,0,0,0,1,29951.220030655182,29739.029969344818,54.4800204367874,16848,17798.685584109386,27411.04256424612,-552.0150768603762,0,0,0,1,-107198.76431387827,-105450.95113401489
1782235200,29832.25,29890.25,29825,29878.5,0,0,0,0,1,0,0,0,0,0,0,1,0,29973.123957036954,29742.126042963046,55.249304691302584,16121,17239.457056072923,26698.02837616408,591.837799485625,0,0,1,0,-95772.00186177099,-104529.14644142023
1782235500,29878.25,29892,29857.75,29866,0,0,0,0,0,0,0,0,0,0,0,0,1,29972.624031534313,29777.125968465687,53.749354356209544,13473,15983.971370715282,25859.185584109386,-7.99689084966019,0,0,0,1,-100590.81208074909,-104154.06697849918
1782235800,29865.5,29873.5,29830,29873,0,0,0,0,0,0,0,0,0,0,0,1,0,29953.02588642472,29750.47411357528,53.017257616480286,17535,16500.98091381019,23975.957056072923,240.7522197992157,0,0,1,0,-97567.53621868012,-103526.77833470689
1782236100,29873,29897,29848,29850.25,0,0,0,0,0,0,0,0,0,0,0,0,1,29976.095465965813,29768.904534034187,52.730310643874546,14061,15687.653942540126,24751.471370715284,-456.6949367209858,0,0,0,1,-104095.85764725156,-103580.97636447306
1782236400,29850.5,29857.25,29824.5,29830,0,0,0,0,0,0,0,0,0,0,0,0,1,29934.204718396824,29747.545281603176,51.30314559788351,12742,14705.76929502675,23531.48091381019,-1158.3468179756699,0,0,0,0,-112071.76604419813,-104389.62300063735
1782236700,29830,29845.5,29814.25,29827.75,0,0,0,0,0,0,1,0,0,0,0,0,1,29920.306167082766,29739.443832917234,49.87077805517754,13475,14295.512863351167,22058.653942540124,-1063.2796597784313,0,0,0,0,-113041.96604419813,-105213.65567145267
1782237000,29827.25,29829,29751.25,29756.25,0,0,0,1,0,0,0,1,0,0,0,0,1,29906.793226576854,29673.456773423146,51.86215105123629,17876,15489.008575567444,21443.269295026752,-2422.799022726656,0,0,0,0,-129366.0303528798,-107513.88183158859
1782237300,29756,29766.25,29731.5,29732.5,0,0,0,0,0,0,0,0,0,0,0,0,1,29842.209781821366,29655.540218178634,50.639854547576554,16952,15976.67238371163,23233.512863351167,-3057.1496824993483,0,0,0,0,-140829.97279892297,-110686.84287609662
1782237600,29732.75,29782.5,29726,29752,0,0,0,0,0,0,0,0,0,0,0,1,0,29859.08765454841,29649.41234545159,51.058436365606795,20961,17638.11492247442,23965.008575567444,-1802.7060269460167,0,0,0,0,-133688.39315290528,-112877.46671198316
1782237900,29752,29758.5,29709.25,29731.75,0,0,0,0,0,0,0,0,0,0,0,0,1,29834.893893509237,29632.856106490763,50.92926233949203,16714,17330.076614982947,26457.17238371163,-2085.731353080735,0,0,0,0,-140560.6469600119,-115513.96006893828
1782238200,29732.75,29751.25,29728,29745.25,0,0,0,0,0,0,0,0,0,0,0,1,0,29824.678258258577,29654.571741741423,48.95217217238545,12780,15813.384409988632,25995.114922474422,-1009.039692913294,0,0,0,0,-133689.6792180764,-117244.98094028476
1782238500,29745.5,29763,29722.5,29734.5,0,0,0,0,0,0,0,0,0,0,0,0,1,29835.522668382964,29649.977331617036,48.348445588643635,13076,14900.92293999242,23720.076614982947,-1104.6594054117545,0,0,0,0,-137241.1853909159,-119149.3813641544
1782238800,29734.25,29757.25,29719.25,29744.5,0,0,0,0,1,0,0,0,0,0,0,1,0,29828.66390635561,29647.83609364439,47.60927090374052,11461,13754.281959994947,22351.38440998863,-549.9756954202294,0,0,0,0,-134149.73144354747,-120577.9861336204
1782239100,29745,29747.25,29724.25,29734.25,0,0,0,0,0,0,0,0,0,0,0,0,1,29816.02719875878,29655.47280124122,45.85146583918763,9621,12376.521306663299,20631.422939992422,-807.7671467485698,0,0,0,0,-138646.5031826779,-122298.79728114969
1782239400,29734.25,29741.75,29712,29714.25,0,0,0,0,0,0,0,0,0,0,0,0,1,29808.802041704585,29644.947958295415,44.70136113638852,9495,11416.0142044422,18564.781959994947,-1189.7916984345504,0,0,0,0,-145029.69645998883,-124463.6448219915
1782239700,29714.5,29723.75,29692.75,29699,0,0,1,0,0,0,0,1,0,0,0,0,1,29789.334038725683,29627.165961274317,43.72269248378934,11914,11582.009469628132,17124.0213066633,-1452.8820950026713,0,0,0,0,-150986.69645998883,-126989.649739896
1782240000,29698.75,29698.75,29626.25,29629.25,0,0,0,0,0,0,0,0,0,0,0,0,1,29767.444107388135,29557.555892611865,45.796071592090094,22491,15218.339646418754,17373.0142044422,-3125.1730702774225,0,0,0,0,-172547.0343910233,-131328.4482780986
1782240300,29629.25,29636.25,29588.5,29624,0,0,0,0,0,0,0,0,0,0,0,0,1,29705.15345686041,29519.59654313959,45.935637906940805,24936,18457.55976427917,22827.50946962813,-2696.4667795874793,0,0,0,0,-175288.6888412851,-135515.13785554492
1782240600,29623.5,29657.5,29577.25,29605.25,0,0,0,0,0,0,0,0,0,0,0,0,1,29730.079995656095,29504.670004343905,48.38666377073075,26141,21018.706509519445,27686.339646418754,-2629.4833300427304,1,0,0,0,-181233.52684751563,-139869.2701404945
1782240900,29605.25,29641.25,29584,29629.25,0,0,0,0,0,0,0,0,0,0,0,1,0,29714.77963882352,29510.47036117648,49.019759215678555,20186,20741.137673012963,31528.05976427917,-1201.1747848905884,0,0,0,0,-172771.27357240647,-143002.7942768671
1782241200,29629,29716.25,29612.5,29710.5,0,0,0,0,0,0,0,0,0,1,0,1,0,29795.64359319327,29533.10640680673,52.92906212884437,28693,23391.758448675308,31111.706509519445,1296.0860787637455,0,0,1,0,-150231.71212662334,-143691.26264351053
1782241500,29711,29753.25,29644.75,29655.75,0,0,0,0,1,0,0,0,0,0,0,0,1,29838.59762225089,29559.40237774911,56.898414833926914,34108,26963.83896578354,35087.63767301296,-431.2553288316726,0,0,0,1,-167600.07157362794,-145968.29206542647
1782241800,29656.5,29688.75,29636,29673.5,0,0,0,0,0,0,0,0,0,0,0,1,0,29773.65314923297,29551.09685076703,56.602099488646424,24965,26297.55931052236,40445.75844867531,554.2544731541118,0,0,1,0,-159554.47915656632,-147262.21464553504
1782242100,29673.75,29687,29628,29630,0,0,0,0,0,0,0,0,0,0,0,0,1,29772.1600671449,29542.8399328551,56.773378096600254,19988,24194.372873681572,39446.338965783536,-797.3611164545139,0,0,0,1,-174376.08932605785,-149844.48842463247
1782242400,29630.25,29716,29616,29688.25,0,0,0,0,0,0,0,0,0,0,0,1,0,29805.791490920266,29526.208509079734,59.860993946843095,24791,24393.24858245438,36291.55931052236,853.2562987918991,0,0,1,0,-159997.30932605785,-150811.42374857774
1782242700,29689,29733.75,29677,29710.75,0,0,0,0,0,0,0,0,0,0,0,1,0,29823.208170140246,29587.541829859754,59.638780093497154,25125,24637.165721636255,36589.87287368157,1746.304537824073,0,0,0,0,-150367.90403971422,-150769.18377630503
1782243000,29711,29744.75,29680.25,29738,0,0,0,0,0,0,0,0,0,0,0,1,0,29834.72901513023,29590.27098486977,59.98601008681879,22988,24087.44381442417,36955.748582454384,2461.6515662036077,0,0,0,0,-140745.020318784,-149814.5015422554
1782243300,29737.75,29745.75,29713.75,29716,0,0,0,0,0,0,0,0,0,0,0,0,1,29832.730514049497,29626.769485950503,57.98700936633173,16862,21678.962542949444,36131.16572163625,1044.2508967492438,0,0,0,0,-152205.910943784,-150042.25481859146
1782243600,29715.5,29724.25,29674.75,29696.75,0,0,0,0,0,0,0,0,0,0,0,0,1,29810.32119161739,29588.67880838261,57.38079441159375,18769,20708.97502863296,32518.443814424165,290.6902724243828,0,0,0,0,-159315.3806407537,-150925.40965879738
1782243900,29696.25,29712.25,29643,29682.5,0,0,0,0,0,0,0,0,0,0,0,0,1,29799.592892216147,29555.657107783853,58.22859481076562,19732,20383.316685755308,31063.46254294944,-25.485173126101245,0,0,0,1,-163233.2867779378,-152097.58843204885
1782244200,29683.25,29732.75,29660.25,29727,0,0,0,0,0,0,0,0,0,0,0,1,0,29821.621971343568,29571.378028656432,59.24798089571094,26267,22344.544457170206,30574.97502863296,1576.6762297891094,0,0,1,0,-147382.51091586886,-151648.5334305079
1782244500,29727.5,29729.25,29642.5,29650.75,0,0,0,0,0,0,0,0,0,0,0,0,1,29821.068616247598,29550.681383752402,61.21241083173158,24940,23209.696304780136,33516.81668575531,-695.0152856383299,0,0,0,1,-169447.58296197836,-153343.68100493366
1782244800,29650.5,29681.5,29632.75,29675.25,0,0,0,0,0,0,0,0,0,0,0,1,0,29771.9833579442,29542.2666420558,60.32223862946504,12531,19650.130869853423,34814.5444571702,131.96117123581746,0,0,1,0,-163085.69065428607,-154271.49144772912
1782245100,29674,29717.75,29672.5,29703.5,0,0,0,0,0,0,0,0,0,0,0,1,0,29806.6184752339,29583.6315247661,59.24565015593182,6860,15386.753913235616,29475.196304780133,627.5313361638896,0,0,0,0,-158613.4254609159,-154685.00897279452
1782245400,29703.5,29717.75,29696.25,29708,0,0,0,0,0,0,0,0,0,0,0,1,0,29802.574298431475,29611.425701568525,56.54953228765097,4336,11703.16927549041,23080.130869853423,691.8541204466446,0,0,0,0,-157705.89057719498,-154972.7119827374
1782245700,29707.75,29716.5,29698.25,29714.5,0,0,0,0,0,0,0,0,0,0,0,1,0,29797.220777114944,29617.529222885056,53.813851409961615,3098,8834.779516993607,17554.753913235618,761.8957319767075,0,0,0,0,-156560.05496075662,-155123.88750445354
1782246000,29714.75,29733,29709.75,29728.5,0,0,0,0,0,0,0,0,0,0,0,1,0,29810.44607874959,29632.30392125041,51.63071916639293,2528,6732.519677995739,13252.16927549041,846.5467269668337,0,0,0,0,-155065.00119731575,-155118.27928472613
1782246300,29729.25,29744,29726,29735.5,0,0,0,0,0,0,0,0,0,0,0,1,0,29817.842787410333,29652.157212589667,49.22852494022201,3127,5530.679785330492,10098.779516993607,871.1614059507999,0,0,0,0,-153979.23730842688,-155009.79909650717
1782246600,29734.75,29746.75,29727.25,29743.25,0,0,0,0,0,0,0,0,0,0,0,1,0,29817.407588309594,29656.592411690406,47.10505887306329,2749,4603.453190220328,8296.019677995739,895.7450380917337,0,0,0,0,-152780.95525714481,-154797.52825466314
1782246900,29743.25,29749,29727.75,29728,0,0,0,0,0,0,0,0,0,0,0,0,1,29816.887403430337,29659.862596569663,45.258268953558776,2299,3835.302126813552,6905.179785330492,641.6020497059931,0,0,0,0,-154430.8258453801,-154762.6042156838
1782247200,29728.5,29736.25,29717,29729.25,0,0,0,0,0,0,0,0,0,0,0,1,0,29801.350803185313,29651.899196814687,43.40053545687601,2445,3371.8680845423683,5752.953190220328,594.0963119282004,0,0,0,0,-154335.56610512038,-154721.93391943965
1782247500,29729.5,29732.75,29715.75,29716.5,0,0,0,0,0,0,0,0,0,0,0,0,1,29795.022174386362,29653.477825613638,41.514782924242006,1976,2906.5787230282453,5057.802126813553,400.1062981559387,0,0,0,0,-155846.62492864978,-154829.04734888824
1782247800,29717,29728.5,29717,29725.75,0,0,0,0,0,1,0,0,0,0,0,1,0,29787.60987621591,29657.89012378409,39.40658414393901,1643,2485.3858153521637,4359.868084542368,498.9134126643963,0,0,0,0,-154596.51623299762,-154806.90152832723
1782248100,29725.5,29757.5,29721,29750.25,0,1,0,0,0,0,1,1,0,0,0,1,0,29816.2984564862,29662.2015435138,39.198970990800504,2048,2339.5905435681093,3728.078723028246,589.0365414850403,0,0,0,0,-153207.8039042305,-154654.6065165085
1782252000,29766.25,29791.5,29746,29757,0,0,0,0,0,0,0,0,0,0,0,0,0,29850.973566737186,29686.526433262814,39.649044491457616,8068,4249.060362378739,3509.385815352164,373.46221230587105,0,0,0,0,-1640.1978021978023,-140081.80568657414
1782252300,29756.25,29789,29748,29782.5,0,0,0,0,0,0,0,0,0,0,0,1,0,29848.618311970244,29688.381688029756,39.74554131349635,4519,4339.040241585826,6373.590543568109,621.5879948719786,0,0,0,0,1253.064392924149,-126621.34186947906
1782252600,29782.75,29804.75,29775.25,29780.5,0,0,0,0,0,0,0,0,0,0,0,0,1,29863.27057540094,29716.72942459906,39.0137169339609,4923,4533.693494390551,6508.560362378739,512.048405110768,0,0,0,0,877.5813420766913,-114478.58727790232
1782252900,29781,29803.5,29760.75,29770,0,0,0,0,0,0,0,0,0,0,0,0,1,29862.42089144373,29701.82910855627,39.28059429582083,4569,4545.462329593701,6800.540241585826,343.89215299090694,0,0,0,0,-298.0677807303264,-103604.25208769547
1782253200,29770.5,29775.25,29709.25,29711,0,0,0,0,0,0,0,0,0,0,1,0,1,29837.033684912036,29647.466315087964,41.18912327469077,6978,5356.308219729134,6818.193494390551,-276.8210274677021,0,0,0,1,-6588.840508003053,-94364.68908010572
1782253500,29711,29720.75,29700.75,29705.25,0,0,0,0,0,1,0,0,0,0,0,0,1,29780.263421704032,29641.236578295968,39.675614469355715,5384,5365.538813152756,8034.462329593702,-334.78506586438675,0,0,0,0,-8136.740508003053,-86152.50350181022
1782253800,29706.25,29728.25,29668,29676.75,0,0,0,0,0,0,0,0,0,0,0,0,1,29789.967820153746,29606.282179846254,41.14521343583031,7583,6104.692542101838,8048.308219729134,-583.3820901999616,0,0,0,0,-11849.578682276911,-79076.03447137847
1782254100,29677.75,29684.5,29653,29671.25,0,0,0,0,0,0,0,0,0,0,0,0,1,29745.184404428477,29592.315595571523,40.45626961898529,5537,5915.4616947345585,9157.038813152756,-540.2019839046362,0,0,0,0,-12992.134237832466,-72782.32968723123
1782254400,29672.25,29679.75,29633,29641.25,0,0,0,0,0,0,0,0,0,0,0,0,1,29741.108732683588,29571.641267316412,40.90582178905777,5918,5916.307796489706,8873.192542101839,-762.9225511979851,0,0,0,0,-16916.369531950113,-67461.76205339494
1782254700,29640.25,29667.75,29637.75,29666.75,0,0,0,0,0,0,0,0,0,0,0,1,0,29727.940251777618,29577.559748222382,40.12683451841078,3502,5111.538530993137,8874.461694734558,-278.99822978183295,0,0,0,0,-13822.936198616779,-62353.30244817797
1782255000,29667.5,29680.5,29650.75,29673.5,0,0,0,0,0,0,0,0,0,0,0,1,0,29739.578448079214,29591.671551920786,39.38563205281001,4604,4942.359020662091,7667.307796489706,-86.16160740995156,0,0,0,0,-12894.398383490729,-57642.93063249347
1782255300,29673.75,29689,29671,29679,0,0,0,0,1,0,0,0,0,0,0,1,0,29745.787130359273,29614.212869640727,37.85808690618072,3226,4370.23934710806,7413.538530993137,72.82905904568759,0,0,1,0,-11953.481716824062,-53291.55454528686
1782255600,29679.75,29683,29630.25,29634.5,0,0,0,0,0,0,1,0,0,1,0,0,1,29741.382692476465,29571.867307523535,38.92179498431067,5678,4806.159564738707,6555.35902066209,-344.78601639564374,0,0,0,1,-16824.183138625012,-49818.47155417621
1782255900,29635,29637.25,29581.5,29617.75,0,0,0,1,0,0,0,1,1,0,0,0,1,29697.435714442432,29521.314285557568,40.12380962828848,9939,6517.106376492471,7209.2393471080595,-513.9721114023482,0,0,0,0,-19899.479102750574,-46969.04370165949
1782256200,29618.5,29666.5,29613.25,29652,0,0,0,0,0,0,0,0,0,0,0,1,0,29728.09209198226,29551.65790801774,41.061394654839305,6949,6661.070917661647,9775.659564738708,52.25266935439845,0,0,1,0,-15527.807741248227,-43974.640276858416
1782256500,29652.75,29674.75,29649,29668.75,0,0,0,0,0,0,0,0,0,0,0,1,0,29734.7015854121,29589.0484145879,39.967723608065064,4150,5824.047278441099,9991.606376492471,344.86684037002556,0,0,0,0,-12949.166964549198,-41019.833294733726
1782256800,29668.5,29693.5,29660.75,29688.25,0,0,0,0,1,0,0,0,0,0,0,1,0,29752.67825788266,29601.57174211734,39.452171921774706,3813,5153.698185627399,8736.070917661647,554.7749810411401,0,0,0,0,-10649.724216457595,-38127.44195394553
1782257100,29689,29694,29670.5,29680.75,0,0,0,0,0,0,0,0,0,0,0,0,1,29751.469096605328,29613.030903394672,38.312731070219364,4189,4832.1321237515995,7730.547278441098,367.37997059311306,0,0,0,0,-12120.330599436318,-35650.57420589703
1782257400,29681,29686.25,29641.25,29644.5,0,0,0,0,0,0,0,0,0,0,0,0,1,29744.43558970495,29583.06441029505,38.79039313663226,5010,4891.421415834399,7248.1981856274,-31.91556702720709,0,0,0,1,-16183.997266102984,-33796.61449734522
1782257700,29644.25,29653.25,29623.25,29627.5,0,0,0,0,0,0,0,0,0,0,0,0,1,29710.493761868882,29566.006238131118,38.1625079125871,5117,4966.614277222933,7337.132123751599,-243.7312448530189,0,0,0,0,-19040.98893276965,-32391.316824528498
1782258000,29628.5,29657.25,29619.5,29654.75,0,0,0,0,0,1,0,0,0,0,0,1,0,29714.44956459253,29562.30043540747,38.13304306168802,4804,4912.409518148622,7449.9214158344,168.30941212845215,0,0,1,0,-15700.459131445148,-30801.711329949132
1782258300,29654.75,29765.75,29652.75,29733.25,0,1,0,0,0,0,1,1,1,0,0,1,0,29830.971024264494,29587.528975735506,43.480682842996025,14236,8020.273012099081,7368.614277222932,1119.2016665729057,0,0,0,0,-5810.848511976121,-28421.629156808845
1782258600,29733.75,29753.5,29722.5,29731.5,0,0,0,0,0,0,0,0,0,0,0,0,1,29817.383808245602,29658.616191754398,42.58920549706774,6021,7353.848674732721,12030.409518148621,915.2005602414819,0,0,0,0,-6247.85657649225,-26309.84129201679
1782258900,29731.5,29752.5,29730.5,29747.5,0,0,0,0,0,0,0,0,0,0,0,1,0,29814.177821942343,29668.822178057657,41.1185479615629,4194,6300.565783155147,11030.773012099082,1070.5575731571043,0,0,0,0,-3197.6747583104316,-24108.682574520946
1782259200,29746.75,29808.25,29738.25,29748.75,0,0,0,0,0,0,0,0,1,0,0,1,0,29873.02226323218,29673.47773676782,43.18150882145127,14760,9120.377188770097,9450.84867473272,942.487211066727,0,0,0,0,-2775.960472596146,-22076.994755290012
1782259500,29748.75,29832.75,29736,29822.5,0,0,0,0,0,0,0,0,1,0,0,1,0,29903.261744429878,29665.488255570122,47.007829619919036,14343,10861.251459180065,13680.565783155145,1820.3939209423847,0,0,0,0,8157.334101047265,-19197.534864210273
1782259800,29821.75,29850.75,29806.25,29823,0,0,0,0,0,0,0,0,0,0,0,1,0,29920.993048399174,29736.006951600826,46.82869893278196,11492,11071.50097278671,16291.877188770097,1525.293831508819,0,0,0,0,8480.14308981131,-16561.565535255835
1782260100,29823.5,29859.75,29818.5,29851.5,0,0,0,0,0,0,0,0,0,0,0,1,0,29929.395330656374,29748.854669343626,46.43022043758325,9315,10486.000648524472,16607.251459180065,1838.529685950194,0,0,0,0,14803.052180720402,-13574.459086115241
1782260400,29851.5,29854.5,29810.75,29815.5,0,0,0,0,0,0,0,0,0,0,0,0,1,29923.858164180918,29741.391835819082,46.23877612061302,8936,9969.33376568298,15729.000972786707,794.519948033545,0,0,0,0,7450.000752148973,-11572.129577709125
1782260700,29815.75,29851.5,29807.5,29848,0,0,0,0,0,0,0,0,0,0,0,1,0,29920.618295310855,29738.381704689145,46.07886354056923,8166,9368.22251045532,14954.00064852447,1192.59780825337,0,0,0,0,13435.307570330791,-9190.46889694342
1782261000,29848.5,29874.25,29836.5,29871,0,0,0,0,0,0,0,0,0,0,0,1,0,29942.475917074364,29768.274082925636,45.48394471624285,8306,9014.148340303547,14052.333765682979,1411.5101163761337,0,0,0,0,18385.903596820855,-6564.147707061107
1782261300,29871.25,29885,29854.25,29874.5,0,0,0,0,0,0,0,0,0,0,0,1,0,29951.64728014048,29787.60271985952,44.43152009365407,7721,8583.098893535698,13521.222510455322,1191.1946722577309,0,0,0,0,19201.94424722736,-4110.234187605063
1782261600,29875,29891.75,29858.25,29877.75,0,0,0,0,0,0,0,0,0,0,0,1,0,29957.22604584473,29792.77395415527,43.65069722982164,6430,7865.399262357132,12874.648340303547,976.1503051012342,0,1,0,0,19729.78006812288,-1839.756639440497
1782261900,29878.25,29887.75,29858.5,29865.75,0,0,0,0,0,0,0,0,0,0,0,0,1,29951.68311399868,29794.56688600132,42.62207599912009,5893,7207.932841571422,11798.098893535698,507.4381072438089,0,0,0,0,17211.403999746813,-25.360388089324715
1782262200,29865.5,29878.25,29832.75,29838.75,0,0,0,0,0,0,0,0,0,0,0,0,1,29942.491462998776,29768.508537001224,42.827641999182944,7275,7230.288561047614,10811.899262357132,-43.704778894595506,0,0,0,1,12934.343560186375,1208.897130794075
1782262500,29838.75,29847.5,29812,29846.25,0,0,0,0,0,1,0,0,0,0,0,1,0,29910.95635849886,29748.54364150114,42.304238999241306,7087,7182.525707365076,10845.43284157142,50.464027597268455,0,0,1,0,14431.597081313135,2468.2018879863663
1782262800,29846.75,29853.25,29784.75,29790.25,0,0,0,0,0,0,0,0,0,0,0,0,1,29919.513047177516,29718.486952822484,44.17536478500978,10584,8316.350471576718,10773.788561047615,-835.2423151955511,0,0,0,1,5701.7284681744495,2776.1568003852312
1782263100,29790,29827.25,29777.5,29787.25,0,0,0,0,0,0,0,0,0,0,0,0,1,29894.110329521976,29710.639670478024,44.57355301465194,9379,8670.566981051144,12474.525707365076,-779.061667836986,0,0,0,0,5183.291282244802,3005.407703419476
1782263400,29788.75,29822.25,29783,29818.5,0,0,0,0,0,0,0,0,0,0,0,1,0,29888.539948841837,29716.710051158163,44.19329922789109,5884,7741.711320700763,13005.850471576716,-259.48651766325594,0,0,0,0,9643.138416002763,3637.5725331893127
1782263700,29817.75,29823,29762,29771.25,0,0,0,0,0,0,0,0,0,0,0,0,1,29891.090666781707,29693.909333218293,45.393777854470294,7814,7765.8075471338425,11612.566981051144,-813.9945334623076,0,0,0,0,3686.56464551096,3642.238448648517
1782264000,29772.25,29820,29760.5,29815.5,0,0,0,0,0,0,0,0,0,0,0,1,0,29889.602047725868,29690.897952274132,46.40136515057956,7560,7697.205031422562,11648.711320700764,-183.07627137339904,0,0,0,0,9181.85876315802,4169.82133574466
1782264300,29815.75,29827.25,29798,29815.75,0,0,0,0,0,0,0,0,0,0,0,0,0,29895.014401459735,29730.235598540265,45.17626763982388,6272,7222.136687615041,11545.807547133842,-184.37213482725394,0,0,0,0,9181.85876315802,4647.158233593552
1782264600,29816.25,29841.75,29812.25,29832.5,0,0,0,0,0,0,0,0,0,0,0,1,0,29907.834801355468,29746.165198644532,44.05653423697931,6371,6938.424458410028,10833.205031422562,146.01335690814113,0,0,1,0,12691.307915700392,5413.267727127537
1782264900,29832,29832,29807.25,29823.75,0,0,0,0,1,0,0,0,0,0,0,0,1,29896.069815544364,29743.180184455636,42.71321036290936,5173,6349.949638940018,10407.636687615042,-78.0073527547471,0,0,0,1,10966.974582367058,5942.192189531301
1782265200,29823.75,29845.75,29809.25,29831.75,0,0,0,0,0,0,0,0,0,0,0,1,0,29909.15411443405,29745.84588556595,42.26940962270155,7195,6631.633092626679,9524.924458410027,50.462318791424764,0,0,1,0,12543.960883736921,6570.932065169931
1782265500,29832,29840,29806.25,29822.25,0,0,0,0,0,0,0,0,0,0,0,0,1,29902.491320545905,29743.758679454095,41.66088036393716,4816,6026.422061751119,9947.44963894002,-124.38942111518173,0,0,0,1,11152.671994848033,7007.288248948797
1782265800,29821,29851.75,29813.5,29846.5,0,0,0,0,0,0,0,0,0,0,0,1,0,29913.87586907834,29751.37413092166,41.41724605222736,5529,5860.614707834079,9039.633092626678,211.56970079830626,0,0,1,0,14838.671994848033,7753.13431998682
1782266100,29846,29846.5,29817.75,29826.5,0,0,0,0,0,0,0,0,0,0,0,0,1,29907.268664144172,29756.981335855828,40.51244276278255,5061,5594.076471889386,8790.922061751118,-185.68818105432035,0,0,0,1,11405.993733978468,8101.0256927479295
1782266400,29827,29837.75,29809.5,29827.75,0,0,0,0,0,0,0,0,0,0,0,1,0,29897.204830991017,29750.045169008983,39.63655399401237,6363,5850.384314592924,8391.11470783408,-169.46368571473676,0,0,0,0,11574.922937518291,8431.873049392725
1782266700,29829,29830.5,29799.5,29823.75,0,0,0,0,0,0,0,0,0,0,0,0,1,29889.029485920233,29740.970514079767,39.01965728015434,4839,5513.256209728616,8775.576471889386,-248.04328878581393,0,0,0,0,10755.414873002162,8653.162746879338
1782267000,29824,29838.25,29812,29817.75,0,0,0,0,0,0,0,0,0,0,0,0,1,29895.4113083545,29754.8386916455,38.10753890300047,3101,4709.170806485744,8269.884314592924,-302.7465039546692,0,0,0,0,10017.081539668829,8783.059774764051
1782267300,29818,29818.75,29781.75,29801.5,0,0,0,0,0,0,1,0,0,0,0,0,1,29875.792643472036,29724.707356527964,38.02842898135758,4979,4799.113870990496,7063.756209728615,-484.6625660874792,0,0,0,0,7796.7166748039635,8689.122336672614
1782267600,29802,29807.5,29762.5,29773.75,0,0,0,0,0,0,0,0,0,0,0,0,1,29865.28959750975,29704.71040249025,38.526398339832035,4421,4673.0759139936645,7198.670806485745,-681.8233048002811,0,0,0,0,5021.311119248408,8339.806982632213
1782267900,29773,29799.75,29771,29795.75,0,0,0,0,0,0,0,0,0,0,0,1,0,29856.49212625905,29714.25787374095,37.828084172701175,4324,4556.717275995777,7009.613870990497,-254.82965019319744,0,0,0,0,8442.911119248409,8349.626424214708
1782268200,29796.25,29810.75,29775,29776.5,0,0,0,0,0,0,0,0,0,0,0,0,1,29867.269474383404,29718.480525616596,37.679649588936805,3842,4318.478183997185,6835.075913993665,-426.4833613806965,0,0,0,0,6320.407622744912,8156.367490741394
1782268500,29776.75,29780.75,29731.25,29738.5,0,0,0,1,0,0,0,1,0,0,0,0,1,29838.535940498878,29673.464059501122,38.523960332584174,5892,4842.985455998123,6477.7172759957775,-792.1103713586376,0,0,0,0,1767.4985318358213,7547.903780369435
1782268800,29738.5,29749,29717.5,29723.5,0,0,0,0,0,0,0,0,0,0,0,0,1,29806.033373320384,29660.466626679616,38.022248880256726,5181,4955.656970665415,7264.478183997185,-888.4755687424138,0,0,0,0,-699.6443253070361,6762.4230084002465
1782269100,29723.5,29730,29682,29689.75,0,0,0,0,0,0,0,0,0,0,0,0,1,29788.102418083214,29623.897581916786,38.73494538880982,6336,5415.771313776943,7433.485455998123,-1147.864584478365,0,0,0,0,-5154.644325307036,5627.464214713838
1782269400,29690.25,29694.5,29662,29674.25,0,0,0,0,0,0,0,0,0,0,0,0,1,29751.93438822013,29604.56561177987,38.28959214675198,5985,5605.514209184629,8123.656970665415,-1209.4351841641676,0,0,0,0,-8101.105863768575,4319.981350096466
1782269700,29675.25,29684.25,29636,29637.75,0,0,0,0,0,0,0,0,0,0,0,0,1,29742.751574775833,29577.498425224167,39.00104985055541,5953,5721.342806123086,8408.271313776944,-1409.2771862538393,0,0,0,0,-12727.78980159241,2696.384097554668
1782270000,29637.5,29666,29630,29636.25,0,0,0,0,0,0,0,0,0,0,0,0,1,29724.180033720415,29571.819966279585,38.786689146944305,7384,6275.561870748724,8582.014209184628,-1151.251089361733,0,0,0,0,-12984.178690481298,1202.9971653607668
1782270300,29636.5,29676.75,29614.75,29671,0,0,0,0,0,0,0,0,0,0,0,1,0,29737.417174168957,29554.082825831043,40.44478277930542,8181,6910.7079138324825,9413.342806123086,-480.46351411409205,1,0,0,0,-8431.848045320006,285.39285958164555
1782270600,29670.75,29735.25,29668.75,29726,0,0,0,0,0,0,0,0,0,0,0,1,0,29798.70880458546,29605.29119541454,42.30586972364075,9391,7737.471942554988,10366.061870748723,375.54453406859244,0,0,1,0,-629.5510528388031,198.2553441130314
1782270900,29726.5,29727,29677.75,29682.75,0,0,0,0,0,0,0,0,0,0,0,0,1,29791.202818543643,29613.547181456357,42.801879029094984,6779,7417.981295036659,11606.207913832483,-229.68189317397753,0,0,0,1,-6651.5053675596155,-454.1028189034111
1782271200,29684,29704.25,29672.5,29680,0,0,0,0,1,0,0,0,0,0,0,0,1,29767.26868864767,29609.48131135233,42.01245909844534,5050,6628.654196691105,11126.971942554988,-214.86938170078963,0,0,0,0,-7287.72584000056,-1104.9240590079014
1782271500,29680,29750,29679.75,29748.5,0,0,0,0,0,0,0,0,0,0,0,1,0,29816.04413945855,29613.70586054145,44.029426305699246,6308,6521.769464460737,9942.981295036658,437.21099797866094,0,0,1,0,-1136.864630036148,-1107.9660181534487
1782271800,29749.5,29771.25,29743,29758.25,0,0,0,0,0,0,0,0,0,0,0,1,0,29835.60348664008,29678.64651335992,42.902324426720725,6708,6583.846309640491,9782.654196691106,582.6361222450589,0,0,0,0,940.8344850080998,-912.8421607094917
1782272100,29759,29779.25,29736.5,29751.5,0,0,0,0,0,0,0,0,0,0,0,0,1,29843.58716616579,29672.16283383421,42.891444110526386,6536,6567.897539760327,9875.769464460736,393.8080157559589,0,0,0,0,-205.83218165856692,-845.5078769903561
1782272400,29750.75,29761.25,29735.25,29742,0,0,0,0,0,0,0,0,0,0,0,0,1,29823.77736858252,29672.72263141748,41.68491238834593,4074,5736.598359840218,9851.84630964049,215.99634348178154,0,0,0,0,-1576.8898739662593,-915.1633052737754
1782272700,29741.75,29747,29720.75,29728.25,0,0,0,0,0,0,0,0,0,0,0,0,1,29807.873627969482,29659.876372030518,40.58241864632122,4253,5242.065573226812,8604.897539760328,-7.269539229008473,0,0,0,1,-3764.147016823402,-1186.495087326121
1782273000,29726.75,29737.75,29710.25,29721.25,0,0,0,0,0,1,0,0,0,0,0,0,1,29797.221940257376,29650.778059742624,39.64796017158399,4304,4929.377048817875,7863.098359840218,-64.46583199320725,0,0,0,0,-4624.947016823402,-1513.9666996591952
1782273300,29721.5,29749,29713.5,29745.75,0,0,0,0,0,0,0,0,0,0,0,1,0,29808.02751595328,29654.47248404672,39.35167730218513,3597,4485.251365878584,7394.065573226813,201.48695043155365,0,0,1,0,-2167.841383020585,-1576.2404790269466
1782273600,29745.5,29750,29696.75,29697.25,0,0,0,0,0,0,0,0,0,0,0,0,1,29810.516621956616,29636.233378043384,40.344414637743334,4711,4560.5009105857225,6727.877048817876,-215.81441058337055,0,0,0,1,-6436.493965180209,-2039.1217634224954
1782273900,29697,29707,29682.5,29699.25,0,0,0,0,0,0,0,0,0,0,0,1,0,29765.81900610257,29623.68099389743,39.21267073504738,4872,4664.333940390482,6840.751365878584,-110.8760871231475,0,0,0,0,-5989.065393751637,-2415.30687107289
1782274200,29699,29709.75,29675.25,29689,0,0,0,0,0,0,0,0,0,0,0,0,1,29768.064077095245,29616.935922904755,38.876051396829716,4143,4490.555960260322,6996.5009105857225,-179.61033239355527,0,0,0,0,-7189.934958969028,-2870.0333556344267
1782274500,29687.5,29700.75,29663.75,29664.75,0,0,0,0,0,0,0,0,0,0,0,0,1,29758.863071588443,29605.636928411557,38.742047725627586,4055,4345.370640173548,6735.833940390483,-355.98522200240916,0,0,0,0,-9683.211985996055,-3518.9075109069627
1782274800,29664.75,29680.5,29654.25,29660.75,0,0,0,0,0,0,0,0,0,0,0,0,1,29737.274637903553,29597.475362096447,37.849758602368475,4346,4345.580426782365,6518.0559602603225,-325.0512876723477,0,0,0,0,-10345.459605043674,-4169.055329396173
1782275100,29661.5,29683.25,29659.75,29667.75,0,0,0,0,0,0,0,0,0,0,0,1,0,29738.487163767586,29604.512836232414,36.82477584505644,3217,3969.3869511882435,6518.370640173547,-154.77210603115043,0,0,0,0,-9489.874498660694,-4675.80001218327
1782275400,29668.5,29714,29667.75,29710.75,0,0,0,0,0,0,0,0,0,0,0,1,0,29770.24700921276,29611.50299078724,37.498006141838125,5075,4337.924634125496,5954.080426782365,340.7967521900863,0,0,1,0,-4853.793417579614,-4692.75176507816
1782275700,29711.5,29745.5,29696,29742.75,0,0,0,0,1,0,0,0,0,0,0,1,0,29803.032937126132,29638.467062873868,38.35529141742112,4975,4550.283089416997,6506.886951188244,601.8018653857347,0,0,0,0,-1713.0105892967854,-4408.96689119422
1782276000,29742.5,29769,29735.75,29752.75,0,0,0,0,0,0,1,0,0,0,0,1,0,29825.985941617124,29678.764058382876,37.99062774474818,4273,4457.855392944665,6825.424634125497,638.8609360390122,0,0,0,0,-395.7699877930261,-4026.757662298868
1782276300,29753,29772,29750.25,29771.5,0,0,0,0,0,0,0,0,0,0,0,1,0,29827.245874358756,29695.004125641244,36.830582905837595,3540,4151.903595296443,6686.783089416998,823.9708063751565,0,0,0,0,2615.264494965594,-3394.1841235117763
1782276600,29771.25,29786.25,29765.75,29778,0,0,0,0,0,0,0,0,0,0,1,1,0,29839.746169047416,29712.253830952584,35.66411269827777,4283,4195.602396864296,6227.855392944664,818.5587977549349,0,0,0,0,4025.52059252657,-2687.545579127172
1782276900,29777.25,29791.5,29768.25,29785,0,1,0,0,0,0,0,1,0,0,0,1,0,29843.66608554403,29716.08391445597,34.777390362686496,2965,3785.4015979095307,6293.403595296444,768.7488969287342,0,1,0,0,5013.853925859903,-1954.0789596045934
1782277200,29784.75,29809.75,29780,29804.75,0,0,0,0,0,0,0,0,0,0,0,1,0,29861.3774365766,29728.3725634234,34.41829105106603,5364,4311.60106527302,5678.102396864296,969.0462649857843,0,0,0,0,8619.90434602797,-947.0329304967304
1782277500,29804.25,29822,29782,29816,0,0,0,0,0,0,0,0,0,0,0,1,0,29874.225476821128,29729.774523178872,34.81698454741845,5123,4582.06737684868,6467.40159790953,927.9310254657963,0,0,0,0,10124.78559602797,107.42597679133632
1782277800,29816.75,29834,29808.25,29816.75,0,0,0,0,0,0,0,0,0,0,0,0,0,29885.254014191047,29756.995985808953,34.169342794031415,4540,4568.04491789912,6873.10106527302,746.3678866755038,0,1,0,0,10124.78559602797,1061.4602262424444
1782278100,29816.75,29854.5,29806,29852,0,0,0,0,0,0,0,0,0,0,0,1,0,29907.289441748828,29753.210558251172,35.19296116588631,5144,4760.02994526608,6852.06737684868,944.8551995759005,0,0,0,0,13863.466008399104,2280.698872162126
1782278400,29852,29861.5,29836.75,29855.25,0,0,0,0,0,0,0,0,0,0,0,1,0,29913.170553052485,29785.079446947515,34.447035368323,4597,4705.686630177387,7140.04491789912,805.1702018538757,0,0,0,0,14467.112473045569,3441.3096912938827
1782278700,29855.25,29864.25,29832.5,29835.5,0,0,0,0,0,0,0,0,0,0,0,0,1,29915.631584977305,29781.118415022695,34.25438998487136,3593,4334.791086784925,7058.52994526608,418.6179124678134,0,1,0,0,12232.096725014073,4278.527504029139
1782279000,29835.5,29873.75,29835.25,29844.5,0,0,0,0,0,0,0,0,0,0,0,1,0,29925.586471764644,29783.413528235356,34.557647843094834,4963,4544.194057856616,6502.186630177388,419.94146658700515,0,0,0,0,13392.278543195891,5146.503793473592
1782279300,29844.25,29884.75,29843,29877,0,0,0,0,0,0,0,0,0,0,0,1,0,29937.35708092431,29790.39291907569,35.07138728287377,4067,4385.129371904411,6816.291086784924,609.0791571537682,0,0,0,0,16582.55998032164,6235.652001744835
1782279600,29878,29878.25,29841.5,29845.25,0,0,0,0,0,0,0,0,0,0,0,0,1,29931.03693228686,29788.71306771314,35.191288191239934,3521,4097.086247936274,6577.6940578566155,163.7233920520914,0,0,0,0,13444.798075559735,6922.237342108158
1782279900,29845,29858.5,29833.5,29837.75,0,0,0,0,0,0,0,0,0,0,0,0,1,29910.195008552084,29781.804991447916,34.4633390347228,2886,3693.390831957516,6145.6293719044115,15.923720307407166,0,0,0,0,12607.858075559734,7463.725031008308
1782280200,29837.75,29837.75,29815.25,29822.75,0,0,0,0,0,1,0,0,0,0,0,0,1,29888.163222226936,29764.836777773064,33.60881481795688,3800,3728.927221305011,5540.086247936274,-264.2839051029281,0,0,0,1,10074.5247422264,7712.372622552888
1782280500,29822.75,29827.75,29812.75,29819.75,0,0,0,0,0,0,0,0,0,0,0,0,1,29876.169420639297,29764.330579360703,32.279613759531394,2033,3163.618147536674,5593.390831957517,-290.82822163230963,0,0,0,0,9667.9247422264,7898.615681569413
1782280800,29820,29823.25,29797.5,29801.75,0,0,0,0,0,0,0,0,0,0,0,0,1,29870.96981916506,29749.78018083494,31.813212776707722,4175,3500.7454316911158,4745.427221305011,-550.5633679111447,0,0,0,0,6708.944159702128,7785.313631867767
1782281100,29802.25,29836.75,29800.5,29833.25,0,0,0,0,0,0,0,0,0,0,0,1,0,29884.9451892247,29752.3048107753,32.13012614980003,3627,3542.8302877940773,5251.118147536674,-188.3272977640527,0,0,0,0,9810.654504529713,7978.203238787953
1782281400,29832.75,29853.25,29829.5,29843,0,0,0,0,0,0,0,0,0,0,0,1,0,29900.547318565794,29782.202681434206,31.531545710528597,3599,3561.5535251960514,5314.245431691116,-37.346331573562,0,0,0,0,11363.90713610866,8300.651229008972
1782281700,29843.5,29847.5,29814.75,29828,0,0,0,0,1,0,0,0,0,0,0,0,1,29894.927867239665,29767.322132760335,31.618578159776554,3473,3532.0356834640343,5342.330287794077,-214.74614731892237,0,0,0,0,9720.197212444538,8435.846084574265
1782282000,29827.75,29831.25,29806,29822,0,0,0,0,0,0,1,0,0,0,0,0,1,29877.99551957969,29759.25448042031,31.163679719792515,3276,3446.6904556426894,5298.053525196052,-273.43754753392585,0,0,0,0,8974.177410464341,8487.115734659033
1782282300,29821,29824.5,29802,29816.25,0,0,0,0,0,0,0,0,0,0,0,0,1,29870.31726818114,29756.18273181886,30.544845454093053,2852,3248.460303761793,5170.035683464034,-305.8444394398322,0,0,0,0,8372.088521575452,8476.160761984407
1782282600,29815.75,29849.75,29811.5,29845.5,0,0,0,0,0,0,0,0,0,0,0,1,0,29896.392820453915,29764.857179546085,31.095213635943548,3993,3496.640202507862,4872.69045564269,18.677767034577982,0,0,1,0,11477.755188242118,8762.026897818474
1782282900,29845.5,29865.75,29833.75,29837,0,0,0,0,0,0,0,0,0,0,0,0,1,29912.489761850065,29787.010238149935,31.15984123337615,4544,3845.7601350052414,5244.960303761793,-122.5806162700064,0,0,0,1,10270.755188242118,8905.71530643025
1782283200,29836,29846.5,29832,29835,0,0,0,0,0,0,0,0,0,0,0,0,1,29891.454778860774,29787.045221139226,29.969852573849284,2462,3384.506756670161,5768.640202507862,-139.3217833643477,0,0,0,0,10100.962084793842,9019.548332941067
1782283500,29834.75,29836.5,29818,29820.25,0,0,0,0,0,0,0,0,0,0,0,0,1,29880.225866085006,29774.274133914994,29.150577390002905,2977,3248.671171113441,5076.760135005241,-355.53826213708237,0,0,0,0,7767.637760469518,8900.318754610444
1782283800,29820.25,29842.75,29819,29832.75,0,0,0,0,0,1,0,0,0,0,0,1,0,29885.897232793217,29775.852767206783,28.764821862145556,1885,2794.114114075627,4873.006756670161,-216.50336729312733,0,0,0,0,8759.743023627412,8886.930589754917
1782284100,29832.75,29837.75,29820.75,29823,0,0,0,0,0,0,0,0,0,0,0,0,1,29879.636716165132,29778.863283834868,27.924477443420873,1995,2527.7427427170846,4191.171171113441,-302.61078470353016,0,0,0,0,7615.551847156824,8765.84689998367
1782284400,29823.25,29841.5,29785.25,29805.5,0,0,0,0,0,0,0,0,0,1,0,0,1,29886.42159358191,29740.32840641809,29.947729054605098,5907,3654.161828478056,3791.614114075627,-438.4240016458731,0,0,0,0,5751.565180490157,8478.772450508097
1782284700,29806,29824,29791.5,29804,0,0,0,0,0,0,0,0,0,0,0,0,1,29869.1950511832,29746.3049488168,30.130034122133306,4418,3908.774552318704,5481.242742717084,-396.3211527021102,0,0,0,0,5479.688257413234,8193.145384499063
1782285000,29803.75,29826.25,29799,29812.25,0,0,0,0,0,0,0,0,0,0,0,1,0,29871.136476098687,29754.113523901313,29.924317399123787,2798,3538.5163682124694,5863.161828478056,-251.5469640953482,0,0,0,0,6352.458899615069,8017.8419097482065
1782285300,29813.25,29822,29794,29803.25,0,0,0,0,1,0,0,0,0,0,0,0,1,29866.680299234493,29749.319700765507,29.786866156329232,3147,3408.0109121416463,5307.774552318704,-319.5979144692026,0,0,0,0,5228.530328186497,7752.19318769471
1782285600,29803.75,29827.75,29790.75,29813.25,0,0,0,0,0,0,0,0,0,0,0,1,0,29873.20313500346,29745.29686499654,30.302090002305714,3461,3425.673941427764,5112.016368212469,-183.51954587538768,0,0,0,0,6117.165463321632,7596.476261563941
1782285900,29813.25,29813.25,29790,29794,0,0,0,0,0,0,0,0,0,0,0,0,1,29857.947553931783,29745.302446068217,29.798369287855305,3077,3309.449294285176,5138.510912141646,-394.5634706441283,0,0,0,0,3569.541807407654,7212.958694501438
1782286200,29793.5,29813.25,29791.75,29803.25,0,0,0,0,0,0,0,0,0,0,0,1,0,29857.058442936657,29747.941557063343,29.20562862443707,2285,2967.9661961901174,4964.1739414277645,-226.72845980256662,0,0,0,0,4605.762737640212,6964.6543176575115
1782286500,29802.5,29804.5,29765,29792.5,0,0,0,0,0,0,0,0,0,1,0,0,1,29849.411411298322,29720.088588701678,29.940940865548708,4792,3575.977464126745,4451.949294285176,-299.9220366916636,0,0,0,0,3392.5981806781874,6624.458495088052
1782286800,29793.25,29821.5,29779,29815.75,0,0,0,0,0,0,0,0,0,0,0,1,0,29867.757024777013,29732.742975222987,30.838016518009514,4751,3967.6516427511633,5363.966196190117,-6.753602429224827,0,0,0,0,5907.833474795834,6556.208493155459
1782287100,29815.25,29837.25,29810.75,29828.5,0,0,0,0,0,0,0,0,0,0,0,1,0,29883.042237292942,29764.957762707058,30.528158195294548,3285,3740.101095167442,5951.477464126745,150.21875926246958,0,0,1,0,7550.333474795834,6650.887062835495
1782287400,29827.5,29828.5,29785.5,29796,0,0,0,0,1,0,0,0,0,0,0,0,1,29875.628506057732,29738.371493942268,31.419004038487795,3433,3637.7340634449615,5610.151642751163,-113.95527607446469,0,0,0,1,5035.4613817725785,6497.03699797236
1782287700,29795.5,29804.25,29763.5,29770,0,0,0,0,0,0,1,0,0,1,0,0,1,29852.378255625037,29715.371744374963,32.08550375002438,2925,3400.156042296641,5456.6010951674425,-264.15460088881673,0,0,0,0,3205.0932836130696,6183.518548985761
1782288000,29771,29826,29763,29825,0,0,0,0,0,0,0,0,0,0,0,1,0,29877.44052308039,29711.55947691961,34.29368205359407,5367,4055.7706948644272,5100.234063444961,220.198419832194,0,0,1,0,7805.378997898784,6337.981448882239
1782288300,29823.5,29843.75,29817.5,29825.75,0,0,0,0,0,0,0,0,0,0,0,1,0,29894.32870000322,29766.92129999678,33.71913333548021,4841,4317.513796576285,6083.656042296641,219.8289230062276,0,0,0,0,8220.321855041642,6517.251963754564
1782288600,29825.75,29860.5,29819.5,29858.25,0,0,0,0,0,0,1,0,0,0,0,1,0,29911.858792860134,29768.141207139866,34.23919524008876,3714,4116.342531050856,6476.270694864428,455.9232776351135,0,0,0,0,11164.346245285546,6959.832371519419
1782288900,29857.5,29864.25,29833.75,29838.75,0,0,0,0,1,0,0,0,0,0,0,0,1,29915.208164798696,29782.791835201304,33.9721098657967,3843,4025.2283540339045,6174.513796576284,146.02111011401524,0,0,0,0,8801.846245285546,7135.26226425905
1782289200,29838,29846.25,29825.75,29832,0,0,0,0,0,0,0,0,0,0,0,0,1,29895.76472445593,29776.23527554407,33.00981630395408,3310,3786.8189026892696,6037.842531050856,23.44716096302092,0,0,0,0,7833.065757480667,7201.719739803966
1782289500,29833.25,29838.75,29817,29838.75,0,0,0,0,0,0,0,0,0,0,0,1,0,29887.05831556622,29768.69168443378,32.2055437108145,2779,3450.8792684595132,5680.228354033905,80.59606224567719,0,0,0,0,8535.801389664575,7328.775135028786
1782289800,29838.5,29866.75,29828.25,29852.25,0,0,0,0,0,0,0,0,0,0,1,1,0,29915.732721597207,29779.267278402793,32.65514773147061,3697,3532.9195123063423,5176.31890268927,184.73345426736446,0,0,0,0,9856.158532521718,7569.478315742399
1782290100,29852.25,29858.75,29820.25,29822.25,0,0,0,0,0,0,0,0,0,0,0,0,1,29908.358955768836,29770.641044231164,33.07263717922272,3481,3515.613008204228,5299.379268459514,-111.04208782675221,0,0,0,1,7143.691000054186,7528.927142819712
1782290400,29822.5,29844,29820,29835.75,0,0,0,0,0,0,0,0,0,0,0,1,0,29892.636887499633,29771.363112500367,32.424591666421094,1883,2971.4086721361523,5273.419512306342,1.5561574014156534,0,0,1,0,8183.263916720853,7591.244930810297
1782290700,29835.25,29839,29807.5,29808.75,0,0,0,0,0,1,0,0,0,0,0,0,1,29887.5378241068,29758.9621758932,32.35854940453387,2672,2871.6057814241017,4457.113008204228,-215.92175205403817,0,0,0,1,5935.390900847837,7433.544547004349
1782291000,29807.75,29826.25,29803.5,29813.75,0,0,0,0,0,0,0,0,0,0,0,1,0,29873.758336670602,29755.991663329398,31.672224447067162,2199,2647.4038542827343,4307.408672136153,-125.70086462592388,0,0,0,0,6515.34694480388,7346.097156318589
1782291300,29814,29821.75,29807.5,29819,0,0,0,0,0,0,0,0,0,0,0,1,0,29867.39166976556,29761.85833023444,30.42777984370522,1568,2287.6025695218227,3971.105781424101,-54.0666740733646,0,0,0,0,7065.522383400372,7319.375749373998
1782291600,29818.5,29832.25,29794.75,29799.25,0,0,0,0,0,0,0,0,0,0,0,0,1,29878.64940763945,29748.35059236055,30.932938426297707,3614,2729.735046347882,3431.403854282734,-221.57273862558654,0,0,0,0,5210.335716733705,7118.514793884446
1782291900,29799.75,29820.75,29793,29811.5,0,0,0,0,0,0,0,0,0,0,0,1,0,29866.808378522343,29746.941621477657,30.705585681562155,2732,2730.490030898588,4094.602569521823,-73.24462254135588,0,0,0,0,6367.128509526498,7046.954195374165
1782292200,29812.75,29844.25,29805.25,29835.5,0,0,0,0,0,0,0,0,0,0,0,1,0,29891.197065770746,29758.302934229254,31.29804384716486,2948,2802.993353932392,4095.735046347882,101.15559675612471,0,0,1,0,8086.795176193165,7145.986669737879
1782292500,29836.25,29840,29794,29811.5,0,0,0,0,0,0,0,0,0,0,0,0,1,29888.52227535855,29745.47772464145,32.34818357236737,3226,2943.9955692882613,4204.490030898588,-82.42740224054643,0,0,0,1,6351.0669153236,7070.280026460329
1782292800,29811.75,29821.75,29804.25,29814.75,0,0,0,0,1,0,0,0,0,0,0,1,0,29868.681398547225,29757.318601452775,31.287599031483985,2093,2660.3303795255074,4415.993353932392,-34.487700113841925,0,0,0,0,6709.866915323601,7035.954968256831
1782293100,29814.5,29829.5,29800.25,29808,0,0,0,0,0,0,0,0,0,0,0,0,1,29876.21308436528,29753.53691563472,31.142056243520845,2124,2481.5535863503383,3990.4955692882613,-73.3195235035773,0,0,0,0,6237.866915323601,6959.94658226319
1782293400,29808,29814.75,29794.25,29804.25,0,0,0,0,0,0,0,0,0,0,0,0,1,29860.322864053476,29748.677135946524,30.38190936898364,1994,2319.035724233559,3722.3303795255074,-94.38022808761602,0,0,0,0,5873.110817762625,6856.438414215517
1782293700,29803.5,29805.5,29782,29788,0,0,0,1,0,0,0,1,0,0,0,0,1,29850.335516621086,29737.164483378914,29.890344414056237,2220,2286.023816155706,3478.5535863503383,-214.33117651074974,0,0,0,0,4408.855498613689,6623.335279396295
1782294000,29787.25,29788.5,29765.75,29767.25,0,0,0,0,0,0,0,0,0,0,0,0,1,29832.57047971958,29721.67952028042,29.380319813052218,2934,2502.015877437137,3429.0357242335585,-415.54080154318444,0,0,0,0,1829.5148392730293,6166.780951765508
1782294300,29767,29786,29754.25,29782.5,0,0,0,0,0,0,0,0,0,0,0,1,0,29830.324374025324,29709.925625974676,29.54958268354849,3952,2985.343918291425,3753.0238161557054,-152.5375298315182,0,0,0,0,3758.837673918699,5937.453020542002
1782294600,29782.25,29810.5,29782.25,29797.5,0,0,0,0,0,0,0,0,0,1,0,1,0,29854.685133023515,29738.064866976485,29.456755349009313,2722,2897.5626121942832,4478.0158774371375,19.69200519793334,0,0,1,0,5228.235904007194,5869.908533252973
1782294900,29797.75,29812.75,29796.25,29809,0,0,0,0,0,0,0,0,0,0,0,1,0,29855.54690923612,29753.45309076388,28.531272824080077,1887,2560.708408129522,4346.343918291424,142.78095578542835,0,0,0,0,6514.826813098103,5931.329321809652
1782295200,29808.75,29809.75,29774.75,29791.5,0,0,0,0,1,0,0,0,0,0,0,0,1,29853.239987147826,29731.260012852174,28.993324765217213,3897,3006.138938753015,3841.0626121942832,-59.58362312346209,0,0,0,1,4594.162527383817,5803.980103292906
1782295500,29791.75,29807.5,29784.75,29796.75,0,0,0,0,0,0,0,0,0,0,0,1,0,29850.32105949441,29741.92894050559,28.54737299627313,2555,2855.75929250201,4509.2084081295225,9.354801299165956,0,0,1,0,5155.700988922279,5742.239235257608
1782295800,29796.5,29811.25,29784.5,29809,0,0,0,0,0,0,0,0,0,0,0,1,0,29853.87848381624,29741.87151618376,28.41898921082505,2130,2613.839528334673,4283.638938753014,106.30662948129535,0,0,0,0,6151.028091726017,5781.171507302219
1782296100,29808,29821.5,29804,29807.25,0,0,0,0,0,0,0,0,0,0,0,0,1,29862.95859211508,29762.54140788492,27.63906141005183,2306,2511.2263522231156,3920.75929250201,81.67914686279667,0,0,0,0,6052.199520297446,5806.98369901605
1782296400,29807.5,29815,29794.75,29798.5,0,0,0,0,0,0,0,0,0,0,0,0,1,29855.666906964,29754.083093036,27.11127130933384,2093,2371.8175681487437,3766.8395283346736,-17.184325994572617,0,0,0,1,5121.977298075224,5741.744994164543
1782296700,29796.5,29818.5,29795.5,29817.25,0,0,0,0,0,0,0,0,0,0,0,1,0,29858.72641360943,29755.27358639057,26.817609072952852,1838,2193.878378765829,3557.7263522231156,145.83865458099086,0,0,1,0,6780.172950249137,5840.642894744028
1782297000,29816.75,29832.5,29812,29827.75,0,0,0,0,0,0,0,0,0,0,0,1,0,29872.04952692304,29772.45047307696,26.366351282027647,3029,2472.252252510553,3290.8175681487437,274.6469414045101,0,0,0,0,8405.490023419869,6084.914049856013
1782297300,29828,29835.25,29821,29822,0,0,0,0,0,0,0,0,0,0,0,0,1,29873.50134642854,29782.74865357146,25.50089761902567,1951,2298.501501673702,3708.3783787658294,147.5685389018559,0,0,0,0,7584.016339209342,6227.6856964610915
1782297600,29822.5,29852,29817.75,29834,0,0,0,0,0,0,1,0,0,0,0,1,0,29891.18875025507,29778.56124974493,26.12583350338098,3391,2662.667667782468,3447.7522525105533,227.32488099095326,0,0,0,0,8722.60028081518,6465.296609256719
1782297900,29834.5,29836,29815,29823.25,0,0,0,0,0,0,0,0,0,0,0,0,1,29874.63955380828,29776.36044619172,25.759702538853766,2696,2673.778445188312,3994.001501673702,47.78082639967596,0,0,0,0,7278.314566529467,6542.726890901743
1782298200,29822.5,29822.5,29797.25,29802.75,0,0,0,0,0,0,0,0,0,0,0,0,1,29861.165299964832,29758.584700035168,25.776866643221354,2743,2696.852296792208,4010.667667782468,-164.90926661171022,0,0,0,1,5132.799715044319,6408.448112248655
1782298500,29802.75,29805.75,29787.75,29794,0,0,0,0,0,1,0,0,0,0,0,0,1,29843.58206425306,29749.91793574694,25.221376168705543,3007,2800.2348645281386,4045.278445188312,-272.8452852282667,0,0,0,0,3671.0636039332076,6147.744825742422
1782298800,29794.25,29825.75,29791.5,29811.75,0,0,0,0,0,0,0,0,0,0,0,1,0,29864.54941680641,29752.70058319359,25.86627787094086,3557,3052.4899096854256,4200.352296792208,-50.453105832245996,0,0,0,0,5488.508859407661,6084.9604479962545
1782299100,29811.5,29814,29771.75,29776.5,0,0,0,0,0,0,0,0,0,0,0,0,1,29854.554815605952,29731.195184394048,27.036543737302225,4249,3451.3266064569502,4578.734864528138,-370.89612589873514,0,0,0,0,1968.627202602927,5692.928710339747
1782299400,29775.25,29787.25,29763,29764.25,0,0,0,0,0,0,1,0,0,0,0,0,1,29827.506257348385,29722.743742651615,26.837504898923495,3426,3442.8844043046333,5176.989909685425,-444.64086573226166,0,0,0,0,414.5653469328238,5190.227437634326
1782299700,29765,29773,29749.75,29756,0,0,0,0,0,0,0,0,0,1,0,0,1,29812.8718818235,29709.8781181765,26.581254549000388,5095,3993.5896028697553,5164.32660645695,-541.0111948902926,0,0,0,0,-1557.6927175833052,4547.568375232647
1782300000,29757,29767.25,29735.25,29765.75,0,0,0,0,0,0,0,0,0,0,0,1,0,29807.70246169325,29694.79753830675,26.96830779550036,4970,4319.059735246504,5990.384404304633,-302.4226659818268,0,0,0,0,-198.70834258330524,4095.542021154937
1782300300,29764.75,29767.25,29748.5,29754.75,0,0,0,0,0,0,0,0,0,0,0,0,1,29806.821928715162,29708.928071284838,26.381285810107475,3205,3947.7064901643357,6478.589602869755,-394.44361866605135,0,0,0,0,-1908.0416759166385,3523.772145243359
1782300600,29755.25,29790.25,29751.75,29784.75,0,0,0,0,0,0,0,0,0,0,0,1,0,29831.120362378362,29710.879637621638,27.246908252242655,4726,4207.137660109557,5921.559735246504,34.758264076761805,0,0,1,0,1713.1791033041407,3351.334712677719
1782300900,29785.25,29829.75,29784.25,29810.5,0,0,0,0,1,0,0,0,0,0,0,1,0,29872.57605077991,29741.42394922009,28.550700519939607,6398,4937.4251067397045,6310.706490164335,377.80809644222046,0,0,0,0,5263.717564842602,3533.466412883898
1782301200,29810.5,29816.5,29795.5,29814.25,0,0,0,0,0,0,0,0,0,0,0,1,0,29858.517047152774,29753.482952847226,28.011364768515346,3136,4336.950071159803,7406.137660109556,373.5346034317931,0,0,0,0,5823.717564842602,3751.5855702132985
1782301500,29813.75,29856,29801.5,29849.25,0,0,0,0,0,0,1,0,0,0,1,1,0,29900.85511521329,29756.64488478671,29.903410142192822,5749,4807.633380773202,6505.4251067397045,667.0589655451066,0,0,0,0,9568.47903273251,4305.575423786557
1782301800,29849.5,29865.5,29839,29857.5,0,1,0,0,0,0,0,1,0,0,0,1,0,29909.990464126626,29794.509535873374,29.66030941775048,6068,5227.755587182134,7211.450071159803,721.7695846652819,0,0,0,0,11400.328089336283,4981.266153838911
1782302100,29856.75,29862.25,29833.5,29862,0,0,0,0,0,0,0,0,0,0,0,1,0,29906.642930974725,29789.107069025275,29.59528731648259,4539,4998.170391454756,7841.633380773201,666.98932592923,0,0,0,0,12229.1889589015,5671.544516225825
1782302400,29861.5,29864.5,29825.25,29838.75,0,0,0,0,0,0,0,0,0,0,0,0,1,29909.92736447653,29779.82263552347,30.284909651019547,6315,5437.11359430317,7497.255587182134,195.35330421652586,0,0,0,0,8568.90233469768,5947.483356080287
1782302700,29838,29852.5,29833,29847.75,0,0,0,0,0,1,0,0,0,0,0,1,0,29896.77183844249,29788.72816155751,29.51455896166101,3655,4843.075729535447,8155.670391454756,325.7250746555808,0,0,0,0,10396.40233469768,6371.189925472419
1782303000,29847.5,29863,29834.25,29845.25,0,0,0,0,0,0,0,0,0,0,0,0,1,29907.189921410885,29790.060078589115,29.45994760725665,3993,4559.717153023631,7264.61359430317,228.4277378910884,0,0,0,0,10083.906682523766,6724.781997572548
1782303300,29846.25,29871.25,29823,29868.5,1,0,0,0,0,0,0,1,0,0,0,1,0,29917.453141310107,29776.796858689893,30.80209420673832,5981,5033.478102015754,6839.575729535447,436.37563663242537,0,0,0,0,12841.984402731021,7307.372702825736
1782303600,29869,29874,29847.25,29857.5,0,0,0,0,0,0,0,0,0,0,1,0,1,29919.768988359385,29801.481011640615,30.512658906257013,4483,4849.985401343836,7550.217153023632,162.0991359992054,0,0,0,0,10914.713374693638,7650.928957289346
1782303900,29857,29862.5,29841,29852.5,0,0,0,0,0,0,0,0,0,0,0,0,1,29907.303346333716,29796.196653666284,29.868897555810083,3385,4361.656934229224,7274.978102015754,52.00238071966726,0,0,0,0,10206.225002600615,7894.290485414229
1782304200,29852,29865.5,29818.5,29822.25,0,0,0,0,0,0,0,0,0,0,0,0,1,29912.138821595592,29771.861178404408,31.092547730395076,4690,4471.104622819483,6542.485401343836,-250.7556484766525,0,0,0,1,7237.554789834658,7831.744228692365
1782304500,29822.5,29825,29795.5,29809.75,0,0,0,0,0,1,0,0,0,0,0,0,1,29871.46819148162,29749.03180851838,30.978794321081143,6379,5107.0697485463215,6706.656934229224,-475.9453955603103,0,0,0,0,4480.529366105844,7512.58090844603
1782304800,29809.75,29812.75,29783.5,29793,0,0,0,0,0,0,0,0,0,0,0,0,1,29859.03296351865,29737.21703648135,30.85530901243249,4566,4926.713165697548,7660.604622819483,-642.8450760862871,0,0,0,0,1865.8114173878953,6974.793337869065
1782305100,29792.75,29798.5,29772,29778.25,0,0,0,0,0,0,0,0,0,0,0,0,1,29844.316323267318,29726.183676732682,30.544215511544454,4771,4874.808777131699,7390.069748546322,-774.0514308396323,0,0,0,0,-744.7357524234253,6239.600091174542
1782305400,29778,29780.5,29759.5,29768.75,0,0,0,0,0,0,0,0,0,0,0,0,1,29825.293728748224,29714.706271251776,29.862485832148423,5092,4947.205851421132,7312.213165697548,-841.0473852410069,0,0,0,0,-2987.6405143281872,5360.8152716028535
1782305700,29768.75,29775.5,29752.25,29763.5,0,0,0,0,0,0,0,0,0,0,0,0,1,29819.58524812335,29708.16475187665,29.390165415566393,5917,5270.470567614088,7420.808777131699,-804.5008494339522,0,0,0,0,-4323.7372885217355,4438.476932543369
1782306000,29763.75,29791.75,29746,29748.5,0,0,0,0,0,0,1,0,1,0,0,0,1,29837.58808754311,29700.16191245689,30.55872502874022,11693,7411.313711742725,7905.705851421133,-1010.080972327295,0,0,0,0,-8221.403955188402,3232.773990854629
1782306300,29748.75,29763,29724,29732,0,0,0,1,0,0,0,1,0,0,0,0,1,29809.74250986146,29677.25749013854,31.161673240973062,9482,8101.54247449515,11116.970567614087,-1187.0960143570114,0,0,0,0,-12293.801391085837,1754.0525259079182
1782306600,29732,29735.75,29697.75,29704,0,0,0,0,0,0,0,0,0,0,0,0,1,29783.225187728498,29650.274812271502,31.65012515233213,11016,9073.0283163301,12152.313711742725,-1703.6570427250017,0,0,0,0,-20410.854022664786,-356.8909549085297
1782306900,29704.75,29737,29699,29733,0,0,0,0,0,0,0,0,0,0,0,1,0,29785.155531462176,29650.844468537824,32.103687641451266,10287,9477.685544220067,13609.542474495149,-629.8699443063268,0,0,0,0,-12763.281654243732,-1538.4519738928348
1782307200,29734.5,29753.25,29691.75,29735.5,0,0,0,0,0,0,0,0,1,1,0,1,0,29804.555136357736,29640.444863642264,34.20342423849046,15110,11355.123696146711,14216.5283163301,-446.3329030737957,0,0,0,0,-12517.590597333163,-2584.084223744295
1782307500,29736.75,29757.25,29703.25,29712.25,0,0,0,0,0,0,0,0,1,0,0,0,1,29810.67619804647,29649.82380195353,35.61746536431257,16164,12958.082464097808,17032.68554422007,-1006.6197368972378,0,0,0,0,-19851.25726399983,-4228.576894244821
1782307800,29711.5,29840,29635.75,29809.5,0,0,0,0,0,0,0,0,1,0,0,1,0,29911.493969614578,29564.256030385422,47.66264640971882,67541,31152.388309398535,19437.12369614671,2282.193294707693,0,0,1,0,12555.19561237716,-2630.122369804633
1782308100,29809.5,29843.5,29720.5,29727.5,0,0,0,0,0,0,0,0,1,0,0,0,1,29923.06582892782,29640.93417107218,53.043885951881755,60863,41055.92553959902,46728.5824640978,-1918.1215194575354,0,0,0,1,-28020.137720956176,-5048.219069914303
1782308400,29727.75,29741.5,29604,29662,0,0,0,0,0,0,0,0,1,0,0,0,1,29830.114698290123,29515.385301709877,59.07646552674735,68523,50211.61702639934,61583.88830939853,-4594.768382122179,0,0,0,0,-60786.590448228904,-10356.63539165855
1782308700,29661.75,29715,29564,29660.25,0,0,0,0,0,0,0,0,1,0,0,0,1,29813.463648412257,29465.536351587743,65.64243227483682,79921,60114.744684266225,75317.425539599,-3737.2331091457395,0,0,0,0,-61580.50766677195,-15235.099417859827
1782309000,29660.5,29790,29657.25,29767.25,0,0,0,0,0,1,0,0,1,0,0,1,0,29895.653744954237,29551.596255045763,70.43582996949134,58527,59585.49645617748,90172.11702639934,1490.306136208681,0,0,1,0,-14516.422921009238,-15166.65403720739
1782309300,29767.5,29770.75,29666.5,29684.5,0,0,0,0,0,0,0,0,1,0,0,0,1,29880.02669174322,29557.22330825678,72.85112782881338,50174,56448.33097078499,89378.24468426622,-2443.5865992004715,0,0,0,1,-54463.10877232818,-18909.173535790324
1782309600,29685.75,29718.25,29626,29666,0,0,0,0,1,0,0,0,0,0,0,0,1,29829.60514233299,29514.64485766701,74.2367615553267,48308,53734.88731385666,84672.49645617748,-2848.907230206218,0,0,0,0,-64805.47191595962,-23280.249571996923
1782309900,29666,29725.5,29644.25,29675.75,0,0,0,0,0,0,0,0,0,0,0,1,0,29837.606560737775,29532.143439262225,74.73770715851765,46170,51213.25820923778,80602.330970785,-1665.3274852063378,0,0,0,0,-59265.07191595962,-26707.37550951718
1782310200,29675.25,29722.75,29634,29665.75,0,0,0,0,0,0,0,0,0,0,0,0,1,29836.357877827937,29520.392122172063,75.73858521862353,43273,48566.505472825185,76819.88731385667,-1645.7022107744433,0,0,0,0,-63897.11135257933,-30249.25511361834
1782310500,29664.75,29695.5,29575.5,29580.5,0,0,0,0,0,0,1,0,0,0,0,0,1,29813.850172268798,29457.149827731202,78.90011484586469,47231,48121.336981883454,72849.75820923777,-4302.057103704121,0,0,0,0,-97057.209269246,-36611.917414154304
1782310800,29581.5,29677,29525.25,29664.5,0,0,0,0,0,0,0,0,0,1,0,1,0,29803.15551710674,29399.09448289326,84.10367807116008,61544,52595.5579879223,72182.00547282519,-151.5217488492899,0,0,0,0,-63395.58159214551,-39162.74257396299
1782311100,29665.25,29732,29650.75,29706,0,0,0,0,0,0,0,0,0,0,0,1,0,29857.849765884832,29524.900234115168,83.89984392322006,45351,50180.70532528153,78893.33698188345,2206.619987917389,0,0,1,0,-40650.31082291473,-39304.415740529825
1782311400,29705.75,29776.75,29703.25,29762,0,0,0,0,0,0,0,0,0,0,0,1,0,29901.485496893056,29578.514503106944,83.15699792870434,44402,48254.47021685435,75271.0579879223,5170.940255709561,0,0,0,0,-6669.18837393514,-36196.29884847319
1782311700,29762.5,29791.25,29720.75,29726,0,0,0,0,1,0,0,0,0,0,0,0,1,29914.629389972124,29597.370610027876,82.2529266480826,38747,45085.3134779029,72381.70532528152,2467.752731146588,0,0,0,0,-26729.69192003443,-35294.717236240926
1782312000,29725.75,29794.75,29710,29787.25,0,0,0,0,0,0,0,0,0,0,0,1,0,29918.396933545544,29586.353066454456,82.43128903036242,39917,43362.54231860193,67627.97021685434,4858.84260708251,0,0,0,0,2236.6266640363647,-31720.303531452613
1782312300,29787.25,29877.75,29780.75,29832,0,0,0,0,0,0,1,0,0,0,1,1,0,30002.95786686372,29655.54213313628,83.47191124247938,49257,45327.361545734624,65043.8134779029,6187.278423675059,0,0,0,0,24960.861200118838,-26322.097366541046
1782312600,29833.25,29866.5,29810.5,29811.5,0,0,0,0,0,0,0,0,0,0,0,0,1,29988.764447802027,29688.235552197973,81.50963186801656,33738,41464.24103048975,67991.04231860193,3856.713798652319,0,0,0,0,11857.262985833124,-22685.967809172078
1782312900,29812.5,29893.25,29790.25,29890.75,0,1,0,0,0,0,0,1,0,0,0,1,0,30017.816987244736,29665.683012755264,83.04465816315823,35671,39533.160686993164,62196.361545734624,5711.835711533673,0,0,0,0,38956.833374182635,-16815.224839328774
1782313200,29891.5,29907.5,29840.5,29858.25,0,0,0,0,0,0,0,0,0,0,0,0,1,30030.347916727256,29717.652083272744,81.89861115150407,33571,37545.77379132878,59299.74103048975,3067.7943265455337,0,0,0,0,22296.59829955577,-13090.28930229215
1782313500,29857.75,29866.75,29772,29784.25,0,0,0,0,0,0,0,0,0,0,0,0,1,29990.974851246738,29647.775148753262,82.8165674978252,34546,36545.84919421918,56318.66068699317,-63.10033021906452,0,0,0,1,-4501.618059283279,-12272.320612481783
1782313800,29784.5,29806.25,29748.25,29782.5,0,0,0,0,0,0,0,0,0,0,0,0,1,29927.815933300542,29626.684066699458,81.04395553369484,37398,36829.89946281279,54818.77379132877,-215.60953564114428,0,0,0,0,-5791.2042661798305,-11655.071436643502
1782314100,29782.5,29821.5,29761.75,29789.25,0,0,0,0,0,1,0,0,0,0,0,1,0,29940.784438064788,29642.465561935212,79.5229587098595,33778,35812.5996418752,55244.84919421919,141.85686432834598,0,0,1,0,-1975.279579987362,-10733.186497914347
1782314400,29789.5,29800.25,29731.75,29739.25,0,0,0,0,0,0,0,0,0,0,0,0,1,29918.353406774448,29613.646593225552,78.7356045162981,29947,33857.39976125013,53718.8994628128,-1993.3830813035183,0,0,0,1,-23943.699288016556,-11991.330573162177
1782314700,29739.5,29802.5,29704,29800.25,0,0,0,0,0,0,0,0,0,0,0,1,0,29922.72102057627,29583.77897942373,80.14734705084824,36965,34893.26650750009,50786.099641875204,491.0755385935453,0,0,1,0,-1145.4886281180807,-10958.39324506274
1782315000,29800.5,29828.5,29754.75,29778.25,0,0,0,0,0,0,0,0,0,0,0,0,1,29948.03559053511,29635.21440946489,79.69039369007336,34463,34749.844338333394,52339.89976125014,-609.6141203673851,0,0,0,1,-11542.80049252486,-11014.05107815437
1782315300,29778.5,29809.75,29744,29762,0,0,0,0,0,0,0,0,0,0,0,0,1,29927.79197692546,29625.95802307454,78.69465128363956,28492,32663.896225555596,52124.76650750009,-1197.3039846272818,0,0,0,0,-18692.884142714975,-11745.36851287443
1782315600,29761.75,29773,29712,29743.75,0,0,0,0,1,0,0,0,0,0,0,0,1,29889.146121430782,29595.853878569218,77.43074762052245,27138,30821.930817037064,48995.844338333394,-1748.825903136987,0,0,0,0,-26700.818568944484,-13169.697089643007
1782315900,29744,29769.25,29699.25,29761.75,0,0,0,0,0,0,0,0,0,1,0,1,0,29884.599969900013,29583.900030099987,76.89997993334227,32542,31395.28721135804,46232.896225555596,-656.6578744703463,0,0,0,0,-18449.097140373055,-13672.49709447444
1782316200,29761.5,29810,29760.5,29786.75,0,0,0,0,0,0,0,0,0,0,0,1,0,29922.4142577643,29648.0857422357,74.9428385095321,27538,30109.524807572026,47092.930817037064,783.6122127860594,0,0,1,0,-4401.935524211438,-12789.586468735106
1782316500,29786.75,29805.75,29747.25,29756.25,0,0,0,0,0,0,0,0,0,0,0,0,1,29916.40252506685,29636.59747493315,73.76835004456552,22954,27724.349871714683,45164.28721135804,-494.92112089370846,0,0,0,1,-16369.405609681524,-13130.521625015717
1782316800,29756.25,29785.25,29737.75,29762.25,0,0,0,0,1,0,0,0,0,0,0,1,0,29893.088058990645,29629.911941009355,71.89203932709655,23250,26232.899914476457,41586.52480757202,-131.7522563720751,0,0,0,0,-13432.563504418365,-13159.28751829216
1782317100,29762.25,29777,29730.25,29760,0,0,0,0,0,0,1,0,0,0,0,0,1,29882.14426906274,29625.10573093726,70.09617937516109,22314,24926.599942984303,39349.34987171469,-212.0518491294764,0,0,0,0,-14506.49933329537,-13287.593405435322
1782317400,29759,29805.5,29745.75,29774.25,0,0,0,0,0,0,0,0,0,0,0,1,0,29909.535749843973,29641.714250156027,69.35716656264958,23803,24552.0666286562,37389.89991447645,396.5259045584068,0,0,1,0,-8431.256655471103,-12825.085143533968
1782317700,29773.5,29793,29760.25,29775.75,0,0,0,0,0,0,0,0,0,0,0,1,0,29893.11355342655,29660.13644657345,66.74236895103175,16169,21757.7110857708,36828.0999429843,422.9212702192881,0,0,0,0,-7320.409327226828,-12300.830303885668
1782318000,29775.25,29800.75,29754.5,29781.75,0,0,0,0,0,0,0,0,0,0,0,1,0,29898.66794246751,29656.58205753249,65.27862831167234,16287,19934.1407238472,32636.566628656197,552.330179290075,0,0,0,0,-5031.425543443045,-11608.50604098637
1782318300,29782.5,29784.5,29740.75,29753.75,0,0,0,0,0,0,0,0,0,0,0,0,1,29880.11130371983,29645.13869628017,63.74086914655288,15855,18574.427149231466,29901.211085770796,-541.5322946886542,0,0,0,1,-15450.425543443045,-11974.403136458435
1782318600,29753.5,29754.5,29705.75,29713.5,0,0,0,0,0,0,0,0,0,0,0,0,1,29848.505139168414,29611.744860831586,62.670092778941964,19882,19010.28476615431,27861.6407238472,-1984.1473502541328,0,0,0,0,-31763.861440878944,-13859.11345116515
1782318900,29712.75,29735,29649.75,29653.75,0,0,0,1,0,0,0,1,0,0,0,0,1,29831.4244149421,29553.3255850579,64.28294329473182,27217,21745.85651076954,28515.427149231466,-3383.8812543267586,0,0,0,0,-50600.260267858415,-17358.27029085022
1782319200,29653.25,29655.5,29610.5,29640.5,0,0,0,0,0,0,0,0,0,0,0,0,1,29749.858385303378,29516.141614696622,62.905590202250984,29131,24207.571007179693,32618.78476615431,-3505.9695948473354,0,0,0,0,-58854.04360119175,-21310.248701358938
1782319500,29640.75,29654.75,29610.5,29638.5,0,0,0,0,0,0,0,0,0,0,0,0,1,29747.10957206742,29518.14042793258,61.57304804494735,21067,23160.714004786463,36311.35651076954,-2905.367080269629,0,0,0,0,-59925.24699102226,-24987.867586088778
1782319800,29639,29670.5,29612.25,29613.5,0,0,0,0,0,0,0,0,0,0,0,0,1,29762.50353120546,29520.24646879454,61.33568747030825,21619,22646.809336524308,34741.07100717969,-3185.0074811240092,0,0,0,0,-69389.35857900509,-29216.581013985568
1782320100,29614,29627.75,29595.5,29606.75,0,0,0,0,0,0,0,0,0,0,0,0,1,29716.63720754793,29506.61279245207,59.258138365286236,18964,21419.20622434954,33970.21400478646,-2901.5297687448087,0,0,0,0,-73652.58338520664,-33448.58123981614
1782320400,29607.75,29661.5,29591.75,29659,0,0,0,0,0,0,0,0,0,0,0,1,0,29751.51133558022,29501.73866441978,60.00755705348008,20033,20957.137482899692,32128.809336524308,-864.3423969598261,1,0,0,0,-58932.99557158657,-35875.668319032375
1782320700,29658.75,29661,29543.75,29564.75,0,0,0,0,0,0,0,0,0,0,0,0,1,29757.144454467347,29447.605545532653,64.09630297823149,26975,22963.09165526646,31435.70622434954,-2616.609560423354,0,0,0,0,-80559.00836476355,-40131.22451386391
1782321000,29564.5,29588.25,29538,29548.5,0,0,0,0,0,0,0,0,0,0,0,0,1,29682.910922005394,29443.339077994606,63.10728133692924,24503,23476.394436844308,34444.63748289969,-2726.531543761832,0,0,0,0,-88360.95861351976,-44724.532523354945
1782321300,29547.75,29572,29478.5,29492.5,0,0,0,0,0,0,0,0,0,0,0,0,1,29669.917284719293,29380.582715280707,65.27818981286286,36345,27765.929624562872,35214.591655266464,-4083.6185710545606,0,0,0,0,-109837.54952261067,-50925.77223756978
1782321600,29492.25,29495.5,29446.75,29456.75,0,0,0,0,0,0,0,0,0,0,0,0,1,29591.646407239346,29350.603592760654,64.0976048262298,32916,29482.61974970858,41648.894436844304,-5396.170367658257,0,0,0,0,-133807.14952261068,-58819.23674090701
1782321900,29456.5,29464.75,29403,29410.5,0,0,0,0,0,0,0,0,0,0,0,0,1,29560.64487815082,29307.10512184918,63.92991876721339,32746,30570.413166472386,44223.92962456287,-6468.636149697644,0,0,0,0,-158200.9308991289,-68284.159994071
1782322200,29410.5,29442.25,29364.75,29427.25,0,0,0,0,0,0,0,0,0,0,0,1,0,29539.59881542576,29267.40118457424,64.899210283841,40155,33765.275444314924,45855.61974970858,-4186.628422808305,0,0,0,0,-149522.26960880632,-76021.12281452198
1782322500,29427,29465.75,29391.5,29439.75,0,0,0,0,0,0,0,0,0,0,0,1,0,29564.10068575249,29293.14931424751,65.56712383499521,33872,33800.85029620995,50647.91316647238,-2566.1332308278206,0,0,0,0,-143705.86556840228,-82467.28879108201
1782322800,29439.75,29461.75,29400.5,29411,0,0,0,0,0,0,0,0,0,0,0,0,1,29559.638136770172,29302.611863229828,65.25875784678126,22054,29885.233530806636,50701.27544431493,-2748.068613772206,0,0,0,0,-154057.7431194227,-89285.42729854303
1782323100,29410.5,29462.75,29387,29441.5,0,0,0,0,1,0,0,0,0,0,0,1,0,29561.762198429446,29287.987801570554,66.00813228629688,25323,28364.489020537756,44827.85029620995,-928.4499479171473,0,0,0,0,-143694.53519863062,-94467.24709855136
1782323400,29442.5,29451.75,29409.75,29427.75,0,0,0,0,0,0,0,0,0,0,0,0,1,29548.189898541626,29313.310101458374,64.29326569441854,20613,25780.659347025172,42546.73353080663,-1094.3536013047324,0,0,0,0,-150933.6244843449,-99844.9973257698
1782323700,29428.5,29464,29376,29388.25,0,0,0,0,0,0,1,0,0,0,0,0,1,29562.979905788656,29277.020094211344,65.98660385910293,25091,25550.77289801678,38670.98902053776,-1620.6146879192547,0,0,0,0,-162409.9057343449,-105803.56003134839
1782324000,29388.75,29452,29377,29408,0,0,0,0,0,0,0,0,0,0,0,1,0,29551.94562680375,29277.05437319625,66.630417869167,27509,26203.515265344522,38326.15934702517,-294.5063506541792,0,0,0,0,-155349.26240101157,-110522.1983522687
1782324300,29407.75,29463.5,29403,29450.5,0,0,0,0,0,0,0,0,0,0,0,1,0,29562.788796317767,29303.711203682233,66.19253087851222,24880,25762.343510229683,39305.27289801678,1778.4357286039358,0,0,1,0,-137768.76653324298,-113117.10960759957
1782324600,29449.25,29454.25,29413.75,29441,0,0,0,0,0,0,0,0,0,0,0,0,1,29550.786025152214,29317.213974847786,64.35735010147563,19124,23549.562340153123,38643.515265344526,1435.774394465839,0,0,0,0,-141664.3961628726,-115835.89880333986
1782324900,29442.25,29519.75,29440.5,29510,0,0,0,0,0,0,0,0,0,0,0,1,0,29617.88166621277,29342.36833378723,65.42111080851309,31644,26247.708226768747,35324.343510229686,4057.8478932436547,0,0,0,0,-114612.26997990732,-115719.36272491772
1782325200,29510.25,29538.75,29496,29538,0,0,0,0,0,0,0,0,0,0,0,1,0,29634.452618626143,29400.297381373857,63.80174575076216,19140,23878.472151179165,39371.56234015312,4791.282672224883,0,0,0,0,-102188.05945359153,-114430.6671752676
1782325500,29537.5,29563.25,29529,29539.75,0,0,0,0,0,0,0,0,0,0,0,1,0,29655.786360152848,29436.463639847152,61.69090676856486,21398,23051.64810078611,35817.70822676875,4319.302227115728,0,0,0,0,-100782.35142439445,-113130.82757994636
1782325800,29540,29556.5,29497.5,29511.5,0,0,0,0,0,0,0,0,0,0,0,0,1,29648.748048713358,29405.251951286642,61.4986991422388,22068,22723.765400524073,34577.472151179165,2769.2840244766394,0,0,0,0,-111442.31752608936,-112970.01709862665
1782326100,29510.75,29517,29461.75,29469.5,0,0,0,0,0,0,0,0,0,0,0,0,1,29608.57854523383,29370.17145476617,61.05236348922175,22057,22501.51026701605,34085.64810078611,939.8173708298925,0,0,0,0,-127910.21345369118,-114392.89294196613
1782326400,29469.25,29479.5,29424.75,29448,0,0,0,0,0,1,0,0,0,0,0,0,1,29570.403292002844,29333.846707997156,60.60219466856305,22624,22542.340178010698,33752.26540052408,164.80423962877057,0,0,0,0,-136691.21801990122,-116516.54294938852
1782326700,29447.75,29448.75,29336.5,29356,0,0,1,0,0,0,0,1,0,0,0,0,1,29545.186985431214,29240.063014568786,64.29132362080854,23925,23003.226785340466,33813.51026701605,-1481.8765789624686,0,0,0,1,-156246.84162791903,-120300.38091877237
1782327000,29355.75,29376.25,29324.25,29366,0,0,0,0,0,0,0,0,0,1,0,1,0,29471.37005790041,29229.12994209959,63.413371933607934,29124,25043.48452356031,34504.8401780107,-434.3380430704897,0,0,0,0,-150506.05316638056,-123177.11160902077
1782327300,29366,29411.25,29329.5,29346,0,0,0,0,0,0,0,0,0,0,0,0,1,29508.334696621812,29232.415303378188,64.72313108120737,25110,25065.656349040208,37565.22678534046,-695.2189146748333,0,0,0,0,-156649.17243243562,-126364.92692553646
1782327600,29345.75,29414.25,29311.25,29393.5,0,0,0,0,0,0,0,0,0,0,0,1,0,29515.435789720254,29210.064210279746,67.45719314683541,31181,27104.104232693473,37598.48452356031,1034.7490383255104,0,0,1,0,-142193.90301495988,-127872.4484578625
1782327900,29394,29395.25,29279,29298.5,0,0,0,0,0,0,0,0,0,0,0,0,1,29501.663590454522,29172.586409545478,70.94239363634716,32669,28959.069488462315,40656.15634904021,-1446.675205918662,0,0,0,1,-169031.66215474484,-131792.3735718513
1782328200,29298.25,29318,29263,29311.5,0,0,0,0,0,0,0,0,0,0,0,1,0,29422.705476850628,29158.294523149372,69.80365123375093,26746,28221.379658974878,43438.60423269347,-328.800162839289,0,0,0,0,-162588.3076092903,-134725.319670655
1782328500,29310.75,29322.75,29286,29313.5,0,0,0,0,0,0,0,0,0,0,0,1,0,29423.91401421844,29184.83598578156,67.44267614562587,20353,25598.586439316587,42332.069488462315,122.04010569754155,0,0,1,0,-161065.2940038481,-137233.88865476864
1782328800,29312.75,29350.5,29295.25,29350.5,0,0,0,0,0,0,0,0,0,0,0,1,0,29450.35765605998,29195.39234394002,66.57177070665259,23087,24761.39095954439,38397.87965897488,1829.4941438891165,0,0,0,0,-145290.91843823725,-138001.2248246228
1782329100,29350,29395.25,29343.75,29384.5,0,0,0,0,1,0,0,0,0,0,0,1,0,29493.492823484266,29245.507176515734,65.49521565617741,24057,24526.593973029594,37142.08643931658,3241.0104630472283,0,0,0,0,-129175.06406930521,-137160.63808602112
1782329400,29383.75,29412.25,29371.5,29399,0,0,0,0,0,0,0,0,0,0,0,1,0,29507.841550378245,29275.908449621755,63.72770025216473,22835,23962.729315353063,36789.89095954439,3657.0951215833993,0,0,0,0,-120629.45057237269,-135586.23927519747
1782329700,29399.5,29442.75,29376.25,29429.25,0,0,0,0,0,0,0,0,0,0,0,1,0,29538.638582494088,29280.361417505912,63.92572166272439,22128,23351.15287690204,35944.093973029594,4098.213603981908,0,0,0,0,-110730.08215132006,-133218.98621578058
1782330000,29429.5,29447,29357,29387.5,0,0,0,0,0,0,0,0,0,0,0,0,1,29545.68225517308,29258.31774482692,65.78817011538693,24424,23708.76858460136,35026.72931535306,2425.7395891509627,0,0,0,0,-122127.94881798673,-132162.6969398002
1782330300,29387.75,29426.5,29373.25,29423.25,0,0,0,0,0,0,0,0,0,0,0,1,0,29523.838879803574,29275.911120196426,64.89258653571643,23086,23501.179056400906,35563.15287690204,3565.391122698623,0,0,0,0,-106737.28215132006,-129741.22886470685
1782330600,29422.75,29490.75,29395.25,29482.5,0,0,0,0,0,0,0,0,0,0,0,1,0,29591.368245531892,29294.631754468108,67.07883035459383,29104,25368.786037600603,35251.76858460136,4734.882242948362,0,0,0,0,-88528.23503090121,-125816.18183291584
1782330900,29482.75,29528.5,29435.25,29513.75,0,0,0,0,0,0,0,0,0,0,0,1,0,29631.92229942247,29331.82770057753,68.94819961497998,25547,25428.190691733736,38053.179056400906,4741.340335424637,0,0,0,0,-80035.3985697752,-121456.10723642625
1782331200,29515,29745.75,29487.25,29745.5,0,1,0,0,0,0,1,1,0,0,0,1,0,29869.481420892294,29363.518579107706,82.48761392819571,38468,29774.793794489156,38142.28603760061,7141.534651756261,0,0,0,0,-45734.145184862246,-114244.49180294396
1782331500,29745.25,29885.75,29726.75,29865.5,0,0,0,0,0,0,0,0,0,0,0,1,0,30017.679176542842,29594.820823457158,87.95278436189601,29761,29770.195862992772,44662.19069173373,7939.243933299957,0,0,0,0,-23226.219084233315,-105576.08487735246
1782331800,29865,29890,29828.75,29883,0,0,0,0,0,0,0,0,0,0,0,1,0,30019.06816393264,29699.68183606736,86.04544262176057,20648,26729.463908661848,44655.29379448916,6987.700517371566,0,0,0,0,-17158.235410763926,-97155.33730910593
1782332100,29884.5,29891.5,29852.25,29880,0,0,0,0,0,0,0,0,0,0,0,0,1,30015.55436650888,29728.19563349112,82.70291100592054,10765,21407.9759391079,40094.19586299277,5476.217523620691,0,1,0,0,-18392.439232419976,-89654.10892085012
1782332400,29880,29993,29877.5,29990.25,0,0,0,0,0,0,0,0,0,0,0,1,0,30120.568340329675,29749.931659670325,85.04556021978337,16592,19802.650626071932,32111.963908661848,5811.775481660777,0,0,0,0,-2554.621050601794,-81358.91959987409
1782332700,29991.5,30031,29976,30009.25,0,0,0,0,0,0,0,0,0,0,0,1,0,30155.34917316327,29851.65082683673,82.89944877551314,14589,18064.767084047955,29703.9759391079,4997.835281692394,0,0,0,0,2153.6471312163876,-73405.34181596071
1782333000,30008.5,30031.5,29966.25,29967.75,0,0,0,0,0,0,0,0,0,0,0,0,1,30153.958160794464,29843.791839205536,81.63877386297648,11747,15958.844722698637,27097.150626071932,3166.268602054808,0,1,0,0,-5182.6019109292065,-66907.93801548152
1782333300,29967.5,30035,29966.25,30035,0,0,0,0,0,0,0,0,0,0,0,1,0,30156.077220737716,29845.172779262284,80.71814715847816,10106,14007.89648179909,23938.267084047955,3274.493165446689,0,0,0,0,4739.652634525339,-60084.3579535761
1782333600,30035,30102.25,30026.5,30095.25,0,0,0,0,0,0,0,0,0,0,0,1,0,30222.794919256452,29905.955080743548,80.36327950430116,12915,13643.597654532727,21011.844722698635,3372.8468615896463,0,0,0,0,15011.979367198606,-52932.32582778804
1782333900,30095.25,30158.75,30082.5,30130.75,0,0,0,0,0,0,0,0,0,0,0,1,0,30278.854210738133,29962.395789261867,80.0694738254225,12223,13170.065103021818,20465.39648179909,2998.5101798820597,0,0,0,0,20702.687563919917,-45919.46740953014
1782334200,30130,30132.75,30090,30107.5,0,0,0,0,0,0,0,0,0,0,0,0,1,30248.855695685408,29973.894304314592,77.40379712360661,7123,11154.376735347878,19755.09765453273,1784.3551284696678,0,0,0,0,16953.740195498864,-39931.54287571785
1782334500,30107.75,30108.25,30079.25,30099,0,0,0,0,0,0,0,0,0,0,0,0,1,30219.169574565025,29968.330425434975,73.94638304334899,5434,9247.584490231919,16731.565103021818,980.4255944965066,0,0,0,0,15314.171229981623,-34670.046294222666
1782338400,30095.75,30169,30083.75,30092.5,0,0,0,0,0,0,0,0,0,0,0,0,1,30281.130676381807,29971.619323618193,74.75378425453835,11891,10128.722993487945,13871.376735347878,429.7227682592679,0,0,0,0,-453.3225806451613,-31411.31070245338
1782338700,30091.75,30097.75,30062.25,30071.5,0,0,0,0,0,0,0,0,0,0,0,0,1,30205.674913783107,29954.325086216893,71.94994252207132,6293,8850.148662325297,15193.084490231919,-317.33387979752024,0,0,0,1,-4042.9915947296686,-28804.804120765406
1782339000,30072.25,30107.5,30069,30074.25,0,0,0,0,0,0,0,0,0,0,0,1,0,30211.840991370027,29964.659008629973,69.56066091335194,7844,8514.765774883532,13275.222993487945,-548.1824982483004,0,0,0,0,-3635.511075249149,-26407.728592621002
1782339300,30074,30077.5,30056.75,30062.25,0,0,0,0,0,1,0,0,0,0,0,0,1,30176.61127770074,29957.63872229926,66.0741851338268,5935,7654.843849922355,12772.148662325297,-1087.086071998965,0,0,0,0,-6996.2942077792695,-24559.020555969408
1782339600,30061.75,30091,30056.75,30064.5,0,0,0,0,0,0,0,0,0,0,0,1,0,30186.70154357926,29961.04845642074,63.801029052839176,6307,7205.5625666149035,11482.265774883532,-1155.0835803319262,0,0,0,0,-6489.892747925255,-22838.151240917585
1782339900,30065,30078.5,30053.25,30058.25,0,0,0,0,0,0,0,0,0,0,0,0,1,30170.07107618074,29961.67892381926,61.04738412049352,5982,6797.708377743269,10808.343849922356,-1400.55778589677,0,0,0,0,-8089.04126277674,-21433.474100142266
1782340200,30058,30077.25,30057.25,30065.5,0,0,0,0,0,0,0,0,0,0,0,1,0,30164.42314216783,29970.07685783217,58.115428111886835,4529,6041.472251828846,10196.562566614903,-1280.7205651029597,0,0,0,0,-6390.66626277674,-20000.82573467888
1782340500,30064.75,30072.25,30059.75,30065,0,0,0,0,0,0,0,0,0,0,0,0,0,30154.535774870128,29977.464225129872,54.857183246752065,2943,5008.648167885898,9062.208377743269,-1328.3287603586177,0,0,0,0,-6331.80626277674,-18699.014356402487
1782340800,30065.5,30081.5,30053.5,30072.5,0,0,0,0,0,0,0,0,0,0,0,1,0,30160.90821952226,29974.09178047774,52.93881301484121,4354,4790.432111923932,7512.972251828847,-1261.0234679948342,0,0,0,0,-5243.30626277674,-17417.51834748575
1782341100,30073,30076,30044,30051.25,0,0,0,0,0,0,0,0,0,0,0,0,1,30153.16477527067,29966.83522472933,51.44318351378113,3692,4424.288074615954,7185.648167885898,-1535.8387301340279,0,0,0,0,-7752.71251277674,-16497.060648942035
1782341400,30052,30069.5,30051,30056.5,0,0,0,0,0,0,0,0,0,0,0,1,0,30143.135148465622,29977.364851534378,49.090098977082484,3376,4074.858716410636,6636.432111923932,-1435.8701598831528,0,0,0,0,-6931.523323587551,-15586.05709414637
1782341700,30056.25,30059,30046.75,30051.75,0,0,0,0,0,0,0,0,0,0,0,0,1,30128.687995003795,29977.062004996205,46.458663335862305,2294,3481.2391442737576,6112.288074615954,-1500.8891633244643,0,0,0,0,-7774.217201138572,-14842.072342431342
1782342000,30052,30073,30047,30064.5,0,0,0,0,1,0,0,0,0,0,0,1,0,30140.495995360667,29979.504004639333,44.99733024044357,3401,3454.492762849172,5221.858716410637,-1310.3398294786266,0,0,0,0,-6139.121047292418,-14013.219838132396
1782342300,30064.5,30074.75,30057.75,30064.25,0,0,0,0,0,0,0,0,0,0,0,0,1,30139.246281406333,29993.253718593667,42.99752093755474,3168,3358.995175232781,5181.739144273758,-1304.0549965724476,0,0,0,0,-6185.709282586536,-13267.742642366124
1782342600,30064,30083,30051,30061.25,0,0,0,0,0,0,0,0,0,0,0,0,1,30146.317975591595,29987.682024408405,42.2119837277294,4724,3813.9967834885206,5038.492762849171,-1323.6526019220119,0,0,0,0,-6591.678032586536,-12631.926965244258
1782342900,30060.25,30068,30055.5,30058.25,0,0,0,0,0,0,0,0,0,0,0,0,1,30128.134548763624,29995.365451236376,40.08969917574872,1990,3205.997855659014,5720.995175232781,-1322.1689010605005,0,0,0,0,-6910.078032586535,-12086.988971657809
1782343200,30058.75,30081.75,30058,30078.25,0,0,0,0,0,0,0,0,0,0,0,1,0,30140.13386670908,29999.61613329092,38.92257780605239,3070,3160.6652371060095,4808.996783488521,-1044.6588910187247,0,0,0,0,-4389.446453639167,-11353.889684227463
1782343500,30077.75,30096.75,30075.25,30077.5,0,0,0,0,0,0,0,0,0,0,0,0,1,30153.267161944146,30018.732838055854,37.67810796276293,4840,3720.443491404006,4740.997855659014,-1053.5436451903302,0,0,0,0,-4445.725523406609,-10695.96928795881
1782343800,30077.5,30094.5,30075.25,30093.75,0,0,0,0,0,0,0,0,0,0,0,1,0,30149.042721805276,30020.707278194724,36.36181453685129,2474,3304.962327602671,5580.665237106009,-851.6777609535729,0,0,0,0,-2357.2839649650505,-9901.808781007023
1782344100,30093.25,30118.25,30091.25,30107.5,0,0,0,0,0,0,0,0,0,0,0,1,0,30171.789670247756,30037.710329752244,35.69311349850477,5344,3984.641551735114,4957.443491404007,-612.2908255382961,0,0,0,0,463.16047947939387,-8914.668851436887
1782344400,30106.75,30122.75,30098.75,30115.25,0,0,0,0,0,0,0,0,0,0,0,1,0,30175.03683665863,30046.46316334137,34.85789110575443,4294,4087.761034490076,5976.9623276026705,-535.1113807724244,0,0,0,0,1983.9521461460606,-7876.704946905178
1782344700,30115.25,30135.5,30095.5,30104.25,0,0,0,0,0,0,0,0,0,0,0,0,1,30188.3377768973,30042.6622231027,35.22518459820055,7108,5094.507356326717,6131.641551735114,-795.4182070195607,0,0,0,0,29.252146146060568,-7123.75665232887
1782345000,30103.5,30109.5,30084.75,30109.25,0,0,0,0,0,0,0,0,0,0,0,1,0,30161.215435690352,30033.034564309648,34.47695712690051,4715,4968.004904217812,7641.761034490075,-715.1678737487954,0,0,0,0,1124.656186550101,-6338.193524816586
1782345300,30109.25,30114.25,30088.75,30096.25,0,0,0,0,0,0,0,0,0,0,0,0,1,30165.003618855324,30037.996381144676,33.83574590355047,4215,4717.003269478541,7452.007356326718,-949.9596060901159,0,0,0,0,-1024.1673428616639,-5832.095793201832
1782345600,30096.25,30103.5,30055,30065,0,0,0,0,0,1,1,0,1,0,0,0,1,30155.824788937087,30002.675211062913,34.88319262472543,10755,6729.668846319028,7075.5049042178125,-1584.5479210461758,0,0,0,0,-7953.935384098778,-6034.175754239636
1782345900,30065,30081.75,30046.75,30067,0,0,0,0,0,0,0,0,1,0,0,1,0,30134.08730401301,29994.41269598699,34.89153600867361,10704,8054.445897546018,10094.50326947854,-1381.4332667491003,0,0,0,0,-7342.2782412416345,-6158.756943477922
1782346200,30067.5,30100.5,30056.75,30092.75,0,0,0,0,0,0,0,0,1,0,0,1,0,30153.78642515494,30003.46357484506,35.524283436625495,10459,8855.963931697346,12081.668846319028,-695.8651399700716,0,0,0,0,-1305.9410983844919,-5696.584005849976
1782346500,30093.25,30099,30061.25,30069.75,0,0,0,0,0,0,0,0,0,0,0,0,1,30152.52489478673,30007.72510521327,35.68326319115225,8042,8584.642621131565,13283.945897546018,-1170.9032359239159,0,0,0,0,-6312.219244079856,-5755.215933300441
1782346800,30070.75,30082,30053.25,30062.25,0,0,0,0,1,0,0,0,0,0,0,0,1,30134.782045159103,30000.467954840897,35.188030106069945,5308,7492.42841408771,12876.963931697348,-1226.7195673209544,0,0,0,0,-7881.5409832102905,-5957.723080910903
1782347100,30061.75,30062.75,30026,30036.25,0,0,0,1,0,0,0,1,0,0,0,0,1,30115.69939907631,29973.05060092369,35.29959938420781,8205,7729.952276058473,11238.642621131565,-1651.6465917531505,0,0,0,0,-13574.80628933274,-6683.159576951079
1782347400,30035,30041.25,29987.5,29993.5,0,0,0,0,0,0,0,0,0,0,0,0,1,30096.176227713717,29932.573772286283,36.617485142478685,9648,8369.301517372316,11594.92841408771,-2151.7811279736197,0,0,0,0,-21023.959777704833,-8048.95007226096
1782347700,29993.25,29999.25,29972,29978.5,0,0,0,0,0,0,0,0,0,0,0,0,1,30053.172568591308,29918.077431408692,35.948379060873066,6801,7846.534344914878,12553.952276058473,-2190.091951390536,0,0,0,0,-24705.23500706263,-9635.262923194452
1782348000,29979,29983,29943,29963,0,0,0,0,0,0,0,0,0,0,0,0,1,30037.356670834786,29888.643329165214,36.23778055652499,8199,7964.0228966099185,11769.801517372316,-2168.277731940671,0,0,0,0,-27984.83500706263,-11382.841216896184
1782348300,29963.25,29971.75,29936.5,29941,0,0,0,0,0,0,0,0,0,0,0,0,1,30026.00083720373,29882.24916279627,36.16722480248749,6811,7579.681931073279,11946.034344914879,-2231.2970556091536,0,0,0,0,-32283.976851034262,-13373.425563004572
1782348600,29941.5,29991.75,29939.75,29988,0,0,0,0,0,0,0,0,0,0,0,1,0,30047.697205974895,29883.802794025105,37.29813731659552,8997,8052.121287382186,11369.522896609918,-1105.7969199979316,0,0,0,0,-24238.58262026503,-14408.202425600806
1782348900,29988,29989,29951.75,29966.25,0,0,0,0,0,0,0,0,0,0,0,0,1,30044.942048405257,29895.807951594743,37.2946989368387,6699,7601.080858254791,12078.181931073279,-1305.30012920046,0,0,0,0,-28150.079264560332,-15716.952600739809
1782349200,29967.25,29996,29953,29953.75,0,0,0,0,1,0,0,0,0,0,0,0,1,30052.553330662024,29896.446669337976,37.70222044135022,9094,8098.72057216986,11401.621287382186,-1359.482198780148,0,0,0,0,-31005.172287816145,-17172.97352331851
1782349500,29953.25,29971.75,29950.5,29965.75,0,0,0,0,0,0,0,0,0,0,0,1,0,30026.540592757596,29895.709407242404,36.527061838396634,5977,7391.480381446573,12148.08085825479,-794.8247457722713,0,0,0,0,-27489.28993487497,-18155.47984822865
1782349800,29965.25,29979.25,29958.75,29969.5,0,0,0,0,0,0,0,0,0,0,0,1,0,30032.323407560623,29905.676592439377,35.38227170708259,4232,6338.320254297716,11087.22057216986,-577.125960662724,0,0,0,0,-26611.924081216435,-18960.855489465583
1782350100,29970,29982.75,29950.5,29972.75,0,0,0,0,0,0,1,0,0,0,0,1,0,30035.487807020578,29897.762192979422,35.15853801371954,6158,6278.213502865144,9507.480381446574,-428.7475243061132,0,0,0,0,-26086.823306022638,-19639.519091042446
1782350400,29973.25,29991.5,29970.75,29977.75,0,0,0,0,0,0,0,0,0,0,0,1,0,30042.69403509054,29919.55596490946,34.12935672702529,4730,5762.142335243429,9417.320254297716,-257.6796779332727,0,0,0,0,-25061.040173492518,-20155.854432228167
1782350700,29977.5,29982.75,29960.75,29965.25,0,0,0,0,0,0,0,0,0,0,0,0,1,30032.644461155498,29910.855538844502,33.26297410366634,4957,5493.761556828953,8643.213502865145,-472.5747757916628,0,0,0,0,-27821.187900765246,-20885.88619113646
1782351000,29965.5,29994.25,29959.75,29992,0,0,0,0,0,0,0,0,0,0,0,1,0,30044.276999644393,29909.723000355607,33.3513330962616,4375,5120.841037885969,8240.642335243429,-68.68148337409613,0,0,0,0,-24460.680654388434,-21226.342806684264
1782351300,29992,30028.5,29989.25,30013.5,0,0,0,0,0,0,0,0,0,0,0,1,0,30079.15899966979,29938.59100033021,33.772666446528625,9420,6553.894025257312,7681.261556828953,430.3941153042765,0,0,1,0,-19300.680654388434,-21042.94641122752
1782351600,30012.75,30019,29991.5,29996.75,0,0,0,0,0,0,0,0,0,0,0,0,1,30068.986928264807,29941.513071735193,33.32461884320515,7332,6813.262683504875,9830.841037885968,-52.449595313983934,0,0,0,1,-23566.571563479345,-21283.291663822933
1782351900,29996.75,30014.75,29987,30013.75,0,0,0,0,0,0,0,0,0,0,0,1,0,30064.139647674463,29937.610352325537,32.926431782976216,4584,6070.175122336584,10219.894025257312,219.74676833967433,0,0,1,0,-20758.35534726313,-21233.297728912476
1782352200,30014.75,30028.5,30002.25,30022,0,0,0,0,0,0,0,0,0,0,0,1,0,30077.174315697717,29953.575684302283,32.44954379847791,5292,5810.783414891056,9105.262683504876,313.46042321562305,0,0,0,0,-19296.75534726313,-21048.865121136347
1782352500,30022.25,30031.5,29997,29997.5,0,0,0,0,0,0,0,0,0,0,0,0,1,30080.394007433595,29948.105992566405,32.59600495572949,4726,5449.188943260704,8716.175122336585,-68.77541882667998,0,0,0,1,-22687.146651610958,-21204.8919335625
1782352800,29998,30018.75,29983.25,30012.75,0,0,0,0,0,0,0,0,0,0,0,1,0,30067.955149759768,29934.044850240232,32.80343317317739,5612,5503.459295507136,8173.783414891056,158.3746840302282,0,0,1,0,-20355.400172737718,-21123.98795634109
1782353100,30012.5,30020.5,29985,29994.5,0,0,0,0,0,0,0,0,0,0,0,0,1,30069.99406763407,29935.50593236593,32.996045089379,4431,5145.9728636714235,8255.188943260704,-88.25176485975994,0,0,0,1,-22602.104398089832,-21264.760950793352
1782353400,29994.25,29994.5,29940.75,29945,0,0,0,0,0,1,0,0,0,0,0,0,1,30046.217705660205,29889.032294339795,34.47847044013765,9049,6446.981909114282,7718.959295507135,-857.3845876214165,0,0,0,0,-30893.513700415413,-22181.78502218593
1782353700,29945,29973,29924,29970,0,0,0,0,0,0,0,0,0,1,0,1,0,30026.273583827333,29870.726416172667,35.51572255155639,8275,7056.3212727428545,9670.472863671423,-301.2937156380708,0,0,0,0,-26671.57492490521,-22609.384060540146
1782354000,29970,29989.5,29959,29967,0,0,0,0,0,0,0,0,0,0,0,0,1,30042.236184982525,29906.263815017475,35.157456655016645,6126,6746.21418182857,10584.481909114282,-299.66842568663725,0,0,0,0,-27274.13230195439,-23053.64579781769
1782354300,29966.5,29996,29962.5,29985.75,0,0,0,0,0,0,0,0,0,0,0,1,0,30048.558600340915,29909.941399659085,35.039066893944025,4139,5877.142787885713,10119.321272742854,-15.81832969561134,0,0,0,0,-24895.751704939463,-23229.08445563881
1782354600,29985.75,29996.75,29975.75,29989.75,0,0,0,0,1,0,0,0,0,0,0,1,0,30047.80441460228,29924.69558539772,34.03627640151945,3426,5060.095191923809,8815.714181828569,53.36533807860544,0,0,1,0,-24243.180276368035,-23325.665009993976
1782354900,29990,29997.75,29978,29987.5,0,0,0,0,0,0,0,0,0,0,0,0,1,30047.27374213069,29928.47625786931,33.01582808712521,2588,4236.063461282539,7590.142787885713,17.190275386317495,0,0,0,0,-24570.775213076897,-23444.24693409711
1782355200,29987.25,29989.75,29966.5,29974,0,0,0,0,0,0,0,0,0,0,0,0,1,30038.22740340707,29918.02259659293,32.31826893804483,3248,3906.708974188359,6354.095191923809,-155.74202618336858,0,0,0,1,-26421.78596576507,-23727.82207997025
1782355500,29974.75,29984.75,29965.5,29980.25,0,0,0,0,0,0,0,0,0,0,0,1,0,30031.827231735133,29918.422768264867,31.384821156755915,2789,3534.139316125573,5860.063461282539,-46.551240826040384,0,0,0,0,-25624.92882290793,-23908.49891263098
1782355800,29981,29994.5,29970.25,29991.5,0,0,0,0,0,0,0,0,0,0,0,1,0,30040.812786611197,29923.937213388803,30.875191074130495,2846,3304.7595440837154,5301.208974188359,83.76373115372975,0,0,1,0,-24392.640163114113,-23954.607603153185
1782356100,29991,30002.5,29983.5,29998.5,0,0,0,0,0,0,0,0,0,0,0,1,0,30047.540444710397,29938.459555289603,30.02696314026403,2454,3021.1730293891437,4957.139316125573,164.63082469455833,0,0,0,0,-23423.955952587796,-23904.069350718386
1782356400,29998.5,30020.75,29992.75,30010.75,0,0,0,0,0,0,1,0,0,0,0,1,0,30065.573270088225,29947.926729911775,29.882180058816598,4711,3584.448686259429,4531.759544083716,332.18431404665716,0,0,0,0,-21362.893452587796,-23662.05259851547
1782356700,30011.5,30022.75,30005.25,30006.25,0,0,0,0,0,0,0,0,0,0,0,0,1,30066.246607939065,29961.753392060935,28.997738626043986,2931,3366.632457506286,5376.673029389143,189.8615395671627,0,0,0,0,-22242.193452587795,-23526.82791795093
1782357000,30007,30014.75,29997.25,30007.25,0,0,0,0,0,0,0,0,0,0,0,1,0,30057.01470737199,29954.98529262801,28.17647158132656,2901,3211.4216383375237,5049.9486862594285,159.1186943230738,0,0,0,0,-22200.750595444937,-23400.534839617027
1782357300,30007.5,30028.25,29981.75,30024.5,0,0,0,0,0,0,0,0,0,0,0,1,0,30072.477942559704,29937.522057440296,29.485295039803237,6115,4179.2810922250155,4817.132457506285,339.3624092679187,0,0,0,0,-19965.159197595476,-23073.356207043547
1782357600,30025.25,30038.5,30016.5,30031.25,0,0,0,0,0,0,0,0,0,0,1,1,0,30081.925946662584,29973.074053337416,28.950631108388723,3804,4054.187394816677,6268.921638337523,371.23909738199814,0,0,0,0,-18927.704652140932,-22678.532249433774
1782357900,30030.5,30035.25,30016.5,30025.25,0,0,0,0,0,0,0,0,0,0,0,0,1,30077.58302190097,29974.16697809903,28.222014600646673,2821,3643.124929877785,6081.2810922250155,222.73260437616065,0,0,0,0,-19717.584652140933,-22396.53724016779
1782358200,30024.75,30044.75,30019,30023,0,0,0,0,0,0,0,0,0,0,0,0,1,30086.81816319376,29976.93183680624,28.04544212917191,4940,4075.4166199185233,5464.687394816678,142.8235954852388,0,0,0,0,-20053.31280748074,-22173.373008483308
1782358500,30023,30025.5,30004.25,30016.75,0,0,0,0,0,0,0,0,0,0,0,0,1,30066.84008010849,29962.90991989151,27.56005340565963,3811,3987.277746612349,6113.124929877785,2.8113392673678845,0,0,0,0,-21174.195160421914,-22078.21321342984
1782358800,30016.5,30018.25,29999.5,30010.25,0,0,0,0,0,0,0,0,0,0,0,0,1,30058.646145815026,29959.103854184974,26.930763876683944,2637,3537.1851644082326,5980.916619918524,-88.60910415606315,0,0,0,1,-22053.195160421914,-22075.8305417148
1782359100,30010.5,30034,30003.75,30030,0,0,0,0,0,1,0,0,0,0,0,1,0,30074.75177825681,29962.99822174319,27.167852171206523,3203,3425.7901096054884,5305.777746612349,114.40801773656978,0,0,1,0,-19988.45135876902,-21877.032524291393
1782359400,30030.25,30044,30020.75,30040.25,0,0,0,0,0,0,0,0,0,0,0,1,0,30084.332008381323,29980.417991618677,26.888005587548914,2886,3245.8600730703256,5138.685164408233,201.66915694864534,0,0,0,0,-18747.161036188376,-21578.94952542444
1782359700,30040.5,30043.75,30030,30033,0,0,0,0,0,0,0,0,0,0,0,0,1,30082.674364925515,29991.075635074485,25.949576617009708,2181,2890.906715380217,4868.790109605488,42.717071622445275,0,0,0,0,-19936.79739982474,-21422.554084891133
1782360000,30034.25,30039.75,30027,30032.5,0,0,0,0,0,0,0,0,0,0,0,0,1,30077.26012457369,29989.48987542631,25.00674971579473,2217,2666.2711435868114,4336.360073070326,-3.889141476823127,0,0,0,1,-20241.0915174718,-21310.033840375007
1782360300,30033.25,30043.25,30030.75,30041.25,0,0,0,0,0,0,0,0,0,0,0,1,0,30079.42011567557,29994.57988432443,24.113410450380822,1734,2355.5140957245408,3999.406715380217,91.16794058842606,0,0,1,0,-19131.3315174718,-21102.53838105089
1782360600,30042,30044.5,30028.5,30029.5,0,0,0,0,0,0,0,0,0,0,0,0,1,30079.800821698744,29993.199178301256,23.53388113249648,2528,2413.009397149694,3533.2711435868114,-122.16827177399495,0,0,0,1,-21106.3315174718,-21102.899632138597
1782360900,30029.75,30036.25,30011.75,30026.5,0,0,0,0,0,0,0,0,0,0,0,0,1,30071.65433443455,29976.34566556545,23.602889623032443,3833,2886.339598099796,3619.514095724541,-157.2893096865794,0,0,0,0,-21614.79070114527,-21151.651162520186
1782361200,30027,30046.25,30026.25,30031,0,0,0,0,0,0,0,0,0,0,1,1,0,30081.268310546366,29991.231689453634,23.34554036424441,2628,2800.2263987331976,4329.509397149694,-87.5476635642472,0,0,0,0,-21089.19070114527,-21145.702547151148
1782361500,30031.25,30031.75,30017.75,30019,0,0,0,0,0,0,0,0,0,0,0,0,1,30065.7670026502,29983.7329973498,22.67800176679838,1704,2434.817599155465,4200.339598099797,-219.79001859973852,0,0,0,0,-22580.19070114527,-21282.32046657916
1782361800,30019.25,30022.75,29997.5,30011.5,0,0,0,0,0,0,0,0,0,0,0,0,1,30057.04257388947,29963.20742611053,22.86171592631278,2682,2517.21173277031,3652.226398733197,-263.2541727610115,0,0,0,0,-23403.378819957154,-21484.32602404373
1782362100,30011.75,30030.5,30000.25,30026.75,0,0,0,0,0,1,0,0,0,0,0,1,0,30065.584175754506,29965.165824245494,23.389450503004724,3219,2751.1411551802066,3775.817599155465,-69.24954367857558,0,0,0,0,-21807.180472849715,-21515.074066787158
1782362400,30026.25,30039.75,30014.25,30038.25,0,0,0,0,0,0,1,0,0,0,0,1,0,30075.060306057756,29978.939693942244,23.540204038504385,2907,2803.0941034534712,4126.71173277031,67.94288453390425,0,0,1,0,-20439.180472849715,-21412.608010221687
1782362700,30038.25,30052.25,30033,30039.75,0,0,0,0,1,0,0,0,0,0,1,1,0,30087.100641339344,29998.149358660656,23.233760892896928,3361,2989.0627356356476,4204.641155180207,75.26810515753854,0,0,0,0,-20177.284368953613,-21294.958139624727
1782363000,30040.5,30064.75,30040.5,30053.25,0,1,0,0,0,0,0,1,0,0,0,1,0,30099.789881243676,30005.460118756324,23.359920829118575,3173,3050.375157090432,4483.594103453472,213.02380057289866,0,0,0,0,-18509.00601843815,-21029.629366178386
1782363300,30053.25,30054.25,30034,30040,0,0,0,0,0,0,0,0,0,0,0,0,1,30088.956675440557,29999.293324559443,23.13778362703868,2749,2949.9167713936213,4575.562735635648,-2.3085783426651716,0,0,0,1,-20307.73441349988,-20960.87746592329
1782363600,30041,30067.25,30039.75,30062.75,0,0,0,0,0,0,0,0,0,0,0,1,0,30102.424055766234,30004.575944233766,23.44937051082163,3660,3186.611180929081,4424.8751570904315,263.684934829273,0,0,1,0,-17413.007140772606,-20622.985054004177
1782363900,30062.5,30075.5,30062.5,30071,0,0,0,0,0,0,0,0,0,0,0,1,0,30109.55448035436,30028.44551964564,22.7029869029058,2956,3109.740787286054,4779.916771393621,388.2223700473598,0,0,0,0,-15480.237910003376,-20133.199611718388
1782364200,30070.5,30072.5,30057.5,30069.5,0,0,0,0,0,0,0,0,0,0,0,0,1,30105.729160329047,30024.270839670953,22.152773552698243,2318,2845.827191524036,4664.6111809290815,290.6897922164924,0,0,0,0,-15634.771243336709,-19704.777862348703
1782364500,30069.75,30077.25,30061.5,30064,0,0,0,0,0,0,0,0,0,0,0,0,1,30109.793148876972,30028.956851123028,21.695432584648366,2256,2649.218127682691,4268.740787286054,146.19740215094552,0,0,0,0,-16458.390290955755,-19395.598093644614
1782364800,30064.5,30089.5,30062,30085.75,0,0,0,0,0,0,0,0,0,0,0,1,0,30122.66506681433,30028.83493318567,22.11004454288777,2797,2698.4787517884606,3973.8271915240366,308.1823763015575,0,0,0,0,-14297.072109137573,-18910.02419035823
1782365100,30085.5,30098,30079.75,30093,0,0,0,0,0,0,0,0,0,0,0,1,0,30130.751490613307,30046.998509386693,21.834327075538646,2779,2725.3191678589737,4047.718127682691,342.21724798800403,0,0,0,0,-13155.017314617024,-18361.928297430495
1782365400,30093.25,30107.75,30088,30107.5,0,0,0,0,0,0,0,0,0,0,0,1,0,30140.278169855213,30055.471830144787,21.68544657014303,3081,2843.879445239316,4087.9787517884606,469.273849650635,0,0,0,0,-10932.017314617024,-17654.317727638736
1782365700,30107,30110.25,30094.5,30101.5,0,0,0,0,0,0,0,0,0,0,0,0,1,30142.14222915127,30062.60777084873,21.261486100847097,2919,2868.919630159544,4265.819167858974,264.5689781392088,0,0,0,0,-11951.350647950358,-17111.178005763653
1782366000,30101.75,30121.75,30101.5,30106.5,0,0,0,0,0,0,0,0,0,0,0,1,0,30153.533855640464,30069.716144359536,21.189237093643733,4094,3277.279753439696,4303.379445239316,282.062308274603,0,0,0,0,-10991.029660296037,-16528.30673476674
1782366300,30105.75,30108.25,30087.5,30099.75,0,0,0,0,0,0,0,0,0,0,0,0,1,30139.98679452329,30055.76320547671,21.157863015526324,3569,3374.519835626464,4915.919630159544,106.92868664302671,0,0,0,0,-12023.029660296037,-16099.23272767429
1782366600,30099.75,30107,30088.75,30093.75,0,0,0,0,0,0,0,0,0,0,0,0,1,30138.425237771626,30057.324762228374,20.9501585144173,3150,3299.6798904176426,5061.779753439696,-36.94855545240836,0,0,0,1,-13058.646098652202,-15809.653048719807
1782366900,30093.25,30096.5,30082.5,30089.25,0,0,0,0,0,1,0,0,0,0,0,0,1,30127.180577930794,30051.819422069206,20.45371862053035,3023,3207.4532602784284,4949.519835626464,-137.82667142629853,0,0,0,0,-13922.360384366488,-15629.910890209967
1782367200,30090,30111,30087.25,30088.75,0,0,0,0,0,0,0,0,0,0,0,0,1,30142.033750935738,30056.216249064262,20.689167290492467,4140,3518.3021735189523,4811.179890417643,-158.35872506222714,0,0,0,0,-14140.255121208593,-15488.038912209837
1782367500,30089.5,30106.25,30077.75,30101,0,0,0,0,0,0,0,0,0,0,0,1,0,30138.1206258689,30045.8793741311,21.247083912600147,4324,3786.8681156793014,5277.453260278428,10.645508382593334,0,0,1,0,-12395.483191384032,-15193.509795940712
1782367800,30100.25,30120.5,30094,30112.5,0,0,0,0,0,0,1,0,0,0,0,1,0,30152.933438306834,30061.566561693166,21.62229220455728,3475,3682.9120771195344,5680.302173518952,135.34513027314694,0,0,0,0,-10789.11526685573,-14774.043650313572
1782368100,30112.25,30126.5,30107.5,30122.25,1,0,0,0,0,0,0,1,0,0,0,1,0,30158.652478427775,30075.347521572225,21.434985618517477,3377,3580.941384746356,5524.368115679302,252.16057898026503,0,0,0,0,-9011.746845803098,-14225.253478455432
1782368400,30122.75,30131.5,30118,30130.75,0,0,0,0,0,0,0,0,0,0,0,1,0,30162.80230139722,30086.69769860278,20.868200931480516,2529,3230.2942564975706,5371.412077119534,319.42728977986394,0,0,0,0,-7513.080179136431,-13585.99887852029
1782368700,30130.75,30131.25,30108.5,30111,0,0,0,0,0,0,0,0,0,0,1,0,1,30162.75392272599,30076.99607727401,21.00261515066048,3609,3356.5295043317137,4845.441384746356,-63.69400347137014,0,0,0,1,-10646.168091224343,-13306.014994015914
1782369000,30110.75,30120,30104.25,30116.5,0,0,0,0,0,0,0,0,0,0,0,1,0,30150.941142531276,30073.308857468724,20.62742835418473,3961,3558.019669554476,5034.794256497571,55.17190479443997,0,0,1,0,-9200.088726144977,-12914.974397075825
1782369300,30116.25,30120.5,30105,30111.5,0,0,0,0,0,1,0,0,0,0,0,0,1,30150.891775207616,30074.608224792384,20.261183471742964,2518,3211.3464463696505,5337.029504331714,-56.93359926208217,0,0,0,1,-9971.733887435299,-12634.66577711006
1782369600,30111.25,30116,30098.25,30105.25,0,0,0,0,0,0,0,0,0,0,0,0,1,30146.122719835643,30068.127280164357,20.081813223761323,2267,2896.564297579767,4817.0196695544755,-147.43801658454916,0,0,0,0,-10738.043746590229,-12454.035107536743
1782369900,30104.5,30112.75,30100.5,30104.75,0,0,0,0,0,0,0,0,0,0,0,0,0,30142.03359699024,30071.21640300976,19.522397993492657,2471,2754.7095317198446,4344.84644636965,-143.3656168331091,0,0,0,0,-10687.615175161658,-12285.804637786736
1782370200,30104.75,30119.75,30100,30103.75,0,0,0,0,0,0,0,0,0,0,0,0,1,30149.05798291951,30070.69201708049,19.538655279671755,2090,2533.1396878132296,4132.064297579767,-153.74580354782637,0,0,0,0,-10793.437959971785,-12143.674477994835
1782370500,30104,30113.5,30101,30105.25,0,0,0,0,0,0,0,0,0,0,0,1,0,30142.0538412824,30072.4461587176,19.03589418826663,1665,2243.7597918754864,3799.7095317198446,-135.5184774104879,0,0,0,0,-10626.937959971785,-11999.22338104026
1782370800,30105.75,30126.75,30105.5,30121.75,0,0,0,0,0,0,1,0,0,0,0,1,0,30155.56785261937,30076.68214738063,19.211901746247584,3945,2810.8398612503242,3365.6396878132296,144.0643005277264,0,0,1,0,-7656.585018795315,-11585.63877511217
1782371100,30122,30141.5,30122,30132,1,0,0,0,0,0,0,1,0,0,0,1,0,30170.375506003704,30093.124493996296,19.25033733580133,4050,3223.8932408335495,4216.259791875486,286.96198693887936,0,0,0,0,-5579.661941872238,-11013.640981470271
1782371400,30131.75,30133.25,30121.75,30126,0,0,0,0,0,0,0,0,0,0,1,0,1,30161.295112717722,30093.704887282278,18.69674181181552,1876,2774.595493889033,4835.839861250324,117.83730626783108,0,0,0,0,-6517.661941872238,-10585.452501508553
1782371700,30126.25,30158.75,30126.25,30155.5,0,0,0,0,0,0,0,0,0,0,0,1,0,30188.30081895217,30096.69918104783,19.700545968114415,4101,3216.7303292593556,4161.8932408335495,414.5949538005568,0,0,0,0,-2826.7619418722375,-9846.529591067
1782372000,30155.5,30185.75,30155.5,30179.5,0,0,0,0,0,0,0,0,0,0,0,1,0,30216.431117598444,30124.818882401556,20.454078398963386,6076,4169.820219506237,4825.095493889034,759.9425393626457,0,0,0,0,1993.8661573013164,-8718.872853127159
1782372300,30180,30186.75,30166.5,30171.5,0,0,0,0,0,0,0,0,0,0,0,0,1,30217.4092520557,30135.8407479443,20.439501370466,3011,3783.5468130041577,6254.730329259355,463.8095448899237,0,0,0,0,729.98961409144,-7818.9811895825305
1782372600,30171.75,30177.5,30162.5,30168.75,0,0,0,0,0,0,0,0,0,0,0,0,1,30207.576448337433,30132.423551662567,20.050965558289857,2770,3445.697875336105,5675.320219506237,285.9138173021229,0,0,0,0,175.98961409144,-7057.555398756438
1782372900,30168.75,30172.75,30149,30172,0,0,0,0,0,0,0,0,0,0,0,1,0,30203.22277345619,30118.52722654381,20.315182304126296,3644,3511.798583557403,5168.546813004157,237.9075162512264,0,0,0,0,674.6422456703874,-6321.155623096741
1782373200,30171.5,30182,30167.75,30176.5,0,0,0,0,0,1,0,0,0,0,0,1,0,30211.822932495033,30137.927067504967,19.881954996688705,3143,3388.8657223716023,5267.6978753361045,253.94541666934754,0,0,0,0,1777.4492632142471,-5549.859919638551
1782373500,30176,30178,30163,30168.5,0,0,0,0,0,0,0,0,0,0,0,0,1,30207.299865888246,30133.700134111754,19.533243925496656,2588,3121.9104815810683,5083.298583557404,39.76838813118104,0,0,0,0,483.44926321424714,-4975.259045081142
1782373800,30167.5,30169.75,30157,30161.75,0,0,0,0,0,0,0,0,0,0,0,0,1,30198.32308975337,30128.42691024663,19.048726502246893,1741,2661.6069877207124,4682.865722371603,-87.26365861037243,0,0,0,1,-301.70759953085087,-4530.1589074096855
1782374100,30162.25,30181.25,30153.5,30181.25,0,0,0,0,0,0,1,0,0,0,0,1,0,30210.7553690567,30123.9946309433,19.670246037800688,2332,2551.737991813808,3992.410481581069,33.846957919541865,0,0,1,0,1294.9770851538337,-3975.384050975065
1782374400,30180,30217.75,30165,30190.25,1,0,0,0,0,0,0,1,1,0,0,1,0,30250.799628409794,30131.950371590206,22.03308560652921,8208,4437.158661209205,3827.606987720712,132.19026540176583,0,0,0,0,2889.8965164334545,-3321.547806459968
1782374700,30189.75,30209,30186.5,30205.25,0,0,0,0,0,0,0,0,0,0,0,1,0,30242.09965495195,30153.40034504805,22.066436634634265,5205,4693.10577413947,6655.737991813808,398.73425595592664,0,0,0,0,6475.563183100121,-2388.4896169780545
1782375000,30205,30217.5,30182.25,30183.25,0,0,0,0,0,0,0,0,0,0,1,0,1,30252.01217959824,30147.73782040176,23.008119732160388,4023,4469.737182759646,7039.658661209205,42.425417617157905,0,0,0,0,3993.28658735544,-1780.7014070415312
1782375300,30183,30185.25,30161.25,30171,0,0,0,0,0,1,0,0,0,0,0,0,1,30219.86845248408,30126.63154751592,23.07896832272036,4295,4411.491455173097,6704.605774139469,-216.8852109778964,0,0,0,1,1845.7865873554401,-1435.3215980513435
1782375600,30171,30177.75,30157.5,30170.25,0,0,0,0,0,0,0,0,0,0,0,0,1,30212.065348735217,30123.184651264783,22.876899156811763,3446,4089.660970115398,6617.237182759645,-236.77517235438242,0,0,0,0,1718.1569577258106,-1134.990307024948
1782375900,30170.75,30185.25,30160.25,30169,0,0,0,0,0,0,0,0,0,0,0,0,1,30219.79282382556,30125.70717617444,23.028549217039494,3832,4003.773980076932,6134.491455173097,-264.57022635390376,0,0,0,0,1449.9169577258106,-888.8086627629709
1782376200,30169.75,30178.75,30160.5,30161.25,0,0,0,0,0,0,0,0,0,0,0,0,1,30212.78083640945,30126.46916359055,22.687224272965242,2892,3633.182653384621,6005.6609701153975,-386.8709611660196,0,0,0,0,102.9580536162216,-794.3546897744764
1782376500,30161.25,30184,30159,30180.5,0,0,0,0,0,0,0,0,0,0,0,1,0,30218.27863380877,30124.72136619123,22.85242253918201,2231,3165.788435589747,5449.773980076931,-195.5617397750952,0,0,0,0,1820.8280536162215,-545.2896665944099
1782376800,30179.75,30180.5,30154,30154.75,0,0,0,0,0,0,0,0,0,0,0,0,1,30215.169445679574,30119.330554320426,23.112963786383297,2312,2881.192290393165,4748.682653384621,-405.02365850375156,0,0,0,0,-360.30402185547655,-527.6719861430829
1782377100,30155.5,30156.25,30139.5,30146.25,0,0,0,0,0,0,0,0,0,0,0,0,1,30190.237699559606,30105.512300440394,22.658466373070205,4167,3309.79486026211,4321.788435589748,-584.2756095893965,0,0,0,0,-2661.4831263330884,-730.8920947326072
1782377400,30146.25,30146.25,30119,30134,0,0,0,0,0,0,0,0,0,0,0,0,1,30180.729649591063,30084.520350408937,22.986433060708045,3559,3392.86324017474,4964.6922903931645,-660.3813318203802,0,0,0,0,-4261.400557525749,-1067.1309959510018
1782377700,30134,30138.75,30110.5,30120,0,0,0,0,0,0,0,0,0,0,0,0,1,30173.7936031917,30075.4563968083,23.362402127800326,3449,3411.575493449827,5089.29486026211,-728.115328249898,0,0,0,0,-5970.639495578846,-1534.1318054393678
1782378000,30120.75,30140,30112.75,30135.75,0,0,0,0,0,0,0,0,0,0,0,1,0,30175.46013153515,30077.28986846485,23.6400876901003,3827,3550.050328966551,5117.36324017474,-419.2851131892992,0,0,0,0,-3864.0339909916906,-1756.0272516824461
1782378300,30136,30152.25,30132.5,30134,0,0,0,0,0,0,0,0,0,0,0,0,1,30187.293336425497,30097.456663574503,23.362224283664567,3104,3401.366885977701,5325.075493449827,-392.31783664661407,0,0,0,0,-4178.363104915741,-1986.7259043713314
1782378600,30134,30150,30130.75,30138.25,0,0,0,0,1,0,0,0,0,0,0,1,0,30184.602740966533,30096.147259033467,23.068493977688526,3122,3308.2445906518005,5102.050328966551,-273.1811582490296,0,0,0,0,-3489.090377643014,-2129.8082351591106
1782378900,30137.75,30151.25,30119.75,30122.5,0,0,0,0,0,0,1,0,0,0,0,0,1,30186.75611661178,30084.24388338822,23.67074440785363,3630,3415.496393767867,4962.366885977701,-404.31461405397016,0,0,0,0,-5246.471330023966,-2426.6332918129065
1782379200,30121.5,30135,30118,30133.25,0,0,0,0,0,0,0,0,0,0,0,1,0,30169.791393996653,30083.208606003347,23.194262664435513,2684,3171.6642625119116,5123.2445906518005,-168.5624945350289,0,0,0,0,-3391.353682965143,-2518.5114243035955
1782379500,30133.25,30142.75,30124.75,30137,0,0,0,0,0,0,0,0,0,0,0,1,0,30176.984865854036,30090.515134145964,22.82324390269012,2765,3036.1095083412742,4757.496393767868,-95.50301171894952,0,0,0,0,-2815.3120162984765,-2546.778147350727
1782379800,30138.5,30155.25,30132,30141.25,0,0,0,0,0,0,0,0,0,0,0,1,0,30189.530589721606,30097.719410278394,22.853726481069398,4006,3359.4063388941827,4554.164262511911,-44.885746370793385,0,0,0,0,-2341.484059309229,-2527.226329442013
1782380100,30141.25,30158.5,30137,30155,0,0,0,0,0,0,0,0,0,0,0,1,0,30192.63554759863,30102.86445240137,22.757031732421584,2894,3204.270892596122,5039.109508341274,126.23910281269238,0,0,1,0,-490.67010582085686,-2333.2685938590457
1782380400,30155,30157.75,30144.25,30150,0,0,0,0,0,0,0,0,0,0,0,0,1,30190.893722770157,30111.106277229843,22.095815180105756,1682,2696.847261730748,4806.406338894183,32.15813880338209,0,0,0,0,-1113.63306878382,-2217.112829566167
1782380700,30149.75,30151.75,30140,30150,0,0,0,0,0,0,0,0,0,0,0,0,0,30183.78524257229,30107.96475742771,21.356828381526775,1960,2451.231507820499,4045.270892596122,17.75637660572059,0,0,0,0,-1071.9309411242455,-2108.0478878097933
1782381000,30150,30158,30144.5,30150.75,0,0,0,0,0,1,0,0,0,0,0,1,0,30189.193439531413,30113.306560468587,20.795626354274862,1845,2249.154338546999,3676.847261730748,11.610095548415444,0,0,0,0,-969.4309411242455,-1999.608178601646
1782381300,30150.5,30151.25,30128.5,30131.75,0,0,0,0,0,0,0,0,0,0,0,0,1,30182.65283670774,30097.09716329226,20.93522447182666,2867,2455.102892364666,3373.7315078204983,-225.4197766564539,0,0,0,1,-3332.343029036333,-2126.5353072144735
1782381600,30132.25,30143.25,30124.75,30140,0,0,0,0,0,0,0,0,0,0,0,1,0,30174.391919800044,30093.608080199956,20.761279866696185,2733,2547.735261576444,3682.6543385469986,-87.10299163322136,0,0,0,0,-2187.4376236309276,-2132.3355278255644
1782381900,30139.75,30152.5,30131.75,30151.75,0,0,0,0,0,0,1,0,0,0,0,1,0,30183.640711242897,30100.609288757103,20.760474161932173,2920,2671.823507717629,3821.602892364666,77.43395635931586,0,0,1,0,-498.76292483574684,-1976.757184683677
1782382200,30151.5,30161.75,30144.5,30159.75,1,0,0,0,0,0,0,1,0,0,0,1,0,30192.51458901126,30113.73541098874,20.509726007508448,2413,2585.549005145086,4007.735261576444,160.75010741886774,0,0,0,0,655.2805534251227,-1726.0869239114104
1782382500,30159.75,30169.5,30153.75,30162,0,0,0,0,0,0,0,0,0,0,0,1,0,30199.754618367602,30123.495381632398,20.1697455784007,2798,2656.3660034300574,3878.323507717629,156.59537590473545,0,0,0,0,1054.9948391394084,-1461.2219940970467
1782382800,30160.75,30160.75,30142.75,30158,0,0,0,0,0,0,0,0,0,0,1,0,1,30190.906074198487,30112.593925801513,20.104049465657795,2257,2523.244002286705,3984.549005145086,82.0733987690262,0,0,0,0,710.175394694964,-1254.4222427835218
1782383100,30157.5,30169,30152.75,30163.75,0,0,0,0,0,0,0,0,0,0,0,1,0,30198.743140327166,30123.006859672834,19.82876021811081,2017,2354.49600152447,3784.8660034300574,126.16260774908105,0,0,0,0,1485.9446254641948,-993.4349219980251
1782383400,30164.25,30175,30160.5,30164.5,0,0,0,0,0,0,0,0,0,0,0,1,0,30204.17220173237,30131.32779826763,19.448134488245753,3296,2668.33066768298,3531.744002286705,93.5951041456145,0,0,0,0,1542.7722116710913,-751.8913854581092
1782383700,30164.75,30185.5,30156.25,30173.25,0,0,0,0,0,0,0,0,0,0,0,1,0,30215.72240160863,30126.02759839137,20.148267739085345,3051,2795.8871117886533,4002.4960015244706,144.45323582829562,0,0,0,0,2429.387596286476,-448.91243481576777
1782384000,30172,30174.25,30147.25,30153.25,0,0,0,0,0,0,0,0,0,0,0,0,1,30205.20651577944,30116.29348422056,20.637677186293534,3353,2981.591407859102,4193.83066768298,-117.551871822012,0,0,0,1,100.91537406425368,-396.54788158909906
1782384300,30152.5,30162.25,30139.75,30161.25,0,0,0,0,0,0,0,0,0,0,0,1,0,30193.406050366622,30108.593949633378,20.770700244415423,3007,2990.060938572735,4472.387111788654,-1.286524011094599,0,0,0,0,1270.3042629531426,-237.80005829936178
1782384600,30161,30175.25,30156.75,30170.5,0,0,0,0,0,1,0,0,0,0,0,1,0,30206.162761054722,30125.837238945278,20.608507369814323,2454,2811.3739590484897,4485.091407859102,102.05682922328299,0,0,1,0,2530.4664251153044,25.84436869251121
1782384900,30170.5,30176,30149.25,30159.75,0,0,0,0,0,0,0,0,0,0,0,0,1,30207.57077812224,30117.67922187776,21.047185414827588,2387,2669.9159726989933,4217.060938572735,-23.19128921978023,0,0,0,1,1571.2047428723138,173.02154718582574
1782385200,30159.75,30193.25,30159.5,30187,1,0,0,0,0,0,0,1,0,0,0,1,0,30226.181793970653,30126.568206029347,21.95452931376847,5494,3611.277315132662,4004.87395904849,382.41004794530653,0,0,1,0,6007.1010391686095,728.6481654699004
1782385500,30186.75,30189.5,30155,30163.75,0,0,0,0,0,0,0,0,0,0,1,0,1,30223.775951544176,30120.724048455824,22.85063436278501,3872,3698.184876755108,5416.915972698993,50.287045748896986,0,0,0,0,3425.767705835276,985.5166931237457
1782385800,30164.5,30174.75,30151.75,30153,0,0,0,0,0,0,0,0,0,0,0,0,1,30209.04195500531,30117.45804499469,22.861303336871796,3874,3756.7899178367384,5547.277315132662,-160.23684397849684,0,0,0,1,1488.767705835276,1033.4453610010341
1782386100,30152.75,30158.5,30142,30143,0,0,0,0,0,1,0,0,0,0,0,0,1,30192.110386790642,30108.389613209358,22.40692452709524,3883,3798.859945224492,5635.184876755107,-364.39926567705595,0,0,0,0,-805.732294164724,858.285584318581
1782386400,30143.25,30146,30115.75,30116.25,0,0,0,0,0,0,0,0,0,0,0,0,1,30180.450716305597,30081.299283694403,22.967144203731294,4412,4003.239963482995,5698.289917836738,-682.9332799797003,0,0,0,0,-4743.715765239104,324.76164626546813
1782386700,30116,30126.5,30108.75,30117,0,0,0,0,0,0,0,0,0,1,0,1,0,30160.391736569483,30074.858263430517,22.594491046321917,4774,4260.15997565533,6004.859945224493,-542.109878714664,0,0,0,0,-4474.758018760231,-132.33546468936026
1782387000,30116.25,30124.25,30099,30112.75,0,0,0,0,0,0,0,0,0,0,0,0,1,30158.426255385948,30064.823744614052,22.78417025729892,5296,4605.439983770219,6390.239963482994,-517.8786437833487,1,0,0,0,-5208.857028661221,-615.8137088771565
1782387300,30113.25,30127.75,30108.75,30124,0,0,0,0,0,0,0,0,0,0,0,1,0,30161.520808572666,30074.979191427334,22.513872381777567,3786,4332.293322513479,6908.15997565533,-223.93206789908157,0,0,0,0,-3066.7780812928,-849.2388872024559
1782387600,30123.5,30138.5,30119.25,30130.75,0,0,0,0,0,0,0,0,0,0,0,1,0,30171.921107960334,30085.828892039666,22.28073864022203,3154,3939.528881675653,6498.4399837702185,-72.47657591940876,0,0,0,0,-1878.90795142267,-947.302607604381
1782387900,30130.75,30151.25,30128.75,30131.75,0,0,0,0,1,0,0,0,0,0,0,1,0,30184.69460024888,30095.30539975112,22.296400165920456,3887,3922.0192544504353,5909.293322513479,-43.98373192154962,0,0,0,0,-1706.1523958671146,-1019.5740160103556
1782388200,30132.5,30141,30117.75,30120.5,0,0,0,0,0,0,0,0,0,0,0,0,1,30174.546771659676,30084.203228340324,22.36451443978328,4162,4002.01283630029,5883.028881675653,-238.78717516098374,0,0,0,0,-3854.281428125179,-1289.5461504974817
1782388500,30119.75,30135.5,30114.25,30131,0,0,0,0,0,0,0,0,0,0,0,1,0,30168.92735939827,30080.82264060173,22.284906265513047,3955,3986.34189086686,6003.019254450435,3.1162486800998295,0,0,1,0,-1760.4578987134141,-1334.3948884228087
1782388800,30130.75,30145,30119.5,30144.5,0,0,0,0,0,0,0,0,0,0,0,1,0,30178.771833726965,30085.728166273035,22.5145558179764,4583,4185.227927244573,5979.51283630029,235.83060988715786,0,0,0,0,710.7675914826641,-1139.6175093841923
1782389100,30144.75,30181.75,30143.75,30167.5,0,0,0,0,0,0,0,0,0,0,0,1,0,30217.180988460754,30108.319011539246,23.62065897383523,7185,5185.151951496382,6277.841890866859,596.1168609278053,0,0,0,0,5012.313644114243,-553.7193042891033
1782389400,30167.5,30170,30131.5,30141,0,0,0,0,0,0,0,0,0,0,0,0,1,30207.025203570698,30094.474796429302,24.683469047132714,6456,5608.767967664255,7777.727927244573,62.988027340233884,0,0,0,0,568.5733843739836,-446.8342863211903
1782389700,30141.25,30153.75,30127.25,30133.25,0,0,0,0,0,0,0,0,0,0,0,0,1,30190.969831887076,30090.030168112924,24.813221258051808,5522,5579.84531177617,8413.151951496382,-110.90272859378918,0,0,0,1,-1098.4454835505446,-508.8924955811288
1782390000,30134,30139.5,30116.75,30136.75,0,0,0,0,0,1,0,0,0,0,0,1,0,30176.498772466573,30079.751227533427,24.66584831104811,4200,5119.896874517447,8369.767967664255,-47.318867934301906,0,0,0,0,-590.753175858237,-516.6887508456153
1782390300,30137.5,30145.75,30126.25,30130,0,0,0,0,0,0,0,0,0,0,0,0,1,30182.19528871896,30089.80471128104,24.29685914597324,3451,4563.597916344965,7679.845311776171,-167.77787988365702,0,0,0,0,-1918.0608681659294,-650.1527620189786
1782390600,30129.5,30264.25,30125.5,30206.5,1,0,0,0,0,0,1,1,1,0,0,1,0,30312.958125239034,30076.791874760966,32.472083492689436,22740,10622.398610896642,6845.396874517447,1047.2628643868584,0,0,1,0,10701.614807509746,430.967958888519
1782390900,30206.5,30234.75,30183.5,30196.5,0,0,0,0,0,0,0,0,1,0,0,0,1,30285.47004486482,30132.77995513518,33.81336324321162,14884,12042.932407264429,15933.597916344963,570.1914388828039,0,0,0,0,7797.419685558527,1132.5347899999483
1782391200,30197.5,30215,30175.5,30192.5,0,0,0,0,0,0,0,0,0,0,0,0,1,30266.329327374475,30124.170672625525,34.21955158298222,9936,11340.621604842952,18064.398610896642,332.1415788270678,0,0,0,0,6539.698166571185,1647.5027306257803
1782391500,30192.5,30227,30188.25,30208,0,0,0,0,0,1,0,0,0,0,0,1,0,30278.814732562012,30136.435267437988,34.54315504134063,9506,10729.081069895301,17010.93240726443,611.7768648648356,0,0,0,0,10342.098166571184,2475.5594388110567
1782391800,30208.75,30222.25,30204.5,30214,0,0,0,0,0,0,0,0,0,0,0,1,0,30272.26546595044,30154.48453404956,33.343643966959156,8176,9878.054046596868,16093.621604842952,705.2930573542944,0,0,0,0,12760.351687697945,3455.06346251457
1782392100,30213.75,30215.5,30190.75,30202.25,0,0,0,0,0,0,0,0,0,0,0,0,1,30264.594718382552,30141.655281617448,32.7298122550335,7409,9055.03603106458,14817.081069895303,225.25853667180502,0,0,0,0,9317.786031132287,4013.4179928591143
1782392400,30202,30215,30171.75,30177.5,0,0,0,0,0,0,0,0,0,0,0,0,1,30265.221881355224,30121.528118644776,33.481254236816824,11362,9824.02402070972,13582.55404659687,-449.336631456266,0,0,0,1,2881.5085744848884,3905.6170958710927
1782392700,30177.25,30180.25,30153.5,30155.5,0,0,0,0,0,0,0,0,0,0,0,0,1,30229.75067554414,30103.99932445586,33.00045036275848,8652,9433.349347139812,14736.03603106458,-1052.5310656082845,0,0,0,0,-4153.295163832869,3138.1016425659536
1782393000,30155,30168.75,30142.75,30163.75,0,0,0,0,0,0,0,0,0,0,0,1,0,30217.500627290985,30093.999372709015,32.500418193990015,8917,9261.232898093209,14150.02402070972,-592.8728122323969,0,0,0,0,-1152.3817022944072,2729.4841811506813
1782393300,30164,30165,30136.5,30143.5,0,0,0,0,0,0,0,0,0,0,0,0,1,30213.322011055916,30088.177988944084,32.214674037276446,6374,8298.82193206214,13891.849347139814,-927.6068490301873,0,0,0,0,-5737.1887198382665,1923.1343810564958
1782393600,30143,30153,30130.25,30141,0,0,0,0,0,0,0,0,0,0,0,0,1,30200.307938837635,30082.942061162365,31.538625891756702,7484,8027.214621374759,12448.232898093209,-824.6346705696108,0,0,0,0,-6395.1227857723325,1130.9194127870837
1782393900,30141.25,30179.25,30141.25,30152.5,0,0,0,0,0,0,0,0,0,0,0,1,0,30227.277014634947,30093.222985365053,32.01800975663122,15234,10429.476414249839,12040.82193206214,-248.7435513655752,0,0,0,0,-1885.0569962986483,843.6835643027283
1782394200,30152.75,30198.5,30040,30058.25,0,0,0,1,0,0,1,1,1,0,0,0,1,30260.078656446738,29978.421343553262,41.05243763115756,90201,37019.984276166564,15644.214621374758,-5261.122202706168,0,0,0,0,-55664.20210670874,-4538.019832936459
1782394500,30058.5,30091.5,29992.5,29996.5,0,0,0,0,0,0,0,0,1,0,0,0,1,30159.287323843397,29924.712676156603,45.191549228932026,80218,51419.32285077771,55529.976414249846,-8978.02426553766,0,0,0,0,-105901.7374602441,-14191.707226013375
1782394800,29996.5,30011.75,29745.75,29768,0,0,0,0,0,0,0,0,1,0,0,0,1,30103.195372140297,29654.304627859703,60.96358142686545,115969,72935.88190051846,77128.98427616656,-16591.701017984436,0,0,0,0,-205521.72430234938,-32413.61361423585
1782395100,29767.75,29817.75,29529,29637,0,0,0,0,0,0,0,0,1,0,0,0,1,29933.60105984456,29413.14894015544,77.23403989637507,117051,87640.92126701231,109403.8228507777,-18298.1114854749,0,0,0,0,-258524.03858806367,-53947.93980221945
1782395400,29638,29683.5,29406.25,29419.5,0,0,0,0,0,0,0,0,1,0,0,0,1,29820.781341284237,29268.968658715763,91.52089418949114,95142,90141.28084467487,131461.38190051846,-21629.584295027908,0,0,0,0,-333505.19999473635,-80572.44077293534
1782395700,29420,29463.25,29296.5,29317,0,0,0,0,0,0,0,0,1,0,0,0,1,29608.591602621076,29151.158397378924,96.89440174738463,81096,87126.18722978325,135211.9212670123,-21853.646038063573,0,0,0,0,-383597.4818538068,-109431.9684949231
1782396000,29318.25,29544.75,29307.75,29486.75,0,0,0,0,0,0,0,0,1,0,0,1,0,29705.10291671957,29147.39708328043,106.9019444797143,80965,85072.45815318883,130689.28084467487,-11756.12346765737,0,0,0,0,-326033.75822511484,-130060.71037398899
1782396300,29486.5,29617.5,29484.25,29605,0,0,0,0,0,0,0,0,0,0,0,1,0,29780.675922668175,29321.074077331825,108.783948445449,63415,77853.30543545922,127608.68722978325,-3551.294720333497,0,0,0,0,-269638.42989490845,-143353.82651883847
1782396600,29606,29690,29542,29546.5,0,0,0,0,1,0,0,0,0,0,0,0,1,29857.37764247759,29374.62235752241,111.58509498505978,58174,71293.5369569728,116779.95815318883,-4342.599180976626,0,0,0,0,-293025.95016517874,-157608.3144851566
1782396900,29546.25,29618,29477.25,29611,0,0,0,0,0,0,0,0,0,0,0,1,0,29788.50245372919,29306.74754627081,113.66830248612693,53772,65453.02463798187,106940.30543545922,-430.1155289482813,0,0,0,0,-268288.91996979684,-168149.3245313128
1782397200,29611.5,29685.5,29524.5,29569.25,0,0,0,0,0,0,0,0,0,0,0,0,1,29861.073707034247,29348.926292965753,117.04913802283215,54207,61704.34975865458,98179.5369569728,-902.5785335670043,0,0,0,0,-282514.04885178444,-179041.2030380244
1782397500,29569,29638,29551,29586.75,0,0,0,0,0,0,0,0,0,0,0,1,0,29810.3541565318,29378.6458434682,114.90277102120129,40584,54664.23317243638,92556.52463798187,835.711190871064,0,0,1,0,-274233.9798862672,-188107.1817854761
1782397800,29587,29716.25,29583.25,29668.5,0,0,0,0,0,0,0,0,0,0,0,1,0,29890.54314535096,29408.95685464904,116.19543023397263,52797,54041.82211495759,81996.34975865457,4511.874349820322,0,0,0,0,-241880.93101408676,-193228.49123581997
1782398100,29668.25,29709.5,29606.5,29698.5,0,0,0,0,0,0,0,0,0,0,0,1,0,29882.37934925446,29433.62065074554,115.25289950297459,46910,51664.54807663839,81062.73317243639,5730.14681123621,0,0,0,0,-228103.96499466928,-196549.96492713894
1782398400,29698.5,29711.75,29563.75,29604.75,0,0,0,0,0,0,0,0,0,0,0,0,1,29888.137967164857,29387.362032835143,117.59197810990497,47369,50232.698717758925,77496.82211495758,2564.583959477184,0,0,0,0,-258109.6660081828,-202412.79360152406
1782398700,29605,29685.5,29561.5,29671,0,0,0,0,0,0,0,0,0,0,0,1,0,29862.574540938796,29384.425459061204,118.04969395919748,38742,46402.46581183928,75349.04807663838,4728.497110795475,0,0,0,0,-237488.92407269892,-205753.37745592167
1782399000,29670.75,29776.5,29645.25,29770.75,0,0,0,0,0,0,0,0,0,0,0,1,0,29954.98885944317,29466.76114055683,118.99257296211195,48218,47007.64387455952,69603.69871775893,7976.0643258426335,0,0,0,0,-200751.4002631751,-205276.99867566008
1782399300,29771,29771.75,29611.5,29634.5,0,0,0,0,0,0,0,0,0,0,0,0,1,29954.659298054372,29428.590701945628,121.9395320362468,55711,49908.76258303968,70511.46581183928,2647.8391864752675,0,0,0,0,-248205.69979515637,-209365.4464013264
1782399600,29634,29731.75,29606,29727.75,0,0,0,0,0,0,0,0,0,0,0,1,0,29915.067562479057,29422.682437520943,122.21170831937204,44228,48015.17505535979,74863.14387455952,5851.466570503005,0,0,0,0,-215232.53876135914,-209924.2171022819
1782399900,29727.5,29746.5,29624.5,29643.5,0,0,0,0,0,1,0,0,0,0,0,0,1,29929.79487944484,29441.20512055516,122.19658629655974,45625,47218.45003690653,72022.76258303969,2365.384031592731,0,0,0,0,-246646.47318758865,-213421.57482469207
1782400200,29643.75,29660.75,29512.5,29533.25,0,0,0,0,0,0,0,0,0,0,0,0,1,29846.836316627352,29326.413683372648,124.05754441823406,44611,46349.30002460435,70827.6750553598,-666.2704105277135,0,0,0,1,-279897.842496189,-219752.6479362632
1782400500,29533.75,29609,29462.5,29590,0,0,0,0,0,0,0,0,0,0,0,1,0,29797.490865439682,29274.009134560318,125.66057695978877,53942,48880.2000164029,69523.95003690652,1943.2186823293623,0,0,1,0,-259186.32372485794,-223508.23610660556
1782400800,29590.75,29667,29542.5,29645.25,0,0,0,0,0,0,0,0,0,0,0,1,0,29855.36651790828,29354.13348209172,125.57767860551814,46021,47927.1333442686,73320.30002460435,4004.0477931076607,0,0,0,0,-239040.58476903464,-224987.5074077893
1782401100,29645.25,29645.5,29583.25,29613.5,0,0,0,0,0,0,0,0,0,0,0,0,1,29827.081409486258,29401.668590513742,121.05427299083827,42865,46239.755562845734,71890.7000164029,1704.3733968004917,0,0,0,0,-260903.45625497843,-228408.07396466445
1782401400,29613.5,29692.75,29606,29621,0,0,0,0,1,0,0,0,0,0,0,1,0,29870.65595166581,29428.09404833419,118.60396777720698,42890,45123.17037523049,69359.6333442686,2223.128906867998,0,0,0,0,-257195.3870907133,-231149.72283381197
1782401700,29621,29680.5,29621,29641,0,0,0,0,0,0,0,0,0,0,0,1,0,29852.07338368968,29449.42661631032,114.38225579312076,25276,38507.44691682033,67684.75556284573,3081.03933076246,0,0,0,0,-248699.2526369318,-232821.10662458529
1782402000,29641.25,29702.25,29631.25,29695.25,0,0,0,0,0,0,0,0,0,0,0,1,0,29869.175284854704,29464.324715145296,111.28352323646928,23693,33569.29794454689,57761.17037523049,4655.02569955605,0,0,0,0,-230679.22446791772,-232617.1178477598
1782402300,29695.25,29762.5,29668,29678,0,0,0,0,0,0,1,0,0,0,0,0,1,29927.627050222225,29502.872949777775,110.08470014815005,31319,32819.19862969792,50353.946916820336,3672.809944329162,0,0,0,0,-236396.18478537805,-232977.02898467582
1782402600,29678.5,29714,29652.25,29699.75,0,0,0,0,0,0,0,0,0,0,0,1,0,29873.94833234921,29492.30166765079,106.63222156613934,24304,29980.799086465282,49228.79794454688,4171.048214262499,0,0,0,0,-228032.46008902177,-232506.1176612802
1782402900,29698.5,29714.5,29651.5,29658.75,0,0,0,0,0,0,0,0,0,0,0,0,1,29869.77345146712,29496.22654853288,103.5156343114151,19640,26533.86605764352,44971.19862969792,2595.59062656444,0,0,0,0,-240424.36485092653,-233260.23644124652
1782403200,29660,29688.75,29642.75,29685,0,0,0,0,0,0,0,0,0,0,0,1,0,29837.861062076612,29493.638937923388,99.4073747177426,23517,25528.244038429013,39800.79908646528,3661.164048263874,0,0,0,0,-227643.38659005697,-232725.29836018087
1782403500,29685,29797.75,29676.75,29790.25,0,1,0,0,0,0,0,1,0,0,0,1,0,29949.17455764257,29525.32544235743,100.94970509504671,32931,27995.829358952677,38292.36605764352,5996.835357861078,0,0,0,0,-198998.85973055282,-229513.2565859306
1782403800,29790.75,29844.25,29781.5,29826.5,0,0,0,0,0,0,0,0,0,0,0,1,0,29991.58173209667,29634.16826790333,98.2211547311148,34135,30042.219572635116,41993.74403842902,6994.158723983824,0,0,0,0,-179551.42945166837,-224754.98733504847
1782404100,29826.25,29871.5,29810.75,29819.5,0,0,0,0,0,0,0,0,0,0,0,0,1,30014.816965518337,29667.433034481663,95.5446436788923,30066,30050.146381756746,45063.32935895267,5614.739708469654,0,0,0,0,-182892.09611833503,-220768.0453144091
1782404400,29819.75,29837.75,29743.25,29760.5,0,0,0,0,0,0,0,0,0,0,1,0,1,29980.955039409884,29600.044960590116,95.47002627325715,30035,30045.09758783783,45075.21957263512,2993.606718892236,0,0,0,0,-201723.56437230328,-218954.28522468475
1782404700,29761,29771.75,29732.75,29764.25,0,0,0,0,0,0,0,0,0,0,0,1,0,29908.904679452036,29595.595320547964,91.4364529680245,23239,27776.398391891886,45067.64638175674,2789.4431409727645,0,0,0,0,-199786.98103896994,-217128.8276831881
1782405000,29763.25,29768,29673.5,29711.25,0,0,0,0,0,1,0,0,0,0,0,0,1,29905.482916634035,29536.017083365965,91.65527775602276,30730,28760.932261261256,41664.59758783783,830.5549620770585,0,0,0,0,-216696.61066859958,-217087.6641579892
1782405300,29710.5,29735.25,29672.25,29683.75,0,0,0,0,0,0,0,0,0,0,0,0,1,29869.662708303033,29537.837291696967,89.60847220202113,25547,27689.621507507505,43141.39839189188,-202.05497210785575,0,0,0,1,-227543.94797018688,-218083.50071153184
1782405600,29683.25,29698,29637.75,29651,0,0,0,0,0,0,0,0,0,0,0,0,1,29829.267157709957,29506.482842290043,87.51143847330535,24383,26587.414338338338,41534.43226126126,-1249.9243176231234,0,0,0,0,-240595.42929798772,-220227.49391024193
1782405900,29650.75,29707.25,29586.25,29700,0,0,0,0,0,0,0,0,0,0,0,1,0,29842.105217873534,29451.394782126466,89.90347858235496,33433,28869.276225558893,39881.12150750751,412.4660186785677,0,0,1,0,-226987.36938063236,-220871.29157408862
1782406200,29699.5,29715.25,29662,29689,0,0,0,0,0,0,0,0,0,0,0,0,1,29846.178059453996,29531.071940546004,87.28537296932961,22124,26620.850817039263,43303.91433833834,74.38192306758879,0,0,0,0,-231349.84825387178,-221869.2493531156
1782406500,29689.75,29693.25,29648,29681.5,0,0,0,0,0,0,0,0,0,0,0,0,1,29819.674269492996,29521.575730507004,84.28284632866323,19521,24254.233878026174,39931.2762255589,-126.2055373078199,0,0,0,1,-234908.92560193807,-223111.12328157487
1782406800,29681.5,29717.25,29678.75,29687.25,0,0,0,0,1,0,0,0,0,0,0,1,0,29838.76896452921,29557.23103547079,81.01264301947299,18844,22450.822585350783,36381.35081703926,310.7207617480003,0,0,1,0,-232094.56196557442,-223966.6888705272
1782407100,29688,29716,29671.75,29705.5,0,0,0,0,0,0,0,0,0,0,0,1,0,29833.58010991998,29554.16989008002,78.38673994665349,13693,19531.548390233856,33676.23387802618,909.4834194961131,0,0,0,0,-226679.25123111115,-224225.02814296377
1782407400,29706.5,29778.25,29706.25,29748.75,0,0,0,0,0,0,0,0,0,0,0,1,0,29895.226173497125,29589.273826502875,77.98411566474967,25308,21457.032260155906,29297.322585350783,2279.0016354499003,0,0,0,0,-211828.37623111115,-223044.39462754922
1782407700,29748.25,29811,29700,29700.75,0,0,0,0,0,0,0,0,0,0,0,0,1,29931.513589675902,29579.486410324098,80.34239311726755,27674,23529.354840103937,32185.54839023386,868.5094780285602,0,0,0,0,-223670.85370858863,-223104.05739717203
1782408000,29701.75,29744.5,29673.5,29735.25,0,0,0,0,0,0,0,0,0,0,0,1,0,29864.012618984765,29553.987381015235,79.675079323177,24300,23786.23656006929,35294.0322601559,1905.175020598861,0,0,0,0,-212205.36075084214,-222066.08628799775
1782408300,29735,29779.5,29725.5,29765,0,0,0,0,0,0,0,0,0,0,0,1,0,29896.26171762871,29608.73828237129,77.84114508580721,21671,23081.15770671286,35679.35484010394,2791.1195341929124,0,0,0,0,-200165.9163063977,-219980.35581355964
1782408600,29765.25,29779.25,29719.75,29732.75,0,0,0,0,0,1,0,0,0,0,0,0,1,29894.046594940944,29604.953405059056,76.53106329396384,18003,21388.438471141908,34621.73656006929,1436.2671266082732,0,0,0,0,-209999.48773496912,-219029.79694893197
1782408900,29734,29773.75,29728.5,29768.75,0,0,0,0,0,0,0,0,0,0,0,1,0,29885.195052445164,29617.054947554836,74.29670163010928,15665,19480.62564742794,32082.65770671286,2378.4593397069816,0,0,0,0,-197969.46011065974,-217024.05058338222
1782409200,29768.5,29798.5,29726.5,29735.5,0,0,0,0,0,0,0,0,0,0,0,0,1,29909.69897727051,29615.30102272949,74.13265151367291,18963,19308.08376495196,29220.93847114191,1180.6830287896773,0,0,0,0,-206660.83511065974,-216037.0776812182
1782409500,29735.5,29737.5,29682,29695.25,0,0,0,0,0,0,0,0,0,0,0,0,1,29846.70262175119,29572.79737824881,72.80174783412484,20704,19773.38917663464,28962.12564742794,-399.04030385691397,0,0,0,1,-221675.89817372282,-216574.10820431387
1782409800,29694,29761,29680.5,29746.25,0,0,0,0,0,0,0,0,0,0,0,1,0,29871.027434483247,29570.472565516753,73.3516229888302,20691,20079.259451089758,29660.08376495196,991.7474096408596,0,0,1,0,-208246.02550291538,-215780.95747084735
1782410100,29746.25,29803.75,29723.5,29794,0,0,0,0,0,0,1,0,0,0,0,1,0,29914.51654630587,29612.73345369413,73.84436420391376,21238,20465.506300726505,30118.889176634635,2044.1922533666545,0,0,0,0,-195609.08469294652,-213859.82673009488
1782410400,29794.5,29801.75,29678.75,29709.5,0,0,0,0,0,0,0,0,0,0,0,0,1,29917.783221569738,29562.716778430262,77.35548104649135,34870,25267.004200484334,30698.259451089758,-567.7828481471545,0,0,0,1,-219706.23916449124,-214416.6279143231
1782410700,29709.75,29811.25,29692.5,29798.25,0,0,0,0,0,0,0,0,0,0,1,1,0,29931.71834860047,29572.03165139953,80.3122324003134,26707,25747.00280032289,37900.5063007265,1446.0067620334244,0,0,1,0,-199802.4960065965,-213024.80582787294
1782411000,29798.5,29817.5,29751,29772.75,0,0,0,0,0,0,0,0,0,0,0,0,1,29936.48846655758,29632.01153344242,79.32564437171959,22955,24816.33520021526,38620.504200484334,369.1487900445365,0,0,0,0,-208691.08623216042,-212612.07062828128
1782411300,29773.25,29870,29746.75,29837.25,1,0,0,0,0,0,0,1,0,0,0,1,0,29993.694647517754,29623.055352482246,82.46309834516819,27708,25780.223466810174,37224.502800322894,1678.357482384196,0,0,0,0,-194303.1592544728,-210868.36478315666
1782411600,29836.75,29859,29790.75,29824.75,0,0,0,0,0,0,0,0,0,0,0,0,1,29981.1718155522,29668.5781844478,81.44787703479903,23328,24962.815644540115,38670.33520021526,994.6647413799258,0,0,0,0,-198404.78562809917,-209681.35724457976
1782411900,29824.25,29891.5,29824,29877.25,0,0,0,0,0,0,0,0,0,0,0,1,0,30012.17740015561,29703.32259984439,80.45160010374197,23159,24361.543763026744,37444.223466810174,2526.8642964805886,0,0,0,0,-180220.68192439547,-206875.57864265743
1782412200,29877.5,29878,29765.5,29769.75,0,0,0,0,0,0,0,0,0,0,0,0,1,30002.111157287356,29641.388842712644,82.74077152490325,27368,25363.69584201783,36542.31564454012,-418.17507332698506,0,0,0,1,-206433.14414661768,-206833.44202398698
1782412500,29769,29806.75,29741.25,29788.5,0,0,0,0,0,0,0,0,0,0,0,1,0,29929.01393176683,29618.98606823317,81.50928784455301,24969,25232.13056134522,38045.54376302675,348.8584581143654,0,0,1,0,-198999.6250626482,-206087.3642181452
1782412800,29788.5,29801,29756,29789,0,0,0,0,0,1,0,0,0,0,0,1,0,29919.35222235491,29637.64777764509,78.90148156994209,17297,22587.087040896815,37848.19584201783,290.57350035393705,0,0,0,0,-198807.4361737593,-205394.03773772749
1782413100,29789.75,29789.75,29703.25,29765.5,0,0,0,0,0,0,0,0,0,0,0,0,1,29908.916349329564,29584.083650670436,79.4442328863748,23741,22971.72469393121,33880.63056134522,-403.2007138979889,0,0,0,1,-205463.15004659168,-205400.61986238122
1782413400,29764.75,29811.75,29751.25,29770.5,0,0,0,0,0,0,0,0,0,0,0,1,0,29928.886610091737,29634.113389908263,78.09107339449089,20349,22097.483129287473,34457.58704089682,-157.95543393819887,0,0,0,0,-203529.15417882308,-205222.3850353757
1782413700,29771.25,29794.5,29750.25,29773.5,0,0,0,0,0,0,0,0,0,0,0,1,0,29908.01078079947,29636.73921920053,75.67385386631297,14143,19445.988752858317,33146.22469393121,-71.18860679542763,0,0,0,0,-202810.01858560275,-204992.63584968302
1782414000,29773,29776.75,29689.75,29693.5,0,0,0,0,0,0,0,0,0,0,0,0,1,29891.47429645665,29575.02570354335,76.48286430443348,20446,19779.325835238877,29168.983129287473,-1825.275758114757,0,0,0,0,-221493.4323787062,-206564.14028101857
1782414300,29693.5,29721.25,29674.25,29705.75,0,0,0,0,0,0,0,0,0,0,0,1,0,29832.815418138318,29562.684581861682,74.37694542554537,19967,19841.88389015925,29668.988752858313,-995.4542464038451,0,0,0,0,-216289.2674850892,-207490.34287188243
1782414600,29706.75,29714.5,29660.75,29670.25,0,0,0,0,0,0,0,0,0,0,0,0,1,29823.855388271295,29551.394611728705,72.90359218086355,18992,19558.589260106168,29762.825835238873,-2014.825020112346,0,0,0,0,-229186.160508345,-209556.6112182122
1782414900,29670.5,29680.75,29624.5,29652.5,0,0,0,0,0,0,1,0,0,0,0,0,1,29788.321074823347,29516.928925176653,71.71404988223044,24285,21134.059506737445,29337.883890159253,-2349.700985714857,0,0,0,0,-236957.360508345,-212166.20638870104
1782415200,29652,29678,29635.25,29673,0,0,0,0,0,0,0,0,0,0,0,1,0,29782.467783764536,29530.782216235464,69.64518917635684,21195,21154.37300449163,31701.089260106168,-895.7865352149282,0,0,0,0,-226545.78156097658,-213535.68973844158
1782415500,29672.5,29699.75,29652.25,29682.75,0,0,0,0,0,0,0,0,0,0,0,1,0,29801.84508492421,29550.15491507579,68.0633899494742,21267,21191.915336327755,31731.559506737445,-251.8729994297653,0,0,0,0,-221956.5868241345,-214337.679937079
1782415800,29682.5,29689.25,29629,29667.25,0,0,0,0,1,0,0,0,0,0,0,0,1,29790.507936001053,29527.742063998947,67.5052906673689,19503,20628.943557551836,31787.87300449163,-621.2553243539439,0,0,0,0,-226893.03080753697,-215533.4276390274
1782416100,29666.75,29667.75,29620,29646.75,0,0,0,0,0,0,0,0,0,1,0,0,1,29766.891297715265,29520.858702284735,66.09419847684255,16200,19152.62903836789,30943.415336327755,-1092.0328598550013,0,0,0,0,-233678.3711216731,-217261.51749451747
1782416400,29647,29688,29626.75,29673,0,0,0,0,0,0,0,0,0,0,0,1,0,29786.62227644989,29528.12772355011,65.74818429992523,20004,19436.419358911928,28728.943557551836,-31.06896435643148,0,0,0,0,-225186.87724412206,-218016.31366114647
1782416700,29673.5,29681.25,29634.5,29654.25,0,0,0,0,0,0,0,0,0,0,0,0,1,29777.836756703466,29537.913243296534,64.39117113564485,17304,18725.612905941285,29154.629038367893,-634.9797729491754,0,0,0,0,-232312.0537147103,-219377.81271386685
1782417000,29653,29707,29615.5,29694,0,0,0,0,0,0,0,0,0,0,0,1,0,29806.491274081793,29516.008725918207,66.32751605452736,24499,20650.075270627523,28088.419358911928,580.1154374745249,0,0,1,0,-221334.35972563925,-219564.15052451185
1782417300,29693.25,29751.75,29681.25,29749.5,0,0,0,0,0,0,0,0,0,0,0,1,0,29851.688325933093,29581.311674066907,66.62555062206113,22791,21363.716847085016,30975.112905941285,2244.75180235825,0,0,0,0,-203150.05121500095,-218000.9029712251
1782417600,29749,29919.5,29745.5,29837.5,0,0,0,0,0,0,1,0,0,0,1,1,0,30030.942731223586,29634.057268776414,74.29515414905677,30477,24401.477898056677,32045.575270627523,3333.9238059556,0,0,0,0,-187648.81845638025,-215110.22825552558
1782417900,29838,29850.25,29805.25,29809.25,0,0,0,0,1,0,0,0,0,0,0,0,1,29958.553964707615,29696.946035292385,72.20264313840985,9708,19503.651932037785,36602.216847085016,2156.927718408121,0,0,0,0,-193851.1517897136,-213085.55430640062
1782418200,29808.75,29814.25,29795.75,29806.5,0,0,0,0,0,0,0,0,0,0,0,0,1,29916.80011008564,29693.19988991436,68.36674005709486,5546,14851.101288025191,29255.477898056677,1702.2942427120724,0,0,0,0,-194525.6653032271,-211317.9458299079
1782418500,29806.25,29838.5,29804.25,29834.5,0,0,0,0,0,1,0,0,0,0,0,1,0,29937.394745079524,29705.355254920476,65.92983005301666,6637,12113.067525350129,22276.651932037785,1898.2158880750603,0,0,0,0,-189051.351434614,-209197.31779226084
1782418800,29835,29868.25,29830.25,29842.5,0,0,0,0,0,0,0,0,0,0,0,1,0,29964.15226328813,29734.34773671187,63.9348421920869,5657,9961.045016900087,18169.601288025195,1634.7615938994427,0,0,0,0,-187934.83827671924,-207172.31974316164
1782419100,29842.5,29846,29815,29819.75,0,0,0,0,0,0,0,0,0,0,0,0,1,29938.37353019612,29722.62646980388,61.58235346408069,3792,7904.696677933392,14941.56752535013,1041.7291018009514,0,0,0,0,-190717.67698639666,-205605.21090918404
1782419400,29819.75,29823.75,29778.75,29801.75,0,0,0,0,0,0,0,0,0,0,0,0,1,29914.346849467827,29688.153150532173,60.397899645217784,4889,6899.464451955594,11857.045016900087,628.7757309167658,0,0,0,0,-192673.27698639667,-204373.59815463287
1782419700,29801.75,29806.25,29773.75,29776.25,0,0,0,0,0,0,0,0,0,0,0,0,1,29893.857788791553,29686.142211208447,58.405192527702226,3065,5621.309634637063,10349.19667793339,245.43675677715976,0,0,0,0,-195078.12314024282,-203488.31481992904
1782420000,29775.75,29788.75,29772.75,29778.5,0,0,0,0,0,0,0,0,0,0,0,1,0,29871.814375306443,29689.685624693557,55.37625020429493,2975,4739.206423091376,8431.964451955595,205.52215470707506,0,0,0,0,-194566.79501524282,-202638.64626710178
1782420300,29778.75,29780.75,29761.75,29768.25,0,0,0,0,0,0,0,0,0,0,0,0,1,29859.91691992741,29682.58308007259,52.77794661827386,2577,4018.470948727584,7108.809634637064,-10.53523314575051,0,0,0,1,-195990.92659419018,-202005.53010777687
1782420600,29767.75,29770,29753.25,29759.25,0,0,0,0,0,0,0,0,0,0,0,0,1,29845.30678278974,29677.94321721026,50.204521859825725,1963,3333.3139658183895,6027.706423091377,-146.35696111951282,0,0,0,0,-196987.07584792151,-201527.58208302874
1782420900,29758.75,29767.25,29748,29760.5,0,0,0,0,0,0,0,0,0,0,0,1,0,29839.240226876187,29676.009773123813,47.99348458412389,1638,2768.2093105455933,4999.970948727584,-148.35346611227297,0,0,0,0,-196838.16675701243,-201080.97109959862
1782424800,29748,29761.75,29697,29701,0,0,0,0,0,0,0,0,0,0,0,0,1,29835.5355678136,29623.2144321864,49.19037854240076,7225,4253.806207030395,4152.31396581839,-656.3320723622878,0,0,0,0,-5244.401544401544,-182429.8692371989
1782425100,29699.25,29700.75,29665.25,29666.5,0,0,0,0,0,0,0,0,0,0,0,0,1,29773.095527255486,29592.904472744514,48.23035150365785,5358,4621.87080468693,6380.709310545592,-1037.5688853226,0,0,0,0,-10187.345206373375,-166025.81932950125
1782425400,29666.75,29667.5,29624.75,29645.75,0,0,0,0,0,0,1,0,0,0,0,0,1,29739.25834673724,29552.99165326276,47.838897824825146,7563,5602.24720312462,6932.806207030395,-1225.6666628826329,0,0,0,0,-13902.503101110216,-151537.88445060686
1782425700,29646.75,29684.5,29633.75,29644,0,0,0,0,0,0,0,0,0,0,0,0,1,29756.57025054172,29561.67974945828,48.04683369448049,5755,5653.16480208308,8403.370804686929,-1050.315312684671,0,0,0,0,-14214.350391750611,-138459.4526354777
1782426000,29644.5,29664.5,29626,29658,0,0,0,0,0,0,0,0,0,0,0,1,0,29735.547375503025,29554.952624496975,47.3649170020176,5103,5469.776534722053,8479.74720312462,-702.3517580504758,0,0,0,0,-12424.986755386975,-126456.17017070716
1782426300,29658.5,29658.75,29613.5,29616.5,0,0,0,0,0,0,0,0,0,1,0,0,1,29729.57077725281,29542.67922274719,47.213851501873485,4700,5213.184356481369,8204.66480208308,-992.4920869095552,0,0,0,0,-16787.417694613494,-116011.52707774586
1782426600,29617.25,29646.25,29601.5,29643.5,0,0,0,0,0,0,0,0,0,0,0,1,0,29716.806793163323,29530.943206836677,47.03786210888252,5303,5243.122904320912,7819.776534722054,-519.0891849978109,0,0,0,0,-13676.719370591149,-106265.3549151597
1782426900,29643.75,29669.5,29639.75,29649.25,0,0,0,0,0,0,0,0,0,0,0,1,0,29738.204522223088,29571.045477776912,45.80301481539091,3830,4772.081936213942,7864.684356481368,-355.52326503606497,0,0,0,0,-12968.652143700392,-97379.95465121118
1782427200,29648.5,29667.75,29643.5,29661.5,0,0,0,0,0,0,0,0,0,0,0,1,0,29734.145270635723,29577.104729364277,44.2635137571487,3202,4248.721290809294,7158.122904320913,-124.81201195838109,0,0,0,0,-11252.116061226165,-89177.3033569269
1782427500,29660.75,29668,29640,29651.75,0,0,0,0,1,0,0,0,0,0,0,0,1,29732.6527513046,29575.3472486954,43.10183420306665,3236,3911.147527206196,6373.081936213941,-195.17532628373607,0,0,0,0,-12292.258918369022,-81854.91817230235
1782427800,29652.25,29683.5,29645.5,29681.75,0,0,0,0,0,0,0,0,0,0,0,1,0,29747.606126211413,29581.393873788587,42.73741747427618,3863,3895.0983514707973,5866.721290809294,128.79576175594514,0,0,1,0,-9293.35102363218,-74944.29272957185
1782428100,29683.75,29688.75,29667,29679,0,0,0,0,0,0,0,0,0,0,0,0,1,29750.60747433917,29605.14252566083,41.23831622611359,3500,3763.3989009805314,5842.647527206196,38.00552470043744,0,0,0,0,-10057.718839724133,-68764.61902577683
1782428400,29678.5,29688.25,29676,29684,0,0,0,0,0,0,0,0,0,0,0,1,0,29747.001583314945,29617.248416685055,39.16772220996262,1885,3137.265933987021,5645.098351470797,115.24530876448179,0,0,0,0,-9211.392309111889,-63092.88314799922
1782428700,29684.75,29688,29668.5,29675.25,0,0,0,0,0,0,0,0,0,0,0,0,1,29744.644327363876,29611.855672636124,37.76288490925101,2384,2886.1772893246807,4705.898900980532,-11.465364511921962,0,0,0,1,-10372.828206547787,-58071.925534527654
1782429000,29675.75,29745,29674.25,29742.5,0,0,0,0,0,0,0,0,0,0,0,1,0,29805.1786611236,29614.0713388764,40.11910741573308,7268,4346.784859549787,4329.265933987021,639.6593161401476,0,0,1,0,-3515.739867325172,-52876.09832812742
1782429300,29742.5,29846.5,29731.75,29835,0,0,0,0,0,0,0,0,1,0,0,1,0,29914.6748281862,29663.5751718138,45.449885457466436,12018,6903.856573033191,6520.177289324681,1432.3795499826165,0,0,0,0,6171.972550975483,-47252.472530117615
1782429600,29835.75,29879.75,29830.5,29859.25,0,0,0,0,0,0,0,0,1,0,0,1,0,29948.33198331576,29761.91801668424,45.721322210504546,11450,8419.23771535546,10355.784859549787,1671.3228864943512,0,0,0,0,11635.42432762523,-41644.10140080877
1782429900,29861,29893.75,29858.75,29866.75,0,0,0,0,0,0,1,0,0,0,0,1,0,29961.183270221773,29791.316729778227,44.95551348118279,7792,8210.15847690364,12628.85657303319,1460.9395580036717,0,0,0,0,12915.538613339515,-36447.945208985126
1782430200,29867.5,29879.5,29843.5,29846,0,0,0,0,0,0,0,0,0,0,0,0,1,29945.97375092022,29777.02624907978,44.31583394681259,7962,8127.438984602427,12315.237715355459,711.4555540201072,0,0,0,0,8160.455280006182,-32199.526114795477
1782430500,29846.5,29849.25,29810,29814.5,0,0,0,0,0,0,0,0,0,0,0,0,1,29915.180982997346,29744.069017002654,43.9539886648974,7917,8057.292656401618,12191.15847690364,-64.4669918668888,0,0,0,1,1705.831076184526,-28970.444477559286
1782430800,29813.75,29814.25,29762.75,29764.75,0,0,0,0,0,1,0,0,0,0,0,0,1,29881.016269926105,29695.983730073895,44.51084661740473,8078,8064.195104267746,12085.938984602428,-812.4823882375069,0,0,0,0,-5980.033001485377,-26780.88147983796
1782431100,29764,29764,29708.75,29711.5,0,0,0,0,0,0,0,0,0,0,0,0,1,29831.997250645672,29640.752749354328,45.33150043044725,9956,8694.796736178498,12096.292656401618,-1583.6479787532107,0,0,0,0,-15440.48549017316,-25700.843766536553
1782431400,29711.75,29712.25,29678.75,29697.5,0,0,0,0,0,0,0,0,0,0,0,0,1,29778.979589885264,29612.020410114736,44.486393256843876,8584,8657.864490785665,13042.195104267747,-1654.871384000245,0,0,0,0,-19091.888475247786,-25071.41945308048
1782431700,29696,29707,29665.75,29706,0,0,0,0,0,0,0,0,0,0,0,1,0,29773.38283346489,29599.36716653511,44.25522230992646,6908,8074.576327190443,12986.796736178498,-1200.3510268638606,0,0,0,0,-17417.22180858112,-24342.448248842447
1782432000,29706,29749.75,29682.25,29738.5,0,0,0,0,0,0,0,0,1,0,0,1,0,29818.623345360254,29613.376654639746,45.91556357350314,14104,10084.384218126963,12111.864490785665,-340.09157040580794,0,0,0,0,-10626.406993766304,-23036.158605501863
1782432300,29738.25,29774,29730,29765.5,0,0,0,0,0,0,0,0,0,0,0,1,0,29842.668106405952,29661.331893594048,45.77873760396721,10662,10276.922812084642,15126.576327190443,346.0216591729506,0,0,1,0,-4023.2365392208494,-21225.40412299891
1782432600,29765.75,29768.75,29720.25,29751.75,0,0,0,0,1,0,0,0,0,0,0,0,1,29837.709670234097,29651.290329765903,45.97311348939812,9208,9920.615208056428,15415.384218126963,31.76177193613009,0,0,0,0,-6681.215920664148,-19840.24334182417
1782432900,29751,29768,29721.75,29723.25,0,0,0,0,0,0,0,0,0,0,0,0,1,29836.989336645947,29652.760663354053,45.992891097298255,8505,9448.743472037619,14880.922812084642,-454.7047519627215,0,0,0,1,-11784.215920664148,-19073.002635047025
1782433200,29723.5,29740.5,29704,29704.25,0,0,0,0,0,0,0,0,0,0,0,0,1,29808.472241171236,29636.027758828764,45.31482744749123,6657,8518.162314691746,14173.115208056428,-698.386332571593,0,0,0,0,-15295.099482307984,-18713.202334786165
1782433500,29704.5,29714,29650,29709.25,0,0,0,0,0,0,1,0,0,1,0,1,0,29783.97422394472,29580.02577605528,46.649482629813285,11478,9504.774876461164,12777.243472037619,-481.76622125427286,0,0,0,0,-14443.216669807984,-18306.537033359673
1782433800,29708,29714.75,29648,29659.75,0,0,0,1,0,0,0,1,0,0,0,0,1,29786.877850805813,29575.872149194187,48.085233870540904,9485,9498.183250974109,14257.162314691746,-1026.9423671240238,0,0,0,0,-21299.415171680645,-18591.5730465331
1782434100,29659.25,29683.25,29643.25,29674.5,0,0,0,0,0,0,0,0,0,0,0,1,0,29754.511575748253,29571.988424251747,47.507717165502264,8352,9116.122167316073,14247.274876461164,-519.717902912667,0,0,0,0,-18115.215171680644,-18546.205629880486
1782434400,29674.75,29696.75,29661.25,29668,0,0,0,0,0,0,0,0,0,0,0,0,1,29766.725034623378,29591.274965376622,46.650023082252105,6722,8318.081444877382,13674.183250974109,-522.3411049422737,0,0,0,0,-19393.341932244024,-18626.885277724632
1782434700,29667.25,29695.75,29663,29670,0,0,0,0,0,0,0,0,0,0,0,1,0,29764.235746435996,29594.514253564004,45.657164290662664,4838,7158.054296584922,12477.122167316073,-362.3798868830406,0,0,0,0,-18987.097657434864,-18661.191218649416
1782435000,29670.75,29694.5,29646.5,29652.25,0,0,0,0,1,0,0,0,0,0,0,0,1,29763.23676454771,29577.76323545229,45.824509698472475,6066,6794.0361977232815,10737.081444877382,-487.5966864308176,0,0,0,0,-21325.035157434864,-18914.890641390888
1782435300,29651.25,29661,29616.75,29635.75,0,0,1,0,0,0,0,1,0,0,0,0,1,29729.568067080014,29548.181932919986,45.712044720010155,8735,7441.024131815521,10191.054296584922,-654.1945873047466,0,0,0,0,-24384.75267155916,-19435.829882359296
1782435600,29636.25,29677,29608.25,29611.25,0,0,0,0,0,0,0,0,0,0,0,0,1,29748.036419431442,29537.213580568558,47.35761295429514,8501,7794.349421210348,11161.536197723282,-788.4367860427842,0,0,0,0,-27476.025398831887,-20201.56278869002
1782435900,29611.5,29621.5,29565.25,29612.25,0,0,0,0,0,0,0,0,0,0,0,1,0,29693.48917518634,29493.26082481366,47.992783457559774,11159,8915.899614140231,11691.524131815522,-587.580335107928,0,0,0,0,-27327.23873216522,-20880.198592830515
1782436200,29613.25,29656.25,29612.75,29635.75,0,0,0,0,0,0,0,0,0,0,0,1,0,29727.811376958743,29541.188623041257,47.70758463916265,6913,8248.26640942682,13373.849421210347,-97.32964266663384,0,0,0,0,-23751.549076992807,-21153.660543703114
1782436500,29636.25,29674.5,29630.5,29663,0,0,0,0,0,0,0,0,0,1,0,1,0,29745.664135747404,29559.335864252596,47.442757164936744,7014,7836.8442729512135,12372.399614140231,367.83731252068833,0,0,1,0,-19487.355895174624,-20994.964862890876
1782436800,29664.25,29673.5,29644.75,29651.5,0,0,0,0,1,0,0,0,0,0,0,0,1,29742.661340336876,29575.588659663124,46.10756022458412,4784,6819.229515300809,11755.26640942682,143.7849835618872,0,0,0,0,-21608.955895174622,-21053.440199298853
1782437100,29652,29652.5,29603.5,29613,0,0,0,0,0,0,0,0,0,0,0,0,1,29721.971244598528,29534.028755401472,46.31416306568526,6777,6805.153010200539,10228.844272951213,-347.74449693479403,0,0,0,1,-27002.894670684826,-21620.05491085942
1782437400,29613.25,29621,29541.5,29554.75,0,0,1,0,0,0,1,1,0,0,0,0,1,29694.026869984347,29468.473130015653,48.68457998956488,10979,8196.435340133692,10207.729515300809,-998.6713475557074,0,0,0,0,-35081.78146313765,-22902.12410631449
1782437700,29553.5,29567.5,29533.25,29551.75,0,0,0,0,0,0,0,0,0,0,0,0,1,29638.98030784261,29461.76969215739,47.65353856173881,8472,8288.290226755795,12294.653010200538,-803.1216924738956,0,0,0,0,-35514.65737554641,-24103.317751003247
1782438000,29551.25,29554.5,29506,29508.75,0,0,0,0,0,0,0,0,0,0,0,0,1,29626.071000139564,29434.428999860436,47.71400009304318,7931,8169.193484503863,12432.435340133692,-1251.1820022488052,0,0,0,0,-42464.502736371156,-25852.002035324
1782438300,29509,29537,29482,29532.25,0,0,0,0,0,0,0,0,0,0,0,1,0,29609.351642986738,29409.648357013262,48.23442865782581,10848,9062.128989669241,12253.790226755795,-522.5506523812304,0,0,0,0,-37878.7572818257,-26997.40729689559
1782438600,29532.25,29538,29492.75,29496,0,0,0,0,0,0,0,0,0,0,0,0,1,29610.0318827734,29420.7181172266,48.02125518226682,6626,8250.085993112827,13593.193484503863,-855.6153438392344,0,0,0,0,-43186.87882878703,-28539.261728504298
1782438900,29494.5,29504.75,29462.25,29492.5,0,0,0,0,0,0,0,0,0,0,0,0,1,29576.190319718156,29390.809680281844,47.6268798121049,8471,8323.72399540855,12375.12898966924,-659.3428044689952,0,0,0,0,-43585.51412290467,-29972.23814701862
1782439200,29493,29505.25,29469.75,29472.75,0,0,0,0,0,0,0,0,0,0,0,0,1,29575.39101116686,29399.60898883314,46.76067411124027,8603,8416.815996939034,12485.585993112825,-918.885315477921,0,0,0,0,-48492.859193327204,-31736.106818095628
1782439500,29473,29507.75,29472.5,29478.75,0,0,0,0,0,0,0,0,0,0,0,1,0,29576.657724654942,29403.592275345058,45.93848310329454,5878,7570.543997959357,12625.223995408553,-572.225565458866,0,0,0,0,-47534.036498291745,-33240.67154954288
1782439800,29477.75,29481.75,29442.5,29453.25,0,0,0,0,0,0,0,0,0,0,0,0,1,29549.9411014653,29374.3088985347,45.460734310202064,8256,7799.029331972904,11355.815996939034,-860.6154544627852,0,0,0,0,-52687.4632498841,-35092.746949575376
1782440100,29452.5,29467.25,29425.25,29429.75,0,0,0,0,0,0,0,0,0,0,0,0,1,29535.070308503495,29357.429691496505,45.213539002330485,7558,7718.68622131527,11698.543997959358,-990.0761922266411,0,0,0,0,-56781.379916550766,-37158.33104166827
1782440400,29430,29443.5,29400.5,29402,0,0,0,0,0,0,0,0,0,0,0,0,1,29511.083143610387,29332.916856389613,45.0554290735926,8854,8097.124147543514,11578.029331972904,-1245.9771806676351,0,0,0,0,-62546.77526538797,-39576.27811059396
1782440700,29401.75,29428.25,29394,29416.25,0,0,0,0,0,0,0,0,0,0,0,1,0,29494.67541906679,29327.57458093321,44.28361271119313,8596,8263.416098362342,12145.68622131527,-561.1872224687845,0,0,0,0,-58907.592783636144,-41417.35569850274
1782441000,29417,29431.75,29376.25,29390.5,0,0,0,0,0,0,0,0,0,0,0,0,1,29499.377174847734,29308.622825152266,45.08478323182219,9157,8561.277398908229,12395.124147543513,-752.6358336255587,0,0,0,0,-63279.85404489741,-43499.498398159376
1782441300,29391.25,29397.25,29337,29371.25,0,0,0,0,0,0,0,0,0,0,0,0,1,29466.502019501466,29267.747980498534,46.16801300097775,10077,9066.51826593882,12841.916098362344,-806.8495284524552,0,0,0,0,-66624.91628556131,-45701.91914934051
1782441600,29371,29371.75,29331,29348,0,0,0,0,0,0,0,0,0,0,0,0,1,29440.421518108506,29262.328481891494,45.78101207233648,7977,8703.345510625879,13599.777398908229,-954.3032946981095,0,0,0,0,-71127.27211378216,-48123.38133643019
1782441900,29347.25,29349,29293.75,29304,0,0,0,0,0,0,0,0,0,0,0,0,1,29418.686052529327,29224.063947470673,46.457368352883876,12398,9934.897007083919,13055.01826593882,-1557.3449393524502,0,0,0,0,-80832.49383323918,-51238.53490755486
1782442200,29304.5,29324.5,29260,29261.75,0,0,0,0,0,0,0,0,0,0,0,0,1,29396.119191634374,29188.380808365626,47.746127756249315,12116,10661.931338055945,14902.345510625877,-1880.6066691014803,0,0,0,0,-88862.86592626243,-54821.80452838415
1782442500,29261.5,29273,29230.5,29265.25,0,0,0,0,0,0,0,0,0,0,0,1,0,29344.057106517634,29159.442893482366,47.37140434508865,12952,11425.287558703963,15992.897007083917,-1268.0831628467922,0,0,0,0,-87720.04239685067,-57954.970039666674
1782442800,29265,29269.75,29219.75,29240.5,0,0,0,0,0,0,0,0,0,0,0,0,1,29341.088741766373,29148.411258233627,47.55916117758232,11147,11332.525039135975,17137.931338055947,-1381.1994514506314,0,0,0,0,-93182.07239685066,-61309.93216892229
1782443100,29241.5,29249,29221.5,29227,0,0,0,0,0,0,0,0,0,0,0,0,1,29318.189545925918,29152.310454074082,46.12636395061215,7158,9941.016692757317,16998.787558703963,-1305.0178932045974,0,0,0,0,-96956.29057866885,-64704.82344604101
1782443400,29227.25,29271.75,29214.25,29252,0,0,0,0,0,0,0,0,0,0,0,1,0,29342.158149788353,29143.841850211647,46.938766525568425,10528,10136.677795171545,14911.525039135977,-452.42529718786,0,0,0,0,-92424.6731873645,-67344.80913569087
1782443700,29252.5,29268.25,29246.25,29262,0,0,0,0,0,0,0,0,0,0,0,1,0,29335.986139089186,29178.513860910814,45.15742605945639,6073,8782.118530114363,15205.016692757317,66.26287876139054,0,0,1,0,-89802.24136918268,-69483.61220554724
1782444000,29262.5,29266.5,29228.25,29243.75,0,0,0,0,0,0,0,0,0,0,0,0,1,29333.49605772567,29161.25394227433,44.664038483780935,5784,7782.745686742909,13173.177795171545,-24.740910900472954,0,0,0,1,-92637.53548682974,-71688.74775614557
1782444300,29243.5,29263,29237.75,29249.25,0,0,0,0,1,0,0,0,0,0,0,1,0,29327.91598217384,29172.83401782616,43.277321449225155,4525,6696.830457828606,11674.118530114363,264.9091337584789,0,0,1,0,-91607.08994227528,-73585.73272625316
1782444600,29248.5,29251.25,29214.25,29221,0,0,0,0,0,0,1,0,0,0,0,0,1,29315.493412018564,29150.006587981436,42.828941345709076,8479,7290.886971885738,10045.24568674291,-190.58437573667197,0,0,0,1,-97909.04940173474,-75902.23907629903
1782444900,29221.5,29222.5,29160,29209.25,0,0,1,0,0,0,0,1,0,0,0,0,1,29288.85102544581,29093.64897455419,44.23401696387271,13746,9442.591314590492,10936.330457828606,-221.2298199868892,0,0,0,0,-100603.26540173474,-78254.71777395956
1782445200,29209.5,29256.25,29198.5,29255.75,0,0,0,0,0,0,0,0,0,1,0,1,0,29324.049166485394,29130.700833514606,45.19944432359609,9872,9585.727543060328,14163.886971885739,752.5723641633381,0,0,1,0,-92697.11821558756,-79630.18448268605
1782445500,29255.25,29267.5,29240,29245.5,0,0,0,0,0,0,0,0,0,0,0,0,1,29333.402797450723,29174.097202549277,43.93519830048208,9123,9431.485028706886,14378.591314590492,493.2225672987065,0,0,0,0,-95931.63639740575,-81182.70371265935
1782445800,29246,29324,29243.5,29321.75,0,0,0,0,1,0,0,0,0,0,0,1,0,29393.820454775672,29173.679545224328,46.54696985044764,11983,10281.990019137924,14147.22754306033,1643.4238139155846,0,0,0,0,-84655.70782597718,-81513.46600916582
1782446100,29321.75,29369.25,29313.25,29366.25,0,0,0,0,0,0,0,0,0,0,0,1,0,29440.08327943455,29242.41672056545,47.222186289701376,10576,10379.99334609195,15422.985028706886,2299.5981328173093,0,0,0,0,-76251.56496883433,-81012.3325767533
1782446400,29366.25,29377.75,29345,29351.5,0,0,0,0,0,0,0,0,0,0,0,0,1,29447.03268804637,29275.71731195363,46.18845869757985,9771,10176.995564061299,15569.990019137924,1613.937510458772,0,0,0,0,-80652.2443581473,-80978.03846069558
1782446700,29351.5,29373.5,29327,29354.5,0,0,0,0,0,0,0,0,0,0,0,1,0,29442.816067471627,29257.683932528373,46.21071164775271,8982,9778.6637093742,15265.49334609195,1512.1672784387329,0,0,0,0,-80072.76048717956,-80891.8215108369
1782447000,29353.75,29377,29350.75,29358.5,0,0,0,0,0,0,0,0,0,0,0,1,0,29444.177419795084,29283.572580204916,44.78494653005608,5066,8207.775806249467,14667.995564061299,1450.377712582674,0,0,0,0,-79156.0557252748,-80726.51048364051
1782447300,29359,29386.5,29351.5,29360,0,0,0,0,0,0,0,0,0,0,0,1,0,29452.629032666864,29285.370967333136,44.08602177790922,6471,7628.850537499645,12311.6637093742,1321.0445163425093,0,1,0,0,-78971.17001098908,-80559.33520053086
1782447600,29360,29366.75,29310.75,29311,0,0,0,0,0,0,0,0,0,0,0,0,1,29434.155530333515,29243.344469666485,44.937020222344266,8043,7766.900358333097,11443.275806249467,526.9196288761985,0,0,0,0,-86008.79501098908,-81078.33137295545
1782447900,29312,29328,29275.25,29323.25,0,0,0,0,0,0,0,0,0,0,0,1,0,29396.242635309693,29207.007364690307,45.49509020646253,9266,8266.600238888732,11650.350537499646,723.7599019821081,0,0,0,0,-84032.63387354833,-81359.69351586906
1782448200,29323.5,29348.5,29289.5,29292,0,0,0,0,0,1,0,0,0,0,0,0,1,29418.18958993043,29219.81041006957,46.45972662028663,7401,7978.066825925821,12399.900358333098,321.56289710929514,0,0,0,0,-87984.01522948053,-81990.58129811777
1782448500,29292.75,29302.5,29280.75,29286,0,0,0,0,0,0,0,0,0,0,0,0,1,29369.542119221114,29213.707880778886,44.69474614740901,5965,7307.044550617214,11967.100238888732,188.97574017064255,0,0,0,0,-89835.22212603225,-82737.68994839535
1782448800,29286,29309.75,29277.5,29304.5,0,0,0,0,0,0,0,0,0,0,0,1,0,29375.458753562463,29211.791246437537,43.80583570830837,5687,6767.0297004114755,10960.56682592582,560.6189703680213,0,0,0,0,-86572.91204851288,-83102.94919602558
1782449100,29304.75,29306,29269.25,29274.25,0,0,0,0,0,0,0,0,0,0,0,0,1,29370.952771165143,29204.297228834857,43.3018474434292,4741,6091.686466940983,10150.544550617213,182.65314950966842,0,0,0,0,-90507.61953150608,-83808.15589464277
1782449400,29274.5,29284.25,29252,29273,0,0,0,0,0,0,0,0,0,0,0,0,1,29348.018644653348,29188.231355346652,42.51242976889854,5963,6048.790977960655,9137.529700411475,217.28510908348312,0,0,0,0,-90784.96836871537,-84472.61422550683
1782449700,29273.75,29274.25,29255.5,29270.5,0,0,0,0,0,0,0,0,0,0,0,0,1,29335.47267003525,29194.27732996475,40.81511335683437,3661,5252.8606519737705,9073.186466940982,210.40095440872142,0,0,0,0,-91419.54170204871,-85134.22636612986
1782450000,29270.25,29302.25,29260,29265.5,0,0,0,0,0,0,0,0,0,0,0,0,1,29363.626407889875,29198.623592110125,40.91760525991763,6928,5811.24043464918,7879.290977960656,189.74527839552263,0,0,0,0,-92198.42927601321,-85807.00759564256
1782450300,29266,29303.25,29255.25,29284.75,0,0,0,0,1,0,0,0,0,0,0,1,0,29365.385235897742,29193.114764102258,41.42349059849494,6077,5899.826956432787,8716.86065197377,468.17873935417396,0,0,0,0,-89824.60115101321,-86189.6355532969
1782450600,29284.5,29351.5,29283.75,29350.5,0,0,0,0,0,0,0,0,0,0,0,1,0,29416.45593333362,29218.79406666638,43.303955555745304,6421,6073.551304288524,8849.74043464918,1057.0728071657613,0,0,0,0,-83569.4572395741,-85940.09476151378
1782450900,29350.25,29364,29332.25,29341.75,0,0,0,0,0,0,1,0,0,0,0,0,1,29427.718009524073,29268.531990475927,42.47867301604921,6675,6274.034202859016,9110.326956432786,773.271316081384,0,0,0,0,-85356.46511358985,-85884.51098552103
1782451200,29341.5,29347.5,29315,29328,0,0,0,0,0,0,0,0,0,0,0,0,1,29410.14886598664,29252.35113401336,41.76591065775998,4693,5747.0228019060105,9411.051304288523,521.2132016296748,0,0,0,0,-87305.86511358984,-86019.87804533711
1782451500,29328.25,29381.5,29326.25,29368.75,0,0,0,0,0,0,0,0,0,0,0,1,0,29445.59358984474,29262.15641015526,42.729059896491414,6443,5979.015201270674,8620.534202859017,939.7800795545093,0,0,0,0,-82582.94203666676,-85692.55080641613
1782451800,29369,29411,29368.5,29401.75,0,1,0,0,0,0,0,1,0,0,0,1,0,29475.069047712972,29304.430952287028,42.71269847531346,6470,6142.676800847116,8968.52280190601,1299.2233693195049,0,0,0,0,-77597.23615431382,-84921.56845859686
1782452100,29400.75,29409.75,29357.25,29362,0,0,0,0,0,0,0,0,0,0,1,0,1,29474.867687162045,29292.132312837955,43.411791441362496,6834,6373.117867231411,9214.015201270675,639.6602085581933,0,0,0,0,-82641.37901145668,-84704.40755886922
1782452400,29361.75,29362.25,29312.25,29316.75,0,0,0,0,0,0,0,0,0,0,0,0,1,29428.07356665047,29246.42643334953,43.88237776697946,6711,6485.745244820941,9559.676800847115,3.762848889236011,0,0,0,0,-88681.27901145667,-85083.1572210204
1782452700,29316.25,29334.25,29299.5,29331.75,0,0,0,0,0,1,0,0,0,0,0,1,0,29399.095097604008,29234.654902395992,43.230065069338075,6315,6428.83016321396,9728.61786723141,318.4749625395267,0,0,0,0,-85864.51642152862,-85157.57238297357
1782453000,29332.25,29364.25,29329,29350.75,0,0,0,0,0,0,0,0,0,0,0,1,0,29428.24009063229,29265.00990936771,42.660060421528215,6094,6317.220108809307,9643.24524482094,608.7410638482427,0,0,0,0,-82666.24691798253,-84920.30329106966
1782453300,29351.5,29355.5,29325.25,29326,0,0,0,0,0,0,0,0,0,0,0,0,1,29418.160441301414,29262.589558698586,41.7736275342762,4591,5741.813405872871,9475.830163213961,176.19345827642934,0,0,0,0,-86536.34609153625,-85074.21212920934
1782453600,29326,29342.25,29315.75,29319.5,0,0,0,0,0,0,0,0,0,0,0,0,1,29403.273981208455,29254.726018791545,40.682654138970754,5997,5826.875603915248,8612.720108809306,47.99892161416682,0,0,0,0,-88007.3083556872,-85353.55462696913
1782453900,29320,29322.75,29286,29294,0,0,0,0,0,0,0,0,0,0,0,0,1,29383.352625407853,29225.397374592147,40.40175027190141,5791,5814.917069276832,8740.313405872872,-303.9085876057625,0,0,0,1,-92104.34236929264,-85996.4867929047
1782454200,29293.75,29331,29289.25,29324.25,0,0,0,0,0,0,0,0,0,0,0,1,0,29391.747080735862,29228.502919264138,40.49805382390845,6890,6173.278046184555,8722.375603915249,270.2500458733686,0,0,1,0,-87070.92919563995,-86098.81464078426
1782454500,29325,29354.25,29323,29324.5,0,0,0,0,0,0,0,0,0,0,0,0,0,29414.006217826158,29263.243782173842,39.83747855077213,5877,6074.51869745637,9259.917069276833,254.12322981111157,0,0,0,0,-87164.96119563996,-86200.35240791338
1782454800,29324.5,29372,29322.75,29365.25,0,0,0,0,1,0,0,0,0,0,0,1,0,29432.764702267148,29261.985297732852,40.50980151143126,6021,6056.67913163758,9111.778046184556,716.7249407464394,0,0,0,0,-82183.11855604606,-85817.75870773554
1782455100,29365.75,29398.5,29352,29393.5,0,0,0,0,0,0,1,0,0,0,0,1,0,29459.906509248063,29290.593490751937,40.93767283204331,6724,6279.11942109172,9085.01869745637,997.7310762860316,0,0,0,0,-78170.40887862671,-85089.43967639185
1782455400,29395.25,29417.75,29379.75,29408.25,0,0,0,0,0,0,0,0,0,0,1,1,0,29478.84175858749,29318.65824141251,40.72783905832593,7211,6589.746280727813,9418.67913163758,1074.468641692201,0,0,0,0,-75703.48782599514,-84195.53950016359
1782455700,29408.5,29427.25,29406.75,29417.25,1,0,0,0,0,0,0,1,0,0,0,1,0,29486.174490116955,29347.825509883045,39.28299341130265,4356,5845.164187151876,9884.61942109172,1072.381630566994,0,0,0,0,-73844.2195333122,-83209.6995033206
1782456000,29417.5,29458,29402.75,29454.25,0,0,0,0,0,0,0,0,0,0,0,1,0,29518.635240822885,29342.114759177115,40.42349388192389,6035,5908.442791434584,8767.746280727813,1265.9386462096636,0,0,0,0,-69829.98876408144,-81935.44133767879
1782456300,29454,29490,29447.25,29474.25,0,0,0,0,0,0,0,0,0,0,0,1,0,29550.884509335538,29386.365490664462,40.589672890357896,6723,6179.9618609563895,8862.664187151877,1336.8789428231635,0,0,0,0,-66645.40981671301,-80479.24785949157
1782456600,29473.75,29524,29450,29517.5,0,0,0,0,0,0,0,0,0,0,0,1,0,29588.46418724014,29385.53581275986,42.9761248267609,6532,6297.30790730426,9269.942791434583,1449.1155187882887,0,0,0,0,-62783.58549238869,-78793.94668167226
1782456900,29517.5,29535.75,29491,29503.5,0,0,0,0,0,0,0,0,0,0,0,0,1,29600.404245294416,29426.345754705584,43.10283019627798,6145,6246.538604869506,9445.96186095639,986.3611802356234,0,0,0,0,-64706.043592947346,-77452.24162560322
1782457200,29502.75,29517,29454,29454.5,0,0,0,0,0,0,0,0,0,0,0,0,1,29583.786084916243,29387.213915083757,44.524056610829554,6516,6336.3590699130045,9369.807907304259,313.5652244291903,0,0,0,0,-69696.47216437591,-76713.59691501014
1782457500,29456,29469,29435,29435.25,0,0,0,0,0,0,0,0,0,0,0,0,1,29534.658507422228,29369.341492577772,43.772338281484586,5433,6035.239379942003,9504.538604869507,-79.6210703319041,0,0,0,1,-73012.20010555239,-76361.08293315703
1782457800,29436.25,29490,29435,29486.25,0,0,0,0,0,1,0,0,0,0,0,1,0,29556.86147117778,29368.13852882222,44.5743141185214,4772,5614.159586628002,9052.859069913005,320.41101296604245,0,0,1,0,-68674.01828737056,-75628.98153832022
1782458100,29485.75,29531,29477.5,29506,0,0,0,0,0,0,1,0,0,0,0,1,0,29598.817794665083,29409.682205334917,45.21186311005558,7258,6162.1063910853345,8421.239379942002,494.66127027291486,0,0,0,0,-65926.83137148271,-74704.96723671665
1782458400,29506.75,29527.25,29486.5,29524,0,0,0,0,0,0,0,0,0,0,0,1,0,29594.58973790329,29419.16026209671,44.89315860219447,3584,5302.73759405689,9243.159586628002,517.5683518958596,0,0,0,0,-64409.67799724958,-73724.46349962454
1782458700,29525.25,29539,29497,29537,1,0,0,0,0,0,0,1,0,0,0,1,0,29606.029756624484,29429.970243375516,44.68650441632344,4562,5055.825062704594,7954.106391085335,509.97731473068336,0,0,0,0,-63133.40418772577,-72715.79118420562
1782459000,29536.5,29563.25,29534.25,29542.5,0,0,0,0,0,0,0,0,0,0,0,1,0,29628.599059722736,29468.900940277264,43.566039815157474,6222,5444.550041803062,7583.737594056891,501.27253685270716,0,1,0,0,-61846.09384289818,-71680.58191360491
1782459300,29542.75,29554.25,29524,29547,0,0,0,0,0,0,0,0,0,0,0,1,0,29618.172341171114,29460.077658828886,42.614894114074794,3847,4912.033361202041,8166.825062704594,420.423490155394,0,0,0,0,-61305.606239592395,-70692.48899227039
1782459600,29548,29548,29506,29507.5,0,0,0,0,0,0,0,0,0,0,1,0,1,29611.85645965889,29442.14354034111,42.5709731059266,4002,4608.6889074680275,7368.050041803062,-62.32081230076119,0,0,0,1,-65164.67766816382,-70166.03077092691
1782459900,29507.75,29519,29495.25,29510.75,0,0,0,0,0,1,0,0,0,0,0,1,0,29580.839926826113,29433.410073173887,41.2266178840747,3369,4195.459271645352,6913.033361202041,-52.39933629183855,0,0,0,0,-64739.11977342698,-69649.18210449835
1782460200,29510.75,29544.25,29507.5,29539.25,0,0,0,0,0,0,1,0,0,0,0,1,0,29605.610289195676,29446.139710804324,40.90685946378365,3452,3947.6395144302346,6293.1889074680275,167.8689998718305,0,0,1,0,-62062.05854893719,-68926.59890873062
1782460500,29540,29542.25,29521.25,29527.25,0,0,0,0,0,0,0,0,0,0,0,0,1,29601.477411395983,29462.022588604017,39.48494093065624,2595,3496.759676286823,5921.459271645352,-53.779295221809775,0,0,0,1,-63637.594263222905,-68422.88418058703
1782460800,29527.25,29557.75,29482.75,29483.5,0,0,0,0,0,0,0,0,0,0,0,0,1,29620.78259629627,29419.71740370373,42.0217308641808,7018,4670.506450857882,5245.139514430234,-471.0342733669757,0,0,0,0,-67731.42759655624,-68357.0311725841
1782461100,29483.25,29513.75,29456.25,29491.5,0,0,0,0,0,0,0,0,0,0,0,1,0,29578.440982275108,29391.559017724892,43.127321516739315,6905,5415.337633905255,7005.7596762868225,-329.6152096492192,0,0,0,0,-66740.71020525189,-68203.09584236199
1782461400,29492.5,29500,29463,29470,0,0,0,0,0,0,0,0,0,0,0,0,1,29564.034483541174,29398.965516458826,42.689655694115075,4217,5015.8917559368365,8123.006450857882,-546.4676729959984,0,0,0,0,-69305.10209714378,-68308.04881900788
1782461700,29470.25,29498.5,29461.25,29467.75,0,0,0,0,0,0,0,0,0,0,0,0,1,29561.951663288233,29397.798336711767,42.30110885882114,3644,4558.594503957891,7523.837633905255,-501.2244087682236,0,0,0,0,-69549.66585553305,-68426.2980605817
1782462000,29467.5,29497.5,29457.75,29495.25,0,0,0,0,1,0,0,0,0,0,0,1,0,29560.678330196217,29394.571669803783,42.11888679747677,3391,4169.396335971927,6837.8917559368365,-215.12774228217557,1,0,0,0,-67182.3639687406,-68307.82814707303
1782462300,29494.5,29514,29485,29503.5,0,0,0,0,0,0,0,0,0,0,0,1,0,29575.7727351822,29423.2272648178,41.18182345479986,4515,4284.597557314618,6254.094503957891,-71.25209416647309,0,0,0,0,-65781.15707218887,-68067.19280660787
1782462600,29502,29504.75,29456.5,29464.5,0,0,0,0,0,0,1,0,0,0,0,0,1,29567.28003981204,29393.96996018796,41.686693208028444,3966,4178.398371543079,6426.896335971927,-375.25045535694886,0,0,0,0,-68863.540491878,-68143.03544330026
1782462900,29464.25,29481.5,29453.25,29465.25,0,0,0,0,0,0,0,0,0,1,0,1,0,29542.590394111183,29392.159605888817,40.72692940745498,2893,3749.9322476953857,6267.597557314618,-320.880329742111,0,0,0,0,-68761.13341223198,-68201.90191653186
1782463200,29465.75,29482.5,29443.5,29448,0,0,0,1,0,0,0,1,0,0,0,0,1,29543.405365960385,29382.594634039615,40.60357730692248,3571,3690.2881651302573,5624.898371543079,-436.8479814071794,0,0,0,0,-70386.39623274481,-68409.94899426642
1782463500,29446.5,29450.5,29410.5,29413.75,0,0,0,0,0,0,0,0,0,0,0,0,1,29511.340696963212,29349.659303036788,40.5604646421423,4591,3990.5254434201715,5535.432247695386,-729.0794472988262,0,0,0,0,-74145.27748274482,-68956.1707550739
1782463800,29413.5,29423.25,29383.5,29385.5,0,0,0,0,0,0,0,0,0,0,0,0,1,29484.00386146584,29322.74613853416,40.5025743105607,4747,4242.683628946781,5985.788165130258,-923.2145576743274,0,0,0,0,-77489.07622488317,-69768.82841886525
1782464100,29386,29404.5,29364,29399,0,0,0,0,0,0,0,0,0,0,0,1,0,29465.253585646853,29303.246414353147,40.502390431234936,5428,4637.78908596452,6364.0254434201715,-596.5802630433966,0,0,0,0,-75746.75523722885,-70338.15478251892
1782464400,29399.5,29404.5,29371.75,29381.5,0,0,0,0,0,0,0,0,0,0,0,0,1,29464.422972386365,29311.827027613635,39.9486482575753,4757,4677.52605730968,6956.683628946781,-735.986205067149,0,0,0,0,-78361.28958837388,-71102.26285926701
1782464700,29381.5,29405.5,29376,29383,0,0,0,0,0,0,0,0,0,0,0,1,0,29464.303474358767,29317.196525641233,39.20231623917706,3869,4408.017371539787,7016.28908596452,-580.0451420426082,0,0,0,0,-78164.56077481456,-71774.86266074772
1782465000,29383.25,29409.25,29364.25,29399.5,0,0,0,0,1,0,0,0,0,0,0,1,0,29468.67465476171,29304.82534523829,39.61643650780727,4732,4516.011581026524,6612.02605730968,-306.61092524638417,0,0,0,0,-76455.78299703677,-72220.66459753715
1782465300,29398.25,29411.75,29367.25,29384,0,0,0,0,0,0,0,0,0,0,0,0,1,29471.697893707304,29307.302106292696,39.965262471535326,5197,4743.00772068435,6774.017371539787,-398.8540672106025,0,0,0,0,-78119.99086220532,-72782.50519417222
1782465600,29384.5,29387,29344,29356,0,0,1,0,0,0,0,1,0,0,0,0,1,29447.27304415678,29283.72695584322,40.18202943785423,5201,4895.671813789567,7114.511581026525,-639.0188158977808,0,0,0,0,-81567.16528080998,-73619.13948813772
1782465900,29355.75,29384.25,29352.25,29378,0,0,0,0,0,0,0,0,0,1,0,1,0,29443.64639814558,29292.85360185442,39.59759876372179,3947,4579.4478758597115,7343.507720684351,-247.89704212171625,0,0,0,0,-78822.76684330998,-74114.72304577318
1782466200,29378.5,29385.5,29354.75,29382.75,0,0,0,0,0,0,0,0,0,0,0,1,0,29443.948441135184,29296.301558864816,38.96562742345595,3097,4085.2985839064745,6869.171813789568,-145.19101133403788,0,0,0,0,-78394.72619290347,-74522.34239311892
1782466500,29382.5,29408.25,29377.5,29397.5,0,0,0,0,1,0,0,0,0,0,0,1,0,29465.818195339813,29319.931804660187,38.37879689320909,3322,3830.8657226043165,6127.9478758597115,51.741620549898585,0,0,1,0,-76774.23838802542,-74736.80867834811
1782466800,29396.75,29445,29396.25,29422.25,0,0,0,0,0,0,0,0,0,0,0,1,0,29503.679395672683,29337.570604327317,39.11959711512274,4280,3980.577148402878,5746.298583906475,270.1121825768562,0,0,0,0,-74535.46915725619,-74717.63348586316
1782467100,29422.5,29444.25,29415.5,29429.5,0,0,0,0,0,0,0,0,0,0,0,1,0,29501.81836741035,29357.93163258965,38.378911606899685,4671,4210.718098935252,5970.865722604317,342.65039134460903,0,0,0,0,-73398.18220073445,-74591.97145870804
1782467400,29429.25,29434,29388.5,29389.75,0,0,0,0,0,0,0,0,0,0,0,0,1,29492.33134116675,29330.16865883325,38.88756077783542,4337,4252.812065956835,6316.077148402877,-61.79378315436978,0,0,0,1,-77163.27011282236,-74836.85704481417
1782467700,29390.75,29392.25,29365,29371.25,0,0,0,0,0,1,0,0,0,0,0,0,1,29449.33445965484,29307.91554034516,38.05630643656146,3374,3959.87471063789,6379.218098935253,-264.0529119956528,0,0,0,0,-79577.69213117097,-75288.36514827672
1782468000,29371.75,29377,29317.5,29334.5,0,0,1,0,0,0,1,1,0,0,0,0,1,29436.381998250927,29258.118001749073,39.587998833949925,5902,4607.249807091926,5939.812065956835,-547.5887140879514,0,0,0,0,-83272.6417110029,-76048.77243996493
1782468300,29334.25,29378.75,29329,29378.75,0,0,0,0,0,0,0,0,0,1,0,1,0,29439.220784090143,29268.529215909857,40.31385606009636,4362,4525.499871394618,6910.87471063789,-60.282015343910786,0,0,0,0,-79370.95326879184,-76365.17061413891
1782468600,29378.25,29396.5,29367.5,29386.25,0,0,0,0,0,0,0,0,0,0,0,1,0,29455.758585226562,29308.241414773438,39.505723484375196,3523,4191.333247596412,6788.249807091926,61.82607062063957,0,0,1,0,-78399.09119982632,-76558.87733658534
1782468900,29385.75,29400.75,29361.5,29361.5,0,0,0,0,1,0,0,0,0,0,0,0,1,29459.98118628181,29302.26881371819,39.48745752120554,3772,4051.5554983976076,6286.999871394617,-149.71873597967868,0,0,0,1,-80729.56253740593,-76956.0854509492
1782469200,29362,29369.5,29344,29350,0,0,0,0,0,0,0,0,0,0,0,0,1,29427.23253011882,29286.26746988118,38.488353412548,3304,3802.3703322650717,6077.333247596412,-248.18408932053632,0,0,0,0,-82284.3860668177,-77463.54265246048
1782469500,29348.25,29378,29345.25,29373.25,0,0,0,0,0,0,0,0,0,0,0,1,0,29435.117706538906,29288.132293461094,38.078471025937425,2424,3342.913554843381,5703.555498397607,-6.386134746597804,0,0,0,0,-80434.00438742837,-77746.44377007647
1782469800,29373.5,29388,29361.25,29375,0,0,0,0,0,0,0,0,0,0,0,1,0,29443.903941786128,29305.346058213872,37.26929452408475,3427,3370.9423698955875,5014.370332265072,34.80456798475899,0,0,1,0,-80241.83616312931,-77984.10018846246
1782470100,29375.5,29376.5,29341.75,29343.5,0,0,0,0,0,0,0,0,0,0,0,0,1,29432.13401737283,29286.11598262717,37.08934491522155,3864,3535.294913263725,5056.4135548433815,-284.6774917100678,0,0,0,1,-83800.05199046744,-78538.00036008198
1782470400,29344.75,29364.5,29339.75,29355.5,0,0,0,0,0,0,0,0,0,0,0,1,0,29418.811944703346,29285.438055296654,36.20796313556287,2784,3284.86327550915,5302.942369895587,-94.67364661637384,0,0,0,0,-82590.83986925532,-78923.98507524135
1782470700,29355.75,29373,29347.75,29363.5,0,0,0,0,0,0,0,0,0,0,0,1,0,29426.137877224533,29294.612122775467,35.42525148302267,2505,3024.9088503394332,4927.294913263725,19.475404586288562,0,0,1,0,-81821.9784831167,-79199.98444741995
1782471000,29364.5,29373.75,29341.75,29366.25,0,0,0,0,0,0,0,0,0,0,0,1,0,29426.52088599421,29288.97911400579,35.180590662806765,3112,3053.939233559622,4537.363275509149,56.08771442970641,0,0,0,0,-81651.7909831167,-79433.48983177202
1782471300,29366.75,29374.75,29348.5,29360.75,0,0,0,0,0,0,0,0,0,0,0,0,1,29426.564036994623,29296.685963005377,34.54269132974914,2629,2912.2928223730814,4580.908850339433,13.005336805642315,0,0,0,0,-82252.70526883099,-79701.98654006336
1782471600,29362,29404,29352,29392,0,0,0,0,0,0,0,0,0,0,0,1,0,29457.68446292358,29298.31553707642,35.78964194905277,5596,3806.861881582054,4368.439233559622,338.043169281967,0,0,0,0,-79024.24373036946,-79637.4396058068
1782471900,29391,29408,29377,29398.25,0,0,0,0,0,0,0,0,0,0,0,1,0,29461.171287000467,29323.828712999533,35.44752466697757,3437,3683.5745877213694,5710.292822373081,372.5982140002193,0,0,0,0,-78220.42921424043,-79502.48623518142
1782472200,29397.5,29425.5,29388.75,29404.25,0,0,0,0,0,0,0,0,0,0,0,1,0,29478.810837929006,29335.439162070994,35.540558619336316,4374,3913.7163918142464,5525.361881582054,398.1353624259833,0,0,0,0,-77417.04145913839,-79303.87244698685
1782472500,29403.5,29403.5,29377.25,29381.25,0,0,0,0,0,0,0,0,0,0,0,0,1,29455.895778076934,29324.854221923066,34.93051871795515,3586,3804.477594542831,5870.574587721369,54.650292415881495,0,0,0,0,-80456.6033639003,-79413.65634383574
1782472800,29380.75,29391.75,29356.5,29374,0,0,0,0,0,0,0,0,0,0,0,0,1,29444.180008214295,29304.069991785705,34.95333880952978,4454,4020.985063028554,5706.716391814247,-20.070145463299212,0,0,0,1,-81309.49698092158,-79594.21259498678
1782473100,29374,29383.75,29362.25,29370,0,0,0,0,0,1,0,0,0,0,0,0,1,29434.73857905613,29311.26142094387,33.99238603742051,2641,3560.990042019036,6031.477594542831,-46.83925052990509,0,0,0,0,-81800.84581813088,-79804.36814004811
1782473400,29370.25,29379.25,29360,29368.5,0,0,0,0,0,0,0,0,0,0,0,0,1,29428.65903769498,29310.59096230502,32.939358463319046,3000,3373.993361346024,5341.485063028555,-47.771341394111744,0,0,0,0,-82073.57309085816,-80020.48289726811
1782473700,29367.5,29398,29361.25,29380.5,0,0,0,0,0,0,0,0,0,0,0,1,0,29447.817320716767,29311.432679283233,33.21154714451054,3558,3435.328907564016,5060.990042019036,95.86489236625025,0,0,1,0,-80814.9608459602,-80096.14746381022
1782474000,29379.5,29397.5,29362.5,29364,0,0,0,0,0,0,0,0,0,0,0,0,1,29447.508940665568,29312.491059334432,33.339293777045505,3471,3447.219271709344,5152.993361346023,-50.70870499853706,0,0,0,1,-82352.11798881735,-80311.00179952518
1782474300,29364.25,29378.5,29354.25,29368.75,0,0,0,0,0,0,0,0,0,0,0,1,0,29427.535087760883,29305.214912239117,32.690058507256545,3112,3335.479514472896,5170.828907564016,29.07707593953664,0,0,1,0,-81774.63345273488,-80450.39529030706
1782474600,29368.75,29370,29304.25,29309,0,0,1,0,0,0,1,1,0,0,0,0,1,29422.577224349392,29251.672775650608,35.051482899595364,6103,4257.986342981931,5003.219271709344,-482.15745903081836,0,0,0,1,-87320.70569608088,-81104.71056704743
1782474900,29310,29356.5,29309,29350,0,0,0,0,0,0,0,0,0,1,0,1,0,29410.41099403872,29255.08900596128,35.94066269248141,5626,4713.990895321287,6386.979514472896,71.83854451997394,0,0,1,0,-82583.02148555456,-81245.50208309572
1782475200,29350.75,29386.75,29336.75,29380.75,0,0,0,0,0,0,0,0,0,0,0,1,0,29442.167351607386,29281.332648392614,36.944901071589875,5382,4936.660596880858,7070.986342981931,381.11490342891597,0,0,0,0,-79353.82148555457,-81065.34202618703
1782475500,29380.75,29420.5,29379.5,29413,0,0,0,0,1,0,1,0,0,0,0,1,0,29476.351826492573,29323.648173507427,37.23455099504775,6527,5466.773731253906,7404.990895321287,809.8228789678433,0,0,0,0,-74219.77880262774,-80413.38362394329
1782475800,29413,29438,29396.75,29419.75,0,0,0,0,0,0,0,0,0,0,1,1,0,29494.282053171675,29340.467946828325,37.52136878111576,5029,5320.84915416927,8200.160596880858,748.1431134106894,0,0,0,0,-73396.85152990046,-79745.14247212968
1782476100,29420,29450.25,29403.25,29411.5,0,0,0,0,0,0,0,0,0,0,0,0,1,29507.54762080227,29345.95237919773,38.19841386817892,6737,5792.899436112847,7981.273731253905,500.5995100941921,0,1,0,0,-74615.24514692175,-79256.58082210987
1782476400,29411.5,29419.5,29375,29376,0,0,0,0,0,0,0,0,0,0,0,0,1,29477.472790744963,29317.027209255037,38.64852716330899,6659,6081.599624075231,8689.349154169271,-89.85394913913552,0,0,0,1,-79927.48110197793,-79320.47608685921
1782476700,29376,29399.5,29373,29395.5,0,0,0,0,0,0,0,0,0,0,0,1,0,29456.17116283461,29316.32883716539,37.78077522307264,3988,5383.733082716821,9122.399436112846,205.18871995485384,0,0,1,0,-76992.91506424209,-79098.80360851472
1782477000,29395.25,29406,29367,29372.5,0,0,0,0,0,1,0,0,0,0,0,0,1,29462.80179406071,29310.19820593929,37.86786270713888,6201,5656.1553884778805,8075.599624075231,-172.056647280683,0,0,0,1,-80610.16506424209,-79242.74279477447
1782477300,29372,29377.75,29335,29342.5,0,0,0,0,0,0,0,0,0,0,0,0,1,29435.07488019923,29277.67511980077,38.21658679948611,6987,6099.770258985253,8484.23308271682,-591.7235260366004,0,0,0,0,-85431.60366073331,-79832.15811534198
1782477600,29342.25,29349.75,29319.75,29323,0,0,0,0,0,0,1,0,0,0,0,0,1,29406.19453161357,29263.30546838643,37.629687742379964,6228,6142.513505990169,9149.65538847788,-852.141156419867,0,0,0,0,-89427.90366073331,-80746.03864347449
1782477900,29323,29339.25,29310.5,29327.5,0,0,0,0,0,0,0,0,0,0,0,1,0,29394.743136498317,29255.006863501683,36.995424332209964,8113,6799.342337326779,9213.770258985252,-563.106677353033,0,0,0,0,-88158.04279116809,-81451.94380039768
1782478200,29326.75,29349.5,29298,29336.75,0,0,0,0,0,0,0,0,1,1,0,1,0,29406.547198177006,29240.952801822994,38.03146545133783,11615,8404.561558217853,10199.013505990168,-230.8132531526157,1,0,0,0,-85902.70298534284,-81875.82562753532
1782478500,29336.5,29343.25,29312.75,29315.5,0,0,0,0,0,0,0,0,0,0,0,0,1,29399.490255450077,29256.509744549923,37.493503633385124,8289,8366.041038811902,12606.84233732678,-707.36290334728,0,0,0,0,-91609.88331321169,-82802.87874045687
1782478800,29316.5,29323,29274.75,29286,0,0,1,0,0,0,0,1,1,0,0,0,1,29380.392737203645,29217.357262796355,38.26182480242905,13551,10094.360692541268,12549.061558217853,-1359.9196469128688,0,0,0,0,-100175.80041165728,-84457.44270914262
1782479100,29285,29293.5,29259,29263.25,0,0,0,0,0,0,0,0,0,0,0,0,1,29350.48968454624,29202.01031545376,37.993123030826965,8313,9500.573795027512,15141.541038811902,-1569.6771212183014,0,0,0,0,-105416.60475948337,-86453.55338060364
1782479400,29262.75,29290.5,29248.25,29279.25,0,0,0,0,0,0,0,0,0,0,0,1,0,29347.945778507223,29190.804221492777,38.297185671482175,9850,9617.049196685008,14250.860692541268,-874.8341028768023,0,0,0,0,-101569.85919735319,-87893.20155362741
1782479700,29278.75,29287,29210.75,29258,0,0,0,0,0,0,0,0,1,0,0,0,1,29348.512151470994,29149.237848529006,41.00810098066203,17093,12109.032797790005,14425.57379502751,-1101.7006868742246,0,0,0,0,-106221.39690227123,-89638.74396778397
1782480000,29258.25,29308.25,29248,29299.5,0,0,0,0,0,0,0,0,0,0,0,1,0,29371.82378350878,29184.42621649122,42.38252233918617,15803,13340.35519852667,18163.54919668501,176.46700687523503,0,0,1,0,-95401.91557447039,-90187.61745413506
1782480300,29298.75,29365.75,29293.75,29361.75,0,0,0,0,0,0,0,0,0,0,0,1,0,29432.49708468672,29227.00291531328,44.49805645781573,17033,14571.236799017779,20010.532797790005,1601.613120926147,0,0,0,0,-80498.04057447039,-89264.80060845272
1782480600,29361.5,29372.75,29182,29231.75,0,0,0,0,0,0,0,0,1,0,0,0,1,29455.16693578053,29099.58306421947,54.94462385368603,73072,34071.49119934518,21856.855198526668,-3325.7014834012657,0,0,0,1,-130202.32366752412,-93163.61232836428
1782480900,29232,29349,29228.5,29240,0,0,0,0,0,0,0,0,1,0,0,1,0,29438.44072608192,29139.05927391808,59.62715072127988,64128,44090.32746623012,51107.23679901777,-2243.3779406770036,0,0,0,0,-125944.86308661125,-96285.6362101021
1782481200,29240.25,29366.25,29219.25,29341.5,0,0,0,0,0,0,0,0,1,0,0,1,0,29465.052102790352,29120.447897209648,65.86806852690275,60396,49525.55164415341,66135.49119934518,2167.7012815988396,0,0,1,0,-84345.57737232553,-95148.48774936146
1782481500,29342,29351,29236.25,29267,0,0,0,0,1,1,0,0,1,0,0,0,1,29455.03945259104,29132.21054740896,69.35963506069541,58035,52362.03442943561,74288.32746623011,-1732.8932169871537,0,0,0,1,-122276.94992134513,-97732.15081335991
1782481800,29267.25,29349,29259.5,29325.5,0,0,0,0,0,0,0,0,0,0,0,1,0,29455.19734883454,29153.30265116546,70.79823255636002,41507,48743.68961962374,78543.05164415341,1208.7816623651552,0,0,1,0,-95262.6175191105,-97496.95716628854
1782482100,29326.75,29464.5,29301.25,29443,0,1,0,0,0,0,0,1,1,0,0,1,0,29580.602895346357,29185.147104653643,77.40193023090572,52091,49859.45974641583,73115.53442943562,4547.048614654375,0,0,0,0,-58168.720122479564,-93751.41078116388
1782482400,29442.75,29541,29420.75,29535.25,0,0,0,0,0,0,0,0,0,0,0,1,0,29661.693759964477,29300.056240035523,80.46250664298388,51747,50488.63983094389,74789.18961962374,7492.242070090282,0,0,0,0,-18363.335507094947,-86571.59408839542
1782482700,29535.5,29585.25,29508.75,29571,0,0,0,0,0,0,0,0,0,0,0,1,0,29705.5192056813,29388.4807943187,80.17947045419932,46816,49264.42655396259,75732.95974641583,8140.40354138933,0,0,0,0,3361.7363883298895,-78006.51499537396
1782483000,29570.25,29605,29503,29589,0,0,0,0,0,0,0,0,0,0,0,1,0,29727.607119561206,29380.392880438794,81.73807970747079,47264,48597.61770264173,73896.6398309439,7385.680176698563,0,0,0,0,12049.971682447536,-69429.70674034335
1782483300,29588.5,29603.5,29524,29527,0,0,0,0,0,0,0,0,0,0,0,0,1,29725.867325306834,29401.632674693166,81.57821687122286,37844,45013.07846842782,72896.42655396259,3147.3570339297366,0,0,0,0,-17225.575487363785,-64457.88471625005
1782483600,29528.5,29664.25,29520.75,29605.25,0,0,0,0,0,0,0,0,0,0,0,1,0,29793.25180207063,29391.74819792937,86.00120138042122,43601,44542.385645618546,67519.61770264173,4617.772686013925,0,0,0,0,6094.123118907992,-57738.64587480643
1782483900,29605.25,29637.25,29567,29592.5,0,0,0,0,0,0,0,0,0,0,0,0,1,29764.5641733513,29439.6858266487,84.876115567534,33236,40773.59043041236,66813.57846842782,3023.144232335925,0,0,0,0,61.96653527809849,-52233.82564527457
1782484200,29592.75,29618.5,29531.75,29584.25,0,0,0,0,0,0,0,0,0,0,0,0,1,29746.01494668335,29404.23505331665,85.0099644555673,38311,39952.72695360824,61160.385645618546,1916.265695087488,0,0,0,0,-3691.8490266815556,-47610.78025302762
1782484500,29584.75,29588.5,29481.25,29488,0,0,0,0,0,1,0,0,0,0,0,0,1,29718.39780763454,29351.35219236546,86.59853842302678,34162,38022.48463573882,59929.090430412354,-1545.618390951327,0,0,0,1,-34509.317558150084,-46363.02190113452
1782484800,29488.25,29555.5,29455.25,29494,0,0,0,0,0,0,0,0,0,0,0,1,0,29686.86046423207,29323.88953576793,87.57364282138201,40178,38740.989757159216,57033.72695360823,-1241.4274653867742,0,0,0,0,-32204.843742688736,-45014.62398128254
1782485100,29494.25,29568,29486,29531,0,0,0,0,0,0,0,0,0,0,0,1,0,29698.763288215498,29355.236711784502,87.17552547699758,32483,36654.99317143948,58111.48463573882,168.00403645967617,0,0,1,0,-17646.913864639955,-42408.17539874515
1782485400,29531.5,29580.25,29490,29520.75,0,0,0,0,0,0,0,0,0,0,0,0,1,29711.342696200103,29358.907303799897,87.39513080006918,28311,33873.66211429299,54982.489757159216,-370.8224294552456,0,0,0,1,-21019.138241371256,-40371.12424090002
1782485700,29520.75,29543,29467,29501.75,0,0,0,0,0,0,0,0,0,0,0,0,1,29672.871789328667,29337.128210671333,86.58119288577852,25328,31025.108076195324,50810.49317143948,-1086.0060139596872,0,0,0,0,-27351.138241371256,-39131.12557427823
1782486000,29502.75,29553.5,29500,29510.5,0,0,0,0,0,0,0,0,0,0,0,1,0,29679.82737580519,29373.67262419481,84.21825053679434,18781,26943.738717463548,46537.66211429299,-809.9099245216462,0,0,0,0,-24630.526091838547,-37750.11609976017
1782486300,29511.5,29538.5,29467.5,29525.75,0,0,0,0,0,0,0,0,0,0,0,1,0,29663.41113467625,29342.58886532375,83.27408978416618,26379,26755.492478309032,40415.60807619532,-337.02508607203777,0,0,0,0,-19336.149331275166,-35996.40497895207
1782486600,29525.25,29535.75,29437.5,29444.75,0,0,0,0,0,0,0,0,0,0,0,0,1,29662.26569648509,29310.98430351491,84.34379765672574,25854,26454.994985539353,40133.23871746355,-2440.038336208584,0,0,0,0,-40519.32490379425,-36427.15925750847
1782486900,29445.5,29520,29409,29504,0,0,0,0,0,0,0,0,0,0,0,1,0,29649.371718164726,29279.628281835274,86.24781210981676,37611,30173.6633236929,39682.49247830903,-280.05551105024324,0,0,0,0,-20697.311390280738,-34929.07850824869
1782487200,29503.75,29561.25,29481.5,29558,0,0,0,0,0,0,0,0,0,0,0,1,0,29689.9255240101,29352.8244759899,85.78368267340127,27239,29195.44221579527,45260.49498553935,1361.3877133972233,0,0,1,0,-2167.9602931020563,-31808.97201156806
1782487500,29558.25,29593,29538.25,29592.5,0,0,0,0,0,0,0,0,0,0,0,1,0,29718.35048658081,29412.89951341919,83.56699105387261,28074,28821.628143863512,43793.163323692905,2599.2408644173443,0,0,0,0,15394.313679500683,-27313.420993371037
1782487800,29592,29659.25,29567.5,29582.25,0,0,0,0,1,0,1,0,0,0,0,0,1,29785.477237539322,29441.272762460678,84.1514916928817,36727,31456.752095909007,43232.442215795265,1571.018911435202,0,0,0,0,11491.444469691418,-23617.71952069842
1782488100,29582,29675.25,29582,29666.25,1,0,0,0,0,0,0,1,0,0,0,1,0,29802.452077715086,29454.797922284914,84.80138514339015,29204,30705.834730606006,47185.12814386351,3571.1472607812957,0,0,0,0,37876.82784770751,-17761.095961802617
1782488400,29665.75,29717.25,29643.5,29697.25,0,0,0,0,0,0,0,0,0,0,0,1,0,29843.268000735436,29517.481999264564,84.01200049029084,27670,29693.889820404005,46058.75209590901,3806.612275166691,0,0,0,0,49695.200729063436,-11336.686753148708
1782488700,29697.25,29705.5,29622.75,29624.25,0,0,0,0,0,0,0,0,0,0,1,0,1,29831.38278639719,29496.86721360281,83.9218575981272,23596,27661.259880269336,44540.83473060601,901.9528768448663,0,0,0,0,28879.394082537754,-7506.583816416664
1782489000,29625,29665,29531,29559.25,0,0,0,0,0,0,0,0,0,0,0,0,1,29796.248301654534,29399.751698345466,87.49886776968955,36567,30629.83992017956,41491.889820404,-1202.269968682955,0,0,0,1,10937.004157164618,-5750.051628456542
1782489300,29559.25,29649.25,29546.25,29620,0,0,0,0,0,1,0,0,0,0,0,1,0,29782.159137250637,29413.340862749363,88.60609150042602,27123,29460.893280119704,45944.75988026934,283.4028745497194,0,0,1,0,26934.30755522287,-2637.2555157251695
1782489600,29620.75,29626.75,29581,29608.25,0,0,0,0,0,0,0,0,0,0,0,0,1,29755.06741316131,29452.68258683869,85.54494210753845,21363,26761.5955200798,44191.339920179555,-561.3443246885511,0,0,0,1,21097.422309321228,-376.81000857789377
1782489900,29607.75,29616,29539,29547.5,0,0,0,0,0,0,0,0,0,0,0,0,1,29743.401883649785,29411.598116350215,84.93458909985713,21542,25021.73034671987,40142.3932801197,-2282.814612655304,0,0,0,0,4241.506724905645,63.02968032530032
1782490200,29547.5,29565,29519.75,29555,0,0,0,0,0,0,0,0,0,0,0,1,0,29688.149963389085,29396.600036610915,82.09997559272448,21819,23954.15356447991,37532.595520079805,-1744.5068313801419,0,0,0,0,7857.91556468465,805.3997645500002
1782490500,29554.5,29585,29535,29557.5,0,0,0,0,0,0,0,0,0,0,0,1,0,29704.710680289867,29415.289319710133,79.80712019324416,20497,22801.76904298661,35931.230346719865,-1517.9732519346041,0,0,0,0,9087.73556468465,1594.1936502771096
1782490800,29557.75,29571,29494.75,29540.75,0,0,0,0,0,0,0,0,0,0,0,0,1,29690.32956026916,29375.42043973084,79.55304017944101,24419,23340.84602865774,34202.653564479915,-1950.5680501383285,0,0,0,0,3643.4994991108797,1789.3656358803257
1782491100,29540.75,29579,29535.75,29557.5,0,0,0,0,0,0,0,0,0,0,0,1,0,29694.439948821364,29420.310051178636,76.95996588090951,15039,20573.56401910516,35011.269042986605,-1229.5720858229843,0,0,0,0,9467.85210026695,2520.650061060004
1782491400,29557.5,29636,29557.5,29634,0,0,0,0,0,0,0,0,0,0,0,1,0,29751.60495247698,29441.89504752302,77.0699683179874,18603,19916.709346070107,30860.34602865774,524.4303839954932,0,0,1,0,27596.890316827456,4908.863418752142
1782491700,29634.5,29642.5,29603.25,29607.25,0,0,0,0,1,0,0,0,0,0,0,0,1,29754.05281301434,29491.69718698566,74.36854200955973,13954,17929.139564046738,29875.06401910516,-666.0474645837467,0,0,0,1,17909.081399630006,6146.979416930986
1782492000,29607.25,29631.5,29594.25,29598.25,0,0,0,0,0,0,0,0,0,0,0,0,1,29739.07582637046,29486.67417362954,71.71721758030546,11656,15838.093042697827,26893.709346070107,-985.5829494433407,0,0,0,0,15092.866634529335,6998.968675749877
1782492300,29598.25,29620,29582,29610.75,0,0,0,0,0,0,0,0,0,0,0,1,0,29723.963267343996,29478.036732656004,69.30884489599792,12995,14890.395361798552,23757.139564046738,-572.1551639312739,0,0,0,0,19367.537687160915,8176.927629217595
1782492600,29611,29646,29605.25,29626.25,0,0,0,0,0,0,0,0,0,0,0,1,0,29746.90339110514,29504.34660889486,67.26892740342664,13674,14484.930241199034,22335.593042697827,-151.819219461913,0,0,0,0,24484.801490841895,9730.058473181814
1782492900,29626.5,29627.5,29601.25,29612,0,0,0,0,0,0,0,0,0,0,0,0,1,29724.008506026203,29504.741493973797,64.3390040174676,9465,12811.620160799355,21727.39536179855,-781.3229782497241,0,0,0,0,19256.51577655618,10637.34012112223
1782493200,29612.25,29658,29593.75,29643,0,0,0,0,0,0,0,0,0,0,0,1,0,29754.49896988147,29497.25103011853,64.33264658764848,14717,13446.746773866236,19217.430241199032,-134.63942243274187,0,0,0,0,26300.060523637894,12129.027778504675
1782493500,29643.25,29693,29637,29688.5,0,0,0,0,0,0,1,0,0,0,0,1,0,29788.60618631851,29541.39381368149,63.73745754567359,13417,13436.83118257749,20170.120160799353,750.8509270065756,0,0,1,0,37141.475702209325,14511.165676000355
1782493800,29689,29700.25,29645.25,29651.75,0,0,0,0,0,0,0,0,0,0,0,0,1,29794.9200301529,29550.5799698471,63.11335343526834,13576,13483.220788384993,20155.246773866238,-417.3401283699541,0,0,0,1,27946.82115675478,15790.751912262682
1782494100,29652,29656.25,29596.25,29604.75,0,0,0,0,0,0,0,0,0,0,0,0,1,29750.586456570552,29501.913543429448,62.89097104703489,16938,14634.81385892333,20224.83118257749,-1756.7498060195398,0,0,0,0,14608.146156754781,15678.122792690501
1782494400,29604.5,29626.75,29578.5,29594.75,0,0,0,0,0,0,0,0,0,0,0,0,1,29719.517781101225,29485.732218898775,61.84518740081811,16816,15361.875905948886,21952.220788384995,-1901.3893287463611,0,0,0,0,11210.09434328328,15252.596273699337
1782494700,29594.75,29651.25,29575.25,29634,0,0,0,0,0,1,0,0,0,0,0,1,0,29745.534368165427,29480.965631834573,62.85624544361682,17976,16233.250603965924,23042.813858923328,-813.0155055359089,0,0,0,0,20493.75223802012,15751.75398458703
1782495000,29634,29676.25,29615.25,29620,0,0,0,0,0,0,1,0,0,0,0,0,1,29770.335484725038,29521.164515274962,62.723656483358475,20321,17595.83373597728,24349.875905948888,-1232.0985226913322,0,0,0,0,15829.916172446348,15759.198002478393
1782495300,29620.25,29621.25,29578.25,29583.25,0,0,0,0,0,0,0,0,0,0,0,0,1,29713.222235816105,29486.277764183895,61.3148238774043,16432,17207.889157318186,26393.75060396592,-2456.6108701950743,0,0,0,0,1690.7533817486747,14419.346133837467
1782495600,29583.25,29610,29558.75,29598,0,0,0,0,0,0,0,0,0,0,0,1,0,29700.89386182924,29467.85613817076,60.595907886161136,17993,17469.592771545456,25811.833735977278,-1620.5359859551509,0,0,0,0,6869.2265524803815,13700.287126089173
1782495900,29598,29615.75,29569.25,29571.5,0,0,0,0,0,0,0,0,0,0,0,0,1,29705.133585984295,29479.866414015705,59.589057322863916,12646,15861.728514363638,26204.389157318183,-2092.7359846288646,0,0,0,0,-337.633662573382,12363.342289073691
1782496200,29572,29596.75,29566,29576.25,0,0,0,0,0,0,0,0,0,0,0,1,0,29683.043686985417,29479.706313014583,57.529124656945065,11464,14395.819009575758,23792.592771545456,-1636.094224374057,0,0,0,0,1246.8216219794635,11304.626035064717
1782496500,29576.25,29577.25,29535,29544.5,0,0,0,0,0,0,0,0,0,0,0,0,1,29661.90663791503,29450.34336208497,56.43775861002042,16206,14999.212673050506,21593.728514363636,-2547.1489429305743,0,0,0,0,-10931.651750801602,9186.88529355364
1782496800,29544.75,29570,29540,29561,0,0,0,0,0,0,0,0,0,0,0,1,0,29651.8240209211,29458.1759790789,54.549347280733244,14721,14906.475115367004,22498.81900957576,-1376.344466102893,0,0,0,0,-2957.7767508016022,8030.250813138855
1782497100,29560.25,29582,29535.5,29546.75,0,0,0,0,0,0,0,0,0,0,0,0,1,29662.961590855306,29454.538409144694,53.97439390353801,15353,15055.316743578003,22359.712673050504,-1581.6454709911372,0,0,0,0,-7415.099331446763,6559.265085083081
1782497400,29546.25,29556.5,29525,29540.25,0,0,0,0,0,0,1,0,0,0,0,0,1,29635.05362007993,29446.44637992007,52.369080053285295,12345,14151.877829052002,22582.975115367004,-1539.8963648086687,0,0,0,0,-9766.527902875336,5004.427657658471
1782497700,29540.25,29550.5,29489.5,29500.75,0,0,0,0,0,0,0,0,0,1,0,0,1,29629.97836150279,29410.02163849721,52.98557433519348,16269,14857.585219368002,21227.816743578005,-2264.994404633154,0,0,0,0,-20301.372165170418,2594.3514840557195
1782498000,29501.25,29522.5,29487.5,29504,0,0,0,0,0,0,0,0,0,0,0,1,0,29600.05133568116,29409.94866431884,51.70089045410823,15501,15072.056812912002,22286.377829052002,-1734.74318074638,0,0,0,0,-19083.436450884703,529.8002521566318
1782498300,29502.75,29518.5,29456,29462,0,0,0,1,0,0,0,1,0,0,0,0,1,29597.208383132507,29377.291616867493,52.47225542167193,17035,15726.371208608001,22608.085219368004,-2449.795883871884,0,0,0,0,-30190.256450884703,-2395.9194338473044
1782498600,29462.5,29512.5,29454,29501.5,0,0,0,0,0,0,0,0,0,0,0,1,0,29591.85421290876,29374.64578709124,52.902808605838224,16569,16007.247472405334,23589.556812912,-931.6656074256275,0,0,0,0,-19144.256450884703,-3990.9991497556275
1782498900,29501,29503,29461,29474.75,0,0,0,0,0,0,0,0,0,0,0,0,1,29581.186054843845,29382.813945156155,52.124036562564065,12363,14792.498314936889,24010.871208608,-1453.4837225172448,0,0,0,0,-26871.131450884703,-6170.059368910777
1782499200,29474.25,29496.5,29461.25,29474.5,0,0,0,0,0,0,0,0,0,0,0,0,0,29572.878122355,29384.871877645,50.91874823666664,11914,13832.998876624593,22188.74747240533,-1133.9417269182277,0,0,0,0,-26786.634996983994,-8133.542762060608
1782499500,29474.25,29474.5,29426.75,29442.75,0,0,0,0,0,0,0,0,0,0,0,0,1,29550.538613615357,29350.711386384643,50.69240907690473,17616,15093.999251083062,20749.49831493689,-1966.723587551759,0,0,0,0,-38407.661174994464,-11016.792134720976
1782499800,29442.5,29449,29417.5,29429.75,0,0,0,0,0,0,0,0,0,0,0,0,1,29522.982284071404,29343.517715928596,49.321522714268674,15389,15192.332834055374,22640.99887662459,-2124.7360905244295,0,0,0,0,-44636.54212737542,-14218.673086402352
1782500100,29429.75,29455.75,29389,29415.75,0,0,0,0,0,0,0,0,0,0,0,0,1,29531.599620923447,29313.150379076553,50.56641394896377,18185,16189.888556036916,22788.499251083063,-2011.5859034709008,0,0,0,0,-48450.62452437916,-17478.858937638237
1782500400,29415.75,29441.75,29400.25,29404.5,0,0,0,0,0,0,0,0,0,0,0,0,1,29516.628219428912,29325.371780571088,49.91881295260922,16652,16343.92570402461,24284.832834055374,-1971.1679965683325,0,0,0,0,-52964.720909921336,-20858.464839760436
1782500700,29405.25,29486.5,29395,29477.25,0,0,0,0,0,0,0,0,0,0,0,1,0,29565.833346612562,29315.666653387438,52.88889774170856,20916,17867.95046934974,24515.888556036916,48.55325609025567,0,0,1,0,-36506.22910664265,-22348.728103273028
1782501000,29477.75,29505,29458,29501.25,0,0,0,0,1,0,0,0,0,0,0,1,0,29583.702393283093,29379.297606716907,52.46826218872938,19862,18532.63364623316,26801.92570402461,1080.8716779472807,0,0,0,0,-26575.229106642648,-22751.25200835585
1782501300,29501.25,29503.5,29469.5,29488,0,0,0,0,0,0,0,0,0,0,0,0,1,29580.22365090573,29392.77634909427,51.149100603820145,15086,17383.75576415544,27798.95046934974,427.6591285417974,0,0,0,0,-32454.332047819116,-23675.354869257113
1782501600,29487.5,29504.5,29423.75,29445.25,0,0,0,0,0,0,0,0,0,0,0,0,1,29584.395175841037,29343.854824158963,53.26345056069014,21301,18689.503842770293,26075.63364623316,-603.3134096241527,0,0,0,1,-43599.43731097701,-25572.886530373293
1782501900,29445,29463,29437.25,29451.5,0,0,0,0,0,0,0,0,0,0,0,1,0,29539.947306138103,29360.302693861897,51.29820409206941,14678,17352.335895180197,28034.255764155438,-42.63293872120448,0,0,0,0,-39894.31109738478,-26936.83172723153
1782502200,29451.75,29498.5,29429,29488.25,0,0,0,0,0,0,0,0,0,0,0,1,0,29577.39749855681,29350.10250144319,52.59833237120731,17822,17508.890596786798,26028.503842770297,946.7729296900076,0,0,1,0,-30534.555701701327,-27279.472105752462
1782502500,29488.5,29509.75,29465,29466.25,0,0,0,0,0,0,0,0,0,0,0,0,1,29587.806605802754,29386.943394197246,52.03773720183536,18069,17695.5937311912,26263.335895180197,21.146750359487896,0,0,0,0,-39518.58363466222,-28445.10177517244
1782502800,29466.5,29544,29465,29537.75,0,0,0,0,0,0,0,0,0,0,0,1,0,29624.945419673986,29384.054580326014,53.96361311598998,19196,18195.729154127464,26543.390596786798,1740.2297542705708,0,0,0,0,-22205.7355333964,-27850.876418812815
1782503100,29537.75,29569.5,29509,29518.25,0,0,0,0,0,0,0,0,0,0,0,0,1,29651.145746840128,29427.354253159872,54.430497893419265,22755,19715.48610275164,27293.5937311912,811.0073030764647,0,0,0,0,-29539.99173174351,-28011.744543853834
1782503400,29518,29532,29420.5,29452.5,0,0,0,0,0,0,0,0,0,0,0,0,1,29619.760336351548,29332.739663648452,58.50689090103218,33745,24391.99073516776,29573.22915412746,-1127.1952764861521,0,0,0,1,-49363.287695869076,-30045.224844045762
1782503700,29452.5,29468.25,29284,29317.5,0,0,1,0,0,0,1,1,0,0,0,0,1,29569.482812326438,29182.767187673562,67.48854155095844,33192,27325.32715677851,36587.986102751645,-3122.6313798612136,0,0,0,0,-73683.07059953257,-34201.21015409213
1782504000,29317.5,29414.25,29266.25,29300.75,0,0,0,0,0,1,0,0,0,0,0,0,1,29524.109040017407,29156.390959982593,73.23936001160428,27728,27459.55143785234,40987.99073516776,-2735.1132567640025,0,0,0,0,-76821.2057346677,-38260.25735224218
1782504300,29300.5,29329,29275.5,29304,0,0,0,0,0,0,0,0,0,0,0,1,0,29436.74410858759,29167.75589141241,71.82940572506111,11121,22013.367625234896,41189.32715677851,-2036.4277148083424,0,0,0,0,-76093.66367859293,-41863.43890713273
1782504600,29304.25,29356.75,29298,29351.25,0,0,0,0,0,0,0,0,0,0,0,1,0,29463.092743688478,29191.657256311522,70.89516245898531,10875,18300.578416823264,33020.051437852344,-702.5544287383236,0,0,0,0,-67393.66367859293,-44294.888885367036
1782504900,29351.75,29377.5,29338.5,29355.25,0,0,0,0,1,0,0,0,0,0,0,1,0,29480.425404853588,29235.574595146412,68.61693656905778,7603,14734.718944548844,27450.867625234896,-364.3867800625849,0,0,0,0,-66711.34316577241,-46429.78929302469
1782505200,29355.25,29380.5,29345.25,29372.5,0,0,0,0,0,0,0,0,0,0,0,1,0,29479.85037593547,29245.89962406453,66.23358395698223,5926,11798.479296365897,22102.078416823264,122.49893010834103,0,0,1,0,-63811.3857189639,-48085.17942882842
1782505500,29372,29389,29340.5,29341.75,0,0,0,0,0,0,0,0,0,0,0,0,1,29486.45034908294,29243.04965091706,64.96689938862636,5825,9807.319530910598,17697.718944548844,-95.99162574940397,0,0,0,1,-67444.50427566493,-49928.92465233666
1782505800,29341.5,29348.75,29274,29310.5,0,0,0,0,0,0,1,0,0,0,0,0,1,29447.24853843416,29175.50146156584,65.66569228943877,8812,9475.546353940399,14710.979296365897,-275.47395757278537,0,0,0,0,-71098.9791920529,-51945.12032278583
1782506100,29310,29325,29264.75,29290.75,0,0,0,0,0,0,0,0,0,1,0,0,1,29422.918285688862,29166.831714311138,65.27885712590742,8465,9138.6975692936,14213.319530910598,-330.52932961998545,0,0,0,0,-73803.56425429355,-54026.876887691324
1782506400,29290.25,29292.75,29256.25,29270.5,0,0,0,0,0,0,0,0,0,0,0,0,1,29387.584836711085,29161.415163288915,63.22322447405689,5302,7859.798379529067,13708.046353940399,-388.57163590924597,0,0,0,0,-76672.45466525246,-56183.598580792386
1782506700,29271.25,29279.75,29254.75,29276.25,0,0,0,0,0,0,0,0,0,0,0,1,0,29370.48949123172,29164.01050876828,60.492994154481394,4142,6620.532253019378,11789.6975692936,-85.35880775887267,0,0,0,0,-75844.05466525246,-58056.02296978858
1782507000,29277,29303.5,29277,29292.75,0,0,0,0,0,0,0,0,0,0,0,1,0,29390.677741858028,29189.822258141972,58.11849457201844,2988,5409.688168679586,9930.798379529067,251.5912336495228,0,0,1,0,-74068.16787279963,-59580.98915102773
1782507300,29292.75,29307.25,29272.25,29290,0,0,0,0,0,0,0,0,0,0,0,0,1,29391.95076029674,29187.54923970326,56.46717353115998,2938,4585.792112453058,8114.532253019379,335.77739626504444,0,0,0,0,-74299.01072994249,-60982.70549187675