time,open,high,low,close,Shapes,Shapes,Bullish Sweep,Bearish Sweep,ATR Short Stop Loss,ATR Long Stop Loss,VWAP,Upper Band #1,Lower Band #1,ATR,Volume,Volume EMA,Spike Threshold,CVD Oscillator,Bullish Divergence,Bearish Divergence,Bullish Cross,Bearish Cross
1780904100,29216.75,29231.25,29182.75,29220,1,0,0,0,29293.87858279432,29120.12141720568,29100.94521994269,29198.912973017286,29002.97746686809,41.75238852954708,6019,5830.2768761081725,8603.872971243387,683.0917848133461,0,0,0,0
1780904400,29220,29228,29207,29224.75,1,0,0,0,29288.405112594726,29146.594887405274,29101.444962214853,29199.50907738911,29003.380847040597,40.27007506315086,3079,4913.184584072115,8745.41531416226,599.7085332729752,0,0,0,0
1780904700,29224,29270.5,29215.75,29262.5,1,0,0,0,29332.456533123674,29153.793466876326,29102.416698403278,29200.88748834145,29003.945908465106,41.30435541578294,4840,4888.789722714743,7369.776876108173,782.2127390674041,0,0,0,0
1780905000,29261.75,29280.5,29252,29257.5,0,1,0,0,29341.084637900556,29191.415362099444,29103.42446729087,29202.40386730323,29004.445067278513,40.38975860036987,4650,4809.1931484764955,7333.184584072114,540.1412894573721,0,0,0,0
1780905300,29257.5,29278.25,29254.75,29256.25,0,1,0,0,29337.02502090766,29195.97497909234,29104.144354302054,29203.47796554752,29004.810743056587,39.18334727177203,3363,4327.128765650997,7213.789722714743,387.4148983648928,0,0,0,0
1780905600,29256.75,29256.75,29200.75,29225.75,0,1,0,1,29317.32680512854,29140.17319487146,29105.334441961404,29204.922842351767,29005.74604157104,40.384536752359736,7251,5301.7525104339975,6490.6931484764955,-100.59735504450146,0,0,0,1
1780905900,29226.25,29253.75,29212.25,29246,1,0,0,0,29314.44631904793,29151.55368095207,29106.446903964716,29206.346202703717,29006.547605225715,40.464212698619754,6401,5668.168340289331,7952.628765650996,166.4126485876377,0,0,1,0
1780906200,29245.5,29250,29210,29212.25,0,1,0,0,29310.646581973077,29149.353418026923,29107.142841763864,29207.15390229606,29007.131781231667,40.43105464871834,4520,5285.445560192888,8502.252510433997,-257.0968423709379,0,0,0,1
1780906500,29212,29248.5,29205.75,29239.5,1,0,0,0,29309.39504040357,29144.85495959643,29107.989659784893,29208.181193364107,29007.79812620568,40.596693602381315,5249,5273.297040128592,7928.168340289331,70.51835009246611,0,0,1,0
1780906800,29239,29241.75,29202.25,29219.25,0,1,0,0,29302.527537517602,29141.472462482398,29108.65172885264,29208.921438965997,29008.382018739285,40.518358345068364,4530,5025.531360085728,7909.945560192888,-193.59635404769443,0,0,0,1
1780907100,29219.5,29232.25,29207.5,29224.5,1,0,0,0,29291.33807055206,29148.41192944794,29109.116280184662,29209.439583084095,29008.79297728523,39.392047034706344,3201,4417.354240057152,7538.297040128592,-133.66830636262296,0,0,0,0
1780907400,29224.75,29266.75,29217,29266.25,1,0,0,0,29326.947851226912,29156.802148773088,29110.01723986906,29210.64784735334,29009.38663238478,40.131900817941606,5001,4611.902826704768,6626.031360085728,247.74662796543646,0,0,1,0
1780907700,29266.75,29267.25,29210.5,29213,0,1,0,0,29329.228361853562,29148.521638146438,29110.719130831098,29211.472793443027,29009.96546821917,41.31890790237435,4592,4605.268551136512,6917.854240057151,-244.6218806243446,0,0,0,1
1780908000,29213.25,29220,29188.25,29206.25,0,1,0,0,29280.953121721162,29127.296878278838,29111.35940068688,29212.067337782028,29010.651463591734,40.635414480776184,5388,4866.179034091007,6907.902826704767,-346.9516973178455,0,0,0,0
1780908300,29206.25,29207.5,29158.5,29197,0,1,0,0,29269.34932731251,29096.65067268749,29111.87064746346,29212.43350667797,29011.30778824895,41.232884875006455,5342,5024.786022727339,7299.268551136511,-411.08295963853675,0,0,0,0
1780908600,29197.25,29203,29159.25,29162.5,0,1,0,0,29265.11901821876,29097.13098178124,29112.212662725782,29212.609243670173,29011.81608178139,41.412678812505995,4349,4799.524015151559,7537.179034091008,-690.6094836016184,0,0,0,0
1780908900,29163.25,29184.25,29157.25,29177,1,0,0,0,29244.824802631705,29096.675197368295,29112.45089918046,29212.72176680472,29012.180031556203,40.38320175446985,3163,4254.01601010104,7199.286022727339,-437.1925148009213,0,0,0,0
1780909200,29177.75,29198.25,29176.75,29190,1,0,0,0,29256.801602443727,29118.198397556273,29112.774690819628,29212.95358334582,29012.595798293434,39.03440162915058,3449,3985.6773400673596,6381.024015151559,-194.19196302291044,0,0,0,0
1780909500,29190,29192.5,29147.5,29150.75,0,1,0,0,29251.690773697745,29088.309226302255,29112.98134504444,29213.00858595741,29012.954104131473,39.460515798496964,3301,3757.4515600449063,5978.51601010104,-450.4514969982188,0,0,0,0
1780909800,29150.5,29188.75,29143,29187.5,1,0,0,0,29248.614647005048,29083.135352994952,29113.208202349666,29213.114488824347,29013.301915874985,39.90976467003289,3075,3529.967706696604,5636.177340067359,-151.42494477548257,0,0,0,0
1780910100,29187.5,29204.25,29181.25,29195.75,1,0,0,0,29262.302886504687,29123.197113495313,29113.47965590685,29213.32661604239,29013.63269577131,38.701924336459115,2755,3271.645137797736,5294.951560044907,-47.5547779988799,0,0,0,0
1780910400,29195.25,29223.5,29195.25,29202.5,1,0,0,0,29280.43303746864,29138.31696253136,29113.85272705857,29213.674881583855,29014.030572533284,37.95535831242632,3271,3271.4300918651575,4907.467706696604,23.47162489756579,0,0,1,0
1780910700,29203,29210.5,29189.25,29192.75,0,1,0,0,29265.64317764945,29134.10682235055,29114.093486452246,29213.872557540402,29014.31441536409,36.76211843296729,2369,2970.620061243438,4907.145137797736,-105.25634957298809,0,0,0,1
1780911000,29192.5,29196.5,29171.75,29172.5,0,1,0,0,29250.356164960205,29117.893835039795,29114.313471419977,29213.99929105678,29014.627651783172,35.90410997346963,2746,2895.7467074956253,4455.930091865157,-310.73306892629046,0,0,0,0
1780911300,29173,29251.75,29163,29196.25,1,0,0,0,29311.268224605905,29103.481775394095,29115.066850417206,29214.66718235511,29015.4665184793,39.67881640393609,7022,4271.16447166375,4343.620061243438,-94.28385141586568,0,0,0,0
1780911600,29196.75,29225.25,29185,29218.75,1,0,0,0,29284.82942284834,29125.42057715166,29115.449789747556,29215.02964951047,29015.86992998464,39.71961523222637,3385,3975.7763144425003,6406.746707495626,83.85004283762564,0,0,1,0
1780911900,29218.25,29234.25,29213.25,29228,1,0,0,0,29291.823749787745,29155.676250212255,29115.847342136345,29215.4650015741,29016.22968269859,38.38249985849591,3041,3664.1842096283335,5963.66447166375,187.27062361263003,0,0,0,0
1780912200,29227.75,29234,29211.5,29228.25,1,0,0,0,29289.872053374333,29155.627946625667,29116.29661322986,29215.952651190364,29016.640575269357,37.24803558288905,3482,3603.4561397522225,5496.276314442501,144.7408996882608,0,0,0,0
1780912500,29229.25,29239.5,29223.25,29239.25,1,0,0,0,29293.122263847596,29169.627736152404,29116.650857975936,29216.365483331403,29016.93623262047,35.74817589839698,2544,3250.3040931681485,5405.1842096283335,249.05762009073692,0,0,0,0
1780912800,29239.75,29241.25,29183,29214.5,0,1,0,0,29297.283173572767,29126.966826427233,29117.343726852174,29217.031547964263,29017.655905740085,37.35544904851148,6128,4209.536062112099,4875.456139752223,-64.80582130765325,0,0,0,1
1780913100,29215.5,29235,29210.5,29223,1,0,0,0,29289.655804031856,29155.844195968144,29117.640373243317,29217.344541558457,29017.936204928177,36.437202687903515,2401,3606.690708074733,6314.304093168148,-1.2105784491455154,0,0,0,0
1780913400,29223,29233,29214,29221.75,0,1,0,0,29285.787532315295,29161.212467684705,29117.940984201017,29217.6610535892,29018.220914812835,35.19168821019612,2445,3219.460472049822,5410.036062112099,-33.63003169266577,0,0,0,0
1780913700,29222,29227.75,29192,29192.5,0,1,0,0,29280.59735143563,29139.15264856437,29118.200860880857,29217.882411185456,29018.51931057626,35.23156762375354,2591,3009.9736480332144,4829.190708074733,-245.8340517238153,0,0,0,0
1780914000,29192,29201.75,29174.75,29188.5,0,1,0,0,29253.715397761658,29122.784602238342,29118.473354565864,29218.056690533438,29018.89001859829,34.643598507771145,3350,3123.3157653554763,4514.960472049822,-256.8525831508579,0,0,0,0
1780914300,29188.5,29199.25,29175.75,29193,1,0,0,0,29250.02144077868,29124.97855922132,29118.67029666058,29218.18509616062,29019.15549716054,33.84762718578749,2403,2883.210510236984,4684.973648033214,-179.9034921193997,0,0,0,0
1780914600,29192.5,29273.75,29188.75,29253.75,1,0,0,0,29330.00205215163,29132.49794784837,29119.52908240797,29219.202323022564,29019.85584179338,37.501368101088374,6228,3998.140340157989,4324.815765355476,262.99932114282933,0,0,1,0
1780914900,29253,29259,29233.25,29237.75,0,1,0,1,29313.992976997946,29178.257023002054,29120.2336160037,29220.058197204067,29020.409034803335,36.661984665296345,4984,4326.760226771993,5997.210510236984,-77.60549684674595,0,0,0,1
1780915200,29238,29254.5,29233.25,29245.75,1,0,0,0,29307.841692926664,29179.908307073336,29120.587041013518,29220.48899157522,29020.685090451814,35.561128617775175,2498,3717.173484514662,6490.14034015799,8.621833896351575,0,0,1,0
1780915500,29246.5,29251.5,29227,29237,0,1,0,0,29303.65657200333,29174.84342799667,29120.947069548838,29220.90830486728,29020.985834230396,34.77104800221981,2690,3374.7823230097747,5575.760226771993,-104.96928794776747,0,0,0,1
1780915800,29236.75,29256,29222.75,29250.5,1,0,0,0,29307.99360257452,29170.75639742548,29121.41963733835,29221.475027261436,29021.364247415262,34.66240171634696,3422,3390.521548673183,5062.173484514662,34.404621250030516,0,0,1,0
1780916100,29250,29254.25,29228.5,29241.75,0,1,0,0,29305.288702390626,29177.461297609374,29121.871411020646,29222.008625879167,29021.734196162124,34.02580159375075,3340,3373.6810324487888,5085.782323009775,-85.99948568747114,0,0,0,1
1780916400,29241.5,29242.25,29213.5,29238.25,0,1,0,0,29292.723437934153,29163.026562065847,29122.37975078091,29222.560985720553,29022.198515841268,33.64895862276855,4142,3629.7873549658593,5060.521548673183,-126.94738019242371,0,0,0,0
1780916700,29238.5,29268.5,29224.75,29268.25,1,0,0,0,29320.055692367427,29173.194307632573,29122.917413956937,29223.244971199932,29022.58985671394,34.37046157828509,3663,3640.8582366439064,5444.681032448789,118.93021498918813,0,0,1,0
1780917000,29268,29365,29265,29361.5,1,0,0,0,29423.587428626895,29206.412571373105,29126.235122484522,29229.10608706808,29023.364157900964,39.05828575126473,14546,7275.905491095938,5461.28735496586,1363.7336460260703,0,0,0,0
1780917300,29361.5,29385,29340.25,29376,1,0,0,0,29444.197255153547,29281.052744846453,29129.553079140063,29235.50007258415,29023.606085695978,39.464836769031535,12713,9088.270327397291,10913.858236643906,1477.1962285025108,0,0,0,0
1780917600,29376.75,29408.5,29366.25,29375.25,0,1,0,0,29467.995665499722,29306.754334500278,29132.34277575641,29240.97777902607,29023.70777248675,39.663776999815,10257,9477.846884931527,13632.405491095937,1137.6237765896867,0,0,0,0
1780917900,29376,29410.25,29370.75,29408.25,1,0,0,0,29469.728117964027,29311.271882035973,29134.11490828968,29244.510560963463,29023.7192556159,39.65207864268535,6304,8419.897923287685,14216.770327397291,1371.2970864633494,0,0,0,0
1780918200,29409.25,29432.5,29407.75,29418.25,1,0,0,0,29490.381466680883,29349.868533319117,29136.422286861816,29249.30201202588,29023.54256169775,38.58764445392212,7657,8165.598615525123,12629.846884931527,1329.9991347586797,0,0,0,0
1780918500,29418.75,29436.75,29412.5,29431.5,1,0,0,0,29493.095290489393,29356.154709510607,29137.830407390324,29252.229432093245,29023.431382687402,37.56352699292768,4613,6981.399077016749,12248.397923287685,1253.2884745022714,0,1,0,0
1780918800,29432,29437.5,29408,29411,0,1,0,0,29492.98134116872,29352.51865883128,29139.543431861162,29255.67175173057,29023.415111991755,36.98756077914713,5837,6599.932718011166,10472.098615525123,562.9346037384992,0,1,0,0
1780919100,29410.5,29419.5,29376,29387.5,0,1,0,0,29475.67910251381,29319.82089748619,29141.350122640775,29259.02434534293,29023.675899938622,37.45273500920805,6838,6679.288478674111,9899.89907701675,46.914036809442905,0,0,0,0
1780919400,29388,29396.5,29375.25,29377.25,0,1,0,0,29450.943095191396,29320.806904808604,29142.26629142717,29260.652423768377,29023.880159085966,36.29539679426462,3670,5676.192319116074,10018.932718011165,-208.66846543973395,0,0,0,1
1780919700,29377.75,29394.25,29369.25,29374.75,0,1,0,0,29447.482874106296,29316.017125893704,29143.38669765237,29262.607128947588,29024.166266357155,35.48858273753143,4595,5315.794879410716,8514.28847867411,-292.81093235936396,0,0,0,0
1780920000,29374.5,29403.5,29363,29386.5,1,0,0,0,29457.269811670132,29309.230188329868,29145.45788694966,29266.23076244146,29024.685011457863,35.84654111342204,8433,6354.863252940477,7973.692319116074,-72.43433882544207,0,0,0,0
1780920300,29387.25,29415.5,29377,29415,1,0,0,0,29469.55411083655,29322.94588916345,29147.20223465808,29269.40056090004,29025.00390841612,36.036073891034754,6703,6470.9088352936515,9532.294879410714,327.2044555925646,0,0,1,0
1780920600,29414.25,29416.5,29387.25,29413.75,0,1,0,0,29469.827031491084,29333.922968508916,29148.860259733683,29272.402844788252,29025.317674679114,35.55135432738941,6373,6438.272556862435,9706.363252940477,185.99310960023843,0,0,0,0
1780920900,29413,29422.75,29401.5,29418,1,0,0,0,29474.544743527436,29349.705256472564,29149.804276812018,29274.134196750518,29025.474356873518,34.529829018290165,3551,5475.848371241623,9657.408835293652,158.41553604432522,0,1,0,0
1780921200,29418.25,29439.5,29412,29436.5,1,0,0,1,29490.541547561188,29360.958452438812,29151.40638522638,29277.16250499041,29025.650265462347,34.02769837412658,5751,5567.565580827749,8213.772556862434,415.27331844494427,0,0,0,0
1780921500,29437.5,29458,29436.5,29456.75,1,0,0,0,29507.699294163962,29386.800705836038,29153.37558750519,29281.028965301863,29025.722209708518,33.13286277597468,6652,5929.043720551833,8351.348371241624,823.0605645576929,0,0,0,0
1780921800,29456.5,29488,29456,29467,1,0,0,0,29537.57791600939,29406.42208399061,29155.915059613835,29286.15822578469,29025.67189344298,33.051944006262204,8158,6672.0291470345555,8893.56558082775,841.3276320628977,0,0,0,0
1780922100,29467,29486.75,29461,29470.5,1,0,0,0,29535.545564865864,29412.204435134136,29157.934636868238,29290.18798654015,29025.681287196327,32.53037657724347,6532,6625.352764689704,10008.043720551834,682.0553827074198,0,0,0,0
1780922400,29469.75,29511.5,29465,29493.5,1,0,0,0,29561.792310232588,29414.707689767412,29161.3984543539,29297.21713456574,29025.57977414206,33.52820682172608,10802,8017.5685097931355,9938.029147034555,982.9523837657014,0,0,0,0
1780922700,29494,29496,29474.5,29488.5,0,1,0,0,29545.003573787406,29425.496426212594,29163.21847433599,29300.810138179375,29025.626810492606,32.66904919160279,5833,7289.379006528757,12026.352764689704,562.0204628337353,0,0,0,0
1780923000,29488.75,29493,29460,29482.75,0,1,0,0,29542.03903280259,29410.96096719741,29165.787791091752,29305.71955938534,29025.856022798165,32.69268853505973,8554,7710.9193376858375,10934.068509793135,208.96792167465196,0,0,0,0
1780923300,29482.25,29489.25,29470.75,29486,1,0,0,0,29536.768387602406,29423.231612397594,29167.27457758279,29308.54298373174,29026.00617143384,31.678925068269752,4960,6793.946225123892,11566.379006528756,160.557037939079,0,0,0,0
1780923600,29485,29535.75,29483.75,29530,1,0,0,0,29585.445645630803,29434.054354369197,29172.206755587704,29318.401916026083,29026.011595149324,33.1304304205362,15112,9566.63081674926,10190.919337685838,1255.687630861561,0,0,0,0
1780923900,29530.25,29571.75,29521.25,29566,1,0,0,0,29623.30667094289,29469.69332905711,29176.313991352956,29326.944777532917,29025.683205172994,34.37111396192647,11667,10266.75387783284,14349.946225123891,1686.5340222935997,0,0,0,0
1780924200,29566.5,29581.25,29552.5,29575,1,0,0,0,29632.204408732683,29501.545591267317,29180.57635243718,29335.82391435963,29025.32879051473,33.96960582178887,11852,10795.16925188856,15400.13081674926,1578.7063085109917,0,0,0,0
1780924500,29575.25,29586.5,29551,29565.75,0,1,0,0,29637.618379537493,29499.881620462507,29184.74047406674,29344.231804608346,29025.249143525136,34.07891969166109,11889,11159.77950125904,16192.753877832838,850.8276274654568,0,1,0,0
1780924800,29564.5,29604.25,29559.75,29574.75,1,0,0,0,29656.484923856242,29507.515076143758,29189.14771407494,29353.08152553278,29025.213902617103,34.823282570828155,12478,11599.186334172693,16739.66925188856,821.137328875212,0,1,0,0
1780925100,29575.25,29585.75,29523.25,29526.75,0,1,0,0,29640.95028643794,29468.04971356206,29194.6490089011,29363.136049191628,29026.16196861057,36.800190958626146,17541,13579.790889448463,17398.77950125904,-759.7364436820149,0,0,0,1
1780925400,29526.25,29584.5,29415,29418.25,0,1,0,1,29653.918123120944,29345.581876879056,29211.333958907995,29387.523159665107,29035.144758150884,46.27874874729571,72516,33225.193926298976,20369.686334172693,-5109.624423530693,0,0,0,0
1780925700,29418.75,29499.75,29397.25,29426.5,1,0,0,0,29575.191828612304,29321.808171387696,29223.148175953247,29402.096913376423,29044.19943853007,50.29455240820316,65458,43969.46261753265,49837.790889448464,-3808.204706112145,0,0,0,0
1780926000,29427.5,29556.5,29424.25,29516.25,1,0,0,0,29640.722769425713,29340.027230574287,29235.80018861699,29419.876072751224,29051.72430448276,56.14851295047436,61213,49717.308411688435,65954.19392629898,678.3546005896414,0,0,1,0
1780926300,29516,29554.25,29444.25,29476,0,1,0,0,29644.24257160959,29354.25742839041,29245.83672736792,29432.971847591853,29058.70160714399,59.995047739726196,54526,51320.20560779229,74575.96261753266,-1398.2029499714079,0,0,0,1
1780926600,29476,29548.75,29434,29501.5,1,0,0,0,29644.609173637476,29338.140826362524,29253.70563797285,29442.938918520722,29064.472357424977,63.906115758317185,45349,49329.80373852819,76980.30841168843,-268.1607421356375,0,0,0,0
1780926900,29501.75,29504.5,29341.5,29350,0,1,0,0,29610.976375520513,29235.023624479487,29258.79643913564,29446.582813843906,29071.010064427373,70.98425034700881,52211,50290.20249235213,73994.70560779229,-4865.825387138651,0,0,0,0
1780927200,29350,29432.5,29331.25,29362.5,1,0,0,0,29542.219134411906,29221.530865588094,29262.8012322709,29448.553086439086,29077.049378102714,73.14608960793676,52870,51150.13499490142,75435.3037385282,-3393.653230200584,0,0,0,0
1780927500,29362,29466.75,29348.5,29454.75,1,0,1,0,29581.301696239625,29233.948303760375,29267.48699901148,29452.49208521661,29082.481912806346,76.36779749308413,46290,49530.089996600946,76725.20249235212,631.9665800797986,0,0,1,0
1780927800,29456.25,29472.5,29413,29440.75,0,1,0,0,29585.24443222251,29300.25556777749,29271.592858814143,29456.314276845835,29086.871440782452,75.16295481500667,38192,45750.72666440063,74295.13499490143,-441.92639450207673,0,0,0,1
1780928100,29441,29443.25,29374,29417.75,0,1,0,0,29555.360901349475,29261.889098650525,29274.52548533251,29458.399893149726,29090.651077515293,74.74060089964905,34729,42076.81777626709,68626.08999660095,-1475.3657556472458,0,0,0,0
1780928400,29417.25,29481,29386.25,29465.25,1,0,0,0,29595.254765538797,29271.995234461203,29277.776268742582,29461.35951937607,29094.193018109094,76.16984369253126,32408,38853.878517511395,63115.22666440063,333.7755100408091,0,0,1,0
1780928700,29465.5,29531.5,29455,29517.25,1,0,0,0,29645.790139428882,29340.709860571118,29282.57149275554,29467.03893922015,29098.104046290926,76.19342628592189,37085,38264.2523450076,58280.8177762671,2622.0620789302516,0,0,0,0
1780929000,29517,29551,29504.75,29548.5,1,0,0,0,29662.081915183964,29393.668084816036,29286.566751836013,29472.25651049188,29100.876993180147,74.05461012264176,27822,34783.501563338395,57396.378517511395,3892.070213874137,0,0,0,0
1780929300,29548.75,29602.5,29536.5,29587.25,1,0,0,0,29712.718921242253,29426.281078757747,29292.465814256648,29480.73595634509,29104.195672168207,73.47928082816735,36612,35393.001042225595,52175.2523450076,5126.9578231169435,0,0,0,0
1780929600,29587,29602.5,29527.5,29549.25,0,1,0,0,29712.881855439235,29417.118144560765,29297.053677708147,29486.90215931082,29107.205196105475,73.5879036261554,31309,34031.66736148373,53089.50156333839,2606.3358347083313,0,0,0,0
1780929900,29549,29649.75,29549,29611.25,1,0,0,0,29763.042080050716,29435.707919949284,29303.094082626485,29495.824953244864,29110.363212008106,75.5280533671443,36697,34920.11157432249,51047.50104222559,4148.651020996248,0,0,0,0
1780930200,29610.75,29660.75,29600.5,29639.5,1,0,0,0,29772.40514576138,29488.84485423862,29307.715568977565,29502.98910037755,29112.44203757758,74.43676384091971,26389,32076.40771621499,52380.167361483735,4428.797825535644,0,0,0,0
1780930500,29639.75,29680.5,29612.5,29676,1,0,0,0,29791.46549249271,29501.53450750729,29311.954075064394,29509.7615536125,29114.146596516286,73.97699499513973,23226,29126.271810809994,48114.61157432249,4606.520465870456,0,0,0,0
1780930800,29676.25,29706.75,29664.5,29695.5,1,0,0,0,29814.316171600374,29556.933828399626,29316.48079773537,29517.338582440392,29115.62301303035,71.71078106691547,23219,27157.181207206664,43689.40771621499,4549.754868980399,0,0,0,0
1780931100,29694.75,29725.5,29690.25,29725.5,1,0,0,0,29829.159659343204,29586.590340656796,29320.56805287611,29524.371418635303,29116.76468711692,69.1064395621358,20100,24804.78747147111,40735.771810809994,5126.066944577724,0,0,0,0
1780931400,29725.25,29734.25,29710.25,29715.75,0,1,0,0,29833.076826532975,29611.423173467025,29324.006651791497,29530.259567007626,29117.753736575367,65.88455102198324,16961,22190.191647647407,37207.18120720667,3279.081147879896,0,0,0,0
1780931700,29715,29740.5,29702.75,29732,1,0,0,0,29836.31241035205,29606.93758964795,29328.51901474879,29537.925563471363,29119.112466026214,63.87494023469873,22423,22267.794431764938,33285.28747147111,3331.895623599602,0,0,0,0
1780932000,29732.25,29743,29689.5,29724.75,0,1,0,0,29837.700809612616,29594.799190387384,29333.498995848662,29546.13053557588,29120.867456121443,63.13387307507738,25741,23425.529621176625,33401.69164764741,2062.2928247645177,0,0,0,0
1780932300,29724.75,29724.75,29622.5,29630,0,1,0,0,29823.641823211714,29523.608176788286,29338.55714627535,29553.33853003531,29123.77576251539,65.92788214114329,31858,26236.353080784418,35138.29443176494,-1425.002945676515,0,0,0,1
1780932600,29630,29637.5,29558,29574.5,0,1,0,1,29737.845978696594,29457.654021303406,29343.294686549703,29558.772399645688,29127.81697345372,66.89731913106162,39379,30617.235387189612,39354.529621176625,-4067.3759891828427,0,0,0,0
1780932900,29575,29661.5,29568.5,29653.5,1,0,0,0,29764.64269450398,29465.35730549602,29347.337539331,29563.913024102687,29130.762054559316,68.76179633598579,30124,30452.823591459743,45925.85308078442,-1215.0689491181383,0,0,0,0
1780933200,29654,29685.5,29635,29685.25,1,0,0,0,29786.68607346798,29533.81392653202,29350.765536249943,29568.69648606387,29132.834586436016,67.4573823119868,22868,27924.54906097316,45679.23538718961,58.14025068505907,0,0,1,0
1780933500,29684.75,29711,29643,29647.5,0,1,0,0,29812.24421107741,29541.75578892259,29354.396447610656,29573.678266414605,29135.114628806707,67.49614071827345,24878,26909.03270731544,41886.82359145974,-1517.5344637118837,0,0,0,1
1780933800,29646.5,29692.5,29644.25,29655.5,1,0,0,0,29791.682124571882,29545.067875428118,29357.16718214182,29577.40499078455,29136.92937349909,66.12141638125392,19571,24463.02180487696,40363.549060973164,-1166.1456034038767,0,0,0,0
1780934100,29654.75,29654.75,29594.25,29610.5,0,1,0,0,29753.41018710246,29495.58981289754,29359.979940946054,29580.697373615843,29139.262508276264,65.77345806830722,23678,24201.347869917972,36694.53270731544,-2844.191294126799,0,0,0,0
1780934400,29610,29649.75,29580,29632.5,1,0,0,0,29748.83624516657,29480.91375483343,29363.11424968045,29584.33394603374,29141.894553327158,66.05749677771385,26900,25100.898579945315,36302.02180487696,-1746.9523360628816,0,0,0,0
1780934700,29631.5,29648.25,29604.75,29616.75,0,1,0,0,29744.919370511816,29508.080629488184,29365.293126013356,29586.856453529675,29143.729798497036,64.44624700787715,18904,23035.265719963543,37651.34786991797,-2259.537261826994,0,0,0,0
1780935000,29616.5,29651.25,29595.5,29635.5,1,0,0,0,29746.987629760974,29499.762370239026,29367.20824586027,29589.086537146453,29145.32995457409,63.825086507314495,16611,20893.843813309028,34552.898579945315,-1526.1067043337414,0,0,0,0
1780935300,29635.5,29679.25,29633.5,29679.25,1,0,0,0,29773.051013349475,29539.698986650525,29369.276251177474,29591.754201821346,29146.798300533603,62.53400889964917,15953,19246.89587553935,31340.765719963543,-14.869102964380545,0,0,0,0
1780935600,29679,29693,29625.5,29636,0,1,0,0,29787.333083824513,29531.166916175487,29371.802133608868,29594.871479001056,29148.73278821668,62.888722549674235,20676,19723.263917026234,28870.343813309024,-1456.9216406298196,0,0,0,0
1780935900,29635.5,29659,29581.75,29586.25,0,1,0,0,29754.87179212276,29485.87820787724,29373.673288727703,29596.849744162617,29150.49683329279,63.914528081840366,18369,19271.84261135082,29584.89587553935,-2485.129750162925,0,0,0,0
1780936200,29586.25,29617,29573.75,29577.75,0,1,0,0,29710.65773554256,29480.09226445744,29375.51506871266,29598.622226618772,29152.407910806545,62.43849036170891,20042,19528.561740900546,28907.763917026234,-2574.969466952278,0,0,0,0
1780936500,29577.75,29604.75,29555,29562.25,0,1,0,0,29697.04825443238,29462.70174556762,29377.065075833176,29599.98510135535,29154.145050311003,61.53216962158684,18485,19180.70782726703,29292.842611350818,-2801.518087577657,0,0,0,0
1780936800,29561.5,29596.25,29553.25,29586.75,1,0,0,0,29686.562664830068,29462.937335169932,29378.446840508557,29601.223983217882,29155.669697799232,60.20844322004492,16329,18230.138551511354,28771.061740900543,-1522.8484593089645,0,0,0,0
1780937100,29586.25,29631,29578.25,29606.5,1,0,0,0,29720.513545913633,29488.736454086367,29380.007577872544,29602.80720754421,29157.207948200878,59.675697275756,16515,17658.42570100757,27345.207827267033,-775.3202543619132,0,0,0,0
1780937400,29607,29620.25,29591.25,29605,0,1,0,0,29706.47686406266,29505.02313593734,29381.11095154358,29603.92110476825,29158.300798318905,57.48457604177343,11801,15705.95046733838,26487.638551511358,-833.4346527619516,0,0,0,0
1780937700,29605.75,29612,29578,29580.75,0,1,0,0,29695.710659486755,29494.289340513245,29382.180405380976,29604.920217021703,29159.440593740248,55.8071063245039,12396,14602.633644892254,23558.92570100757,-1655.9248144383646,0,0,0,0
1780938000,29580.75,29584.25,29492.75,29518.25,0,1,0,0,29671.784898094844,29405.215101905156,29383.99608933953,29605.98488668366,29162.0072919954,58.356598729896476,29789,19664.755763261503,21903.95046733838,-3371.7474126814227,0,0,0,0
1780938300,29518,29556.5,29508,29524.5,1,0,0,0,29642.978833945213,29421.521166054787,29385.21058821097,29606.66851652297,29163.752659898975,57.6525559634753,20631,19986.83717550767,29497.133644892252,-2572.8528563262867,0,0,0,0
1780938600,29524.75,29532.5,29486,29531.25,1,0,0,0,29617.78391723484,29400.71608276516,29386.27290648181,29607.147224174005,29165.398588789612,56.85594482322706,20173,20048.891450338448,29980.255763261506,-1898.3950341858185,0,0,0,0
1780938900,29531.25,29545.5,29492.25,29505.25,0,1,0,0,29630.39756600378,29407.35243399622,29387.260873620588,29607.56664983404,29166.955097407135,56.5983773358537,19396,19831.2609668923,30073.337175507673,-2491.483047582491,0,0,0,0
1780939200,29505.5,29533.75,29493,29515.5,1,0,0,0,29616.94952557494,29409.80047442506,29388.053114214068,29607.896906062677,29168.20932236546,55.46635038329272,15804,18488.840644594868,29746.89145033845,-1701.8894465287972,0,0,0,0
1780939500,29515.5,29605.25,29509.25,29602,1,0,0,0,29692.7924166053,29421.7075833947,29389.77472065114,29609.304591931053,29170.24484937123,58.36161107020039,23880,20285.893763063246,27733.260966892303,613.1303563484099,0,0,1,0
1780939800,29602.5,29624.75,29546.75,29580.5,0,1,0,0,29714.39652970492,29457.10347029508,29391.765045807806,29611.041384133543,29172.48870748207,59.76435313661465,26441,22337.595842042163,30428.84064459487,-229.467649998894,0,0,0,1
1780940100,29580.25,29587.75,29529.75,29561.75,0,1,0,0,29677.207491868856,29440.292508131144,29393.088270069515,29612.003547410746,29174.172992728283,59.638327912570745,20486,21720.39722802811,33506.39376306324,-827.9953780028959,0,0,0,0
1780940400,29560.5,29567.75,29509.25,29512,0,1,0,0,29657.085528163938,29419.914471836062,29393.959373051115,29612.44610711477,29175.47263898746,59.557018775958554,16694,20044.931485352074,32580.595842042163,-1997.547359376114,0,0,0,0
1780940700,29511.5,29574,29511.25,29573,1,0,0,0,29663.677633295087,29421.572366704913,29395.08507905919,29613.203216303744,29176.966941814637,59.78508886339008,18688,19592.620990234715,30067.39722802811,87.93477058360395,0,0,1,0
1780941000,29573,29598.75,29556.75,29584,1,0,0,0,29686.522088059723,29468.977911940277,29396.089080122594,29614.03736637139,29178.140793873798,58.51472537314793,14404,17863.080660156476,29388.93148535207,419.4996702665583,0,0,0,0
1780941300,29584.25,29590.25,29545.5,29558.25,0,1,0,0,29676.547296055454,29459.202703944546,29396.886358299686,29614.62603682773,29179.146679771642,57.531530703637365,12595,16107.05377343765,26794.620990234715,-356.42133294492965,0,0,0,1
1780941600,29558.75,29596,29558.5,29577.75,1,0,0,0,29680.17784633721,29474.32215366279,29397.76615943226,29615.338153087465,29180.194165777055,56.11856422480612,13042,15085.369182291766,24160.580660156476,323.5143588528457,0,0,1,0
1780941900,29578,29611.5,29575.75,29596,1,0,0,0,29693.495500170266,29493.754499829734,29398.698621664804,29616.174161559324,29181.223081770284,54.66366678017711,12750,14306.912788194511,22628.05377343765,857.9116912605538,0,0,0,0
1780942200,29596,29609.5,29555.25,29564.25,0,1,0,0,29691.451178729534,29473.298821270466,29399.703983049585,29616.97226703615,29182.43569906302,54.63411915302161,15305,14639.608525463007,21460.369182291768,-158.9619031749453,0,0,0,1
1780942500,29564.5,29593,29562.25,29578.75,1,0,0,0,29672.392165963138,29482.857834036862,29400.29462550035,29617.444549639127,29183.144701361576,52.9281106420915,8988,12755.739016975338,21959.41278819451,247.57578438906683,0,0,1,0
1780942800,29579.5,29592.25,29557.75,29582.5,1,0,0,0,29669.667725537198,29480.332274462802,29400.890875735135,29617.917905099584,29183.863846370685,51.611817024799244,9160,11557.159344650225,19133.60852546301,260.40208249179517,0,0,0,0
1780943100,29582.5,29598.75,29571.25,29591,1,0,0,0,29673.584316570257,29496.415683429743,29401.456703425913,29618.39567324324,29184.517733608584,49.889544380170726,8302,10472.106229766816,17335.739016975338,435.51854372818815,0,0,0,0
1780943400,29590.75,29618,29588.75,29593.25,1,0,0,0,29690.622936815238,29516.127063184762,29402.385631375935,29619.24017692779,29185.53108582408,48.415291210158536,12836,11260.070819844545,15708.159344650223,437.0648544381152,0,0,0,0
1780943700,29593,29610,29545,29551,0,1,0,0,29684.399869899862,29470.600130100138,29403.209753639505,29619.841193789252,29186.578313489757,49.59991326657579,13665,12061.713879896362,16890.106229766818,-498.59897514921437,0,0,0,1
1780944000,29551,29560.5,29527.75,29531.25,0,1,0,0,29633.094522049872,29455.155477950128,29404.006687450354,29620.25581435314,29187.75756054757,48.39634803324895,16177,13433.475919930908,18092.570819844543,-1345.106005902733,0,0,0,0
1780944300,29531.75,29572,29530.5,29549,1,0,0,0,29643.85562761774,29458.64437238226,29404.63279535321,29620.630820686452,29188.634770019966,47.90375174515974,11904,12923.650613287273,20150.213879896364,-642.6463087104457,0,0,0,0
1780944600,29550.25,29567.75,29541,29559.25,1,0,0,0,29637.33915421647,29471.41084578353,29405.101867789403,29620.928996021314,29189.27473955749,46.39276947764832,8658,11501.76707552485,19385.47591993091,-256.8839260440095,0,0,0,0
1780944900,29559.75,29569.25,29537.75,29542,0,1,0,0,29637.243500343866,29469.756499656134,29405.541482227396,29621.1871573581,29189.89580709669,45.32900022924487,8522,10508.511383683233,17252.650613287275,-666.3759587809403,0,0,0,0
1780945200,29542.25,29548.25,29512.75,29529.5,0,1,1,0,29615.19039317645,29445.80960682355,29406.174844595098,29621.45432343395,29190.895365756245,44.626928784298805,14315,11777.340922455489,15762.767075524851,-1027.516785080092,0,0,0,0
1780945500,29530,29544.75,29480,29480,0,1,0,0,29613.846436520987,29410.903563479013,29406.66119482238,29621.49874235553,29191.82364728923,46.06429101399175,14432,12662.227281636993,17666.01138368323,-1879.5571498520267,0,0,0,0
1780945800,29480,29481.5,29427.5,29429,0,1,0,0,29551.446691055204,29357.553308944796,29407.02236805051,29620.904332188136,29193.140403912887,46.6311273701352,26234,17186.151521091328,18993.34092245549,-3843.621545729712,0,0,0,0
1780946100,29428.5,29442.75,29411,29425,0,1,0,0,29511.10228455126,29342.64771544874,29407.15377101917,29620.30952629106,29193.99801574728,45.568189700839824,19662,18011.434347394217,25779.22728163699,-3291.211717841506,0,0,0,0
1780946400,29424.5,29451.75,29386.5,29389,0,1,0,0,29522.211049940455,29316.038950059545,29407.169825681023,29619.43703425325,29194.902617108797,46.97403329363698,24139,20053.956231596145,27017.151521091328,-3849.4894744516123,0,0,0,0
1780946700,29389.75,29437.5,29377,29437.25,1,0,0,0,29509.410260658995,29305.089739341005,29407.23624132849,29618.804579282896,29195.667903374084,47.9401737726629,19242,19783.30415439743,30080.934347394217,-1621.0777916159072,0,0,0,0
1780947000,29437.5,29493.75,29430.5,29457.75,1,0,0,0,29567.300599183352,29356.949400816648,29407.696307123377,29618.409650036305,29196.98296421045,49.03373278890127,25365,21643.86943626495,29674.956231596145,-450.15871471223204,0,0,0,0
1780947300,29457.75,29477,29430,29447,0,1,0,0,29550.332699241684,29356.667300758316,29407.964985179067,29618.056366580862,29197.873603777272,48.88846616112261,18250,20512.579624176633,32465.804154397425,-649.0087064465281,0,0,0,0
1780947600,29446.75,29461.25,29420.75,29437,0,1,0,0,29533.683935010136,29348.316064989864,29408.133827591068,29617.677695546976,29198.58995963516,48.2892900067567,15871,18965.386416117755,30768.869436264948,-773.3673233694276,0,0,0,0
1780947900,29436.5,29469.25,29425.5,29429.25,0,1,0,0,29541.197582509412,29353.552417490588,29408.29294666531,29617.34663359829,29199.239259732334,47.965055006274085,14351,17427.25761074517,28448.079624176633,-733.653584966861,0,0,0,0
1780948200,29430,29475,29419,29452.25,1,0,0,0,29547.808469473024,29346.191530526976,29408.603204460287,29616.883655056747,29200.322753863828,48.53897964868308,23140,19331.505073830114,26140.886416117755,392.51112752166796,0,0,1,0
1780948500,29452.25,29468,29436.25,29452.5,1,0,0,0,29539.00965022495,29365.24034977505,29408.86563165491,29616.546405371726,29201.184857938093,47.33976681663429,18252,18971.670049220076,28997.25761074517,456.5508107680878,0,0,0,0
1780948800,29453,29467.5,29427,29462.5,1,0,0,0,29537.776818066028,29356.723181933972,29409.028214901802,29616.337209999456,29201.71921980415,46.85121204401755,11397,16446.780032813385,28457.505073830114,743.564177114436,0,0,0,0
1780949100,29462.5,29470.25,29440.75,29453.5,0,1,0,0,29538.66775963274,29372.33224036726,29409.11779869358,29616.233858208514,29202.001739178646,45.61183975515915,5971,12954.853355208925,24670.170049220076,549.5159379601478,0,0,0,0
1780949400,29453.75,29462,29438.5,29444,0,1,0,0,29528.048633944687,29372.451366055313,29409.166710965892,29616.15762187377,29202.175800058016,44.03242262979064,3829,9912.90223680595,19432.28003281339,409.39601102301026,0,0,0,0
1780949700,29444.25,29450.5,29421.5,29422.25,0,1,0,0,29514.93801723435,29357.06198276565,29409.199547551685,29616.039426533112,29202.359668570258,42.958678156234164,4518,8114.601491203967,14869.353355208925,119.30886747157933,0,0,0,0
1780950000,29422.5,29424,29400.25,29422,0,1,0,0,29486.379944574754,29337.870055425246,29409.208525017435,29615.89914738268,29202.51790265219,41.58662971650315,4427,6885.400994135978,12171.90223680595,195.63531707847505,0,0,0,0
1780950300,29422.5,29438.25,29403.5,29432,1,0,0,0,29499.897448533702,29341.852551466298,29409.230294045956,29615.775348121813,29202.6852399701,41.0982990224672,4347,6039.267329423986,10328.101491203968,377.0708806784189,0,0,0,0
1780950600,29431.25,29434.5,29419.5,29431,0,1,0,0,29493.351202209866,29360.648797790134,29409.243357894,29615.718379625832,29202.768336162168,39.234134806576684,2101,4726.511552949324,9058.900994135978,407.2793890365343,0,0,0,0
1780950900,29430.25,29434.25,29420.5,29429.5,0,1,0,0,29490.370759194873,29364.379240805127,29409.2544814352,29615.669047778403,29202.839915091998,37.41383946324978,1815,3756.0077019662162,7089.767329423987,423.0518012633494,0,0,0,0
1780951200,29430,29437.75,29425.25,29429.25,0,1,0,0,29491.201419252382,29371.798580747618,29409.265922106384,29615.62614613488,29202.905698077888,35.634279501589084,1637,3049.671801310811,5634.011552949324,433.0368217382735,0,0,0,0
1780951500,29429.5,29432,29416.75,29430,1,0,0,0,29483.267389305784,29365.482610694216,29409.27593312086,29615.57574203501,29202.976124206714,34.17825953718987,1814,2637.7812008738742,4574.507701966217,452.99569593957506,0,0,0,0
1780951800,29429.75,29449,29424.5,29444,1,0,0,0,29499.2304329268,29374.2695670732,29409.29671333627,29615.526304248102,29203.067122424436,33.486955284533444,2141,2472.1874672492495,3956.671801310811,577.6681231664677,0,0,0,0
1780952100,29444.5,29445,29432.5,29436.75,0,1,0,0,29492.981830574885,29384.518169425115,29409.306758207495,29615.50106579443,29203.11245062056,31.98788704992391,1075,2006.4583114994998,3708.2812008738742,495.43842198609843,0,0,0,0
1780956000,29436.75,29468.5,29403,29404.75,0,1,0,0,29520.072414105252,29351.427585894748,29425.416666666668,29425.416666666668,29425.416666666668,34.381609403500775,7316,3776.3055409996664,3009.6874672492495,151.39204535690305,0,0,0,0
1780956300,29406,29421,29359.5,29384.5,0,1,0,0,29475.477955954877,29305.022044045123,29405.36740545405,29423.847680386418,29386.88713052168,36.31863730325072,8611,5387.870360666444,5664.458311499499,-77.12674276838732,0,0,0,1
1780956600,29384.5,29391,29348.5,29358.75,0,1,0,0,29446.14024481524,29293.35975518476,29395.149458794018,29418.594837787365,29371.70407980067,36.76016321016137,5599,5458.246907110963,8081.805540999666,-298.8436626954035,0,0,0,0
1780956900,29358.5,29362.75,29320.25,29338.5,0,1,0,0,29418.50522732844,29264.49477267156,29381.13643821894,29412.41225246805,29349.860623969827,37.1701515522927,7423,6113.164604740642,8187.370360666444,-487.020609169874,0,0,0,0
1780957200,29339.25,29364.75,29338.5,29359.25,1,0,0,0,29419.335211090693,29283.914788909307,29377.373512568243,29407.8533954283,29346.893629708185,36.39014072712894,4694,5640.109736493761,9169.746907110963,28.027057261220648,0,0,1,0
1780957500,29359.25,29370.5,29323.25,29328.25,0,1,0,0,29426.248767441357,29267.501232558643,29371.82497561017,29402.83266659707,29340.817284623266,37.16584496090544,5991,5757.073157662508,8460.164604740643,-258.465854493468,0,0,0,1
1780957800,29328.25,29365.5,29327,29362,1,0,0,0,29421.391712624118,29271.108287375882,29369.411684158258,29399.253631076142,29339.569737240374,37.2611417494122,5340,5618.048771775005,8635.609736493761,319.9154311695196,0,0,1,0
1780958100,29362.5,29375.25,29355.75,29367,1,0,0,0,29429.238733150967,29301.761266849033,29369.163259871635,29397.911862825065,29340.414656918205,35.99248876731132,3532,4922.699181183337,8427.073157662508,425.54926607770113,0,0,0,0
1780958400,29367.25,29377.75,29362.5,29369,1,0,0,0,29429.516323640182,29310.733676359818,29369.19210576182,29397.225406363024,29341.158805160616,34.51088242678908,2508,4117.799454122224,7384.048771775006,459.1061687149381,0,0,0,0
1780958700,29369.25,29387.5,29357,29385.75,1,0,0,0,29438.836586237314,29305.663413762686,29369.833905850137,29396.733174436074,29342.9346372642,34.22439082487558,4734,4323.199636081483,6176.699181183336,697.1230858594271,0,0,0,0
1780959000,29386.25,29392,29377.5,29390.5,1,0,0,0,29441.223258648934,29328.276741351066,29370.50670610251,29397.068373605838,29343.945038599184,32.8155057659559,2321,3655.7997573876555,6484.799454122224,709.3955061054926,0,0,0,0
1780959300,29390,29432.5,29389.25,29425.75,1,0,0,0,29482.84124017401,29338.90875982599,29375.016524514747,29403.641722097476,29346.39132693202,33.56082678267334,6416,4575.866504925104,5483.699636081483,1149.3843851102047,0,0,0,0
1780959600,29425.75,29430.25,29404.25,29414.5,0,1,0,0,29479.781151590152,29354.718848409848,29377.65168728283,29407.131737770826,29348.171636794832,33.0207677267681,4393,4514.911003283402,6863.799757387656,822.3627757296495,0,0,0,0
1780959900,29414.5,29428.5,29403.75,29419.75,1,0,0,0,29477.14499790514,29355.10500209486,29379.381815425775,29409.329145576885,29349.434485274665,32.42999860342752,3140,4056.6073355222684,6772.366504925103,791.4844441069397,0,0,0,0
1780960200,29420,29463.5,29414.5,29453.75,1,0,0,0,29513.92035519763,29364.07964480237,29385.007838377955,29418.92066794117,29351.09500881474,33.61357013175412,6878,4997.071557014846,6084.911003283402,1143.810604952248,0,0,0,0
1780960500,29454.5,29459.25,29422.75,29432.75,0,1,0,0,29509.97961554066,29372.02038445934,29387.89162390806,29423.005870685447,29352.777377130675,33.819743693771684,4518,4837.381038009898,7495.607335522269,724.1474427941406,0,0,0,0
1780960800,29432.5,29453.75,29428.5,29446,1,0,0,0,29503.561428716326,29378.688571283674,29390.40549550065,29426.573095569136,29354.237895432165,33.207619144216565,4006,4560.254025339932,7256.071557014846,831.7084068278684,0,0,0,0
1780961100,29445.25,29453.75,29429.25,29433.25,0,1,0,0,29502.6284695223,29380.3715304777,29392.25375066469,29428.91466354609,29355.592837783293,32.585646348201095,3475,4198.502683559955,6840.3810380098985,551.9925976870724,0,0,0,0
1780961400,29432,29454,29377.25,29435.75,1,0,0,0,29507.61036455642,29323.63963544358,29394.19679537316,29430.41659014245,29357.977000603867,35.7402430376153,6277,4891.335122373303,6297.754025339932,509.06001379128156,0,0,0,0
1780961700,29435.5,29478.5,29435.5,29478,1,0,0,0,29532.888195659536,29381.111804340464,29399.01459147697,29438.186199386386,29359.842983567556,36.258797106357065,7204,5662.223414915536,7337.002683559955,1111.5032094309877,0,0,0,0
1780962000,29477,29482.25,29442.25,29443,0,1,0,1,29537.03903882671,29387.46096117329,29401.75389906654,29441.86099165946,29361.646806473622,36.526025884474414,5287,5537.148943277024,8493.335122373304,502.324741818868,0,0,0,0
1780962300,29444.25,29445.5,29406,29413,0,1,0,0,29500.607678910517,29350.892321089483,29403.12456262429,29442.13875102593,29364.110374222648,36.73845260701195,8180,6418.099295518016,8305.723414915536,-183.90094519488798,0,0,0,1
1780962600,29413.5,29421.75,29391.75,29399,0,1,0,0,29476.13570184548,29337.36429815452,29403.183899123444,29441.071862462977,29365.29593578391,36.257134563653956,7115,6650.399530345344,9627.148943277025,-456.82341049504885,0,0,0,0
1780962900,29399.25,29428.5,29384.5,29424.5,1,0,0,0,29483.715294570804,29329.284705429196,29403.651067360934,29440.632775896178,29366.66935882569,36.81019638053582,6597,6632.599686896896,9975.599295518015,3.513006118508059,0,0,1,0
1780963200,29424.5,29443,29368,29380.25,0,1,0,0,29502.30705924432,29308.69294075568,29403.06327775702,29438.401104998913,29367.72545051513,39.53803949621183,12931,8732.066457931263,9948.899530345345,-695.0763545103548,0,0,0,1
1780963500,29380.25,29395,29341.5,29346.5,0,1,0,0,29455.80298358401,29280.69701641599,29399.51795005863,29435.295990236707,29363.739909880554,40.535322389339555,13299,10254.377638620843,13098.099686896894,-1331.3374702225067,0,0,0,0
1780963800,29346.25,29391,29346,29360.25,1,0,0,0,29452.281341899437,29284.718658100563,29397.767186157336,29433.40080950672,29362.133562807954,40.85422793295816,8628,9712.251759080562,15381.566457931265,-799.0350937836511,0,0,0,0
1780964100,29361.25,29385.75,29346.75,29351.25,0,1,0,0,29446.832674620906,29285.667325379094,29396.133011210677,29431.76919284324,29360.496829578115,40.721783080604006,7796,9073.501172720375,14568.377638620843,-800.0479105905602,0,0,0,0
1780964400,29352.5,29363.5,29329.25,29341.5,0,1,0,0,29423.88926929084,29268.86073070916,29394.028188824668,29430.382532885986,29357.67384476335,40.25951286056086,7441,8529.334115146916,13610.251759080562,-832.0669734187974,0,0,0,0
1780964700,29341,29370.25,29332.25,29368.75,1,0,0,0,29430.39717862721,29272.10282137279,29392.725526982464,29429.077522559932,29356.373531404995,40.09811908480651,6639,7899.222743431277,12794.001172720375,-171.44535087238467,0,0,0,0
1780965000,29368.75,29378.25,29308.25,29327.75,0,1,1,0,29441.600951582408,29244.899048417592,29389.771212319123,29427.224151509326,29352.31827312892,42.23396772160605,10762,8853.481828954185,11848.834115146916,-680.7375057348363,0,0,0,0
1780965300,29328.25,29336,29307.5,29318.75,0,1,0,0,29397.87945504081,29245.62054495919,29387.63741210283,29426.394110436853,29348.88071376881,41.25297002720561,6350,8018.987885969457,13280.222743431277,-697.3561356835173,0,0,0,0
1780965600,29318.25,29348.75,29317.25,29347,1,0,0,0,29409.584493966464,29256.415506033536,29386.142549649332,29425.252804601543,29347.03229469712,40.55632931097664,6334,7457.325257312971,12028.481828954185,36.94282963285832,0,0,1,0
1780965900,29346.5,29355.25,29324.5,29343,0,1,0,0,29415.033815826002,29264.716184173998,29384.863588071432,29424.139050266756,29345.588125876107,39.855877217335454,6162,7025.5501715419805,11185.987885969456,25.539842190809054,0,0,0,0
1780966200,29343.5,29357.75,29310.25,29320.25,0,1,0,0,29418.35282898129,29249.64717101871,29383.229665616993,29423.042121369173,29343.417209864812,40.40188598752577,6616,6889.033447694654,10538.32525731297,-222.60706592772078,0,1,0,1
1780966500,29320.25,29347.75,29302.5,29337.75,1,0,1,0,29408.87226976834,29241.37773023166,29381.618355499675,29421.89107786376,29341.345633135592,40.74817984555965,6919,6899.022298463103,10333.550171541981,133.01181525548918,0,0,1,0
1780966800,29337.75,29371.75,29337,29340.5,1,0,0,0,29432.229607642028,29276.520392357972,29380.57441279726,29420.586175929264,29340.56264966526,40.31973842801967,7838,7212.014865642069,10348.533447694654,228.64963905014906,0,0,0,0
1780967100,29339.75,29370.25,29329.5,29342,1,0,0,0,29430.77570709617,29268.97429290383,29379.617602286246,29419.441522598958,29339.793681973533,40.35047139744683,7073,7165.676577094712,10818.022298463104,283.4196092975753,0,0,0,0
1780967400,29342.25,29386,29336.5,29370.75,1,0,0,0,29447.50601373216,29274.99398626784,29379.21324508545,29418.579986380682,29339.84650379022,41.004009154772056,6732,7021.117718063141,10748.514865642068,654.001215293863,0,0,0,0
1780967700,29371.25,29394.75,29363.75,29381.75,1,0,0,0,29455.184155608433,29303.315844391567,29379.236985952994,29418.063199272867,29340.41077263312,40.289437072288344,7099,7047.0784787087605,10531.676577094711,813.1565929680214,0,0,0,0
1780968000,29382.75,29472.75,29381,29454.25,1,0,0,0,29538.697787350688,29315.052212649312,29381.910544413273,29421.673385773967,29342.14770305258,43.9651915671249,12860,8984.718985805841,10570.61771806314,1653.8540055600633,0,0,0,0
1780968300,29453.75,29476.5,29440,29455.75,1,0,0,0,29541.647945397068,29374.852054602932,29383.911100612677,29424.975005809592,29342.84719541576,43.43196359804455,7431,8466.812657203895,13477.078478708761,1423.2745084295354,0,0,0,0
1780968600,29456,29472.75,29447,29464.25,1,0,0,0,29536.003449297277,29383.746550702723,29385.464376599222,29427.53882997494,29343.389923223505,42.16896619818423,5742,7558.541771469263,12700.218985805841,1360.1216379984762,0,0,0,0
1780968900,29464.75,29502.75,29455.25,29496.75,1,0,0,0,29566.574631490326,29391.425368509674,29388.00494563799,29432.40368649231,29343.606204783668,42.549754326885356,7503,7540.027847646175,11337.812657203895,1601.6077626428296,0,0,0,0
1780969200,29497.75,29522.25,29483,29503.25,1,0,0,0,29585.721086383877,29419.528913616123,29391.356352603518,29439.182283112743,29343.530422094293,42.31405758925069,8830,7970.01856509745,11310.041771469263,1428.2164362021185,0,0,0,0
1780969500,29502.25,29547.25,29501.75,29529,1,0,0,0,29611.062437356457,29437.937562643543,29395.195655117423,29447.390436446247,29343.0008737886,42.541624904304214,8880,8273.345710064967,11955.027847646175,1651.6311609087886,0,0,0,0
1780969800,29528.25,29542.25,29512.25,29516,0,1,0,0,29604.718691830996,29449.781308169004,29397.235462730936,29451.44375714699,29343.027168314882,41.64579455399677,5031,7192.563806709978,12410.018565097449,1137.8723142488832,0,0,0,0
1780970100,29516.5,29519.5,29482.5,29491.75,0,1,0,0,29581.47092812878,29420.52907187122,29399.25391938273,29454.74061898004,29343.76721978542,41.31395208585415,6474,6953.042537806652,10788.845710064967,496.91681729820857,0,0,0,0
1780970400,29492.25,29514.25,29490.5,29499.5,1,0,0,0,29574.339076119584,29430.410923880416,29400.834025410728,29457.31488089937,29344.353169922088,40.05938407972171,5073,6326.361691871101,10429.563806709979,523.9567627597683,0,0,0,0
1780970700,29498.25,29512.25,29482.5,29511.25,1,0,0,0,29571.234499253897,29423.515500746103,29402.37847223265,29459.7827040998,29344.974240365496,39.322999502598734,5085,5912.574461247401,9489.542537806652,605.7048019161842,0,0,0,0
1780971000,29511.75,29516.5,29494,29498.5,0,1,0,0,29573.682035021477,29436.817964978523,29403.539156799325,29461.613913293164,29345.464400305485,38.12135668098454,3887,5237.382974164934,8868.861691871101,243.7531731380999,0,0,0,0
1780971300,29498,29502.5,29478,29483.25,0,1,0,0,29558.222603948514,29422.277396051486,29404.78427997244,29463.319895048404,29346.248664896473,37.14840263234279,5047,5173.921982776623,7856.074461247401,-123.56524804172676,0,0,0,1
1780971600,29483,29495.75,29470,29479.25,0,1,0,0,29550.25134652362,29415.49865347638,29405.65064177616,29464.418528040766,29346.882755511553,36.33423101574687,3898,4748.614655184415,7760.882974164934,-189.74284452939565,0,0,0,0
1780971900,29477.75,29491.75,29458.5,29491,1,0,0,0,29545.920893200506,29404.329106799494,29406.840695855026,29465.885185118983,29347.79620659107,36.11392880033638,5595,5030.743103456277,7122.921982776623,20.779272788838966,0,0,1,0
1780972200,29491.5,29512.25,29488,29499.25,1,0,0,0,29565.149757971896,29435.100242028104,29408.200678670244,29467.86545396043,29348.53590338006,35.26650531459807,5217,5092.828735637518,7546.114655184416,139.38058320341975,0,0,0,0
1780972500,29499.25,29501.75,29472.25,29487.25,0,1,0,0,29554.03191811676,29419.96808188324,29409.229485125743,29469.17573667525,29349.283233576236,34.85461207784106,4714,4966.5524904250115,7639.243103456276,-102.1418782158359,0,0,0,1
1780972800,29487.5,29509.25,29485.75,29509.25,1,0,0,0,29560.315352536993,29434.684647463007,29410.065303305295,29470.375544024337,29349.755062586253,34.04356835799527,3307,4413.368326950008,7449.828735637517,169.9903286013597,0,0,1,0
1780973100,29509.25,29524.25,29501.25,29502.25,0,1,0,0,29574.132113070063,29451.367886929937,29411.24353688237,29472.149950131232,29350.33712363351,33.25474204670989,4385,4403.912217966672,6620.052490425012,-22.811480448218674,0,0,0,1
1780973400,29502.25,29513.25,29488.25,29502.75,1,0,0,0,29562.247676422205,29439.252323577795,29412.133866351585,29473.39115511053,29350.87657759264,32.66511761480204,3681,4162.941478644448,6605.868326950008,-47.3724600067996,0,0,0,0
1780973700,29502.5,29520.75,29499.5,29514,1,0,0,0,29568.52462810633,29451.72537189367,29412.90963295631,29474.55014974452,29351.269116168103,31.84975207088761,2936,3753.9609857629653,6244.412217966672,75.48424710280239,0,0,1,0
1780974000,29514.25,29517.75,29503.5,29511.25,0,1,0,0,29563.63894038445,29457.61105961555,29413.621356570613,29475.598172128834,29351.644541012392,30.592626922967067,2751,3419.64065717531,5630.941478644448,-28.835962823128853,0,0,0,1
1780974300,29512.25,29534,29500.5,29519.75,1,0,0,1,29580.200444642705,29454.299555357295,29415.10602157875,29477.87082469461,29352.34121846289,30.80029642846942,5457,4098.760438116873,5129.460985762965,55.72970673239905,0,0,1,0
1780974600,29519.75,29542,29513.75,29534,1,0,0,0,29587.927198596797,29467.822801403203,29416.05467872207,29479.41780572369,29352.69155172045,30.61813239786446,3199,3798.8402920779154,6148.14065717531,161.1626155731259,0,0,0,0
1780974900,29533.25,29553.25,29531.75,29540.25,1,0,0,0,29598.20025583988,29486.79974416012,29417.345772991626,29481.644016171314,29353.047529811938,29.966837226588428,4018,3871.8935280519436,5698.260438116873,217.26476601523228,0,0,0,0
1780975200,29539.75,29546,29516.75,29524.25,0,1,0,0,29590.87345185132,29471.87654814868,29418.495242812034,29483.446948698867,29353.5435369252,29.915634567546398,4069,3937.5956853679622,5807.840292077915,-64.42738015617675,0,0,0,1
1780975500,29525.25,29542.75,29523,29539.25,1,0,0,0,29586.53427671908,29479.21572328092,29419.359814439515,29484.838028662114,29353.881600216915,29.189517812721654,2955,3610.063790245308,5906.393528051944,106.26022750385255,0,0,1,0
1780975800,29539.25,29562,29533.75,29561,1,0,0,0,29605.68361409629,29490.06638590371,29421.18070138285,29488.01865600725,29354.34274675845,29.122409397527253,5532,4250.709193496872,5415.095685367962,448.31243928456604,0,0,0,0
1780976100,29560.75,29581.25,29558.25,29577.75,1,0,0,0,29624.277641660843,29515.222358339157,29422.73523703762,29490.956042896058,29354.514431179185,28.68509444056102,4193,4231.472795664581,6376.063790245308,614.9473759254055,0,0,0,0
1780976400,29578.5,29592.25,29574.75,29584.25,1,0,0,0,29634.079238685066,29532.920761314934,29424.4283450048,29494.248745969693,29354.607944039904,27.88615912337809,4335,4265.981863776387,6347.209193496872,588.963505081,0,0,0,0
1780976700,29584.75,29593.75,29572,29574.75,0,1,0,0,29634.921793064706,29530.828206935294,29425.90377328797,29497.011499162898,29354.79604741304,27.447862043136798,3943,4158.321242517592,6398.972795664581,259.12595315156034,0,1,0,0
1780977000,29574.5,29576.25,29564.5,29575.5,1,0,0,0,29615.73987927437,29525.01012072563,29427.10034744315,29499.130913309942,29355.069781576356,26.32658618291274,3435,3917.2141616783942,6237.481863776387,186.4448929294059,0,0,0,0
1780977300,29575.25,29582,29567,29582,1,0,0,0,29620.27631646906,29528.72368353094,29427.912511287606,29500.58557962928,29355.23944294593,25.51754431270469,2286,3373.4761077855965,5875.821242517592,195.16074468165812,0,0,0,0
1780977600,29581,29587.25,29570,29574.75,0,1,0,0,29624.640508149838,29532.609491850162,29428.81749683152,29502.191826488022,29355.44316717502,24.927005433225784,2571,3105.9840718570645,5060.214161678395,16.49595086227066,0,0,0,0
1780977900,29574.5,29609.25,29568.75,29606,1,0,0,0,29648.30904328199,29529.69095671801,29430.574410484827,29505.508083048662,29355.640737920992,26.039362187995373,4545,3585.65604790471,4658.9761077855965,290.9054612677061,0,0,0,0
1780978200,29607.25,29613.25,29599.25,29601.75,0,1,0,0,29651.019111618993,29561.480888381007,29431.743409355047,29507.767180136783,29355.71963857331,25.1794077459957,2899,3356.77069860314,5378.484071857065,72.90863869830548,0,0,0,0
1780978500,29602.25,29623.5,29596.75,29622.25,1,0,0,0,29661.437389360493,29558.812610639507,29433.17853281821,29510.59872288312,29355.758342753295,25.29159290699601,3425,3379.51379906876,5035.156047904709,242.7107833637856,0,0,0,0
1780978800,29622.25,29622.25,29605.5,29610.25,0,1,0,0,29659.272218691887,29568.477781308113,29434.219223136683,29512.608260646164,29355.8301856272,24.681479127924863,2539,3099.3425327125065,5069.27069860314,-32.566213601522804,0,0,0,1
1780979100,29611.25,29622.5,29601.5,29611.5,1,0,0,0,29659.12777449961,29564.87222550039,29435.267564997812,29514.60024075153,29355.934889244094,24.418516333073086,2600,2932.895021808338,4649.01379906876,-82.74522591486965,0,0,0,0
1780979400,29611,29623,29598.5,29621.75,1,0,0,0,29659.636504892496,29561.863495107504,29436.446887194485,29516.834239902073,29356.059534486896,24.424336594996436,2919,2928.263347872225,4399.342532712507,-5.5009743510215685,0,0,0,0
1780979700,29621,29629.5,29614,29626.5,1,0,0,0,29665.180325971603,29578.319674028397,29437.726068382766,29519.306216066394,29356.14592069914,23.78688398106812,3056,2970.8422319148167,4392.395021808337,39.0404669882721,0,0,1,0
1780980000,29626,29630.75,29615.25,29618.25,0,1,0,1,29665.54244554506,29580.45755445494,29438.715121869896,29521.178371604932,29356.25187213486,23.19496369670611,2417,2786.228154609878,4456.2633478722255,-140.62270820135825,0,0,0,1
1780980300,29618.25,29624.5,29613,29617.75,0,1,0,0,29658.039413720413,29579.460586279587,29439.56893299958,29522.758957603728,29356.378908395433,22.359609146941388,2143,2571.8187697399185,4179.342231914817,-181.20157620316127,0,0,0,0
1780980600,29618.5,29619.25,29604.25,29610.25,0,1,0,0,29652.000884168952,29571.499115831048,29440.36569621603,29524.17868122238,29356.552711209682,21.833922779302718,2103,2415.545846493279,3857.7281546098775,-313.07232339698686,0,0,0,0
1780980900,29609.5,29616.25,29600.25,29604.5,0,1,0,0,29648.37582101403,29568.12417898597,29441.124169800736,29525.495105355538,29356.753234245934,21.417214009352524,2072,2301.0305643288525,3623.3187697399185,-370.5098188181537,0,0,0,0
1780981200,29604.25,29626.25,29592,29624.5,1,0,0,0,29659.75076237017,29558.49923762983,29442.72594819024,29528.32581731277,29357.12607906771,22.333841580113056,4251,2951.020376219235,3451.545846493279,-117.39484791332137,0,0,0,0
1780981500,29624.25,29625,29594,29596.75,0,1,0,0,29659.429279343727,29559.570720656273,29443.85597299069,29530.2201443296,29357.491801651777,22.952852895819266,3217,3039.6802508128235,4426.530564328852,-415.12828125764395,0,0,0,0
1780981800,29597.25,29612,29596,29607.25,1,0,0,0,29645.68433081918,29562.31566918082,29444.60239595524,29531.458745204618,29357.746046705863,22.45622054611789,2152,2743.7868338752155,4559.520376219235,-259.9785700577323,0,0,0,0
1780982100,29607.25,29619.75,29599,29609.5,1,0,0,0,29653.25152147495,29565.49847852505,29445.41669431719,29532.82548978315,29358.007898851232,22.334347649966613,2308,2598.52455591681,4115.680250812823,-234.65749642901432,0,0,0,0
1780982400,29608.5,29616.5,29593.75,29613.75,1,0,0,0,29650.04605565531,29560.20394434469,29446.414282213955,29534.474566730256,29358.353997697654,22.364037103540426,2884,2693.6830372778736,3897.786833875215,-173.30966509526246,0,0,0,0
1780982700,29614,29619.5,29589,29592.75,0,1,1,0,29653.917765965645,29554.582234034355,29447.315578130714,29535.900110478742,29358.731045782686,22.9451773104304,2767,2718.1220248519157,4040.5245559168106,-366.0583639168476,0,0,0,0
1780983000,29592,29638.25,29591.75,29632,1,0,0,0,29675.1914969681,29554.8085030319,29449.591557238404,29539.777776912622,29359.405337564185,24.627664645399655,6290,3908.7480165679435,4077.1830372778736,169.7276688180491,0,0,1,0
1780983300,29632,29634,29613,29625.25,0,1,0,1,29670.552818613236,29576.447181386764,29450.682099168764,29541.63165825538,29359.732540082146,24.368545742156822,3013,3610.165344378629,5863.122024851915,5.252485592594269,0,0,0,0
1780983600,29624.75,29647.25,29619.25,29628.25,1,0,0,0,29684.191902998005,29582.308097001995,29452.231589543844,29544.312394710618,29360.15078437707,24.62793533200276,4165,3795.1102295857527,5415.2480165679435,11.202698558254781,0,0,0,0
1780983900,29628,29651.5,29627,29647.25,1,0,0,0,29688.428195641005,29590.071804358995,29453.450925784033,29546.478737583955,29360.42311398411,24.618797094002563,3146,3578.7401530571683,5692.665344378629,199.54140961029236,0,0,0,0
1780984200,29647,29647.25,29628.25,29633,0,1,0,0,29683.576181666645,29591.923818333355,29454.518755171495,29548.314095816913,29360.723414526077,24.217454444430953,2877,3344.8267687047787,5368.110229585753,-80.26736895540205,0,0,0,1
1780984500,29632.25,29639.25,29616.5,29633.25,1,0,0,0,29675.418954404744,29580.331045595256,29455.516361948314,29549.96841491701,29361.064308979618,24.112636269828744,2820,3169.8845124698523,5017.240153057168,-96.75082374462215,0,0,0,0
1780984800,29634,29648.75,29625.5,29641.5,1,0,0,0,29684.826529090118,29589.423470909882,29456.993720072925,29552.479157818198,29361.508282327653,24.051019393412407,4028,3455.9230083132347,4754.826768704778,1.0615083924662372,0,0,1,0
1780985100,29641.5,29656.75,29640.5,29649,1,0,0,1,29691.99070558368,29605.25929441632,29458.725575713896,29555.494469757527,29361.956681670265,23.493803722454377,4549,3820.2820055421566,5183.884512469852,156.08213048353025,0,0,0,0
1780985400,29649,29660.25,29644.5,29656.75,1,0,0,0,29694.661012327706,29610.088987672294,29460.091861991874,29557.88424463988,29362.299479343867,22.940674885136207,3552,3730.854670361438,5730.423008313235,248.2980903507065,0,0,0,0
1780985700,29656.25,29675,29653,29655.75,0,1,0,0,29709.31022573287,29618.68977426713,29462.15141723157,29561.526919168886,29362.775915294253,22.873483821912195,5247,4236.236446907626,5596.282005542157,146.10761797425232,0,0,0,0
1780986000,29656,29669.25,29652.5,29659.5,1,0,0,0,29702.904138180522,29618.845861819478,29463.1368960478,29563.240938053044,29363.032854042554,22.436092120347038,2560,3677.4909646050837,6354.354670361438,123.31301272675455,0,0,0,0
1780986300,29659.75,29662.75,29633.75,29636.25,0,1,0,0,29697.10741402477,29599.39258597523,29464.637854567252,29565.66934950757,29363.606359626934,22.904942683179392,4304,3886.3273097367223,5516.236446907626,-274.5688560630494,0,0,0,1
1780986600,29635.25,29643.75,29623.75,29639,1,0,0,0,29677.796170165857,29589.703829834143,29466.275546308443,29568.19053144692,29364.360561169968,22.697446777238007,5026,4266.2182064911485,5829.490964605084,-180.2920176656544,0,0,0,0
1780986900,29638.25,29650.75,29633.5,29645,1,0,0,0,29684.21251515401,29600.03748484599,29467.3866177485,29569.937119144382,29364.836116352617,22.30834343600672,3316,3949.4788043274325,6399.327309736723,-68.75369247010872,0,0,0,0
1780987200,29645.25,29652.25,29629,29637.25,0,1,0,0,29685.813406928723,29595.436593071277,29468.41890639481,29571.52145100775,29365.316361781872,22.375604619149097,3184,3694.319202884955,5924.2182064911485,-202.4720519906499,0,0,0,0
1780987500,29637.5,29643.75,29624.75,29626.75,0,1,0,0,29676.951735005245,29591.548264994755,29469.229872243995,29572.714907901605,29365.744836586386,22.13449000349559,2649,3345.8794685899697,5541.478804327432,-348.0181307216662,0,0,0,0
1780987800,29626.5,29629.5,29601.25,29606,0,1,0,0,29663.356968219156,29567.393031780844,29470.203267383135,29574.003718731998,29366.40281603427,22.571312146103047,3656,3449.2529790599797,5018.819202884954,-572.8491482954014,0,0,0,0
1780988100,29606.5,29624.5,29603,29623,1,0,0,0,29658.24218477493,29569.25781522507,29471.00357959914,29575.082565173187,29366.92459402509,22.49478984995283,2948,3282.168652706653,5173.879468589969,-289.7402495244438,0,0,0,0
1780988400,29622.25,29677.75,29615.75,29673.75,1,0,0,1,29715.724885862433,29577.775114137567,29473.804906336856,29579.53035121739,29368.079461456324,25.316590574956198,8316,4960.112435137768,4923.25297905998,380.11368662091843,0,0,1,0
1780988700,29674.25,29689.75,29668,29680,1,0,0,0,29727.342751157976,29630.407248842024,29475.58518216923,29582.55988893622,29368.61047540224,25.06183410531647,4794,4904.741623425179,7440.168652706652,393.00015750633384,0,0,0,0
1780989000,29679.5,29687.25,29646.5,29647.75,0,1,0,0,29726.52362607526,29607.22637392474,29477.016288192663,29584.801294092085,29369.23128229324,26.182417383508152,4315,4708.161082283453,7357.1124351377675,-34.7477103058157,0,0,0,1
1780989300,29648.25,29654,29633.5,29643,0,1,0,0,29692.664795641314,29594.835204358686,29478.20071182098,29586.509253208344,29369.892170433617,25.776530427543285,3995,4470.440721522302,7062.24162342518,-163.22727680862283,0,0,0,0
1780989600,29643,29662,29630.5,29633.5,0,1,0,0,29701.27802452408,29591.22197547592,29479.38512195524,29588.190082676734,29370.58016123375,26.185349682718766,4090,4343.627147681535,6705.661082283453,-286.6352440487715,0,0,0,0
1780989900,29634.25,29637.75,29600,29612.75,0,1,1,0,29678.267094200928,29559.482905799072,29480.80187828873,29589.93123546432,29371.67252111314,27.011396133953138,5891,4859.418098454356,6515.440721522302,-584.8535776943316,0,0,0,0
1780990200,29611.75,29627.5,29609.75,29611.5,0,1,0,0,29667.024801758005,29570.225198241995,29481.5979791883,29590.89764236432,29372.29831601228,26.34986783867077,3379,4365.945398969571,7289.127147681535,-512.7615989803254,0,0,0,0
1780990500,29611.75,29614.25,29588,29607.5,0,1,0,0,29653.764101632434,29548.485898367566,29482.772366875965,29592.191639102068,29373.35309464986,26.342734421622858,5604,4778.630265979714,6548.918098454356,-531.2893578842171,0,0,0,0
1780990800,29607.5,29625.5,29598,29623.75,1,0,0,0,29665.138094372975,29558.361905627025,29483.675154940145,29593.267721475324,29374.082588404966,26.425396248649797,3968,4508.420177319809,7167.94539896957,-236.75206877325368,0,0,0,0
1780991100,29624.5,29653.5,29621.25,29624.75,1,0,0,0,29693.762159060618,29580.987840939382,29484.75055488742,29594.6766070073,29374.824502767544,26.841439373746237,4235,4417.280118213206,6762.630265979714,-212.45244839233567,0,0,0,0
1780991400,29624.5,29626.5,29592.75,29596,0,1,0,0,29667.50236198486,29551.74763801514,29485.753905727986,29595.766225026156,29375.741586429816,27.33490798990722,4950,4594.853412142137,6625.920177319809,-587.488601393843,0,0,0,0
1780991700,29596.5,29598.75,29583.25,29593.25,0,1,1,0,29638.4843361288,29543.5156638712,29486.417845106567,29596.403460013298,29376.432230199836,26.48955741919956,3742,4310.568941428091,6892.280118213206,-569.7465559719504,0,0,0,0
1780992000,29593.5,29613.25,29566,29599,1,0,0,0,29655.208669262458,29524.041330737542,29487.71730385648,29597.65132376141,29377.78328395155,27.972446174971022,7391,5337.379294285394,6465.853412142137,-396.56002143446017,1,0,0,0
1780992300,29600,29631.75,29578.25,29629,1,0,0,0,29676.44376431514,29533.55623568486,29488.9687096049,29599.05951037075,29378.877908839047,29.795842876758805,6102,5592.25286285693,8006.068941428091,-22.358567266560044,0,0,0,0
1780992600,29628,29669,29622,29667.5,1,0,0,0,29715.537066864057,29575.462933135943,29490.98880886786,29601.88296115541,29380.09465658031,31.024711242704605,7625,6269.83524190462,8388.379294285394,574.5911025546304,0,0,1,0
1780992900,29666.75,29670.5,29645.5,29650.5,0,1,0,0,29716.391562088054,29599.608437911946,29492.364278598907,29603.805215311622,29380.92334188619,30.594374725368564,5215,5918.223494603079,9404.752862856929,135.53602064638116,0,0,0,0
1780993200,29650.25,29663.75,29638,29656,1,0,0,0,29709.122521938905,29592.627478061095,29493.5339450174,29605.40195914238,29381.66593089242,30.24834795927081,4587,5474.482329735386,8877.335241904619,191.87360252439748,0,0,0,0
1780993500,29656.75,29673.5,29651.25,29663,1,0,0,0,29718.015556086128,29606.734443913872,29494.512698602328,29606.791355420173,29382.234041784483,29.67703739075147,3659,4869.321553156924,8211.723494603079,236.80213052461954,0,0,0,0
1780993800,29662.5,29675,29659.25,29662.25,0,1,0,0,29718.023373508546,29616.226626491454,29495.356444837376,29607.996789784593,29382.71609989016,28.682249005697795,3134,4290.881035437949,7303.982329735386,170.410796272837,0,0,0,0
1780994100,29662.5,29683,29644,29678.25,1,0,0,0,29727.128846829364,29599.871153170636,29496.54794615511,29609.70833953842,29383.3875527718,29.419231219576524,4403,4328.2540236253,6436.321553156924,287.05324348109326,0,0,0,0
1780994400,29679,29686,29666.5,29678.75,0,0,0,0,29729.066072055837,29623.433927944163,29497.363759867003,29610.915629555977,29383.81189017803,28.710714703892485,2903,3853.1693490835332,6492.381035437949,209.37278428788534,0,0,0,0
1780994700,29678.75,29687,29663.75,29666.75,0,1,0,0,29729.480995480422,29621.269004519578,29498.067551173546,29611.9313998576,29384.203702489493,28.32066365361445,2592,3432.779566055689,5779.7540236253,22.223442490320423,0,1,0,0
1780995000,29667.25,29667.75,29642.25,29647,0,1,0,0,29709.928781517534,29600.071218482466,29498.87148719649,29612.980138315823,29384.76283607716,28.119187678356273,3379,3414.853044037126,5149.169349083533,-257.10182816680754,0,0,0,1
1780995300,29647.5,29647.75,29636.75,29642.25,0,1,0,0,29688.09458283771,29596.40541716229,29499.3273302555,29613.54001611137,29385.11464439963,26.89638855847368,2068,2965.902029358084,5122.279566055689,-323.4682908910114,0,0,0,0
1780995600,29641.5,29664.75,29636,29655.5,1,0,0,0,29705.293184063587,29595.456815936413,29499.99581035444,29614.40350460107,29385.588116107814,27.02878937572556,2859,2930.268019572056,4448.853044037126,-151.4968088114806,0,0,0,0
1780995900,29655.5,29661.5,29642,29660,1,0,0,0,29701.236528059046,29602.263471940954,29500.520688669763,29615.08715333278,29385.954224006746,26.491018706030875,2227,2695.8453463813707,4395.402029358083,-92.85357078211717,0,0,0,0
1780996200,29659.75,29671.25,29658.5,29667.5,1,0,0,0,29709.51427605483,29620.23572394517,29501.081603770475,29615.85652210921,29386.30668543174,25.50951736988581,2233,2541.563564254247,4043.768019572056,34.95050653154857,0,0,1,0
1780996500,29667.25,29673.75,29661.5,29669,1,0,0,0,29710.593613479483,29624.656386520517,29501.55629079171,29616.512309625487,29386.60027195793,24.562408986322538,1875,2319.3757095028313,3812.3453463813703,36.41715333006593,0,0,0,0
1780996800,29668.25,29674,29662,29667.25,0,1,0,0,29709.49764108809,29626.50235891191,29501.981735831272,29617.09725305648,29386.866218606065,23.665094058728073,1693,2110.5838063352207,3479.063564254247,-1.1125710780647182,0,0,0,1
1780997100,29667.5,29691.5,29660.5,29685.75,1,0,0,1,29727.783523867514,29624.216476132486,29502.886029691985,29618.39995620734,29387.37210317663,24.18901591167607,3391,2537.3892042234806,3165.8757095028313,169.37526693578354,0,0,1,0
1780997400,29686.5,29688.25,29656.5,29657,0,1,0,0,29725.34362930555,29619.40637069445,29503.732721420536,29619.54800301425,29387.917439826822,24.729086203699207,3442,2838.926136148987,3806.083806335221,-181.47215431862574,0,0,0,1
1780997700,29657,29680.25,29656.5,29675.25,1,0,0,0,29717.238727212294,29619.511272787706,29504.209042068975,29620.201258121004,29388.216826016946,24.659151474863553,1912,2529.950757432658,4258.38920422348,-27.180385153079243,0,0,0,0
1780998000,29674.75,29683.25,29672.25,29676.75,1,0,0,0,29718.775246697132,29636.724753302868,29504.581747910877,29620.72674442035,29388.436751401405,23.683497798087586,1445,2168.300504955105,3794.926136148987,-14.69500632721136,0,0,0,0
1780998300,29677.5,29687,29675.5,29685.25,1,0,0,0,29721.21987193305,29641.28012806695,29504.9837394418,29621.30480050705,29388.66267837655,22.813247955367046,1520,1952.200336636737,3252.450757432658,67.23782237837958,0,0,1,0
1780998600,29685.75,29696.75,29685.5,29688.5,1,0,0,1,29729.757738223547,29652.492261776453,29505.809952371797,29622.525996766148,29389.093907977447,22.00515881569797,3015,2306.466891091158,2928.300504955105,106.53892204456145,0,0,0,0
1780998900,29688.25,29694.75,29678.25,29679.25,0,1,0,0,29727.167899779008,29645.832100220992,29506.301431618478,29623.230705512502,29389.372157724454,21.611933186005256,1869,2160.644594060772,3459.7003366367367,-27.40146057731033,0,0,0,1
1780999200,29680,29698.75,29678,29693.25,1,0,0,0,29731.075549794794,29645.674450205206,29507.051910109883,29624.32891775742,29389.774902462348,21.550366529862025,2781,2367.4297293738477,3240.966891091158,126.5537401820427,0,0,1,0
1780999500,29693.75,29697.5,29615.25,29635.75,0,1,0,0,29736.329081952306,29576.420918047694,29509.11645886749,29626.778624724542,29391.45429301044,25.88605463487188,10011,4915.2864862492315,3551.144594060772,-579.9942660377808,0,0,0,1
1780999800,29636,29680.75,29628.5,29677,1,0,0,0,29722.403790384287,29586.846209615713,29510.357100683203,29628.341582441633,29392.37261892477,27.769193589523887,5648,5159.524324166155,7372.929729373847,-70.95505031652252,0,0,0,0
1781000100,29678.25,29679.75,29652,29654,0,1,0,0,29721.401733928265,29610.348266071735,29511.088306740698,29629.255414003797,29392.921199477598,27.76782261884361,3376,4565.01621611077,7739.2864862492315,-349.9104253188028,0,0,0,0
1781000400,29653.25,29663,29651.75,29657.25,1,0,0,0,29702.881967219102,29611.868032780898,29511.451263323906,29629.69575168123,29393.206774966584,26.58797814606907,1741,3623.67747740718,6847.524324166156,-239.13268979497312,0,0,0,0
1781000700,29657.25,29678.5,29656.75,29672.5,1,0,0,0,29717.86361241774,29617.38638758226,29511.89361337924,29630.26663057907,29393.520596179413,26.242408278492707,1972,3073.1183182714535,5435.51621611077,-75.30462268206166,0,0,0,0
1781001000,29673,29676.75,29655.5,29657.5,0,1,0,0,29715.578711530758,29616.671288469242,29512.3055912727,29630.78013345105,29393.831049094348,25.8858076871718,1920,2688.745545514302,4609.67747740718,-203.03397960447438,0,0,0,0
1781001300,29657,29663,29650,29650.75,0,1,0,0,29700.44808927856,29612.55191072144,29512.76679438411,29631.325320046944,29394.20826872128,24.965392852373814,2294,2557.1636970095346,4033.118318271453,-277.7649196131236,0,0,0,0
1781001600,29651,29661,29646.75,29657.75,1,0,0,0,29697.300011472948,29610.449988527052,29513.22310330063,29631.864800878826,29394.58140572243,24.200007648632827,2275,2463.1091313396896,3835.7455455143017,-131.62407364890254,0,0,0,0
1781001900,29656.75,29663.75,29652.25,29658.75,1,0,0,0,29698.68929636774,29617.31070363226,29513.712321719362,29632.4518724369,29394.972771001823,23.292864245159052,2403,2443.07275422646,3694.663697009534,-73.61777850639149,0,0,0,0
1781002200,29658.5,29699.75,29658.25,29681.75,1,0,0,1,29736.6400609129,29621.3599390871,29515.098913881247,29634.304583111665,29395.89324465083,24.593373941933407,5993,3626.381836150973,3664.60913133969,250.73833942263573,0,0,1,0
1781002500,29682.5,29690.75,29675.25,29685.25,1,0,0,0,29726.665770847692,29639.334229152308,29515.826381159633,29635.28707130354,29396.365691015726,23.943847231795306,3112,3454.9212241006485,5439.572754226459,249.52645582592956,0,0,0,0
1781002800,29685.5,29703.75,29680.75,29690.5,1,0,0,0,29739.564644358572,29644.935355641428,29516.945955701423,29636.84427450306,29397.047636899788,23.876429572381358,4623,3844.280816067099,5182.381836150973,289.40409428495985,0,0,0,0
1781003100,29691,29704.75,29680,29701.25,1,0,0,0,29740.658241190104,29644.091758809896,29517.837239893808,29638.09521625245,29397.579263535165,23.938827460068406,3646,3778.187210711399,5766.421224100648,367.4057243696505,0,0,0,0
1781003400,29701.5,29701.5,29688.75,29698.25,0,1,0,0,29736.20943824795,29654.04056175205,29518.430316293096,29638.926355224325,29397.934277361866,23.13962549863495,2435,3330.458140474266,5667.280816067098,227.99852733141864,0,0,0,0
1781003700,29698.25,29702.25,29678.5,29694.75,0,1,0,0,29737.024835515957,29643.725164484043,29519.336657196764,29640.166069611507,29398.50724478202,23.183223677303882,3847,3502.6387603161775,4995.6872107113995,117.80423135215437,0,0,0,0
1781004000,29694.25,29695.25,29671,29673.5,0,1,0,0,29730.1391329791,29636.1108670209,29520.106378874312,29641.155022614937,29399.057735133687,23.25942198606789,3545,3516.7591735441183,5253.958140474266,-204.89445986815647,0,0,0,1
1781004300,29672.75,29695,29671.25,29689.75,1,0,0,0,29729.941694909165,29636.308305090835,29520.75174363816,29642.002544104515,29399.500943171806,23.294463272777325,2900,3311.1727823627457,5275.1387603161775,14.077906487243013,0,0,1,0
1781004600,29689.75,29708,29684.5,29703.25,1,0,0,1,29742.963716701368,29649.536283298632,29521.55360525182,29643.11600967008,29399.991200833556,23.309144467578943,3363,3328.448521575164,4966.759173544118,178.98152621070474,0,0,0,0
1781004900,29703.25,29704.75,29682.75,29690.75,0,1,0,0,29739.5734512227,29647.9265487773,29522.34096198077,29644.17538818643,29400.506535775112,23.21563414846616,3446,3367.6323477167757,4992.672782362746,-53.762587857355896,0,0,0,1
1781005200,29690.5,29727.25,29689.25,29718.25,1,0,0,0,29763.65749042108,29652.84250957892,29523.686361176813,29646.123670034336,29401.24905231929,24.271660280718578,5365,4033.421565144517,5051.448521575164,309.62570399356866,0,0,1,0
1781005500,29718.5,29724.75,29693,29696,0,1,0,0,29761.958741105285,29655.791258894715,29524.699679420446,29647.53778635599,29401.8615724849,24.805827403524397,4251,4105.947710096345,6050.132347716775,-48.23731692003517,0,0,0,1
1781005800,29695.5,29704.75,29690.5,29692.5,0,1,0,0,29740.827759597767,29654.422240402233,29525.50158150995,29648.60798187873,29402.39518114117,24.05183973184408,3571,3927.6318067308966,6158.921565144517,-126.99605451842716,0,0,0,0
1781006100,29691.5,29692.75,29679.25,29681.5,0,1,0,0,29727.697205340784,29644.302794659216,29526.320220997743,29649.635459744022,29403.004982251463,23.29813689385522,3946,3933.7545378205978,5891.447710096345,-394.5822297032035,0,0,0,0
1781006400,29681.75,29700.75,29675.5,29693.5,1,0,0,0,29735.906333530726,29640.343666469274,29527.398300511435,29651.017255267547,29403.779345755323,23.437555687151274,5084,4317.169691880398,5900.631806730897,-112.45268542004811,0,0,0,0
1781006700,29693.25,29699.75,29676.5,29695.25,1,0,0,0,29734.886238278534,29641.363761721466,29528.28100539093,29652.144371030296,29404.417639751566,23.424158852354758,4198,4277.4464612535985,6475.754537820598,-70.2358691374695,0,0,0,0
1781007000,29695.75,29696.75,29672.75,29674.75,0,1,0,0,29731.94793554435,29637.55206445565,29528.906824926256,29652.902301806338,29404.911348046175,23.465290362900845,3183,3912.6309741690657,6416.169691880397,-331.31377243837585,0,0,0,0
1781007300,29674.5,29680.75,29663,29673.25,0,1,0,0,29715.335583005468,29628.414416994532,29529.770583121805,29653.88917891735,29405.65198732626,23.057055336979356,4719,4181.420649446044,5868.9464612535985,-311.1185666340805,0,0,0,0
1781007600,29672.75,29682.5,29653.75,29660.75,0,1,0,0,29717.69554136222,29618.55445863778,29530.60156786418,29654.792795112087,29406.410340616276,23.46369424148083,4821,4394.613766297362,6272.130974169066,-450.52592119312146,0,0,0,0
1781007900,29660.25,29675.5,29651.75,29670,1,0,0,0,29710.726216979205,29616.523783020795,29531.363323272923,29655.616682831675,29407.10996371417,23.48414465280363,4469,4419.409177531575,6591.920649446043,-199.14739277757425,0,0,0,0
1781008200,29669.75,29725.25,29668.75,29721,1,0,0,0,29764.01363005212,29629.98636994788,29533.2984594496,29658.194819195305,29408.402099703897,25.842420034746226,8936,5924.939451687716,6629.1137662973615,597.1538342568006,0,0,1,0
1781008500,29720.5,29730.5,29706.75,29712,0,1,0,1,29769.039442191253,29668.210557808747,29534.927265333263,29660.450013414644,29409.40451725188,25.692961460835782,7196,6348.626301125144,8887.409177531576,237.40185409777436,0,0,0,0
1781008800,29712,29715.5,29690.25,29696,0,1,0,0,29753.991982034735,29651.758017965265,29536.213762912284,29662.090922709434,29410.336603115134,25.66132135649037,6332,6343.084200750096,9522.939451687716,-192.7525196118154,0,0,0,1
1781009100,29695.75,29696,29668.25,29680.25,0,1,0,0,29734.715769032253,29629.534230967747,29537.482704679693,29663.535935052903,29411.429474306482,25.81051268816963,7184,6623.38946716673,9514.626301125143,-542.1583785635136,0,0,0,0
1781009400,29679.75,29691.25,29673.75,29688.5,1,0,0,0,29729.07535695852,29635.92464304148,29538.36252326852,29664.54850439959,29412.176542137448,25.216904639014654,4952,6066.2596447778205,9935.084200750096,-212.8279795232054,0,0,0,0
1781009700,29688.5,29737.5,29686.5,29735.75,1,0,0,0,29778.087831461486,29645.912168538514,29540.178848837313,29667.025474486854,29413.332223187772,27.058554307656465,8362,6831.50642985188,9099.389467166731,553.0603119102343,0,0,1,0
1781010000,29736.25,29737.25,29711,29726.25,0,1,0,1,29777.751200642808,29670.498799357192,29543.085846655547,29671.012003539396,29415.1596897717,27.000800428538145,13369,9010.670953234587,10247.25964477782,-34.29486565927556,0,0,0,1
1781010300,29726,29748,29724.25,29739.25,1,0,0,0,29788.15290059689,29684.09709940311,29545.57168465031,29674.535893606317,29416.6074756943,26.768600397928278,11018,9679.780635489724,13516.006429851881,544.4614197883775,0,0,1,0
1781010600,29739.25,29739.75,29707.25,29713.5,0,1,0,0,29780.516979125685,29666.483020874315,29546.985758047464,29676.376462106247,29417.59505398868,27.177986083790547,7024,8794.520423659817,14519.670953234585,-89.2855605196292,0,0,0,1
1781010900,29713.25,29716,29692.25,29697.75,0,1,0,0,29756.399694902422,29651.850305097578,29548.312371580298,29677.93706275223,29418.687680408366,26.933129934948365,7486,8358.346949106544,13191.780635489726,-541.4453239672973,0,0,0,0
1781011200,29698,29720.5,29698,29712.5,1,0,0,0,29760.451502409393,29658.048497590607,29549.516563294997,29679.406257914397,29419.626868675598,26.63433493959491,6550,7755.564632737696,12537.520423659817,-49.60317978021871,0,0,0,0
1781011500,29713,29740.25,29699,29737.75,1,0,0,0,29781.767466523008,29657.482533476992,29552.45490101565,29683.217505963945,29421.69229606736,27.67831101533813,14950,10153.709755158463,11633.346949106544,798.5162184546155,0,0,1,0
1781011800,29737.25,29744,29633.25,29650.25,0,1,0,0,29794.418004628507,29582.831995371493,29560.962105456343,29690.950910010637,29430.97330090205,33.61200308567113,66374,28893.806503438977,15230.564632737694,-4264.60266591475,0,0,0,1
1781012100,29650.25,29730.75,29647.25,29686.25,1,0,1,0,29786.51314715504,29591.48685284496,29568.1183075629,29697.749990634933,29438.48662449087,37.175431436694616,57422,38403.20433562598,43340.70975515847,-1128.7812298976912,0,0,0,0
1781012400,29686.25,29769.5,29659.25,29766.75,1,0,0,0,29833.092565215396,29595.657434784604,29577.290300335317,29708.74519889414,29445.835401776494,42.39504347693071,60538,45781.46955708399,57604.80650343897,3265.1904179140693,0,0,1,0
1781012700,29766.75,29847,29759.75,29843.75,1,0,0,0,29915.398453414295,29691.351546585705,29589.125093506434,29727.40567911001,29450.84450790286,45.59896894286423,56161,49241.313038055996,68672.20433562598,7329.317126700497,0,0,0,0
1781013000,29844,29846,29726.5,29731.25,0,1,0,1,29922.31642102756,29650.18357897244,29598.10441643919,29738.41119736078,29457.7976355176,50.87761401837393,60108,52863.54202537066,73861.969557084,593.7534244292196,0,0,0,0
1781013300,29730.75,29746.75,29665.25,29672,0,1,0,0,29826.347390954164,29585.652609045836,29602.464611836625,29741.025449120214,29463.903774553037,53.06492730277579,56598,54108.361350247105,79295.31303805599,-3404.9993210840976,0,0,0,1
1781013600,29672,29713.75,29621.75,29664,0,1,1,0,29797.51900588601,29537.98099411399,29605.52240169101,29741.422272969266,29469.622530412755,55.84600392400609,62855,57023.9075668314,81162.54202537065,-3317.518925192217,0,0,0,0
1781013900,29664.25,29702.75,29624,29632,0,1,0,0,29788.97300546558,29537.77699453442,29607.261825968464,29740.94190216707,29473.58174976986,57.48200364371994,50150,54732.60504455427,85535.86135024711,-4640.995056424128,0,0,0,0
1781014200,29631.25,29632.25,29483.5,29491.5,0,1,0,0,29728.251719360895,29387.498280639105,29603.523957139805,29734.633158361157,29472.414755918453,64.0011462405971,75362,61609.070029702845,82098.9075668314,-10416.45612969618,0,0,0,0
1781014500,29491.25,29514.75,29366.75,29411.75,0,1,0,0,29619.751596549402,29261.748403450598,29594.253135959316,29727.587997865914,29460.918274052718,70.00106436626872,81919,68379.04668646856,92413.60504455426,-12531.667326765948,0,0,0,0
1781014800,29412,29506.75,29360.25,29504,1,0,0,0,29619.94791108159,29247.05208891841,29588.163100541395,29721.535288436782,29454.790912646007,75.46527405439238,70748,69168.69779097904,102568.57002970284,-5849.496030805894,0,0,0,0
1781015100,29504,29526,29425.75,29443.75,0,1,0,0,29641.853417432903,29309.896582567097,29583.428320663796,29716.331760365087,29450.524880962505,77.23561162193577,63837,67391.46519398603,103753.04668646856,-8149.595742128471,0,0,0,0
1781015400,29443.75,29464.25,29381.75,29437,0,1,0,0,29580.66745904484,29265.33254095516,29578.09614173562,29711.74034733297,29444.45193613827,77.61163936322608,58781,64521.310129324025,101087.19779097906,-6811.261322976391,0,0,0,0
1781015700,29438.5,29488.25,29396.75,29440,1,0,0,0,29606.155497684493,29278.844502315507,29574.426079321896,29708.095596670155,29440.756561973638,78.60366512299564,47468,58836.87341954935,96781.96519398603,-5146.95549063936,0,0,0,0
1781016000,29439.25,29470,29271,29287,0,1,0,0,29600.805104992745,29140.194895007255,29567.905408200193,29705.140735781475,29430.67008061891,87.20340332849595,51084,56252.58227969957,88255.31012932403,-7504.143399606718,0,0,0,0
1781016300,29287.25,29315,29096.75,29114.75,0,1,0,0,29459.845811778978,28951.904188221022,29552.52011223279,29707.102395809583,29397.937828655995,96.56387451931766,74092,62199.05485313305,84378.87341954936,-11206.123377772812,0,0,0,0
1781016600,29115.5,29202.5,29083.75,29200.5,1,0,0,0,29349.722896651907,28936.527103348093,29540.351332340797,29706.939558957936,29373.763105723658,98.14859776793784,60819,61739.036568755364,93298.58227969958,-4541.682013929871,0,0,0,0
1781016900,29200.75,29241.75,29133.5,29239.25,1,0,0,0,29390.0551897482,28985.1948102518,29531.417187314946,29704.42128120361,29358.413093426283,98.87012649879942,53360,58946.024379170245,92608.55485313304,-1386.423030517426,0,0,0,0
1781017200,29240.25,29257,29176.5,29184,0,1,0,0,29403.33696190904,29030.16303809096,29523.731301575765,29701.684083121716,29345.778520029813,97.55797460602803,48449,55447.016252780166,88419.03656875537,-3774.4422574311084,0,0,0,0
1781017500,29182.5,29273,29143,29268.75,1,0,0,0,29422.812893201255,28993.187106798745,29517.88154760398,29698.808434740375,29336.95466046759,99.87526213416888,41452,50782.010835186775,83170.52437917025,76.99425311638333,0,0,1,0
1781017800,29269,29302,29203,29243.25,0,1,0,0,29451.71911511545,29053.28088488455,29512.83748171194,29695.726015846005,29329.948947577876,99.81274341029966,40093,47219.00722345785,76173.01625278016,-351.6776936428687,0,0,0,1
1781018100,29243.5,29255.5,29159,29164.5,0,1,0,0,29404.864178321488,29009.635821678512,29507.847504366327,29693.582401607502,29322.112607125153,99.57611888099254,33820,42752.67148230523,70828.51083518677,-2322.368752593551,0,0,0,0
1781018400,29163.5,29194.75,29016,29018.25,0,1,0,0,29352.59709415567,28858.15290584433,29498.62850058095,29692.673800543223,29304.58320061868,105.23139610377879,47323,44276.11432153682,64129.00722345785,-4925.895966578108,0,0,0,0
1781018700,29017.5,29034.5,28848.5,28860.5,0,1,0,0,29201.00087314455,28681.99912685545,29482.824552612874,29696.405005558754,29269.244099666994,111.00058209636602,61596,50049.40954769121,66414.17148230523,-8287.938763369824,0,0,0,0
1781019000,28861.25,28913,28828,28854.25,0,1,0,0,29076.715096491367,28664.284903508633,29468.713265070495,29699.131512159813,29238.295017981178,109.1433976609113,53222,51106.93969846081,75074.11432153682,-6492.433940209801,0,0,0,0
1781019300,28854,28888,28811.5,28873.75,1,0,0,0,29048.217589599128,28651.282410400872,29455.19661014246,29700.13222213867,29210.26099814625,106.81172639941765,52711,51641.62646564054,76660.40954769122,-3290.6905634565337,1,0,0,0
1781019600,28872.75,28944.25,28861.5,28903.25,1,0,0,0,29101.8895474849,28703.8604525151,29444.841131364148,29698.76908644111,29190.913176287188,105.09303165660211,45535,49606.084310427024,77462.4396984608,-358.5945128288695,0,0,0,0
1781019900,28903,28932.75,28887.75,28922.25,1,0,0,0,29083.951008378837,28736.548991621163,29439.03804110286,29697.532887555506,29180.543194650214,100.80067225255911,26850,42020.72287361802,74409.12646564054,1536.1659438625738,0,0,1,0
1781020200,28922.25,28971.75,28847.75,28852,0,1,0,0,29125.436650637494,28694.063349362506,29429.980564302256,29695.692045630756,29164.269082973755,102.45776709166203,41217,41752.81524907868,63031.08431042703,-206.9922276475554,0,0,0,1
1781020500,28851.5,28862.5,28681.25,28695.5,0,1,0,0,29024.628675591957,28519.121324408043,29414.404144679986,29696.181748920568,29132.626540439403,108.0857837279719,58207,47237.543499385785,62629.222873618026,-4143.106853448795,0,0,0,0
1781020800,28695.75,28787.75,28692.5,28720.5,1,0,0,0,28948.503413049675,28531.746586950325,29403.041074293695,29695.75344300511,29110.32870558228,107.16894203311676,43357,45944.028999590526,70856.31524907867,-1550.5369492769041,0,0,0,0
1781021100,28720.5,28727.5,28573.75,28608.5,0,1,0,0,28893.244240688982,28408.005759311018,29384.958738596957,29696.714289934673,29073.20318725924,110.49616045932271,62767,51551.685999727015,68916.04349938579,-4787.258452876766,0,0,0,0
1781021400,28607.5,28669,28580.25,28621.75,1,0,0,0,28832.414294925486,28416.835705074514,29370.715313311473,29696.312682107822,29045.117944515125,108.9428632836568,50726,51276.457333151346,77327.52899959052,-2325.205044702603,0,0,0,0
1781021700,28622,28627.5,28430.25,28446.25,0,1,0,0,28800.375773859378,28257.374226140622,29351.451825939563,29697.920983295626,29004.9826685835,115.25051590625274,61436,54662.97155543423,76914.68599972702,-6217.556834111398,0,0,0,0
1781022000,28446.5,28542,28402.5,28537.75,1,0,0,0,28717.473932869423,28227.026067130577,29335.99770213904,29697.782418696363,28974.21298558172,116.98262191294897,50895,53406.98103695615,81994.45733315135,-1066.1139548412211,0,0,0,0
1781022300,28537.5,28581.25,28490.25,28524.75,0,1,0,0,28753.940080521606,28317.559919478394,29325.791204860674,29696.36832496347,28955.214084757878,115.12672034773833,36309,47707.654024637435,80110.47155543423,-469.10089336356214,0,0,0,0
1781022600,28523.25,28571.75,28445.25,28486,0,1,0,0,28745.658646198637,28271.341353801363,29313.722327587177,29694.677160591244,28932.76749458311,115.93909746575703,42469,45961.43601642496,71561.48103695616,-676.9709976029953,0,0,0,0
1781022900,28486.75,28552.75,28241.25,28266.75,0,1,0,0,28747.61160004159,28046.38839995841,29296.97122520056,29694.962952926347,28898.97949747477,129.9077333610601,51535,47819.29067761664,68942.15402463744,-3089.3609733221037,0,0,0,0
1781023200,28268.25,28394,28227.25,28374.75,1,0,0,0,28592.808985752905,28028.441014247095,29278.810891497353,29694.275507857346,28863.34627513736,132.5393238352701,56657,50765.19378507776,71728.93601642497,1793.6221717188992,0,0,1,0
1781023500,28374.5,28435.25,28316.5,28368.5,0,1,0,0,28632.581558199126,28119.168441800874,29264.78282174325,29691.913460115506,28837.652183370996,131.55437213275079,47379,49636.46252338518,76147.79067761663,2132.9293976078043,0,0,0,0
1781023800,28368.5,28386.75,28281.75,28286.75,0,1,0,0,28581.236446899187,28087.263553100813,29252.565847237598,29690.170542289885,28814.96115218531,129.65763126612572,39992,46421.641682256784,74454.69378507776,-309.3075409887133,0,0,0,1
1781024100,28286.5,28488,28277.75,28480.5,1,0,0,0,28691.121343549246,28074.628656450754,29243.81685002716,29687.375422230678,28800.258277823643,135.41422903283103,32718,41853.761121504525,69632.46252338518,3470.950862882777,0,0,1,0
1781024400,28480.25,28640.75,28467.75,28623.5,1,0,0,0,28847.898390438586,28260.601609561414,29234.40187323091,29681.78450060924,28787.019245852578,138.09892695905737,44858,42855.17408100302,62780.641682256784,7183.201684142832,0,0,0,0
1781024700,28623.5,28644.25,28556,28611.5,0,1,0,0,28846.057433978687,28354.192566021313,29227.371165915927,29677.15178159716,28777.590550234694,134.5382893191247,35810,40506.78272066868,64282.761121504525,6207.384382415098,0,0,0,0
1781025000,28611.25,28674.25,28549.25,28650,1,0,0,0,28875.03547440878,28348.46452559122,29221.358338039965,29672.882105651912,28769.83457042802,133.8569829391872,32351,37788.18848044579,60760.17408100302,6770.082141672576,0,0,0,0
1781025300,28649.75,28730.25,28605.75,28723.25,1,0,0,0,28930.03294052244,28405.96705947756,29215.069550613724,29667.619607462955,28762.519493764492,133.18862701495954,38586,38054.12565363052,56682.28272066868,8381.248625218323,0,0,0,0
1781025600,28722.75,28787.5,28672.75,28728.5,1,0,0,0,28985.307373342264,28474.942626657736,29208.2276949755,29661.206882298444,28755.248507652555,131.87158222817672,46917,41008.417102420346,57081.18848044578,7714.6105182290175,0,0,0,0
1781025900,28728.5,28779.25,28689,28742.75,1,0,0,0,28972.597918103533,28495.652081896467,29203.882752339116,29657.012725489636,28750.752779188595,128.89861206902123,30982,37666.27806828023,61512.625653630515,7356.362008598269,0,0,0,0
1781026200,28743,28805.75,28706.75,28802.5,1,0,0,0,28995.89449538185,28516.60550461815,29200.366529837967,29653.316609497622,28747.416450178313,126.762996921234,27560,34297.51871218682,56499.41710242035,8111.0644481251,0,0,0,0
1781026500,28802.25,28849,28758,28822.5,1,0,0,0,29035.31274571172,28571.68725428828,29197.192819514785,29649.659233545728,28744.72640548384,124.20849714114586,27756,32117.012474791216,51446.27806828023,7692.665028320155,0,0,0,0
1781026800,28822,28925,28807,28866.75,1,0,0,0,29110.647549589452,28621.352450410548,29194.17857578383,29645.675706625996,28742.681444941663,123.76503305963544,31394,31876.008316527477,48175.51871218682,7836.91723395186,0,0,0,0
1781027100,28866.25,28884.75,28711.75,28733,0,1,0,0,29075.672724618777,28520.827275381223,29188.665680249473,29639.69926582123,28737.632094677716,127.28181641251862,46103,36618.33887768498,47814.01247479122,3439.2032020341603,0,0,0,0
1781027400,28733,28852.25,28731.5,28809.5,1,0,0,0,29042.472887146007,28541.277112853993,29184.512648690867,29634.930574829745,28734.09472255199,126.81525809733873,37507,36914.559251789986,54927.50831652747,5405.771307843744,0,0,0,0
1781027700,28809.5,28865.25,28802.5,28832.5,1,0,0,0,29048.608752349865,28619.141247650135,29182.148980272224,29631.96536534135,28732.332595203097,122.23916823324309,23929,32586.039501193325,55371.838877684975,5561.162694701967,0,0,0,0
1781028000,28832.75,28866,28784.75,28818.75,0,1,0,0,29044.967055753445,28605.782944246555,29179.53007944977,29628.742677361508,28730.317481538033,119.31137050229715,26121,30431.026334128885,48879.059251789986,4400.553065327132,0,0,0,0
1781028300,28819,28888,28803.25,28876.75,1,0,0,0,29063.264051771057,28627.985948228943,29177.194390021672,29625.61980618801,28728.768973855334,116.8427011807045,26037,28966.350889419256,45646.53950119333,5516.141495614828,0,0,0,0
1781028600,28877,28879.25,28818,28861.5,0,1,0,0,29048.557690930265,28648.692309069735,29174.826217496495,29622.46355066709,28727.1888843259,112.87179395351131,26532,28154.90059294617,43449.52633412888,4086.5134484844757,0,0,0,0
1781028900,28861.25,28940.75,28822,28935.25,1,0,0,0,29110.687498720963,28652.062501279037,29172.45402990301,29618.88618579511,28726.02187401091,113.29166581397479,31555,29288.267061964114,42232.35088941926,5373.966872218455,0,0,0,0
1781029200,28936.25,28980,28898.75,28969.5,1,0,0,0,29146.504463098037,28732.245536901963,29170.567866719153,29615.577259712372,28725.558473725934,111.00297539869088,31255,29943.844707976077,43932.40059294617,5739.606929273454,0,0,0,0
1781029500,28969.5,28974.5,28896.25,28972.5,1,0,0,0,29137.495215733892,28733.254784266108,29169.006806165893,29612.84386485766,28725.169747474127,108.66347715592724,26076,28654.56313865072,44915.767061964114,4888.48938450389,0,0,0,0
1781029800,28972.5,29046.75,28966,29004.5,1,0,0,0,29206.75448603861,28805.99551396139,29167.620539523487,29609.822996437546,28725.418082609427,106.66965735907529,31875,29728.042092433814,42981.84470797608,5254.767205094704,0,0,0,0
1781030100,29004.75,29038,28983.75,29013.5,1,0,0,0,29192.388094178714,28829.361905821286,29166.829943230365,29608.048481063142,28725.611405397587,102.92539611914133,19137,26197.69472828921,44592.06313865072,4618.8278152117,0,0,0,0
1781030400,29013.5,29016.75,28913.5,28922.25,0,1,0,1,29171.172873165946,28759.077126834054,29165.24748178942,29605.23254592839,28725.262417650454,102.94858211063124,27846,26747.129818859474,39296.54209243382,1462.5669764098898,0,0,0,0
1781030700,28922.75,28982.75,28917,28979.5,1,0,0,0,29133.18731079695,28766.56268920305,29164.04684983669,29603.024182524947,28725.069517148433,100.29154053130044,22337,25277.086545906317,40120.69472828921,3007.919546401229,0,0,0,0
1781031000,28979.5,29020.75,28950.25,28982.5,1,0,0,0,29167.99536002574,28803.00463997426,29163.144364620104,29601.201116626868,28725.08761261334,98.16357335049327,19314,23289.391030604213,37915.629818859474,2510.503861258769,0,0,0,0
1781031300,28983.5,29091.25,28979,29066.5,1,0,0,0,29240.0046200239,28830.2453799761,29162.46097777399,29599.334077174164,28725.587878373815,99.16974668260089,22467,23015.260687069476,34934.08654590632,3572.9866462443956,0,0,0,0
1781031600,29066.5,29124.25,29020.5,29120.75,1,0,0,0,29273.495361450765,28871.254638549235,29161.947520215435,29597.34484154978,28726.55019888109,99.49690763384368,27019,24349.840458046318,34522.891030604216,4180.623578943792,0,0,0,0
1781031900,29120.25,29145.75,29045.75,29051.75,0,1,0,0,29295.04926420428,28896.45073579572,29161.392386183987,29595.3439995326,28727.440772835373,99.53284280285484,26903,25200.893638697544,36524.76068706947,1584.1031035620654,0,0,0,0
1781032200,29051.75,29052.5,28955.75,28965.25,0,1,0,1,29201.501102475406,28806.748897524594,29160.107457171125,29592.669144493782,28727.545769848468,99.33406831693664,29806,26735.92909246503,37801.34045804632,-1317.2417979348716,0,0,0,1
1781032500,28965.5,28972.75,28852,28864.25,0,1,0,0,29124.045666584305,28700.704333415695,29157.413975804695,29588.577742241672,28726.250209367718,100.86377772286973,40737,31402.952728310018,40103.89363869755,-4380.143558963684,0,0,0,0
1781032800,28863.75,28924.75,28839,28890.5,1,0,0,0,29074.426333256855,28689.323666743145,29155.277031712554,29585.42041126505,28725.133652160057,99.78422217123617,31513,31439.63515220668,47104.42909246503,-2708.5663970556934,0,0,0,0
1781033100,28890.5,28970,28872.25,28952.75,1,0,0,0,29119.458380881366,28722.791619118634,29153.91120042716,29583.092673888248,28724.72972696607,99.63892058757644,24711,29196.756768137788,47159.45272831002,-771.1778033375441,0,0,0,0
1781033400,28952.75,28988.75,28929.25,28978.75,1,0,0,0,29133.90778224698,28784.09221775302,29152.739629191838,29580.840239163997,28724.639019219678,96.77185483132098,25325,27906.171178758526,43795.13515220668,374.4443629034771,0,0,1,0
1781033700,28979,28984.5,28918,28922,0,1,0,0,29126.41436922934,28776.08563077066,29151.59125957259,29578.809092351632,28724.373426793547,94.60957948622662,22252,26021.447452505683,41859.25676813779,-1529.529794508895,0,0,0,1
1781034000,28922.75,28949.25,28853,28923,1,0,0,0,29091.3401285701,28710.9098714299,29149.543927190367,29575.539368156962,28723.54848622377,94.72675238006757,34754,28932.298301670457,39032.17117875852,-1268.4104578030829,0,0,0,0
1781034300,28922.75,28940.25,28850,28881,0,1,0,0,29081.86047652938,28708.38952347062,29147.917250637875,29573.06639041872,28722.76811085703,94.40698435291988,26077,27980.532201113638,43398.44745250569,-2190.0418866104355,0,0,0,0
1781034600,28880.75,29038.5,28877,29032.25,1,0,0,0,29187.29901392014,28728.20098607986,29146.18358839626,29569.433027025472,28722.934149767047,99.1993426134256,44020,33327.02146740909,41970.79830167045,2093.491865202731,0,0,1,0
1781034900,29032,29133.5,29028.5,29116,1,0,0,0,29282.920512925844,28879.079487074156,29145.661473195123,29566.87407062735,28724.448875762897,99.6136752838952,41360,36004.68097827273,49990.53220111363,4799.379393560778,0,0,0,0
1781035200,29115.75,29195.75,29089.5,29195.25,1,0,0,0,29345.881547716854,28939.368452283146,29145.747067487475,29565.716520176888,28725.777614798062,100.08769847790269,25165,32391.453985515152,54007.0214674091,5630.721338985317,0,0,0,0
1781035500,29194.5,29194.75,29108.75,29121.75,0,1,0,1,29343.425722879936,28960.074277120064,29145.73325034598,29564.97626094784,28726.490239744122,99.11714858662393,14793,26525.302657010103,48587.18097827273,3320.63955983556,0,0,0,0
1781035800,29122.25,29130,29085.75,29102.5,0,1,0,0,29272.797099817082,28942.952900182918,29145.65221460507,29564.470413709492,28726.834015500648,95.19806654472222,8764,20604.868438006735,39787.95398551515,2223.286932709789,0,0,0,0
1781036100,29103,29127,29088.75,29090,0,1,0,0,29263.69552125872,28952.05447874128,29145.59008780229,29564.113954891058,28727.066220713525,91.13034750581349,6100,15769.91229200449,30907.302657010103,1486.039779379641,0,0,0,0
1781036400,29090,29114.25,29082.25,29098.5,1,0,0,0,29244.610126883097,28951.889873116903,29145.534469520673,29563.81511387869,28727.253825162657,86.90675125539825,5060,12199.941528002993,23654.868438006735,1196.0684973334091,0,0,0,0
1781036700,29098,29130,29095.75,29120,1,0,0,0,29254.718332105735,28971.031667894265,29145.500274037782,29563.54593967634,28727.454608399225,83.14555473715552,4860,9753.294352001996,18299.91229200449,1118.5500076111011,0,0,0,0
1781037000,29120.5,29125.75,29101.75,29122.5,1,0,0,0,29244.131308383894,28983.368691616106,29145.47817750881,29563.3643902994,28727.591964718216,78.92087225593013,3301,7602.529568001331,14629.941528002993,779.746963259739,0,0,0,0
1781037300,29123.75,29139.5,29116,29135,1,0,0,0,29251.943357785047,29003.556642214953,29145.46472785047,29563.167610614913,28727.76184508603,74.9622385233637,3787,6330.686378667555,11403.794352001998,642.7516018781953,0,0,0,0
1781037600,29133.5,29159.5,29131.25,29145,1,0,0,0,29266.938475086114,29023.811524913886,29145.464509571346,29562.95503287806,28727.97398626463,71.62565005740915,4387,5682.790919111703,9496.029568001333,524.0295469601056,0,1,0,0
1781037900,29145,29159,29137,29154.5,1,0,0,0,29261.12144115139,29034.87855884861,29145.46780319827,29562.81210377098,28728.12350262556,68.0809607675942,3025,4796.860612741136,8524.186378667555,378.4600458026475,0,0,0,0
1781038200,29154,29156.25,29124.75,29127,0,1,0,0,29254.45205249772,29026.54794750228,29145.46273291962,29562.695326134908,28728.23013970433,65.46803499848033,2314,3969.240408494091,7195.290919111703,-52.346579590437614,0,0,0,1
1781038500,29127.25,29143.5,29120.25,29139.75,1,0,0,0,29237.178691605026,29026.571308394974,29145.4578131488,29562.596839262467,28728.318787035136,62.452461070017456,1940,3292.8269389960606,5953.860612741137,-118.51451806768068,0,0,0,0
1781042400,29102,29102,29028.25,29065,0,1,0,0,29200.93378506181,28929.31621493819,29065.08333333333,29065.08382161458,29065.08284505208,65.95585670787335,12326,6303.884625997373,4939.240408494091,-851.5201856683407,0,0,0,0
1781042700,29064.75,29092,29051.5,29083.75,1,0,0,0,29188.20637184311,28955.29362815689,29068.72738845565,29073.786121854046,29063.668655057252,64.13758122873955,6396,6334.589750664915,9455.82693899606,-579.1829693795089,0,0,0,0
1781043000,29083,29091.75,29066.25,29086.5,1,0,0,0,29183.81663099717,28974.18336900283,29070.83983446267,29077.46383481061,29064.21583411473,61.377753998115296,3710,5459.726500443277,9501.884625997372,-587.4822741147602,0,0,0,0
1781043300,29085.5,29117,29069.75,29095.25,1,0,0,0,29207.552943068804,28979.197056931196,29075.897319302647,29087.115603979626,29064.679034625668,60.36862871253563,6267,5728.817666962184,8189.589750664914,-516.4012763164488,0,0,0,0
1781043600,29095.25,29099.75,29071.5,29079.5,0,1,0,0,29186.861661421033,28984.388338578967,29076.585651819893,29087.512497903634,29065.65880573615,58.07444094735451,2823,4760.21177797479,8593.226500443277,-724.5729779952114,0,0,0,0
1781043900,29080.25,29088.25,29053,29069.5,0,1,0,0,29172.916185605245,28968.333814394755,29075.778371395616,29086.201693054893,29065.35504973634,56.444123736829184,4603,4707.807851983193,7140.317666962184,-873.246973580231,0,0,0,0
1781044200,29070,29073.75,29043.75,29047.75,0,1,0,0,29155.58288663344,28961.91711336656,29073.666223393237,29085.362676266486,29061.969770519987,54.5552577556271,4106,4507.205234655462,7061.71177797479,-1142.8099404159552,0,0,0,0
1781044500,29047.75,29054.5,29000.5,29031.25,0,1,1,0,29136.27339473105,28918.72660526895,29067.6157586642,29086.418265086377,29048.813252242024,54.51559648736803,6263,5092.470156436974,6760.807851983192,-1248.1730628641617,0,0,0,0
1781044800,29031.5,29055.5,28995,29024.75,0,1,0,0,29137.914580821693,28912.585419178307,29061.58343638869,29084.46516052147,29038.70171225591,54.943053881127454,7684,5956.31343762465,7638.705234655461,-1225.999304326695,0,0,0,0
1781045100,29024.25,29035,28991.5,29007,0,1,0,0,29116.188539334427,28910.311460665573,29056.73613914794,29083.082360173026,29030.38991812285,54.12569288961835,5763,5891.8756250831,8934.470156436975,-1333.7203129919862,0,0,0,0
1781045400,29006.5,29024.5,28985.75,29016.75,1,0,0,0,29104.041143667684,28906.208856332316,29053.13759358096,29081.432975604715,29024.842211557203,53.02742911178847,4887,5556.917083388734,8837.81343762465,-1075.6464251300454,0,0,0,0
1781045700,29017.25,29044,29004.5,29028.25,1,0,0,0,29122.09177626285,28926.40822373715,29050.88736607501,29079.03314514015,29022.74158700987,52.06118417523215,5765,5626.278055592489,8335.375625083101,-828.3122588272054,0,0,0,0
1781046000,29026.25,29084,29019.75,29069,1,0,0,0,29163.3977208155,28940.3522791845,29051.528503996517,29078.36533072936,29024.691677263672,52.93181387700128,7475,6242.518703728326,8439.417083388733,-304.01230765476885,0,0,0,0
1781046300,29068.5,29100,29055,29073,1,0,0,0,29178.547883614396,28976.452116385604,29053.627927606154,29080.18722065238,29027.068634559928,52.36525574292976,7326,6603.679135818884,9363.77805559249,-273.39842170283725,0,0,0,0
1781046600,29072.25,29080.5,29026.5,29030.5,0,1,0,0,29159.223034784794,28947.776965215206,29053.047696595928,29078.681116866148,29027.414276325708,52.48202318986335,6868,6691.786090545923,9905.518703728325,-814.9985985296373,0,0,0,0
1781046900,29029.75,29043.5,29003,29016.25,0,1,0,0,29120.93924658588,28925.56075341412,29050.74994381156,29076.80053324719,29024.699354375927,51.6261643905874,7106,6829.857393697282,10037.679135818884,-974.1935297362281,0,0,0,0
1781047200,29017,29032.25,29004.25,29016.75,0,0,0,0,29107.157871829746,28929.342128170254,29049.269569535896,29075.62958755441,29022.909551517383,49.93858121983116,4667,6108.904929131521,10244.786090545922,-878.2851978161665,0,0,0,0
1781047500,29016.25,29018.5,28998.5,29005.25,0,1,0,0,29090.20016669905,28926.79983330095,29047.82994248553,29074.83234254752,29020.827542423536,47.80011113270036,3706,5307.936619421014,9163.357393697283,-981.8040022287342,0,0,0,0
1781047800,29005.5,29019,28984.25,29011.5,1,0,1,0,29089.301940506262,28913.948059493738,29045.335577847713,29073.39921865902,29017.271937036407,46.867960337507476,6649,5754.9577462806765,7961.904929131521,-759.6051133554399,0,0,0,0
1781048100,29011.5,29020.5,28980.25,29009.5,0,1,0,0,29090.09287332724,28910.65712667276,29043.384528453385,29072.174997443977,29014.594059462794,46.395248884828376,5584,5697.971830853784,8632.436619421014,-707.2518148083577,1,0,0,0
1781048400,29009.75,29018.5,28995.75,29016.25,1,0,0,0,29085.559453803868,28928.690546196132,29042.4063785925,29071.320361889753,29013.492395295245,44.706302535912066,3640,5011.98122056919,8546.957746280676,-535.6951886446861,0,0,0,0
1781048700,29017,29044,29010.5,29031.25,1,0,0,0,29109.85877853216,28944.64122146784,29041.77748585651,29070.17256772745,29013.382403985568,43.90585235477549,5892,5305.320813712793,7517.971830853785,-254.14222761553992,0,0,0,0
1781049000,29031.5,29055.5,29021.5,29051.75,1,0,0,0,29120.29743720844,28956.70256279156,29041.821095194595,29069.668230922176,29013.973959467014,43.19829147229153,5155,5255.213875808528,7957.98122056919,30.243018885598644,0,0,1,0
1781049300,29052.5,29073.25,29041,29065,1,0,0,0,29136.874405979263,28977.375594020737,29042.59696309821,29070.078111815685,29015.115814380737,42.41627065284213,6091,5533.809250539019,7882.820813712793,195.1619625494144,0,0,0,0
1781049600,29065.25,29140.5,29065.25,29126.75,1,0,0,0,29207.66909126646,28998.08090873354,29048.19168411349,29080.498895316778,29015.884472910206,44.77939417763912,12571,7879.539500359346,8300.713875808528,1072.7053991996997,0,0,0,0
1781049900,29125.75,29169,29117,29155.25,1,0,0,0,29236.942727604568,29049.057272395432,29055.917334070884,29096.740511437223,29015.094156704545,45.29515173637918,12993,9584.026333572898,11819.30925053902,1507.61916118915,0,0,0,0
1781050200,29155.75,29159.75,29089,29121,0,1,0,0,29230.42003277567,29018.32996722433,29059.908636696153,29102.57664292048,29017.240630471824,47.113355183780676,10480,9882.684222381931,14376.039500359348,674.0179610907539,0,0,0,0
1781050500,29121,29133,29070.25,29109,0,1,0,0,29205.34538757741,28997.90461242259,29062.003171763758,29104.692464012493,29019.313879515023,48.2302583849392,8800,9521.789481587954,14824.026333572896,315.5935191820337,0,0,0,0
1781050800,29108.25,29115,29081.5,29102.25,0,1,0,0,29185.767145607595,29010.732854392405,29063.21836776191,29105.7346905682,29020.702044955622,47.178097071729255,6202,8415.192987725302,14282.68422238193,74.97743113793047,0,0,0,0
1781051100,29102.5,29127.75,29081,29117.5,1,0,0,0,29198.471278064193,29010.278721935807,29064.459125581343,29107.042373449385,29021.8758777133,47.14751870946288,5373,7401.128658483535,12622.789481587954,144.95821426785756,0,0,0,0
1781051400,29118.25,29124,29027.5,29031.25,0,1,0,0,29200.00904391675,28951.49095608325,29064.276052989342,29105.75177870489,29022.800327273795,50.67269594450124,10745,8515.752438989024,11101.692987725302,-872.518128409511,0,0,0,1
1781051700,29031,29061.5,28997,29026.75,0,1,0,0,29138.99054077984,28919.50945922016,29062.447623166438,29103.614917797917,29021.28032853496,51.66036051989401,11171,9400.834959326015,12773.628658483536,-853.9256641081662,0,0,0,0
1781052000,29027.25,29029.75,28965,28998,0,1,1,0,29108.64300215271,28886.10699784729,29060.056616491987,29102.266200647307,29017.847032336667,52.595334768473016,8385,9062.223306217344,14101.252438989024,-1119.9138967490155,0,0,0,0
1781052300,28997.5,29048.5,28991.25,29048.5,1,0,0,0,29127.89171628466,28911.85828371534,29059.00961277173,29100.86354739077,29017.15567815269,52.92781085643923,8048,8724.148870811563,13593.334959326015,-298.15986873994,0,0,0,0
1781052600,29047.25,29074.75,29005,29064.75,1,0,0,0,29155.9440936929,28923.8059063071,29058.54916282126,29099.563107221584,29017.535218420933,54.129395795265,10445,9297.765913874375,13086.223306217344,-54.01531468545954,0,0,0,0
1781052900,29065,29097,29033.25,29075.25,1,0,0,0,29179.224872714833,28951.025127285167,29058.9681584929,29099.15905458239,29018.777262403408,54.81658180988893,10812,9802.510609249583,13946.648870811561,62.42442379322347,0,0,1,0
1781053200,29075,29098,29051.75,29093.5,1,0,0,0,29179.307024663773,28970.442975336227,29059.782443024877,29099.445740815343,29020.11914523441,54.204683109182575,9816,9807.007072833056,14703.765913874373,362.7660558507855,0,0,0,0
1781053500,29094.25,29095.75,29054.75,29057.5,0,1,0,0,29175.64223718779,28974.85776281221,29060.029833285826,29099.205461430338,29020.854205141313,53.26149145852668,7089,8901.004715222038,14710.510609249584,-362.04519451703635,0,0,0,1
1781053800,29057.5,29108,29041,29076.25,1,0,0,0,29189.364220245807,28959.635779754193,29060.490469182238,29099.149093409902,29021.831844954573,54.24281349720335,8639,8813.669810148025,13351.507072833057,-125.26218446268399,0,0,0,0
1781054100,29077,29113,29063.25,29104,1,0,0,0,29193.882847371104,28982.367152628896,29061.23248566053,29099.764173761945,29022.700797559115,53.921898247403114,6509,8045.446540098684,13220.504715222038,173.55256192102945,0,0,1,0
1781054400,29105,29108.5,29064.75,29071,0,1,0,0,29188.29300113031,28984.95699886969,29061.637008870046,29099.885364927708,29023.388652812384,53.19533408687432,5907,7332.631026732456,12068.169810148025,-348.21850921304986,0,0,0,1
1781054700,29070.25,29093,29050.25,29072.5,1,0,0,0,29171.673858192433,28971.576141807567,29061.857885222547,29099.722443109342,29023.993327335753,52.449238794954724,6472,7045.754017821638,10998.946540098685,-307.29588517365437,0,0,0,0
1781055000,29072,29098,29023.25,29093,1,0,0,0,29179.0632254644,28942.1867745356,29062.141101761346,29099.475696928344,29024.80650659435,54.042150309600814,9197,7762.8360118810915,10568.631026732457,-60.761766784712904,1,0,0,0
1781055300,29093.25,29099.25,29049,29070.5,0,1,0,0,29179.906923645514,28968.343076354486,29062.31780298349,29099.37030170432,29025.26530426266,53.77128243034361,5175,6900.224007920728,11644.254017821637,-322.8172796509039,0,0,0,0
1781055600,29070.25,29074.5,29026.75,29026.75,0,1,0,0,29154.511786242263,28946.738213757737,29061.98587941545,29098.81129159319,29025.16046723771,53.34119082817621,5422,6407.482671947152,10350.336011881092,-778.4999952154061,0,0,0,0
1781055900,29026.5,29069.25,29019,29062.25,1,0,0,0,29148.93058722496,28939.31941277504,29061.763234616872,29098.275521777236,29025.25094745651,53.120391483306484,6163,6325.988447964768,9611.224007920728,-267.4331032868437,0,0,0,0
1781056200,29060.75,29067.5,29010.75,29031.75,0,1,0,0,29147.56947385175,28930.68052614825,29061.236564086907,29097.542352194527,29024.930775979286,53.37964923449888,7013,6554.992298643178,9488.982671947153,-598.5171851756545,0,0,0,0
1781056500,29030.25,29061.75,29023.75,29034.5,1,0,0,0,29140.17165429091,28945.32834570909,29060.93486260859,29097.069338296464,29024.800386920713,52.2811028606061,4816,5975.328199095452,9832.488447964768,-476.4709371327182,0,0,0,0
1781056800,29033.5,29042.25,29007.25,29014.25,0,1,0,0,29118.820107555843,28930.679892444157,29060.4237474448,29096.602554230776,29024.24494065882,51.04673837056281,4423,5457.885466063634,8962.992298643177,-653.1707157248395,0,0,0,0
1781057100,29014.25,29015.25,28982.5,28988,0,1,0,0,29089.859742730427,28907.890257269573,29059.529053871644,29096.250269646498,29022.80783809679,49.739828486951176,4780,5231.923644042423,8186.828199095451,-924.2679061256558,0,0,0,0
1781057400,28988.5,29016.75,28978.5,28998.5,1,0,0,0,29090.128689678255,28905.121310321745,29058.36282857539,29095.69133703273,29021.03432011805,48.919126452168946,6718,5727.282429361615,7847.885466063634,-613.1947232037355,0,0,0,0
1781057700,28998.75,29010.5,28987.25,29003,1,0,0,0,29081.128426129806,28916.621573870194,29057.776727507346,29095.367691956915,29020.185763057776,47.08561741987116,3616,5023.52161957441,8590.923644042423,-458.3408976666733,0,0,0,0
1781058000,29003.5,29027,28984.25,28996,0,1,0,0,29097.163895691963,28914.086104308037,29056.845970800434,29094.793081754447,29018.89885984642,46.77593046130893,6131,5392.681079716273,7535.282429361614,-492.2635813142215,0,0,0,0
1781058300,28995.25,29017,28973.75,29016.25,1,0,0,0,29086.78611742825,28903.96388257175,29055.977022559837,29094.23461059887,29017.719434520804,46.524078285501155,5907,5564.120719810849,8089.021619574411,-145.47632928857334,0,0,0,0
1781058600,29016,29035.25,28997.25,29001.75,0,1,0,0,29104.122823326234,28928.377176673766,29055.32007674957,29093.67248165043,29016.96767184871,45.9152155508225,5545,5557.747146540566,8346.181079716273,-327.1616873519746,0,0,0,0
1781058900,29001.5,29017.5,28983.75,28986.5,0,1,0,0,29085.06940737436,28916.18059262564,29054.66498338631,29093.306562240126,29016.02340453249,45.04627158290661,4194,5103.164764360377,8336.62071981085,-452.75376191079897,0,0,0,0
1781059200,28985.25,29007,28982.25,29006.75,1,0,0,0,29072.39480684762,28916.85519315238,29054.140019223352,29092.976795468843,29015.30324297786,43.59653789841328,3599,4601.776509573585,7654.747146540566,-82.51729408451541,0,0,0,0
1781059500,29006,29036.5,29003.25,29035.25,1,0,0,0,29100.786249215646,28938.963750784354,29053.842286481842,29092.59111557205,29015.093457391635,42.857499477098045,3963,4388.85100638239,6902.664764360377,253.77594213992637,0,0,1,0
1781059800,29034.5,29035.25,28961.75,28969.5,0,1,0,0,29102.819374271672,28894.180625728328,29052.8755547428,29092.13183317616,29013.61927630944,45.046249514448185,5855,4877.56733758826,6583.276509573585,-288.8954527985748,0,0,0,1
1781060100,28969,28991,28957.25,28971,1,0,0,0,29057.359061823696,28890.890938176304,29051.890776946624,29091.88632488904,29011.895229004207,44.23937454913045,4920,4891.711558392173,7316.35100638239,-214.7918166342865,0,0,0,0
1781060400,28971.75,29003.5,28965.5,28999.25,1,0,1,0,29069.190557407717,28899.809442592283,29051.17427920678,29091.49235438574,29010.856204027823,43.79370493847828,4625,4802.807705594782,7337.56733758826,134.57368211230096,0,0,1,0
1781060700,29000,29028.75,28999,29015,1,0,0,0,29092.935874735736,28934.814125264264,29050.754711869886,29091.03364459068,29010.475779149092,42.7905831571584,4635,4746.871803729855,7204.211558392173,323.4609055894507,0,0,0,0
1781061000,29014.75,29022.75,29002.75,29013,0,1,0,0,29084.494026540327,28941.005973459673,29050.482797941833,29090.744399081883,29010.221196801784,41.16268436021851,2946,4146.58120248657,7120.307705594782,231.10706107269505,0,0,0,0
1781061300,29013.75,29046,29008.5,29016.75,1,0,0,0,29107.35159607316,28947.14840392684,29050.16378957899,29090.289579761684,29010.037999396296,40.90106404877434,4962,4418.38746832438,6219.871803729855,215.79288207313533,0,0,0,0
1781061600,29016.5,29023.75,28995.5,29018.25,1,0,0,0,29083.746124925077,28935.503875074923,29049.805016757455,29089.90646290047,29009.703570614438,39.99741661671903,3999,4278.591645549587,6627.58120248657,187.76350687925938,0,0,0,0
1781061900,29017.75,29024.5,28998.25,29009.5,0,1,0,0,29083.02318743043,28939.72681256957,29049.57648584838,29089.671236950107,29009.481734746656,39.01545828695338,2471,3676.061097033058,6417.887468324381,67.23670306766846,0,0,0,0
1781062200,29009,29024.5,28998.75,29010,1,0,0,0,29081.601888328256,28941.648111671744,29049.229964368402,29089.309085125868,29009.150843610936,38.067925552171,3836,3729.3740646887054,5514.091645549587,55.57352236799733,0,0,0,0
1781062500,29009.25,29009.25,28980.25,28992,0,1,0,0,29065.460682019097,28924.039317980903,29048.71989494202,29088.963421083008,29008.47636880103,37.47378801273021,3960,3806.249376459137,5594.061097033058,-189.93695877717082,0,0,0,1
1781062800,28991,28992.75,28975,28977.5,0,1,0,0,29046.847419017733,28920.902580982267,29048.364271876017,29088.79484063888,29007.933703113154,36.06494601182091,2296,3302.8329176394245,5709.374064688705,-331.4681704858504,0,0,0,0
1781063100,28977,28997.75,28974,28982.25,1,0,0,0,29050.527960516465,28921.222039483535,29047.96926748859,29088.583291553186,29007.35524342399,35.18530701097656,2698,3101.2219450929497,4954.249376459136,-224.1640780214679,0,0,0,0
1781063400,28981.75,28999,28973,28996.75,1,0,0,0,29050.793820479576,28921.206179520424,29047.614073062126,29088.358107199496,29006.870038924757,34.52921365304966,2663,2955.1479633953,4651.8329176394245,-46.68661798965299,1,0,0,0
1781063700,28996,29010,28983.25,28993,0,1,0,0,29060.96033330246,28932.28966669754,29047.233852063004,29088.071161276494,29006.396542849514,33.973555534974686,3212,3040.7653089302,4432.72194509295,-80.08139633864712,0,0,0,0
1781064000,28995,29002.5,28971.25,28979.75,0,1,0,0,29053.168523780856,28920.581476219144,29046.797577303987,29087.825213977234,29005.76994063074,33.779015853905065,3088,3056.5102059534665,4561.1479633952995,-214.63068667945643,0,0,0,0
1781064300,28978.75,28978.75,28949.75,28954.25,0,1,0,0,29029.013629225083,28899.486370774917,29045.95435714179,29087.64902514524,29004.259689138336,33.509086150054706,4403,3505.340137302311,4584.7653089302,-531.0130235470964,0,0,0,0
1781064600,28954.25,28966,28938.5,28946,0,1,0,0,29015.61979856615,28888.88020143385,29045.184787489598,29087.582918655717,29002.78665632348,33.079865710765084,3632,3547.560091534874,5258.0102059534665,-537.8307758032702,0,0,0,0
1781064900,28945.5,28969.5,28927.5,28964.5,1,0,1,0,29020.075527239995,28876.924472760005,29044.302057433317,29087.43082678242,29001.173288084214,33.71701815999615,4411,3835.3733943565826,5321.340137302312,-249.41015051826557,0,0,0,0
1781065200,28965,28978.25,28943.5,28947.75,0,1,0,0,29028.93620386571,28892.81379613429,29043.62488198259,29087.26825012672,28999.98151383846,33.79080257713928,3548,3739.5822629043882,5753.060091534874,-365.93062121058244,0,0,0,0
1781065500,28949.5,28965.25,28933.5,28941,0,1,0,0,29015.71754644673,28883.03245355327,29042.928312834378,29087.17966509965,28998.676960569104,33.64503096448647,3326,3601.7215086029255,5609.373394356582,-376.4602370775881,0,0,0,0
1781065800,28941,28941.25,28903.75,28907.5,0,1,0,0,28992.130578843393,28852.869421156607,29041.681027262177,29087.436888141758,28995.925166382596,33.920385895594585,4654,3952.481005735284,5402.582262904389,-689.7843035846358,0,0,0,0
1781066100,28907.25,28916.25,28888.25,28905,0,1,0,0,28966.49625178315,28838.00374821685,29040.365067548497,29087.84407424422,28992.886060852772,33.4975011887664,4489,4131.3206704901895,5928.7215086029255,-583.2453223539974,0,0,0,0
1781066400,28905.5,28924,28876,28878.25,0,1,0,0,28975.800090941495,28824.199909058505,29038.883322054397,29088.362211168667,28989.404432940126,34.53339396099737,4791,4351.213780326793,6196.981005735284,-714.2589343906177,0,0,0,0
1781066700,28878.25,28921.5,28870,28913.75,1,0,0,0,28975.11794158853,28816.38205841147,29037.36012990035,29088.619549535426,28986.100710265273,35.7452943923547,5361,4687.809186884529,6526.8206704901895,-212.56752563702116,0,0,0,0
1781067000,28914.25,28946,28901.75,28940.25,1,0,0,0,29000.529160046495,28847.220839953505,29036.329960489686,29088.413508911355,28984.246412068016,36.352773364329366,4647,4674.206124589686,7031.713780326792,107.1738159088332,0,0,1,0
1781067300,28940,28946,28891,28897.75,0,1,0,0,29002.52707718603,28834.47292281397,29035.284854379992,29088.38147125752,28982.188237502465,37.68471812402013,4117,4488.470749726457,7011.309186884529,-187.27598034155824,0,0,0,1
1781067600,28898.5,28931.5,28885.25,28926,1,0,0,0,28988.944785958458,28827.805214041542,29034.197695968698,29088.274768896703,28980.120623040693,38.2965239723044,4454,4476.980499817638,6732.706124589686,120.62776886931616,0,0,1,0
1781067900,28925.75,28952.5,28906,28914,0,1,0,0,29010.823729818567,28847.676270181433,29032.80496468728,29087.92863209405,28977.68129728051,38.88248654571123,6357,5103.653666545092,6715.470749726457,-29.433825770682347,0,0,0,1
1781068200,28913.5,28918.5,28897.75,28906.5,0,1,0,0,28974.880963402957,28841.369036597043,29031.863632860433,29087.834745251956,28975.89252046891,37.587308935303284,3804,4670.435777696728,7655.480499817639,-121.18602620115377,0,0,0,0
1781068500,28907,28907.25,28857.75,28861.25,0,1,0,0,28964.907323159885,28800.092676840115,29030.146421263093,29088.14713611158,28972.145706414605,38.43821543992448,5616,4985.623851797819,7005.653666545092,-562.7326709117606,0,0,0,0
1781068800,28861.75,28885.5,28853,28872.5,1,0,1,0,28942.521085791323,28795.978914208677,29028.70339273574,29088.387892639614,28969.018892831868,38.01405719421559,4662,4877.74923453188,7478.435777696728,-285.438176856625,0,0,0,0
1781069100,28871.25,28942,28862.25,28937.25,1,0,0,0,29003.492793949084,28800.757206050916,29027.528802265148,29088.021445419487,28967.03615911081,40.99519596605733,5334,5029.832823021253,7316.62385179782,212.85399018229197,0,0,1,0
1781069400,28936.75,28945.5,28880,28914.5,0,1,0,0,29009.61830866701,28815.88169133299,29026.389233777623,29087.64017404657,28965.138293508677,42.74553911133895,5258,5105.888548680835,7544.749234531879,34.32527725418609,0,0,0,0
1781069700,28914,28930,28903.5,28922.75,1,0,0,0,28992.377715190793,28841.122284809207,29025.831168998717,29087.41026464132,28964.252073356114,41.585143460529025,2746,4319.25903245389,7658.832823021252,141.85687871727157,0,0,0,0
1781070000,28924.25,28943.5,28906.75,28918.75,0,1,0,0,29005.359664105737,28844.890335894263,29025.14575772863,29087.087034452477,28963.204481004785,41.23977607049124,3554,4064.172688302593,6478.888548680834,93.20451641210312,0,0,0,0
1781070300,28919,28925.25,28892,28909.25,0,1,0,0,28986.25361666961,28830.99638333039,29024.588691539415,29086.9010465004,28962.27633657843,40.66907777974187,2566,3564.781792201729,6096.25903245389,32.139098977920156,0,0,0,0
1781070600,28908.75,28947.25,28907,28943.25,1,0,0,0,29008.208715478926,28846.041284521074,29023.9945720506,29086.54165689195,28961.44748720925,40.63914365261745,3479,3536.1878614678194,5347.172688302593,333.44985140714334,0,0,0,0
1781070900,28943,28967.25,28934,28943.5,1,0,0,0,29027.417021516147,28873.832978483853,29023.461912938594,29086.109249492732,28960.814576384455,40.11134767743049,3819,3630.4585743118796,5304.281792201729,301.66026864724597,0,0,0,0
1781071200,28945,28971.75,28935.5,28965.5,1,0,0,0,29031.503305693564,28875.746694306436,29023.012876620967,29085.681192920954,28960.34456032098,39.8355371290426,3727,3662.639049541253,5445.687861467819,466.52012449341396,0,0,0,0
1781071500,28966.25,28997.5,28960.75,28979.25,1,0,0,0,29056.92271242974,28901.32728757026,29022.664601665543,29085.204764917846,28960.12443841324,39.61514161982527,4378,3901.0926996941685,5493.95857431188,545.0953834315706,0,0,0,0
1781071800,28978.25,28982.25,28961,28977,0,1,0,0,29039.705018684755,28903.544981315245,29022.37944370287,29084.850131981737,28959.908755424003,38.303345789837756,3210,3670.728466462779,5851.6390495412525,441.90311361042745,0,0,0,0
1781072100,28976,29001.25,28971.75,28998.75,1,0,0,0,29057.761803064415,28915.238196935585,29022.20257715808,29084.544144809977,28959.861009506185,37.674535376277916,3101,3480.8189776418526,5506.092699694169,597.431206358485,0,0,0,0
1781072400,28998.25,29000.5,28952.5,28956.75,0,1,0,0,29058.11810284553,28894.88189715447,29021.8404488254,29084.11690280257,28959.563994848228,38.41206856368664,3888,3616.5459850945686,5221.228466462779,178.85660096235975,0,0,0,0
1781072700,28956.5,28989.5,28951.25,28982.25,1,0,0,0,29047.100738356563,28893.649261643437,29021.56481845525,29083.76508701507,28959.36454989543,38.400492237709024,3276,3503.0306567297125,5424.818977641853,360.04978331370427,0,0,0,0
1781073000,28982,28998.25,28967,28977,0,1,0,0,29055.08461418824,28910.16538581176,29021.296183696755,29083.37920385876,28959.21316353475,37.88974279215837,3741,3582.3537711531417,5254.545985094569,241.48486878563955,0,0,0,0
1781073300,28978,29013.5,28958,28991.5,1,0,0,1,29072.221427460507,28899.278572539493,29021.038607499533,29082.952872659025,28959.12434234004,39.14761830700421,4387,3850.5691807687613,5373.530656729712,299.8328762612179,0,0,0,0
1781073600,28992,28997.75,28975.5,28988,0,1,0,0,29054.660968356184,28918.589031643816,29020.87712362368,29082.68814757182,28959.06609967554,37.94064557078962,2737,3479.379453845841,5775.853771153142,198.63648849438798,0,0,0,0
1781073900,28988,28990.25,28976.25,28982,0,1,0,0,29044.595899187887,28921.904100812113,29020.7665885002,29082.521709654055,28959.011467346343,36.23059945859036,1677,2878.586302563894,5219.069180768762,93.41941826246077,0,0,0,0
1781074200,28982.25,28989.25,28965.75,28979,0,1,0,0,29042.23190638875,28912.76809361125,29020.578257350993,29082.2622863948,28958.894228307185,35.32127092583391,2553,2770.057535042596,4317.879453845841,41.37983925465667,0,0,0,0
1781074500,28978.75,28979.75,28958,28968.5,0,1,0,0,29031.277841646697,28906.472158353303,29020.40167196129,29082.054543189603,28958.748800732974,34.351894431131484,1982,2507.3716900283976,4155.086302563894,-55.993858144307275,0,0,0,1
1781074800,28968.5,28982,28955.5,28955.5,0,1,0,0,29032.686567243363,28904.813432756637,29020.072347999998,29081.693015435852,28958.451680564143,33.79104482890781,3437,2817.247793352265,3761.057535042596,-205.74386954927172,0,0,0,0
1781075100,28956.25,28978.75,28942.25,28975,1,0,0,0,29029.726812440265,28891.273187559735,29019.66750591018,29081.238769872838,28958.09624194752,33.98454162684296,4360,3331.49852890151,4225.871690028398,42.92031920069404,0,0,1,0
1781075400,28976.5,29001.25,28961,28981.75,1,0,0,0,29052.898111551673,28909.351888448327,29019.38184469942,29080.811799472158,28957.95188992668,34.432074367782754,4426,3696.3323526010067,4997.247793352265,88.9697806996225,0,0,0,0
1781075700,28982,28994.5,28952.25,28955.25,0,1,0,0,29046.98574644084,28899.76425355916,29019.06982906211,29080.447024114066,28957.692634010156,34.990497627226844,3582,3658.221568400671,5544.49852890151,-141.7713530486166,0,0,0,1
1781076000,28954.25,28971.5,28937.5,28953,0,1,0,0,29023.879621695065,28885.120378304935,29018.61360731936,29080.015770568076,28957.211444070643,34.91974779671064,4219,3845.147712267114,5487.332352601006,-130.1502296964947,0,0,0,0
1781076300,28951.5,28952,28929.5,28943.75,0,1,0,0,29003.156077288277,28878.343922711723,29018.124578310064,29079.635453323765,28956.613703296363,34.10405152551702,3853,3847.765141511409,5767.7215684006715,-230.02924455933984,0,0,0,0
1781076600,28942.75,28982,28929.5,28977.5,1,0,0,0,29035.127071767685,28876.372928232315,29017.72471492924,29079.19035343349,28956.259076424994,35.41804784512295,4425,4040.1767610076063,5771.647712267114,90.53639077482381,0,0,1,0
1781076900,28978.25,28984,28951.25,28954.5,0,1,0,0,29036.841209498565,28898.408790501435,29017.41130202068,29078.83819526391,28955.984408777447,35.22747299904274,3530,3870.1178406717377,6060.26514151141,-165.10026726157705,0,0,0,1
1781077200,28954.75,28961.25,28935,28946.75,0,1,0,0,29013.129337391525,28883.120662608475,29017.10020828499,29078.565914432227,28955.63450213775,34.586224927682544,2749,3496.4118937811586,5805.176761007607,-210.36571193260085,0,0,0,0
1781077500,28946.5,28966.5,28926.5,28950.25,1,0,0,0,29018.9593847207,28874.0406152793,29016.60472037585,29078.12834771136,28955.08109304034,34.97292314713379,4435,3809.274595854106,5244.617840671738,-127.87423863779654,0,0,0,0
1781077800,28950.25,28958.5,28935,28949.5,0,1,0,0,29009.730142954937,28883.769857045063,29016.20052015351,29077.768895510955,28954.632144796065,34.153428636624234,3661,3759.849730569404,5713.911893781159,-109.83253688242154,0,0,0,0
1781078100,28948.75,28972.25,28945.75,28963,1,0,0,0,29022.66013274387,28895.33986725613,29015.93905528944,29077.48142312399,28954.39668745489,33.606755162579645,2936,3485.233153712936,5639.774595854106,65.1622688927571,0,0,1,0
1781078400,28963.25,28965.25,28872.75,28905.5,0,1,0,0,29021.970123262163,28816.029876737837,29014.61259354642,29076.827800932984,28952.397386159853,37.81341550810968,8312,5094.155435808624,5227.8497305694045,-429.34050201891887,0,0,0,1
1781078700,28906.25,28933,28889.75,28923.25,1,0,0,0,28990.302614457723,28832.447385542277,29013.777060759407,29076.390230050594,28951.16389146822,38.20174297181613,5395,5194.436957205749,7641.233153712936,-141.83527947287024,0,0,0,0
1781079000,28922.5,28941.25,28875.5,28877.25,0,1,0,0,29001.50421342503,28815.24578657497,29012.824136603533,29076.050397153,28949.597876054064,40.169475616686405,5320,5236.291304803833,7791.655435808624,-450.37401263431695,0,0,0,0
1781079300,28875.75,28895,28866,28870,0,1,0,0,28954.05748389467,28806.94251610533,29011.84631814707,29075.882528247326,28947.81010804681,39.37165592978023,4687,5053.194203202555,7854.436957205749,-441.78175931995554,0,0,0,0
1781079600,28869,28894,28855.75,28875,1,0,0,0,28952.93730647362,28796.81269352638,29010.65644318438,29075.668106334164,28945.644780034596,39.29153764908165,5707,5271.129468801703,7579.791304803834,-260.0514983602593,1,0,0,0
1781079900,28875.75,28888.5,28842.25,28859.25,0,1,1,0,28948.182856011223,28782.567143988777,29009.374053932213,29075.533008332422,28943.215099532004,39.788570674147245,5767,5436.4196458678025,7906.6942032025545,-387.8427020987855,0,0,0,0
1781080200,28859.75,28872,28845.75,28847.5,0,1,0,0,28930.23229486756,28787.51770513244,29008.38462965101,29075.471280480946,28941.297978821072,38.82152991170816,4276,5049.613097245202,8154.629468801704,-483.50408739978195,0,0,0,0
1781080500,28847.75,28889.25,28844.25,28857.75,1,0,0,0,28948.144273805592,28785.355726194408,29007.3588200593,29075.300072216673,28939.417567901928,39.262849203729004,4763,4954.075398163468,7574.419645867803,-270.82868207985234,0,0,0,0
1781080800,28857.25,28858.5,28771,28775,0,1,0,0,28922.56253996234,28706.93746003766,29005.0108579539,29076.012271322947,28934.009444584855,42.708359974891216,7748,5885.383598775646,7431.113097245202,-880.2869918657317,0,0,0,0
1781081100,28775,28787.5,28742,28776.5,1,0,0,0,28851.86164425074,28677.63835574926,29002.098246523383,29077.32437525512,28926.872117791645,42.90776283382756,8476,6748.922399183763,8828.075398163468,-659.6035824259072,0,0,0,0
1781081400,28777,28818.25,28772.5,28773.5,0,1,0,0,28882.916169661403,28707.833830338597,28999.90027000593,29077.78749825196,28922.013041759903,43.11077977426845,7137,6878.281599455842,10123.383598775645,-552.7305718571141,0,0,0,0
1781081700,28773.25,28781,28747.25,28762.5,0,1,0,0,28844.6632289713,28683.5867710287,28998.119286751404,29078.358964275052,28917.879609227755,42.44215264753499,5277,6344.521066303895,10317.422399183764,-568.5021863545358,0,0,0,0
1781082000,28762.75,28774,28746.25,28760.5,0,1,0,0,28836.089069759066,28684.160930240934,28996.412990594,29078.845906043458,28913.98007514454,41.39271317271106,5059,5916.014044202597,9516.781599455842,-457.8626827773595,0,0,0,0
1781082300,28761.5,28788.5,28755.5,28757.5,0,1,0,0,28849.689850490562,28694.310149509438,28994.881244163756,29079.134335551287,28910.628152776226,40.793233660374554,4744,5525.342696135064,8874.021066303896,-379.97188417011137,0,0,0,0
1781082600,28755.75,28798,28708.5,28710.5,0,1,0,0,28864.40843259838,28642.09156740162,28992.121518257205,29079.988291854625,28904.254744659786,44.27228839891923,7741,6263.8951307567095,8288.014044202597,-627.9123975396242,0,0,0,0
1781082900,28709.75,28737.5,28684,28710,0,0,0,0,28804.897115984208,28616.602884015792,28989.006027366682,29081.21688703364,28896.795167699725,44.931410656139285,8029,6852.263420504473,9395.842696135063,-453.96854732568306,0,0,0,0
1781083200,28709.75,28726,28689,28723.5,1,0,0,0,28792.547321985337,28622.452678014663,28986.785415550476,29081.879134434927,28891.691696666025,44.3648813235579,5883,6529.175613669649,10278.39513075671,-106.83773967627735,0,0,0,0
1781083500,28722.5,28783.5,28718,28778.75,1,0,1,0,28852.311798986386,28649.188201013614,28984.8814146133,29081.80862084834,28887.95420837826,45.874532657589484,6197,6418.450409113099,9793.763420504472,471.9201515675398,0,0,1,0
1781083800,28778,28788.25,28763,28782,1,0,0,0,28854.852027630215,28696.397972369785,28983.68879700572,29081.59893871954,28885.778655291902,44.40135175347594,4273,5703.300272742066,9627.67561366965,503.530328784293,0,0,0,0
1781084100,28780.5,28822.75,28773.5,28790,1,0,0,0,28889.87152565663,28706.37847434337,28982.151390737683,29081.122102044184,28883.18067943118,44.7476837710848,6110,5838.866848494711,8554.950409113098,572.9893921812585,0,0,0,0
1781084400,28790.25,28793.25,28741.75,28764,0,1,0,0,28861.094988109726,28673.905011890274,28980.191830046315,29080.816543820998,28879.56711627163,45.22999207315017,6856,6177.911232329808,8758.300272742066,185.99502381810657,0,0,0,0
1781084700,28764,28779.75,28739.25,28761.25,0,1,0,0,28847.088203244744,28671.911796755256,28978.90398831216,29080.62860024245,28877.179376381868,44.892135496496586,4444,5599.940821553205,9266.866848494712,169.539263102482,0,0,0,0
1781085000,28760.75,28777.75,28736,28769.5,1,0,0,0,28844.75154587012,28668.99845412988,28977.39995417204,29080.364962107153,28874.43494623693,44.66769724674683,5281,5493.627214368803,8399.911232329807,287.4525344500185,0,0,0,0
1781085300,28768.5,28788.5,28765.5,28777.75,1,0,0,0,28853.180006879396,28700.819993120604,28976.30087836783,29080.0426136665,28872.55914306916,43.12000458626492,4223,5070.084809579202,8240.440821553204,437.2419696192297,0,0,0,0
1781085600,28779.25,28782.75,28748.5,28766.75,0,1,0,0,28846.479649245153,28684.770350754847,28975.1691390725,29079.769113934675,28870.569164210323,42.48643283010314,4161,4767.056539719468,7605.127214368802,253.6789751858035,0,0,0,0
1781085900,28767.25,28787,28740,28777.75,1,0,0,0,28851.213245727642,28675.786754272358,28973.97131681374,29079.442809144737,28868.49982448274,42.808830485095775,4502,4678.7043598129785,7150.584809579202,339.7317109797434,0,0,0,0
1781086200,28778,28780.5,28752.75,28762.75,0,1,0,0,28843.09979960424,28690.15020039576,28973.070866098045,29079.199479329356,28866.942252866735,41.733199736160365,3371,4242.802906541986,7018.056539719468,138.6266480238227,0,0,0,0
1781086500,28761.75,28766.25,28709.25,28726,0,1,0,0,28830.48552820394,28645.01447179606,28971.05934367318,29078.97489251791,28863.14379482845,42.82368546929177,6623,5036.201937694657,6364.2043598129785,-242.81154997965422,0,0,0,1
1781086800,28726.25,28764,28700,28748.75,1,0,0,0,28830.504419046512,28633.495580953488,28969.19456768916,29078.669011580587,28859.72012379773,44.33627936434236,6342,5471.467958463105,7554.302906541986,48.421242005301735,0,0,1,0
1781087100,28749,28772.5,28739,28767,1,0,0,0,28837.84338911462,28673.65661088538,28968.024106361623,29078.30478464144,28857.743428081805,43.56225940974648,4457,5133.311972308737,8207.201937694657,301.07607796339687,0,0,0,0
1781087400,28766.5,28809.25,28759.75,28776.75,1,0,0,0,28875.229575606434,28693.770424393566,28966.623703105255,29077.659635083077,28855.587771127433,43.986383737621736,6054,5440.207981539158,7699.967958463105,397.6150436322408,0,0,0,0
1781087700,28776.75,28807.75,28766.75,28797,1,0,0,0,28873.40960592026,28701.09039407974,28965.667688784884,29077.155438225174,28854.179939344594,43.7730706135059,4391,5090.471987692772,8160.311972308737,559.6468030813558,0,0,0,0
1781088000,28797.75,28829,28788.75,28824.25,1,0,0,0,28894.282134068813,28723.467865931187,28964.913996555064,29076.634604137664,28853.193388972464,43.521422712541195,4040,4740.314658461848,7635.707981539158,734.062107081945,0,0,0,0
1781088300,28824.25,28836.5,28804,28810.75,0,1,0,1,28900.60126734961,28739.89873265039,28964.10832417869,29076.05440222131,28852.16224613607,42.73417823307397,4455,4645.209772307899,7110.471987692772,446.8282249193578,0,0,0,0
1781088600,28811,28811,28779.5,28784,0,1,0,0,28873.89760539607,28716.60239460393,28963.1798154464,29075.53602511127,28850.823605781534,41.931736930711544,4421,4570.473181538599,6967.814658461848,27.119457908187286,0,0,0,0
1781088900,28784,28843.75,28778,28828,1,0,0,0,28909.19956215349,28712.55043784651,28961.98999797244,29074.65971902597,28849.32027691891,43.63304143566072,6725,5288.648787692399,6855.709772307899,464.6063641649488,0,0,0,0
1781089200,28828.75,28845.25,28700.25,28709,0,1,0,0,28921.560307713957,28623.939692286043,28959.06780268183,29073.631255310585,28844.504350053077,50.873538475970676,11665,7414.099191794932,7932.9731815385985,-511.6198627098081,0,0,0,1
1781089500,28709,28729,28637.75,28714,1,0,1,0,28809.63635716296,28557.11364283704,28954.117557236605,29073.154388550163,28835.080725923046,53.757571441972765,15965,10264.39946119662,11121.148787692398,-315.399860724253,0,0,0,0
1781089800,28714,28743.5,28691.75,28734.75,1,0,0,0,28823.92126022275,28611.32873977725,28951.298780820776,29072.29168415016,28830.30587749139,53.614173481831855,10587,10371.932974131081,15396.599191794932,163.8426785928728,0,0,1,0
1781090100,28733.5,28762,28698,28702.25,0,1,0,0,28843.534027349695,28616.465972650305,28949.298321526956,29071.648066138845,28826.948576915067,54.35601823312958,7587,9443.621982754054,15557.899461196623,-194.43131363448754,0,0,0,1
1781090400,28702,28765,28688,28706.75,1,0,0,0,28848.96016825329,28604.03983174671,28946.803152971752,29070.790028040003,28822.8162779035,55.97344550219175,9616,9501.081321836036,14165.43297413108,-80.86708995260881,0,0,0,0
1781090700,28707,28712,28622.75,28672,0,1,1,0,28799.525513378052,28535.224486621948,28942.387719146886,29070.19998653968,28814.57545175409,58.3503422520352,14273,11091.720881224024,14251.621982754055,-570.0879180726279,0,0,0,0
1781091000,28672.25,28683.25,28622,28657.25,0,1,0,0,28771.086190993905,28534.163809006095,28939.421720755316,29069.85918848941,28808.984253021223,58.557460662604115,9340,10507.813920816016,16637.581321836034,-653.6070247727121,0,0,0,0
1781091300,28657.5,28676.25,28610.5,28611,0,1,0,0,28764.856820208628,28521.893179791372,28936.749752071897,29069.710263865436,28803.78924027836,59.07121347241811,7973,9662.875947210678,15761.720881224024,-1032.4320352185798,0,0,0,0
1781091600,28611.75,28652.25,28610.25,28633.25,1,0,0,0,28739.027761622296,28523.472238377704,28934.58680247167,29069.522786522073,28799.650818421265,57.851841081531106,6543,8622.917298140452,14494.313920816017,-488.53550548300905,0,0,0,0
1781091900,28632.75,28655.75,28611.25,28639,1,0,0,0,28741.097207220704,28525.902792779296,28932.412184930043,29069.238500628122,28795.585869231963,56.898138147136024,6750,7998.611532093634,12934.375947210678,-267.58720054725416,0,0,0,0
1781092200,28640,28693,28638,28676.75,1,0,0,0,28778.14383527637,28552.85616472363,28930.49715824686,29068.647439988697,28792.346876505024,56.76255685091202,6809,7602.0743547290895,11997.917298140452,253.25153110936094,0,0,1,0
1781092500,28677,28703,28660.75,28677.75,1,0,0,0,28786.588918470912,28577.161081529088,28929.042596098887,29068.09645454969,28789.988737648084,55.72594564727545,5476,6893.382903152727,11403.111532093633,257.2717542199865,0,0,0,0
1781092800,28678.25,28692.25,28666.25,28679,1,0,0,0,28772.65399572299,28585.84600427701,28927.586652469716,29067.53305925095,28787.640245688483,53.602663815327205,5516,6434.255268768485,10340.07435472909,264.5808561885259,0,0,0,0
1781093100,28679,28718.75,28678.75,28698.25,1,0,0,0,28797.696567457064,28599.803432542936,28925.940580638806,29066.718656058096,28785.162505219516,52.63104497137526,6854,6574.17017917899,9651.382903152728,564.0380450470693,0,0,0,0
1781093400,28697.5,28732,28677.25,28693.75,0,1,0,0,28811.173598352987,28598.076401647013,28924.20881715082,29065.815433472773,28782.602200828864,52.782398901991314,7398,6848.78011945266,9861.255268768486,446.28373564796556,0,0,0,0
1781093700,28693,28728.75,28658,28666,0,1,0,0,28809.848698470632,28576.901301529368,28922.158356857504,29064.87803440435,28779.438679310657,54.0657989804205,8282,7326.520079635106,10273.17017917899,97.49407168587385,0,0,0,0
1781094000,28665.5,28711.25,28665,28691,1,0,0,0,28791.511291437015,28584.738708562985,28920.77853573583,29064.194081906207,28777.362989565452,53.50752762467618,5772,6808.346719756738,10989.78011945266,409.1659146995541,0,0,0,0
1781094300,28692,28754.25,28691,28750,1,0,0,0,28835.555127762942,28609.694872237058,28919.59212950978,29063.33420476695,28775.85005425261,54.20341850862788,6158,6591.564479837825,10212.520079635107,892.2786105366688,0,0,0,0
1781094600,28750,28991.5,28738.5,28917.75,1,0,0,0,29094.10476149416,28635.89523850584,28918.302042315616,29059.679610092437,28776.924474538795,68.40317432944018,35437,16206.709653225216,9887.346719756737,2959.1701981401866,0,0,0,0
1781094900,28917.25,28953.25,28851,28895.75,0,1,0,0,29059.48120710172,28744.76879289828,28917.93928021611,29057.93196838087,28777.946592051347,70.82080473448016,20557,17656.80643548348,24310.064479837823,2006.6527444909068,0,0,0,0
1781095200,28896,28957.25,28878,28918.5,1,0,0,0,29064.384335165883,28770.865664834117,28917.938991942498,29057.036516861608,28778.841467023387,71.42289011058872,13392,16235.20429032232,26485.209653225218,1980.3913956897318,0,0,0,0
1781095500,28918.5,28949,28891.5,28941,1,0,0,0,29054.64259693975,28785.85740306025,28918.073306433384,29056.159218026678,28779.98739484009,70.42839795983238,15517,15995.802860214879,24352.80643548348,2158.7071459098433,0,0,0,0
1781095800,28940.75,28943.75,28867,28894.5,0,1,0,0,29050.069911444054,28760.680088555946,28917.84936042736,29054.997917337005,28780.700803517717,70.8799409627015,14829,15606.868573476586,23993.70429032232,877.1561203736201,0,0,0,0
1781096100,28896,28906.75,28828.75,28833,0,1,0,0,29013.832774912335,28721.667225087665,28917.00184925641,29053.39408610266,28780.609612410157,71.38851660822282,15058,15423.912382317723,23410.302860214877,-477.35377020686667,0,0,0,1
1781096400,28833.25,28872.75,28824,28833.75,1,0,0,0,28977.407219561454,28719.342780438546,28915.977450290593,29051.68971705291,28780.265183528278,69.77147970763546,15490,15445.941588211816,23135.868573476586,-419.27308004186466,0,0,0,0
1781096700,28834,28879,28822,28877.25,1,0,0,0,28982.288846735635,28718.711153264365,28915.32869676125,29050.394753385637,28780.262640136865,68.85923115709008,12896,14595.961058807878,23168.91238231772,536.6091514548668,1,0,1,0
1781097000,28877.75,28889,28850.5,28856.75,0,1,0,0,28989.036071968803,28750.463928031197,28914.859171461827,29049.37475691995,28780.343586003703,66.69071464586936,10677,13289.640705871918,21893.941588211816,-156.20678621741564,0,0,0,1
1781097300,28856.5,28890,28851.5,28882.25,1,0,0,0,28987.015638256747,28754.484361743253,28914.536902520704,29048.56128471698,28780.512520324428,64.6770921711644,9155,11911.427137247945,19934.461058807876,403.9381585747499,0,0,1,0
1781097600,28882,28885.75,28848.5,28859,0,1,0,0,28979.82702123841,28754.42297876159,28914.217765710284,29047.87424069027,28780.561290730297,62.718014158938374,7332,10384.951424831963,17867.14070587192,-144.1168570937822,0,0,0,1
1781097900,28860,28871.25,28837.25,28852.25,0,1,0,0,28962.25009114995,28746.24990885005,28913.56924319944,29046.655262338638,28780.48322406024,60.66672743329992,12449,11072.967616554643,15577.427137247945,-431.0161869542099,0,0,0,0
1781098200,28853,28954.5,28778.25,28779.5,0,1,0,0,29057.884013210667,28674.865986789333,28909.38203459514,29039.916872099664,28778.847197090614,68.9226754737785,67722,29955.978411036427,16609.451424831965,-3051.8421061504732,0,0,0,0
1781098500,28780.25,29022.75,28771.75,28960.75,1,0,0,1,29145.642297981336,28648.857702018664,28909.958985722933,29036.276410785198,28783.641560660668,81.9281986542229,84019,47976.985607357616,44933.96761655464,3173.566717315236,0,0,1,0
1781098800,28960.5,29090.5,28850,29078.75,1,0,0,0,29230.382133839812,28710.117866160188,28915.123260048495,29039.916202461594,28790.330317635395,93.25475589320698,74425,56792.990404905075,71965.47841103643,5985.706790222316,0,0,0,0
1781099100,29078.25,29162.25,29019.25,29144,1,0,0,0,29307.461981422683,28874.038018577317,28923.397665343888,29051.610474999306,28795.18485568847,96.80798761512077,62140,58575.326936603386,85189.48560735761,7482.116167177254,0,0,0,0
1781099400,29144.5,29145.5,28983.75,29029,0,1,0,0,29297.670054178205,28831.579945821795,28928.542114578035,29056.697223784067,28800.387005372002,101.44670278546928,60149,59099.88462440226,87862.99040490508,1921.527006253306,0,0,0,0
1781099700,29029,29094,29002.75,29021.25,0,1,0,0,29245.07755030833,28851.67244969167,28931.900031267483,29059.51940776749,28804.280654767477,100.71836687222148,47271,55156.92308293484,88649.82693660338,1037.336747587387,0,0,0,0
1781100000,29023.25,29119.25,28969,29081.5,1,0,0,0,29275.634511000593,28812.615488999407,28936.17886993085,29063.62680041201,28808.730939449688,104.2563406670628,55426,55246.61538862323,82735.38462440226,2708.4133301703773,0,0,0,0
1781100300,29080.75,29151.75,29029,29135.75,1,0,0,0,29310.115974500553,28870.634025499447,28940.52040855725,29069.139056033222,28811.90176108128,105.57731633370118,42502,50998.41025908215,82869.92308293484,3822.069855468107,0,0,0,0
1781100600,29136,29167,29070.75,29092.25,0,1,0,1,29324.366619179084,28913.383380820916,28945.28839210541,29075.14485117059,28815.43193304023,104.91107945272253,47983,49993.273506054764,76497.61538862322,860.0149534419288,0,0,0,0
1781100900,29092.25,29138.25,29046,29102.25,1,0,0,0,29294.260074952006,28889.989925047994,28948.782873619504,29079.102139404542,28818.463607834467,104.00671663467092,40623,46869.84900403651,74989.91025908214,905.0950011945688,0,0,0,0
1781101200,29102.25,29219,29071,29217.5,1,0,0,0,29379.723641026863,28910.276358973137,28953.868809949403,29086.858178770806,28820.879441128,107.14909401790872,41250,44996.566002691005,70304.77350605476,3543.2034926420783,0,0,0,0
1781101500,29217.5,29231.75,29122.75,29171.5,0,1,0,0,29392.671952382087,28961.828047617913,28959.083051996207,29094.719860411064,28823.44624358135,107.2813015880581,43099,44364.044001794005,67494.84900403651,936.3897183214685,0,0,0,0
1781101800,29171.5,29249.5,29091.25,29245.5,1,0,0,0,29415.882884354796,28924.867115645204,28965.156589462516,29104.16394060742,28826.149238317612,110.9219229031968,48284,45670.696001196,66546.066002691,2639.658885841521,0,0,0,0
1781102100,29244.75,29251,29126.75,29155.5,0,1,0,0,29418.810892615165,28958.939107384835,28969.67735112861,29110.577277975,28828.777424282216,111.8739284101113,40821,44054.130667464,68506.04400179401,-872.6263028294643,0,0,0,1
1781102400,29155.5,29198.5,29081.25,29083,0,1,0,0,29366.886900285514,28912.863099714486,28972.608593559773,29113.685663897028,28831.53152322252,112.25793352367478,37941,42016.420444976,66081.196001196,-3178.76112990971,0,0,0,0
1781102700,29083.25,29126.75,29007.5,29038.75,0,1,0,0,29295.88605026512,28838.36394973488,28974.854425959264,29114.72300653383,28834.985845384697,112.7573668434123,53089,45707.280296650664,63024.630667464,-4693.555937507282,0,0,0,0
1781103000,29039.75,29106,29003,29028.25,0,1,0,0,29274.090618103324,28834.909381896676,28976.313887653538,29115.10087999326,28837.526895313815,112.06041206888285,42262,44558.853531100445,68560.920444976,-4476.063343046313,0,0,0,0
1781103300,29027.75,29049,28855.5,28902.75,0,1,0,0,29225.816288238802,28678.683711761198,28975.273239534665,29112.418438300843,28838.128040768486,117.87752549253409,54054,47723.902354066966,66838.28029665067,-7108.66077209357,0,0,0,0
1781103600,28901.75,28987,28831.25,28901.25,0,1,0,0,29167.8740533646,28650.3759466354,28973.764556128433,29109.770719115197,28837.75839314167,120.58270224306737,47258,47568.60156937798,71585.85353110045,-5934.808351028962,0,0,0,0
1781103900,28901,28909,28818.25,28825.75,0,1,0,0,29086.677692409987,28640.572307590013,28971.795605914103,29107.58530838101,28836.005903447196,118.45179493999113,35114,43417.06771291865,71352.90235406696,-7661.289296706574,0,0,0,0
1781104200,28826,28841.5,28746,28748.75,0,1,0,0,29016.718571523557,28570.781428476443,28968.05009821504,29105.12713609419,28830.97306033589,116.81238101570605,43319,43384.3784752791,65125.60156937798,-9572.882353152198,0,0,0,0
1781104500,28748.75,28763,28666,28727.25,0,1,0,0,28936.095816414734,28492.904183585266,28963.06559977445,29103.18060994957,28822.95058959933,115.39721094315563,45551,44106.58565018607,65076.56771291865,-8718.06720551601,0,0,0,0
1781104800,28727.25,28865.75,28715.5,28833.5,1,0,1,0,29042.58004381368,28538.66995618632,28960.1937496687,29100.627521385446,28819.75997795195,117.88669587578737,42136,43449.72376679071,66159.87847527911,-4207.354231173513,0,0,0,0
1781105100,28831.75,28877.75,28788.5,28791.5,0,1,0,0,29051.51182639842,28614.73817360158,28958.09377595026,29098.51945862528,28817.66809327524,115.8412175989454,35095,40664.81584452714,65174.58565018607,-4792.447717039429,0,0,0,0
1781105400,28791.25,28854.75,28741.5,28771.5,0,1,0,0,29028.23419594139,28568.01580405861,28955.596253063264,29096.46192892842,28814.73057719811,115.65613062759216,35365,38898.210563018096,60997.22376679071,-4327.338710661442,0,0,0,0
1781105700,28772,28812,28720,28766.25,0,1,0,0,28982.949610517004,28549.050389482996,28953.20815132361,29094.770728207004,28811.64557444022,113.96640701133558,30512,36102.807042012064,58347.31584452714,-3517.1604845622182,1,0,0,0
1781106000,28766,28874.75,28742.5,28854,1,0,0,0,29047.658566908645,28569.591433091355,28951.562502896682,29092.96813665397,28810.156869139395,115.27237793909731,31176,34460.53802800804,54154.210563018096,-701.0900594481391,0,0,0,0
1781106300,28854.75,28874.75,28665.75,28711.75,0,1,1,0,29057.700812129457,28482.799187870543,28947.71865535613,29090.441906277116,28804.995404435143,121.96720808630464,47861,38927.358685338695,51690.807042012064,-3432.4960624620635,0,0,0,0
1781106600,28710.25,28826,28627.5,28783.5,1,0,0,0,29017.15075412021,28436.34924587979,28944.130033402813,29088.07567747447,28800.184389331156,127.43383608014003,45212,41022.23912355913,58391.03802800804,-985.270762738774,0,0,0,0
1781106900,28783.75,28869.75,28735.5,28855,1,0,0,0,29061.63105739734,28543.61894260266,28942.711063053794,29086.437655823374,28798.984470284213,127.92070493155859,29456,37166.826082372754,61533.358685338695,918.0238072232755,0,0,1,0
1781107200,28856.25,28896.75,28797.5,28830,0,1,0,0,29085.55919615467,28608.69080384533,28941.415223423333,29084.672510457756,28798.15793638891,125.87279743644727,33369,35900.88405491517,55750.239123559135,162.45573820300297,0,0,0,0
1781107500,28830,28854.25,28759.25,28781.5,0,1,0,0,29039.751396429336,28573.748603570664,28940.03117522566,29083.280080581866,28796.782269869454,123.66759761955818,25478,32426.58936994345,53851.32608237276,-848.1086935186868,0,0,0,1
1781107800,28781.75,28782.75,28712.25,28729,0,1,0,0,28962.554868112955,28532.445131887045,28938.164494194792,29082.021683587434,28794.30730480215,119.86991207530401,24979,29944.0595799623,48639.88405491517,-2200.7591715458566,0,0,0,0
1781108100,28727.75,28773.5,28709.5,28743.25,1,0,0,0,28947.31880610489,28535.68119389511,28936.719841832204,29081.023690868355,28792.415992796054,115.87920406992517,19735,26541.039719974866,44916.08936994345,-1080.3457828472292,0,0,0,0
1781108400,28744.25,28764.5,28702.25,28710.75,0,1,0,0,28932.572819954537,28534.177180045463,28935.169482142028,29080.066203133272,28790.272761150783,112.04854663635909,19838,24306.69314664991,39811.5595799623,-1613.305704066494,0,0,0,0
1781108700,28711,28763.5,28707,28741.5,1,0,0,0,28925.621189957787,28544.878810042213,28934.022127381162,29079.276973438216,28788.767281324108,108.08079330519058,15741,21451.46209776661,36460.03971997487,-232.8490183722438,0,0,0,0
1781109000,28741.75,28807,28703.75,28804.5,1,0,0,0,28968.6036049608,28542.1463950392,28932.85217064066,29078.232130012657,28787.472211268665,107.73573664053411,19711,20871.308065177738,32177.193146649915,1221.8749056197657,0,0,1,0
1781109300,28804.75,28851.5,28768,28827.75,1,0,0,0,29010.506918892173,28608.993081107827,28931.798990041974,29076.945359291967,28786.65262079198,106.00461259478168,24811,22184.538710118493,31306.962097766605,1915.4024874357892,0,0,0,0
1781109600,28828.25,28846,28733.75,28752.75,0,1,0,0,29005.676067542732,28574.073932457268,28930.692766161155,29075.902593276052,28785.48293904626,106.45071169515441,19921,21430.025806745663,33276.80806517774,564.0424486184047,0,0,0,0
1781109900,28752.75,28752.75,28663.75,28698.25,0,1,0,0,28910.556348432536,28505.943651567464,28928.629010883185,29074.761968313058,28782.496053453313,105.20423228835766,25633,22831.017204497108,32145.038710118497,-757.847472468934,0,0,0,1
1781110200,28697.5,28761.25,28673.25,28714.5,1,0,0,0,28917.213037830214,28517.286962169786,28926.993544257683,29073.7411413654,28780.245947149964,103.97535855347496,21771,22477.678136331404,34246.52580674566,42.00457590824317,0,0,1,0
1781110500,28714.25,28724,28670,28717.5,1,0,0,0,28874.608535128056,28519.391464871944,28925.68506012173,29072.990452444592,28778.37966779887,100.40569008536961,16668,20541.118757554268,33716.517204497104,392.5666460792604,0,0,0,0
1781110800,28717.5,28780.75,28695,28762.5,1,0,0,0,28929.78828261891,28545.96171738109,28924.403505714312,29071.95882585728,28776.848185571343,99.35885507927178,20430,20504.079171702844,30811.6781363314,1589.902966017095,0,0,0,0
1781111100,28765.25,28767.25,28670.25,28679.25,0,1,0,0,28916.03554814613,28521.46445185387,28922.58218073248,29070.860892546658,28774.3034689183,99.19036543075235,24031,21679.719447801897,30756.118757554264,-457.95515147614196,0,0,0,1
1781111400,28679,28684.75,28628.25,28647.5,0,1,0,0,28828.961580421405,28484.038419578595,28920.4120617516,29070.039893133264,28770.784230369933,96.14105361427004,23474,22277.812965201265,32519.579171702848,-1351.2713520153516,0,0,0,0
1781111700,28647.25,28673.5,28625.75,28644.5,0,1,0,0,28812.526824677017,28486.723175322983,28918.681501386764,29069.396060353618,28767.96694241991,92.68454978467932,18603,21052.875310134175,33416.719447801894,-939.7878147375136,0,0,0,0
1781112000,28644.5,28681.75,28628.25,28675,1,0,1,0,28816.578480057233,28493.421519942767,28917.089275396836,29068.683630313353,28765.49492048032,89.88565337148793,18260,20121.916873422782,31579.312965201265,482.3772449805074,0,0,1,0
1781112300,28675.25,28698.75,28648.75,28689,1,0,0,0,28829.305017196002,28518.194982803998,28915.553786427794,29067.85685706834,28763.25071578725,87.03667813066737,19119,19787.61124894852,30182.87531013417,1153.8510089629747,0,0,0,0
1781112600,28689,28693.75,28625,28660.25,0,1,0,0,28822.34573025343,28496.40426974657,28913.830784785023,29067.055978635628,28760.605590934418,85.7304868356197,20111,19895.407499299014,29681.41687342278,407.4646576345003,0,0,0,0
1781112900,28660.5,28669.25,28626.5,28634.25,0,1,0,0,28793.240678092472,28502.509321907528,28912.283753890344,29066.425764155952,28758.141743624736,82.66045206164686,17180,18990.271666199344,29843.11124894852,-405.16313061841583,0,0,0,1
1781113200,28633.5,28660,28617.5,28623,0,1,0,0,28779.687772514437,28497.812227485563,28910.705464155104,29065.82721563279,28755.583712677417,79.7918483429578,17103,18361.181110799564,28485.407499299014,-469.9900817226294,0,0,0,0
1781113500,28623.25,28785.25,28616.25,28766.5,1,0,0,0,28914.495788763405,28487.004211236595,28908.744176931912,29064.23285566471,28753.255498199112,86.16385917560368,31842,22854.787407199707,27541.771666199347,2417.105959476139,0,0,1,0
1781113800,28765.25,28773.75,28687.25,28745.25,0,1,0,0,28903.031803851733,28557.968196148267,28907.264684127815,29062.90725175707,28751.622116498558,86.18786923448913,26283,23997.524938133138,34282.18111079956,1643.3373092065758,0,0,0,0
1781114100,28744.75,28794,28735,28779.25,1,0,0,0,28920.368817862323,28608.631182137677,28906.386365562765,29061.919517306873,28750.853213818657,84.24587857488277,19745,22580.016625422093,35996.28740719971,2658.9018919826794,0,0,0,0
1781114400,28779.25,28833,28760,28827,1,0,0,0,28958.16390230073,28634.83609769927,28905.66859910857,29060.870086742612,28750.467111474525,83.44260153381971,22467,22542.34441694806,33870.02493813314,3764.7427799420816,0,0,0,0
1781114700,28827,28830.75,28751.25,28754,0,1,0,0,28955.49148070782,28626.50851929218,28904.82668434652,29059.85583677056,28749.797531922482,83.16098713854687,20830,21971.56294463204,33813.51662542209,1458.1983130520207,0,0,0,0
1781115000,28754.5,28803,28753.5,28780.5,1,0,0,0,28924.13494637155,28632.36505362845,28904.22641369295,29059.128159010983,28749.32466837492,80.75663091436495,15062,19668.37529642136,32957.344416948064,2111.1095507446316,0,0,0,0
1781115300,28781.25,28810,28705.5,28723.75,0,1,0,0,28933.67887877358,28581.82112122642,28903.15716601815,29058.075108370856,28748.239223665445,82.45258584905316,21538,20291.583530947573,29502.562944632038,769.5557228306338,0,0,0,0
1781115600,28723.75,28764,28696.75,28732.5,1,0,0,0,28886.050030289753,28574.699969710247,28902.066809724583,29057.095603974354,28747.038015474813,81.36668685983508,20271,20284.722353965048,30437.37529642136,1033.416206540788,0,0,0,0
1781115900,28733,28740.5,28704,28713.5,0,1,0,0,28857.742885269057,28586.757114730943,28901.229781772734,29056.39450000707,28746.065063538397,78.161923512704,14721,18430.1482359767,30427.083530947573,253.3426700230823,0,0,0,0
1781116200,28713.5,28717,28673.5,28687.25,0,1,0,0,28830.529107749837,28559.970892250163,28900.05555141291,29055.568294955996,28744.54280786982,75.68607183322514,18189,18349.765490651134,27645.22235396505,-677.1582601133366,0,0,0,1
1781116500,28688,28691.25,28632.5,28655,0,1,0,0,28802.96452862485,28520.78547137515,28898.627409863766,29054.77469433343,28742.4801253941,74.47635241656621,19309,18669.510327100757,27524.648235976703,-1418.8555307742918,0,0,0,0
1781116800,28655.25,28679.5,28633.5,28661.25,1,0,0,0,28788.163490865933,28524.836509134067,28897.51584698943,29054.15380137759,28740.87789260127,72.44232724395434,15094,17477.673551400505,28004.265490651138,-808.1337664467592,0,0,0,0
1781117100,28661,28664,28627.75,28630.5,0,1,0,0,28768.785741518364,28522.964258481636,28896.414172490575,29053.61416021144,28739.21418476971,69.85716101224331,14075,16343.449034267003,26216.510327100757,-1603.8729040317544,0,0,0,0
1781117400,28630.75,28636.75,28578.5,28616.5,0,1,1,0,28740.292117124198,28474.957882875802,28894.204816743073,29052.78427469621,28735.625358789937,69.02807808279736,25554,19413.632689511334,24515.173551400505,-1715.5037558771592,0,0,0,0
1781117700,28616.25,28625.5,28575.25,28607.5,0,1,0,0,28727.030180186754,28473.719819813246,28892.668317954543,29052.2312544484,28733.105381460686,67.68678679116898,17521,18782.75512634089,29120.449034267003,-1493.4739831977022,0,0,0,0
1781118000,28607,28653,28569.5,28618.25,1,0,0,0,28756.224453030558,28466.275546969442,28890.848397259226,29051.468768410665,28730.228026107787,68.8163020203712,21815,19793.503417560594,28174.132689511334,-738.5132723690676,1,0,0,0
1781118300,28618.75,28668.75,28598,28641.75,1,0,0,0,28772.181634956945,28494.568365043055,28889.369295700224,29050.68756841001,28728.05102299044,68.9544233046304,19542,19709.668945040397,29690.25512634089,203.32829942237117,0,0,1,0
1781118600,28641.75,28643.25,28578.25,28594.25,0,1,0,0,28746.257946745736,28475.242053254264,28887.922195085892,29050.09523438436,28725.749155787424,68.6719644971568,17226,18881.7792966936,29564.503417560598,-812.091953862951,0,0,0,1
1781118900,28594.25,28598,28526,28544.5,0,1,0,0,28701.364521978183,28422.635478021817,28885.775319178563,29049.59695642193,28721.953681935196,68.90968131878846,22029,19930.8528644624,28322.6689450404,-1882.0586972871006,0,0,0,0
1781119200,28544.5,28546.25,28501.75,28533.5,0,1,0,0,28646.99919897974,28401.00080102026,28883.672808578925,29049.29206842675,28718.053548731103,67.16613265316072,20076,19979.235242974933,29896.279296693596,-1776.2048785977763,0,0,0,0
1781119500,28532.25,28559,28493.5,28546.75,1,0,0,0,28659.570684766903,28392.929315233097,28881.426415056747,29048.867447927874,28713.98538218562,67.04712317793495,22082,20680.156828649957,29968.852864462402,-750.7732212096134,1,0,0,0
1781119800,28546.5,28621.5,28525.25,28605,1,0,0,0,28725.19956442641,28421.55043557359,28879.099665668815,29047.931090159414,28710.268241178215,69.1330429509396,27165,22841.77121909997,31020.235242974937,1183.9113783634311,0,0,1,0
1781120100,28606,28656.75,28589.5,28646.5,1,0,0,0,28760.247809824523,28486.002190175477,28877.550681822016,29046.98556534831,28708.115798295723,68.99853988301534,21815,22499.514146066645,34262.65682864995,2435.747284054566,0,0,0,0
1781120400,28647,28664,28591,28620,0,1,0,0,28767.9265376942,28487.0734623058,28875.775014659026,29045.926792194878,28705.623237123174,69.28435846279996,24749,23249.34276404443,33749.27121909997,1342.3339656637943,0,0,0,0
1781120700,28619.75,28629,28553.5,28597,0,1,0,0,28733.59249928747,28448.90750071253,28873.950724258888,29045.055869776064,28702.84557874171,69.72833285831425,22870,23122.895176029622,34874.01414606665,654.3295046781088,0,0,0,0
1781121000,28596.25,28663.5,28547,28616,1,0,0,0,28773.103749338366,28437.396250661634,28871.4297031684,29043.65218980865,28699.20721652815,73.06916622557752,34013,26752.93011735308,34684.342764044435,1279.5883012034437,0,0,0,0
1781121300,28616.25,28644,28524,28528.75,0,1,0,0,28758.632052957055,28409.367947042945,28868.894940359267,29042.629191071934,28695.1606896466,76.42136863803626,29892,27799.286744902052,40129.39517602962,-812.5144016149061,0,0,0,1
1781121600,28527.75,28537.75,28470.75,28508.75,0,1,1,0,28651.37262060298,28357.12737939702,28866.937783970137,29042.231302090087,28691.644265850187,75.74841373531937,19544,25047.524496601367,41698.93011735308,-983.4939207737439,0,0,0,0
1781121900,28508.75,28515,28431.75,28472.75,0,1,0,0,28629.42636198848,28317.32363801152,28865.305465069127,29042.055388760327,28688.555541377926,76.28424132565371,15095,21730.016331067578,37571.28674490205,-1208.7332183721055,0,0,0,0
1781122200,28471.5,28516.5,28471.25,28499.5,1,0,0,0,28627.60126470359,28360.14873529641,28864.38191882618,29041.872515073635,28686.891322578726,74.06750980239273,9123,17527.677554045054,32595.024496601367,-238.78404085640614,0,0,0,0
1781122500,28498,28517,28473,28499.25,0,0,0,0,28624.87974579619,28365.12025420381,28863.82294202094,29041.75671397318,28685.889170068698,71.91983053079325,5554,13536.451702696704,26291.51633106758,37.47458296626655,0,0,1,0
1781122800,28496.75,28522.5,28483.75,28517.25,1,0,0,0,28626.825835382177,28379.424164617823,28863.493168619443,29041.673934983883,28685.312402255004,69.55055692145088,3390,10154.301135131136,20304.677554045054,416.3307494536757,0,0,0,0
1781123100,28517,28517.25,28480.25,28485.5,0,1,0,0,28618.08827571202,28379.41172428798,28863.21445373106,29041.61632647629,28684.81258098583,67.22551714134724,2765,7691.200756754091,15231.451702696704,332.1486125573283,0,0,0,0
1781123400,28486.5,28486.5,28453.75,28475.25,0,1,0,0,28583.644470304018,28356.605529695982,28862.75673673708,29041.55533517486,28683.9581382993,64.76298020267959,4288,6556.800504502728,11536.801135131136,344.0800958098537,0,0,0,0
1781123700,28475.75,28495.75,28465.5,28492.75,1,0,0,0,28589.19665099659,28372.05334900341,28862.45257505878,29041.50041443156,28683.404735686003,62.29776733105962,2952,5355.200336335152,9835.200756754091,646.0540207306619,0,0,0,0
1781124000,28493.5,28499,28446.75,28452,0,1,0,0,28591.370104496833,28354.379895503167,28862.050126568898,29041.451954772292,28682.648298365504,61.58006966455536,3728,4812.800224223435,8032.8005045027285,453.12925421121963,0,0,0,0
1781124300,28453.25,28459,28412.75,28433.25,0,1,1,0,28549.727597032772,28322.022402967228,28861.541281792823,29041.440447223787,28681.642116361858,60.48506468851569,4382,4669.20014948229,7219.200336335152,392.966904750431,0,0,0,0
1781124600,28433.25,28458.25,28410,28457.5,1,0,0,0,28547.666697244716,28320.583302755284,28861.230582779062,29041.424998236005,28681.03616732212,59.611131496478855,2725,4021.1334329881934,7003.800224223434,648.287441904323,0,0,0,0
1781124900,28456.25,28479.75,28450.25,28471.5,1,0,0,0,28565.94050458438,28364.05949541562,28860.98404143476,29041.391372619677,28680.576710249843,57.4603363895875,2304,3448.755621992129,6031.70014948229,835.1470048295469,0,0,0,0
1781128800,28458,28468,28377.25,28389.25,0,1,0,0,28558.132254256925,28287.117745743075,28411.5,28411.5,28411.5,60.08816950461697,10880,5925.837081328085,5173.133432988194,94.20979169518637,0,0,0,0
1781129100,28386.25,28392.5,28364,28368.5,0,1,0,0,28479.247807524287,28277.252192475713,28397.9562402451,28415.588988265274,28380.32349222493,57.83187168285861,6419,6090.2247208853905,8888.755621992128,-111.23558882000134,0,0,0,1
1781129400,28368.5,28402.75,28358.25,28401,1,0,0,0,28488.069392701123,28272.930607298877,28394.685724573897,28410.153034350744,28379.21841479705,56.879595134083,7695,6625.149813923594,9135.337081328085,626.8385600214317,0,0,1,0
1781129700,28401.75,28410.75,28385,28403.75,1,0,0,0,28492.73407893676,28303.01592106324,28395.651058089265,28409.73688812568,28381.56522805285,54.65605262450564,5769,6339.766542615729,9937.724720885391,737.6932310673834,0,0,0,0
1781130000,28404,28406,28384.75,28390,0,1,0,0,28484.404859012706,28306.345140987294,28395.43907965497,28408.798098411036,28382.080060898905,52.269906008469526,3514,5397.84436174382,9509.649813923594,562.9847086391082,0,0,0,0
1781130300,28389.5,28420.75,28377,28413.25,1,0,0,0,28498.24201194037,28299.50798805963,28396.57189937107,28409.297018175665,28383.846780566473,51.66134129357885,5473,5422.896241162546,8096.766542615729,913.9207129598916,0,0,0,0
1781130600,28412.5,28449.25,28411.5,28421.25,1,0,0,0,28525.251511087485,28335.498488912515,28400.68191659401,28416.487967279423,28384.875865908598,50.667674058323215,6130,5658.597494108364,8134.344361743819,1047.8436627105364,0,0,0,0
1781130900,28420.75,28461.75,28415,28460,1,0,0,0,28537.33176029552,28339.41823970448,28404.705545413653,28424.502535968233,28384.908554859074,50.38784019701442,4516,5277.731662738909,8487.896241162547,1372.755695069959,0,0,0,0
1781131200,28459.5,28469.75,28385,28431.25,0,1,0,0,28549.013420274412,28305.736579725588,28408.043209454838,28428.19668061118,28387.889738298494,52.84228018294196,8156,6237.154441825939,7916.597494108364,1015.6448611337105,0,0,0,0
1781131500,28431.25,28456.75,28404.75,28425,0,1,0,0,28535.9231759691,28325.5768240309,28410.7617280285,28430.816167938705,28390.707288118298,52.78211731273182,8808,7094.102961217292,9355.731662738908,873.5721119144015,0,0,0,0
1781131800,28424.5,28432,28373.75,28385,0,1,0,0,28511.759020542733,28293.990979457267,28409.57432126748,28429.13749490034,28390.011147634617,53.17268036182241,6319,6835.735307478195,10641.154441825938,448.12554529760837,0,0,0,0
1781132100,28385.5,28386.5,28328,28342,0,1,0,0,28466.829804789682,28247.670195210318,28403.96170950532,28429.18086514808,28378.742553862565,53.55320319312081,7984,7218.490204985464,10253.602961217293,-57.276017108896895,0,0,0,1
1781132400,28342.25,28376.75,28313,28367.75,1,0,1,0,28458.172318733275,28231.577681266725,28398.132418517107,28426.941571945776,28369.32326508844,54.28154582218361,10432,8289.660136656976,10827.735307478195,482.1328183262075,0,0,1,0
1781132700,28366.5,28379,28334,28337.75,0,1,0,0,28459.427867395185,28253.572132604815,28395.042947812864,28425.28865242084,28364.79724320489,53.61857826345621,6352,7643.7734244379835,12434.490204985465,144.22273490250996,0,0,0,0
1781133000,28338.25,28346,28278.75,28289.5,0,1,0,0,28427.88837686696,28196.86162313304,28386.224856861772,28425.517539275206,28346.93217444834,54.59225124463791,10655,8647.515616291988,11465.660136656976,-477.1441389674578,0,0,0,1
1781133300,28289.75,28383.5,28264.25,28355,1,0,0,0,28472.31599280503,28175.43400719497,28380.448273099566,28420.93517799812,28339.961368201013,59.21066187002092,13642,10312.343744194659,12971.273424437983,448.43275566705506,0,0,1,0
1781133600,28356.25,28397.75,28306,28329,0,1,0,0,28490.052350461814,28213.697649538186,28376.226170256657,28416.013152728305,28336.43918778501,61.53490030787657,16207,12277.229162796439,15468.515616291988,44.88488220402587,0,0,0,0
1781133900,28328.5,28406,28328.5,28397.75,1,0,0,0,28500.0128968574,28234.4871031426,28376.330716173867,28414.33206774162,28338.329364606114,62.67526457159967,13377,12643.819441864292,18415.84374419466,1292.885093034287,0,0,0,0
1781134200,28398.5,28405.5,28350,28377.25,0,1,0,0,28498.744118510444,28256.755881489556,28376.411707336043,28413.16528487435,28339.658129797735,62.162745673628265,10530,11939.212961242862,18965.729162796437,797.6165910768625,0,0,0,0
1781134500,28377.75,28411.75,28377,28391,1,0,0,0,28502.05703861684,28286.69296138316,28377.07229353973,28413.245733322718,28340.898853756746,60.20469241122625,6650,10176.141974161908,17908.819441864292,1006.0865445684924,0,0,0,0
1781134800,28391.5,28447.25,28382.5,28423.25,1,0,0,0,28538.044035858493,28291.705964141507,28378.961126110924,28415.303132955833,28342.619119266015,60.52935723899581,8272,9541.427982774605,15264.212961242862,1312.0950999672846,0,0,0,0
1781135100,28423.5,28425.25,28375,28397.25,0,1,0,0,28514.942676154315,28285.307323845685,28379.998460520488,28415.675058088822,28344.321862952154,59.79511743621039,9621,9567.951988516403,14312.141974161907,698.0409785965037,0,0,0,0
1781135400,28396.75,28406,28380.25,28390,0,1,0,0,28492.044985000437,28294.205014999563,28380.360466229788,28415.55898459423,28345.161947865345,57.36332333362394,5787,8307.634659010935,14351.927982774603,522.6261908212623,0,0,0,0
1781135700,28389.5,28392.25,28351.5,28364.25,0,1,0,0,28476.514986071834,28267.235013928166,28379.97078745662,28414.60168632493,28345.339888588307,56.17665738122223,7077,7897.42310600729,12461.451988516403,106.13671399267332,0,0,0,0
1781136000,28365,28416.25,28336,28345.5,0,1,0,0,28503.09427278099,28249.15572721901,28379.12660222563,28412.866975629775,28345.386228821488,57.89618185399207,12798,9530.948737338193,11846.134659010935,-114.19993162206197,0,0,0,1
1781136300,28344.75,28385.5,28335,28348.75,1,0,0,0,28471.551824725204,28248.948175274796,28378.01410549401,28411.280788422286,28344.747422565735,57.36788315013549,10975,10012.299158225462,14296.423106007289,81.28912414510125,0,0,1,0
1781136600,28348,28402.75,28335.5,28391,1,0,0,0,28489.860622959117,28248.389377040883,28377.955270737948,28410.60497561662,28345.305565859275,58.07374863941153,8567,9530.532772150307,15018.448737338193,673.6610766771349,0,0,0,0
1781136900,28391.5,28571.5,28391.5,28522.5,1,0,0,0,28671.72772131918,28291.27227868082,28388.483056424022,28434.23672615632,28342.729386691724,66.81848087945356,22954,14005.021848100205,14295.799158225462,2208.203362370261,0,0,0,0
1781137200,28523,28546.5,28489.25,28508.5,0,1,0,0,28645.70252693924,28390.04747306076,28394.357153605844,28446.349557372076,28342.364749839613,66.1350179594926,12469,13493.014565400137,21007.532772150305,1575.2836203635152,0,0,0,0
1781137500,28507.75,28512.5,28467.25,28483.5,0,1,0,0,28609.464846443578,28370.285153556422,28397.374633694013,28451.12011200858,28343.629155379447,64.64323096238599,8949,11978.34304360009,20239.521848100205,894.189555972385,0,0,0,0
1781137800,28483,28520.25,28467.75,28484,1,0,0,0,28615.913785983324,28372.086214016676,28400.81334941019,28456.41087104541,28345.21582777497,63.775857322215565,10600,11518.89536240006,17967.514565400135,802.8153555795986,0,0,0,0
1781138100,28483,28488.25,28425.75,28454.75,0,1,0,0,28583.777086984515,28330.222913015485,28403.239739753055,28458.777251736465,28347.702227769645,63.68472465634302,13163,12066.930241600041,17278.343043600093,144.0004723029329,0,0,0,0
1781138400,28454.25,28488,28439.25,28443.75,0,1,0,0,28581.92693791419,28345.32306208581,28404.525175777682,28460.0059677707,28349.044383784665,62.617958609461375,7367,10500.28682773336,18100.39536240006,16.295344134517848,0,0,0,0
1781138700,28444,28530,28443,28511.5,1,0,0,0,28626.53929949175,28346.46070050825,28407.629187899987,28464.57654924441,28350.681826555563,64.35953299449984,10967,10655.857885155574,15750.43024160004,861.8217749417475,0,0,0,0
1781139000,28511.75,28556,28499.5,28533.5,1,0,0,0,28651.69720667091,28403.80279332909,28410.601761762067,28469.91397421701,28351.289549307126,63.798137780607,7966,9759.238590103716,15983.786827733362,1033.2045420229156,0,0,0,0
1781139300,28534.5,28565.5,28532.75,28549.75,1,0,0,0,28657.87062048013,28440.37937951987,28413.13711696405,28474.772764920508,28351.501469007595,61.58041365342079,6088,8535.492393402477,14638.857885155574,1143.9418264378917,0,0,0,0
1781139600,28550.5,28635,28549.25,28620.75,1,0,0,0,28729.960219017266,28454.289780982734,28419.566130455496,28489.13719097827,28349.995069932724,63.30681267817645,11761,9610.661595601652,12803.238590103716,1866.0009826734859,0,0,0,0
1781139900,28620.25,28648.25,28603,28643.75,1,0,0,0,28741.27556051603,28509.97443948397,28425.233788522713,28501.9200814289,28348.547495616527,62.01704034402099,9469,9563.441063734435,14415.992393402477,1997.9078347382329,0,0,0,0
1781140200,28643.25,28718,28639,28712.75,1,0,0,0,28812.845163336315,28544.154836663685,28434.55793699195,28524.30549443143,28344.81037955247,63.230108890876636,12939,10688.627375822956,14345.161595601654,2699.7800413289992,0,0,0,0
1781140500,28712.5,28727.25,28688,28722,1,0,0,0,28819.52586595515,28595.72413404485,28442.4418825045,28542.21436957133,28342.669395437668,61.517243970099734,10726,10701.084917215305,16032.941063734434,2426.578277405516,0,0,0,0
1781140800,28721.75,28749.25,28688.5,28742.75,1,0,0,0,28841.443661244066,28596.306338755934,28449.84750534614,28558.22915904364,28341.46585164864,61.46244082937833,10107,10503.05661147687,16051.627375822958,2271.3687977114423,0,1,0,0
1781141100,28743.25,28763.5,28729,28753.5,1,0,0,0,28852.804828298064,28639.695171701936,28455.53522059709,28570.38402092568,28340.686420268496,59.536552198708456,7531,9512.371074317913,15754.584917215305,2010.8042031093305,0,1,0,0
1781141400,28752.5,28759,28707.5,28710.25,0,1,0,0,28847.443769133915,28619.056230866085,28460.786832809586,28580.471190171917,28341.102475447256,58.96251275594357,7847,8957.247382878608,14268.55661147687,968.2247779120898,0,0,0,0
1781141700,28710.75,28756.25,28696.25,28734.25,1,0,0,0,28844.80492848149,28607.69507151851,28466.31024425862,28590.727890011098,28341.892598506143,59.03661898766189,8487,8800.498255252405,13435.87107431791,1029.7747580530058,0,0,0,0
1781142000,28734.25,28744.5,28700.25,28707.25,0,1,0,0,28831.47064787567,28613.27935212433,28470.016440920608,28597.16913227623,28342.863749564985,57.980431917114615,6174,7924.998836834937,13200.747382878608,405.660091617533,0,0,0,0
1781142300,28707.75,28714.5,28687.25,28693,0,1,0,0,28798.178101598838,28603.571898401162,28473.383239481966,28602.559041420776,28344.207437543155,55.78540106589214,6261,7370.332557889958,11887.498255252405,-70.44660440587768,0,0,0,1
1781142600,28693.25,28700,28663.75,28677.25,0,1,0,0,28781.58502291321,28582.16497708679,28476.597941364525,28607.29658295944,28345.89929976961,54.39001527547127,6697,7145.888371926639,11055.498836834937,-417.3989937682229,0,0,0,0
1781142900,28677.25,28677.75,28632.75,28643.25,0,1,0,0,28758.32894984798,28552.17105015202,28479.60776286205,28611.153826334925,28348.061699389178,53.7192998986519,7560,7283.925581284426,10718.832557889958,-956.6543748848071,0,0,0,0
1781143200,28644,28697.75,28634.75,28693,1,0,0,0,28779.323310573123,28553.176689426877,28483.544284590014,28616.624570780983,28350.463998399046,54.382207048748185,9012,7859.95038752295,10925.888371926638,-192.87896325662246,0,0,0,0
1781143500,28693,28694.25,28648.75,28662.25,0,1,0,0,28774.871645532185,28568.128354467815,28486.07997980576,28619.98217874831,28352.17778086321,53.747763688123314,6226,7315.300258348633,11789.925581284426,-624.0642798281256,0,0,0,0
1781143800,28662.25,28662.5,28622,28623.25,0,1,0,0,28741.702242279887,28542.797757720113,28488.148425918476,28622.26753177728,28354.02932005967,52.80149485325736,6354,6994.866838899089,10972.95038752295,-1151.0532635613472,0,0,0,0
1781144100,28623.25,28647,28616.25,28626,1,0,0,0,28723.839582117038,28539.410417882962,28489.77089516924,28623.968290065164,28355.573500273316,51.22638807802469,5335,6441.577892599393,10492.300258348634,-952.1934969890813,0,0,0,0
1781144400,28626,28631,28570,28579.5,0,1,0,0,28708.886754822965,28492.113245177035,28491.541538069094,28625.26536708737,28357.817709050818,51.92450321530864,8086,6989.7185950662615,9662.366838899088,-1408.1875197656266,0,0,0,0
1781144700,28578.5,28589.25,28550.5,28558.25,0,1,0,0,28665.725200907036,28474.024799092964,28492.77448447365,28625.726502950405,28359.8224659969,50.983467271358016,7976,7318.479063377507,10484.577892599393,-1582.4008519111787,0,0,0,0
1781145000,28558,28582.5,28533,28548.25,0,1,0,0,28658.816257985105,28456.683742014895,28493.950322493918,28625.902074692644,28361.998570295193,50.87750532340387,9341,7992.652708918338,10977.71859506626,-1494.3850651019357,0,0,0,0
1781145300,28548.75,28587,28543.75,28579.5,1,0,0,0,28662.499025271885,28468.250974728115,28495.08036876899,28626.37235409314,28363.788383444844,50.332683514589306,7398,7794.435139278892,11988.979063377508,-744.2891120825946,0,0,0,0
1781145600,28579.5,28603.25,28568.5,28572,0,1,0,0,28677.07945203818,28494.67054796182,28496.32154107482,28627.068277533228,28365.57480461641,49.21963469211864,7284,7624.290092852595,11691.652708918338,-770.2516117202599,0,0,0,0
1781145900,28572.25,28595.5,28563,28590.25,1,0,0,0,28667.53806260688,28490.96193739312,28497.27231884709,28627.61204869597,28366.932588998214,48.025375071253016,5614,6954.193395235064,11436.435139278892,-345.6436056345822,0,0,0,0
1781146200,28590.25,28604.25,28572.5,28590,0,1,0,0,28674.544272420673,28502.205727579327,28498.228133592143,28628.220224767047,28368.23604241724,46.86284828044923,5389,6432.4622634900425,10431.290092852596,-293.5426368769907,0,0,0,0
1781146500,28589.5,28648.5,28589.5,28635.5,1,0,0,0,28720.094681533483,28517.905318466517,28500.144126007224,28630.066436997717,28370.221815016732,47.729787688988566,7961,6941.974842326695,9648.693395235063,338.897079534381,0,0,1,0
1781146800,28635.25,28671.25,28635.25,28658.25,1,0,0,0,28741.587918566805,28564.912081433195,28502.024307196487,28632.263379141437,28371.785235251537,46.89194571120367,6452,6778.649894884463,10412.962263490042,656.0549283841256,0,0,0,0
1781147100,28658.25,28662.75,28623.5,28636.25,0,1,0,0,28732.269138669177,28553.980861330823,28503.46366068544,28633.786540276473,28373.140781094407,46.34609244611769,5565,6374.099929922975,10167.974842326694,228.83008153411367,0,0,0,0
1781147400,28636,28640.75,28588.75,28605.5,0,1,0,0,28710.87491447852,28518.62508552148,28504.622106694824,28634.72292587673,28374.52128751292,46.74994298568071,5808,6185.3999532819835,9561.149894884464,-148.1299429612113,0,0,0,1
1781147700,28605.25,28627.75,28591.5,28593,0,1,0,0,28696.749920587197,28522.500079412803,28505.556902559787,28635.400048402145,28375.71375671743,45.999947058132086,5147,5839.266635521322,9278.099929922975,-297.59234319020266,0,0,0,0
1781148000,28593.25,28618.75,28581.25,28615.75,1,0,0,0,28686.839211973827,28513.160788026173,28506.521409863428,28636.102881366773,28376.939938360083,45.392807982551226,5350,5676.177757014215,8758.899953281983,48.23663714822686,0,0,1,0
1781148300,28615.75,28623,28594.25,28622,1,0,0,0,28689.306053975695,28527.943946024305,28507.322763943095,28636.743925598726,28377.901602287464,44.20403598379757,4190,5180.78517134281,8514.266635521322,113.57108955777483,0,0,0,0
1781148600,28621.5,28668.5,28617.75,28662.75,1,0,0,0,28735.507407263147,28550.742592736853,28509.133234577166,28638.714204363438,28379.552264790895,44.67160484209774,7178,5846.523447561874,7771.177757014215,629.232007712021,0,0,0,0
1781148900,28664,28675.25,28643.75,28674.5,1,0,0,0,28740.846163887207,28578.153836112793,28510.331120539384,28640.124969450386,28380.537271628382,43.73077592480505,4385,5359.348965041249,8769.78517134281,633.9154514361262,0,0,0,0
1781149200,28673.75,28693.25,28670,28685.25,1,0,0,0,28756.65179503812,28606.59820496188,28511.820430045667,28642.034444084296,28381.60641600704,42.26786335874755,4953,5223.899310027499,8039.0234475618745,726.2834286676468,0,0,0,0
1781149500,28684.75,28694,28671.5,28684.5,0,1,0,0,28755.283809678254,28610.216190321746,28512.654055354233,28643.097760415843,28382.210350292622,40.855873118837,2802,4416.599540018333,7835.848965041248,563.1281205428371,0,0,0,0
1781149800,28685.5,28738,28683,28717.25,1,0,0,0,28800.799251844095,28620.200748155905,28514.712094380837,28646.04419422752,28383.379994534153,41.866167896062926,5991,4941.3996933455555,6624.899310027499,754.4657667728835,0,0,0,0
1781150100,28718.25,28745.5,28713,28737.75,1,0,0,0,28807.29573385523,28651.20426614477,28515.805949615373,28647.70705132202,28383.904847908725,41.197155903487,2946,4276.26646223037,7412.099540018333,746.1430258953329,0,0,0,0
1781150400,28739,28744.5,28717.75,28718.25,0,1,0,0,28804.747824294143,28657.502175705857,28516.985254025672,28649.454680888382,28384.515827162963,40.16521619609507,3290,3947.5109748202467,6414.399693345555,327.7788537996728,0,0,0,0
1781150700,28718.5,28740,28714,28730.25,1,0,0,0,28798.730122558845,28655.269877441155,28517.948976615593,28650.879590107877,28385.01836312331,39.15341503923114,2700,3531.6739832134976,5921.26646223037,339.26989388807124,0,0,0,0
1781151000,28730.5,28733.75,28716,28721,0,1,0,0,28790.18689951893,28659.56310048107,28518.909671359834,28652.268670320882,28385.550672398786,37.62459967928606,2776,3279.7826554756653,5297.510974820247,91.70898755626172,0,0,0,0
1781151300,28721.75,28727.5,28704,28727,1,0,0,0,28782.423549553292,28649.076450446708,28520.176001149433,28654.0593755055,28386.292626793365,36.61569970219419,3775,3444.8551036504437,4919.673983213498,108.3395114839991,0,0,0,0
1781151600,28727.25,28757.75,28719,28727.25,0,0,0,1,28812.9022245852,28663.8477754148,28522.41047858062,28657.363458082324,28387.457499078915,36.76814972346603,6295,4394.903402433629,5167.282655475666,41.804270444538474,0,0,0,0
1781151900,28728,28756,28726.5,28743.25,1,0,0,0,28810.373494257685,28672.126505742315,28523.852532707937,28659.525376452628,28388.179688963246,36.24899617178989,3996,4261.935601622419,6592.355103650443,181.6015566163568,0,0,0,0
1781152200,28742.25,28761.25,28734,28734,0,1,0,0,28814.659316096422,28680.590683903578,28525.01054538189,28661.25452573931,28388.76656502447,35.60621073094776,3230,3917.9570677482793,6392.903402433629,7.983644496219881,0,0,0,0
1781152500,28733.75,28776.5,28731.25,28772.5,1,0,0,0,28830.942579232393,28676.807420767607,28526.78425203538,28664.029165706776,28389.539338363986,36.295052821594346,4649,4161.6380451655195,5876.935601622419,332.9053771673068,0,0,0,0
1781152800,28772.75,28807.75,28763.5,28790.75,1,0,0,0,28863.044895001505,28708.205104998495,28529.081164407253,28667.873439673596,28390.28888914091,36.8632633343376,5480,4601.092030110346,6242.457067748279,430.67862639001623,0,0,0,0
1781153100,28790.75,28803.5,28777,28781,0,1,0,0,28857.68454535854,28722.81545464146,28530.436222533026,28670.114566926262,28390.75787813979,36.12303023902778,3281,4161.061353406897,6901.638045165519,184.11812751435332,0,0,0,0
1781153400,28780.75,28785,28760.25,28781,0,0,0,0,28837.96600640436,28707.28399359564,28532.045450643367,28672.66380683849,28391.427094448245,35.31067093624008,4132,4151.374235604598,6241.592030110345,99.298772156116,0,0,0,0
1781153700,28780.75,28783.75,28764.5,28775.25,0,1,0,0,28834.99522023262,28713.25477976738,28533.08283589532,28674.289635114365,28391.876036676273,34.16348015508007,2703,3668.5828237363985,6227.061353406896,-47.129621384042935,0,0,0,1
1781154000,28775.75,28781.5,28735.25,28744.75,0,1,0,0,28834.040204501718,28682.709795498282,28535.330341488636,28677.553546950465,28393.107136026807,35.02680300114578,6498,4611.721882490932,5502.874235604598,-503.27772918312724,0,0,0,0
1781154300,28744.75,28745.25,28717.25,28739.75,0,1,0,0,28797.037332751595,28665.462667248405,28536.58021822981,28679.22345352734,28393.936982932282,34.524888501063934,4039,4420.814588327288,6917.5828237363985,-529.7920698657472,0,0,0,0
1781154600,28740,28745.25,28720.5,28729,0,1,0,0,28795.99002326934,28669.75997673066,28537.514794424464,28680.451663327527,28394.5779255214,33.82668217955937,3093,3978.2097255515255,6631.221882490932,-609.1893547990444,0,0,0,0
1781154900,28729.75,28748.75,28719.25,28729.25,0,0,0,0,28799.026450178673,28668.973549821327,28538.581035016807,28681.84950074531,28395.312569288304,33.51763345244799,3550,3835.4731503676835,5967.314588327288,-546.0157090866605,0,0,0,0
1781155200,28728.25,28744.75,28726.5,28737.5,1,0,0,0,28793.39063230877,28677.85936769123,28539.40884429583,28682.94574156456,28395.871947027103,32.42708820584456,2729,3466.648766911789,5753.2097255515255,-354.9166959618759,0,0,0,0
1781155500,28736.75,28740.5,28714.5,28734.25,0,1,0,0,28788.452015715284,28666.547984284716,28540.39246921138,28684.207032028946,28396.577906393813,31.968010476855664,3385,3439.432511274526,5199.973150367684,-357.3806471950959,0,0,0,0
1781155800,28734.5,28744.25,28712,28740.25,1,0,0,0,28792.232228878478,28664.017771121522,28541.81206951592,28686.033266461447,28397.590872570392,31.988152585651687,4885,3921.288340849684,5159.148766911789,-244.34113779243884,0,0,0,0
1781156100,28741,28748.5,28724.75,28741,0,0,0,0,28795.59956967287,28677.65043032713,28542.752735660404,28687.265046147877,28398.24042517293,31.399713115247994,3178,3673.525560566456,5881.932511274526,-232.4116415753926,0,0,0,0
1781156400,28741,28753,28732.5,28742.5,1,0,0,0,28798.931743267665,28686.568256732335,28543.63190635559,28688.431601547767,28398.83221116341,30.621162178444568,2929,3425.350373710971,5510.288340849684,-200.9033276685002,0,0,0,0
1781156700,28743.25,28750.25,28729.75,28738.75,0,1,0,0,28795.09733303426,28684.90266696574,28544.359719409153,28689.38096430783,28399.338474510474,29.898222022841384,2483,3111.2335824739807,5138.025560566456,-245.2521950520902,0,0,0,0
1781157000,28738.75,28748.75,28729.75,28734.75,0,1,0,0,28792.429666388958,28686.070333611042,28545.27930933949,28690.565751673294,28399.992867005687,29.119777592638428,3194,3138.822388315987,4666.850373710971,-291.684883859969,0,0,0,0
1781157300,28733.25,28755.25,28726.25,28747,1,0,0,0,28798.916833075462,28682.583166924538,28546.303069045818,28691.905143012784,28400.700995078852,29.111222050307113,3499,3258.8815922106583,4708.23358247398,-108.17715122509173,0,0,0,0
1781157600,28746.5,28749.25,28719,28719.75,0,1,0,0,28793.038844998642,28675.211155001358,28548.086548638523,28694.088732351847,28402.0843649252,29.192563332428033,6644,4387.254394807105,4888.322388315987,-666.6037221914114,0,0,0,0
1781157900,28719.75,28734,28688.25,28706.5,0,1,0,0,28779.562856070166,28642.687143929834,28550.21767859064,28696.419490455628,28404.015866725655,30.375237380111745,9118,5964.1695965380695,6580.881592210658,-812.9661636644278,0,0,0,0
1781158200,28706.75,28753,28704,28746.5,1,0,1,0,28800.55836635087,28656.44163364913,28552.051246826813,28698.669205554248,28405.43328809938,31.70557756724662,6944,6290.77973102538,8946.254394807103,-148.25625427466474,0,0,0,0
1781158500,28747.25,28770.75,28745.75,28751.75,1,0,0,1,28817.58991161152,28698.91008838848,28553.39157604054,28700.45374787691,28406.32940420417,31.22660774101472,4615,5732.186487350254,9436.16959653807,-57.06225995509202,0,0,0,0
1781158800,28752,28775.5,28742.75,28751.75,0,0,0,0,28822.5031322107,28695.7468677893,28554.72621352267,28702.221305136707,28407.231121908633,31.335421473799386,4643,5369.124324900169,8598.27973102538,-63.79513131887995,0,0,0,0
1781159100,28752.25,28767,28744,28750,0,1,0,0,28813.110051338506,28697.889948661494,28555.79842896223,28703.614899950273,28407.981957974185,30.740034225670858,3832,4856.749549933446,8053.686487350254,-100.7722229148403,0,0,0,0
1781159400,28750.25,28755.25,28727.25,28730,0,1,0,0,28801.066476242897,28681.433523757103,28556.89678870546,28704.937317134685,28408.856260276236,30.544317495265798,4324,4679.166366622298,7285.124324900169,-389.14656291448364,0,0,0,0
1781159700,28730.25,28770.5,28727.75,28763.75,1,0,0,0,28817.624227939836,28680.625772060164,28558.11021604724,28706.49746120304,28409.722970891442,31.41615195988967,4431,4596.444244414865,7018.749549933446,-0.7035477056316211,0,0,0,0
1781160000,28764,28778.25,28758,28763.25,0,1,0,1,28824.17785451556,28712.07214548444,28558.996735724413,28707.68788967885,28410.305581769975,30.61856967704041,3075,4089.2961629432434,6894.666366622298,-21.36053927293375,0,0,0,0
1781160300,28763.25,28779.25,28754.5,28767.75,1,0,0,0,28824.54907919302,28709.20092080698,28559.924248225583,28708.93019131699,28410.918305134175,30.199386128680377,3235,3804.5307752954955,6133.944244414865,27.994489818360847,0,0,1,0
1781160600,28768.75,28788,28763.75,28783.75,1,0,0,0,28832.66164496495,28719.08835503505,28560.581551207233,28709.843874478156,28411.31922793631,29.77442997663178,2190,3266.353850196997,5706.796162943243,140.14583337993142,0,0,0,0
1781160900,28782.5,28797,28777.5,28791.25,1,0,0,0,28840.56081318174,28733.93918681826,28561.1776616463,28710.69873370196,28411.65658959064,29.04054212115808,1909,2813.902566797998,4899.530775295496,183.756058284639,0,0,0,0
1781161200,28790.75,28818,28786,28804.5,1,0,0,0,28861.87789795447,28742.12210204553,28562.947828282897,28713.338728861923,28412.55692770387,29.251931969646787,5388,3671.9350445319988,4220.853850196997,355.2481463090818,0,0,0,0
1781161500,28803.5,28805.5,28766.75,28798.75,0,1,0,0,28850.39554810058,28721.85445189942,28564.41413600767,28715.42022981188,28413.408042203457,29.930365400386304,4774,4039.2900296879993,5507.902566797999,219.73956065147456,0,0,0,0
1781161800,28799.25,28807.5,28763.5,28787.75,0,1,0,0,28853.90300895054,28717.09699104946,28566.005456613962,28717.629154696304,28414.38175853162,30.935339300358713,5349,4475.860019792,6058.935044531999,31.25521162849128,0,0,0,0
1781162100,28788,28825.5,28780,28816.75,1,0,0,0,28873.463508311215,28732.036491688785,28567.58850835962,28719.96518361743,28415.211833101806,31.97567220747595,4922,4624.573346528,6713.790029688,301.4661982939348,0,0,0,0
1781162400,28817,28868.5,28815.5,28866.5,1,0,0,0,28918.716114860414,28765.283885139586,28569.977199420686,28723.898170127602,28416.05622871377,33.47740990694195,6399,5216.048897685333,6936.8600197920005,789.3352437006487,0,0,0,0
1781162700,28866.5,28866.5,28826,28848.75,0,1,0,0,28917.468535227526,28775.031464772474,28571.769127058287,28726.79107526356,28416.747178853013,33.97902348501753,4927,5119.699265123555,7824.073346527999,416.22163751408107,0,0,0,0
1781163000,28848.5,28862.5,28840.25,28848.25,0,1,0,0,28912.211854139845,28790.538145860155,28572.934908358595,28728.673850421186,28417.195966296003,33.14123609323056,3202,4480.466176749037,7679.548897685332,308.87115513186296,0,0,0,0
1781163300,28848,28867,28846.5,28848.25,0,0,0,0,28915.357435987,28798.142564013,28573.97801935229,28730.364025125884,28417.592013578695,32.238290657999805,2851,3937.3107844993583,6720.699265123556,225.8480954932313,0,0,0,0
1781163600,28848.25,28864.75,28835.5,28859.75,1,0,0,0,28912.787261987927,28787.462738012073,28575.19888735044,28732.32706914333,28418.07070555755,32.02484132528553,3371,3748.540522999572,5905.966176749038,277.99661225974097,0,0,0,0
1781163900,28859.75,28866.25,28838,28840.25,0,1,0,0,28913.882814703076,28790.367185296924,28576.11976868535,28733.779202174595,28418.4603351961,31.755209802050846,2611,3369.3603486663815,5622.810784499358,24.340358213119316,0,0,0,0
1781164200,28841,28853,28831.75,28840.75,0,0,0,0,28899.507256509998,28785.242743490002,28577.03328169953,28735.18807796192,28418.878485437137,31.00483767333293,2670,3136.240232444254,5054.040522999572,-16.045416962212016,0,0,0,1
1781164500,28841.5,28848.25,28834.5,28844.5,1,0,0,0,28892.90852390214,28789.84147609786,28577.686735534888,28736.193325233653,28419.180145836122,29.772349268094864,1917,2729.826821629503,4704.3603486663815,-6.558277742639689,0,0,0,0
1781164800,28844.5,28907.5,28839.25,28870,1,0,0,0,28956.281129337705,28790.468870662295,28580.41228849346,28740.684825436387,28420.13975155053,32.520752891802374,7271,4243.551214419668,4094.740232444254,217.44674993466822,0,0,1,0
1781165100,28869.25,28917,28865,28914,1,0,0,0,28967.86819152787,28814.13180847213,28582.483664555726,28744.270663077477,28420.696666033975,33.91212768524506,5148,4545.034142946445,6365.326821629502,559.7806278433914,0,0,0,0
1781165400,28914,28928,28901.75,28915.75,1,0,0,0,28978.047249275878,28851.702750724122,28584.108903404704,28747.158617637408,28421.059189172,33.3648328505847,3883,4324.35609529763,6817.551214419667,442.5653602789789,0,0,0,0
1781165700,28915,28917.5,28889.25,28915,0,0,0,0,28966.999231470458,28839.750768529542,28585.749086240154,28749.99764715854,28421.500525321768,32.9994876469715,4055,4234.57073019842,6486.534142946446,319.55872939268056,0,0,0,0
1781166000,28915.25,28923.25,28892,28917.75,1,0,0,0,28972.561786365426,28842.688213634574,28587.29569279968,28752.673899764104,28421.917485835253,32.87452424361639,3817,4095.380486798947,6351.85609529763,245.76796510693077,0,0,0,0
1781166300,28918.5,28933,28898.25,28905.5,0,1,0,0,28982.512730196464,28848.737269803536,28588.653026804997,28755.010893404087,28422.295160205907,33.00848679764379,3367,3852.586991199298,6143.07073019842,36.665470916245056,0,1,0,0
1781166600,28905.75,28919.75,28895.5,28914.25,1,0,0,0,28968.324320896718,28846.925679103282,28590.069209449503,28757.41841581198,28422.720003087026,32.38288059781209,3570,3758.3913274661986,5778.8804867989475,102.14279117684146,0,0,0,0
1781166900,28914,28935,28909.75,28920.5,1,0,0,0,28982.81008368981,28861.93991631019,28591.59550691301,28760.061517068447,28423.129496757574,31.8733891265398,3743,3753.2608849774656,5637.586991199298,127.7418334236445,0,0,0,0
1781167200,28922,28924,28905,28912.5,0,1,0,0,28970.43079199768,28858.56920800232,28592.831534758232,28762.14987911998,28423.513190396483,30.953861331786957,3132,3546.1739233183102,5629.891327466198,-90.2477397321021,0,0,0,1
1781167500,28913.25,28920.5,28897,28897.75,0,1,0,0,28966.132163997845,28851.367836002155,28593.926360865302,28763.952375049943,28423.90034668066,30.421442665230746,2873,3321.78261554554,5319.260884977465,-298.2997109899192,0,0,0,0
1781167800,28897.75,28914.5,28888.75,28900.5,1,0,0,0,28959.631652283715,28843.618347716285,28595.21861116749,28766.048225837436,28424.388996497542,30.08776818914284,3460,3367.85507703036,4982.67392331831,-252.81824809540112,0,0,0,0
1781168100,28900.5,28914.75,28897.5,28910,1,0,0,0,28958.50617712059,28853.74382287941,28596.02277326995,28767.36453481807,28424.68101172183,29.17078474706121,2125,2953.5700513535735,5051.7826155455405,-138.6397454742329,0,0,0,0
1781168400,28910.25,28922.25,28907,28913.25,1,0,0,0,28964.51466446912,28864.73533553088,28596.957884445874,28768.912336574453,28425.003432317295,28.17644297941398,2432,2779.713367569049,4430.35507703036,-109.66855314400681,0,0,0,0
1781168700,28913,28920,28884,28887.25,0,1,0,0,28963.102902721326,28840.897097278674,28598.372347836932,28771.14820421686,28425.596491457003,28.73526848088441,3918,3159.1422450460327,4169.570051353573,-393.93783584876996,0,0,0,0
1781169000,28887.25,28893.5,28872.25,28882.75,0,1,0,0,28935.800909669804,28829.949090330196,28599.644991138466,28773.07607943453,28426.213902842403,28.200606446535524,3736,3351.4281633640217,4738.713367569049,-433.7493061957939,0,0,0,0
1781169300,28881.5,28892,28869.5,28883,1,0,0,0,28933.690130407675,28827.809869592325,28600.91440851024,28774.980648497196,28426.848168523287,27.79342027178299,3778,3493.6187755760143,5027.142245046032,-365.0623979885356,0,0,0,0
1781169600,28883.5,28886.75,28860,28873.5,0,1,0,0,28928.328335378555,28818.421664621445,28601.99479213049,28776.55758788025,28427.43199638073,27.71889025236992,3339,3442.079183717343,5240.428163364021,-447.6393777660999,0,0,0,0
1781169900,28873.5,28886.75,28861.5,28873.25,0,1,0,0,28928.063811422944,28820.186188577056,28602.87761564751,28777.841652655694,28427.913578639327,27.542540948629213,2744,3209.3861224782286,5163.118775576015,-396.9746538042378,0,0,0,0
1781170200,28873.75,28876.5,28857,28871.75,0,1,0,0,28916.95211060702,28816.54788939298,28603.67847491073,28778.984224927604,28428.372724893852,26.96807373801284,2556,2991.590748318819,4814.079183717343,-375.0064107487787,0,0,0,0
1781170500,28872,28882,28864,28881,1,0,0,0,28921.491245563662,28824.508754436338,28604.477495262658,28780.143399398927,28428.81159112639,26.327497042440495,2497,2826.7271655458794,4487.386122478229,-212.36448285018386,0,0,0,0
1781170800,28881,28894,28875.5,28884.25,1,0,0,0,28932.652585166255,28836.847414833745,28605.50877724054,28781.669785590864,28429.347768890213,25.7683901108376,3141,2931.4847770305864,4240.090748318819,-143.82103968494783,0,0,0,0
1781171100,28883.75,28907.75,28876.25,28887,1,0,0,0,28947.01668622581,28836.98331377419,28606.80689214665,28783.609935919652,28430.00384837365,26.17779081720634,3906,3256.3231846870576,4397.22716554588,-100.93155810688069,0,0,0,0
1781171400,28888,28895.25,28875.25,28884,0,1,0,0,28933.854780066824,28836.645219933176,28607.558451367735,28784.711506116124,28430.405396619346,25.736520044548744,2323,2945.2154564580383,4884.484777030586,-146.87998048276916,0,0,0,0
1781171700,28883.75,28896.5,28876,28877.5,0,1,0,0,28934.543724347765,28837.956275652235,28608.44865964845,28786.00598459447,28430.891334702428,25.362482898509548,2783,2891.1436376386923,4417.823184687058,-219.43333186992092,0,0,0,0
1781172000,28877.5,28908,28875.75,28896.25,1,0,0,0,28946.78167260864,28836.96832739136,28609.879839448044,28788.132176997144,28431.627501898944,25.854448405758866,4353,3378.4290917591284,4336.715456458039,40.85307025698387,0,0,1,0
1781172300,28896.75,28916.75,28896.5,28900.25,1,0,0,0,28954.957981708023,28858.292018291977,28611.134233802004,28790.03814531366,28432.230322290347,25.471987805347517,3705,3487.2860611727524,5067.643637638693,74.94135066809716,0,0,0,0
1781172600,28900.5,28912,28883.5,28896.25,0,1,0,0,28950.53241158602,28844.96758841398,28612.24517601949,28791.685853816205,28432.804498222773,25.68827439067984,3392,3455.524040781835,5230.929091759129,-5.617837171627912,0,0,0,1
1781172900,28896.25,28904,28877.5,28881.25,0,1,0,0,28942.61938218702,28838.88061781298,28613.028059906388,28792.81223248811,28433.243887324665,25.746254791345567,2491,3134.01602718789,5183.286061172753,-156.32289001084794,0,0,0,0
1781173200,28882,28902,28880.5,28897,1,0,0,0,28940.164426316518,28842.335573683482,28613.820109072174,28793.965101813512,28433.675116330836,25.442950877678026,2484,2917.34401812526,4701.024040781835,17.57706716567654,0,0,1,0
1781173500,28897.75,28898.5,28873.75,28877,0,1,0,0,28936.590181579624,28835.659818420376,28614.893403606788,28795.4777586555,28434.309048558076,25.393454386415307,3516,3116.896012083507,4376.01602718789,-281.11157818403007,0,0,0,1
1781173800,28877,28914,28877,28912.5,1,0,0,0,28953.333740038222,28837.666259961778,28616.04703397629,28797.177419591917,28434.916648360664,26.222493358814212,3569,3267.5973413890047,4675.34401812526,76.78013215508628,0,0,1,0
1781174100,28912.5,28912.75,28890.5,28894.25,0,1,0,0,28951.65811574978,28851.59188425022,28616.804868637184,28798.283190843624,28435.326546430744,25.938743833184624,2377,2970.731560926003,4901.396012083507,-137.52122435823037,0,0,0,1
1781174400,28894.25,28901.75,28885.25,28891.5,0,1,0,0,28939.64682176765,28847.35317823235,28617.487942401207,28799.259671736443,28435.71621306597,25.264547845100008,2203,2714.8210406173353,4456.097341389004,-162.4124246832726,0,0,0,0
1781174700,28891.75,28894.25,28882.5,28892.5,1,0,0,0,28930.698834498533,28846.051165501467,28617.969390415383,28799.940219496388,28435.998561334378,24.299222999021435,1577,2335.547360411557,4072.231560926003,-137.56367328318902,0,0,0,0
1781175000,28892,28906.25,28888.5,28895.75,1,0,0,0,28941.99713203435,28852.75286796565,28618.60023231591,28800.847303975872,28436.353160655945,23.831421356234188,2022,2231.0315736077046,3503.3210406173353,-85.62684433885907,0,0,0,0
1781175300,28895.75,28899,28875.5,28878.75,0,1,0,0,28934.711622603325,28839.788377396675,28619.445991263317,28802.017670695033,28436.8743118316,23.80774840221746,2853,2438.354382405136,3346.547360411557,-277.0345870940966,0,0,0,0
1781175600,28878.5,28879.5,28847.75,28849,0,1,0,0,28916.06257813166,28811.18742186834,28621.28258664651,28804.347417063316,28438.217756229704,24.375052087773355,6935,3937.2362549367576,3657.5315736077046,-843.1894847320605,0,0,0,0
1781175900,28849.25,28862,28811.5,28814,0,1,0,0,28901.361679693684,28772.138320306316,28622.85999996705,28806.119024831303,28439.6009751028,26.241119795789547,6909,4927.824169957838,5905.854382405137,-1146.42610009231,0,0,0,0
1781176200,28814.25,28845.25,28814,28840,1,0,0,0,28885.14834542985,28774.10165457015,28623.793448351018,28807.178589636023,28440.408307066013,26.59889695323315,4061,4638.882779971892,7391.736254936757,-617.1741326460503,0,0,0,0
1781176500,28840,28848.5,28834.75,28841.75,1,0,0,0,28887.021677899145,28796.228322100855,28624.63255402344,28808.161034996752,28441.104073050126,25.681118599430786,3536,4271.255186647928,6958.3241699578375,-453.82512751238147,0,0,0,0
1781176800,28842,28846.5,28828.75,28833,0,1,0,0,28884.171915192066,28791.078084807934,28625.45568390423,28809.099246608537,28441.812121199924,25.114610128042873,3588,4043.5034577652855,6406.882779971892,-530.9675876620227,0,0,0,0
1781177100,28832.75,28869.5,28819.25,28853,1,0,0,0,28909.864992678344,28778.885007321656,28626.94548117822,28810.865670154024,28443.025292202416,26.90999511889695,6233,4773.335638510191,6065.255186647928,-182.7112046324512,0,0,0,0
1781177400,28853.75,28897.75,28848.25,28879.25,1,0,0,0,28940.535350344177,28805.464649655823,28629.037796670058,28813.581049791497,28444.49454354862,28.5235668961186,7891,5812.5570923401265,7160.003457765286,248.63127042020548,0,0,1,0
1781177700,28879.25,28904.25,28866.25,28876.75,0,1,0,0,28948.05068246245,28822.44931753755,28630.428825388928,28815.41468660886,28445.442964168997,29.200454974967272,5166,5597.038061560084,8718.83563851019,184.18456431642502,0,0,0,0
1781178000,28876.5,28894.25,28862.25,28885.75,1,0,0,0,28938.350633715134,28818.149366284866,28631.37412362657,28816.647645465866,28446.100601787275,29.400422476755324,3567,4920.358707706723,8395.557092340126,259.33044659008146,0,0,0,0
1781178300,28885.75,28899.25,28882.75,28892.25,1,0,0,0,28941.96844559262,28840.03155440738,28631.960024034415,28817.43496385559,28446.48508421324,28.47896372841566,2133,3991.239138471149,7380.538061560084,300.8409635855733,0,0,0,0
1781178600,28892.75,28905.5,28879.25,28899.75,1,0,0,0,28947.979628050292,28836.770371949708,28632.724176144002,28818.469280229365,28446.97907205864,28.31975203352883,2760,3580.8260923140992,5986.858707706724,322.7796954022054,0,0,0,0
1781178900,28899.75,28909.25,28890.75,28900,1,0,0,0,28950.677511760987,28849.322488239013,28633.417125735963,28819.418531463896,28447.41572000803,27.61834117399106,2468,3209.884061542733,5371.239138471149,272.3148558521273,0,0,0,0
1781179200,28900.25,28914.75,28897.5,28908.5,1,0,0,0,28955.066618063775,28857.183381936225,28634.341433772282,28820.7054469166,28447.977420627965,26.87774537584884,3228,3215.922707695155,4814.8260923141,371.37204514539803,0,0,0,0
1781179500,28909,28910,28887.25,28902.25,0,1,0,0,28949.874359630645,28847.375640369355,28635.286999809436,28821.989953316224,28448.584046302647,26.582906420431065,3414,3281.9484717967703,4823.8840615427325,209.0160207258573,0,0,0,0
1781179800,28902.25,28902.25,28885.5,28898.75,0,1,0,0,28941.070833942744,28846.679166057256,28635.814731699764,28822.695288117317,28448.93417528221,25.880555961828843,1948,2837.298981197847,4922.922707695156,132.18663127158447,0,0,0,0
1781180100,28899.75,28900,28870.5,28873.25,0,1,0,0,28939.20863151826,28831.29136848174,28636.94277386451,28824.130956872392,28449.754590856628,26.13908767884107,4435,3369.8659874652312,4255.94847179677,-267.88229145411265,0,0,0,1
1781180400,28872.75,28878.5,28713.75,28775,0,1,0,0,28932.55980069553,28659.69019930447,28640.38850839451,28826.824002228284,28453.953014560735,36.03986713035242,22361,9700.243991643489,5054.798981197847,-1465.5475692430468,0,0,0,0
1781180700,28774.75,28806.75,28733,28750.5,0,1,0,0,28864.85017207442,28674.89982792558,28642.11324928014,28827.80151662911,28456.42498193117,38.73344804961296,14038,11146.16266109566,14550.365987465233,-1617.9320855942356,0,0,0,0
1781181000,28750.5,28805,28638.25,28687.5,0,1,0,0,28876.81623121196,28566.43376878804,28643.62688181493,28827.51546832458,28459.73829530528,47.8774874746406,22750,15014.108440730439,16719.24399164349,-2105.26201446242,0,0,0,0
1781181300,28688.25,28735,28672.25,28728.5,1,0,0,0,28808.40971469682,28598.84028530318,28644.998120647284,28827.283002188517,28462.71323910605,48.939809797880564,20985,17004.405627153625,22521.16266109566,-412.999908284614,0,0,0,0
1781181600,28728.5,28781.5,28708.25,28751.5,1,0,0,0,28857.514377932763,28632.235622067237,28646.86999196573,28827.99450157869,28465.74548235277,50.676251955174806,19521,17843.270418102416,25506.608440730437,279.95246193322066,0,0,1,0
1781181900,28752,28803.75,28732.75,28787.25,1,0,0,0,28881.941922366135,28654.558077633865,28648.212746076686,28828.85287327335,28467.57261888002,52.12794824409089,11312,15666.180278734944,26764.905627153625,794.698360671716,0,0,0,0
1781182200,28786.25,28818.5,28774.75,28799.5,1,0,0,0,28895.794285054268,28697.455714945732,28649.606257231866,28829.97433315213,28469.2381813116,51.529523369512965,10132,13821.45351915663,23499.270418102416,969.1770780018473,0,0,0,0
1781182500,28798.5,28826.75,28778,28813.5,1,0,0,0,28903.746478978963,28701.003521021037,28651.131591308556,28831.275613437654,28470.98756917946,51.330985985976326,10691,12777.969012771087,20732.180278734944,1125.4711295838983,0,0,0,0
1781182800,28812,28815.5,28772.5,28796.75,0,1,0,0,28891.603873337608,28696.396126662392,28652.81659391729,28832.56922273813,28473.06396509645,50.73591555840659,13005,12853.646008514059,19166.953519156632,501.68679516207555,0,0,0,0
1781183100,28796.5,28796.5,28756,28762.5,0,1,0,0,28871.533953813494,28680.966046186506,28653.903972762928,28833.189893884653,28474.618051641202,50.022635875663255,10247,11984.76400567604,19280.46901277109,-385.78289923849127,0,0,0,1
1781183400,28763,28796.25,28757.25,28777,1,0,0,0,28870.102957112533,28683.397042887467,28655.013411131255,28833.86669853829,28476.160123724218,49.23530474168731,10200,11389.842670450693,17977.146008514057,47.07605837042385,0,0,1,0
1781183700,28777.25,28786.75,28763.25,28771.25,0,1,0,0,28857.845603033064,28692.154396966936,28655.95084886561,28834.40637626468,28477.49532146654,47.39706868870964,8994,10591.228446967129,17084.76400567604,-160.82596537137135,0,0,0,1
1781184000,28770.75,28795.75,28767.75,28788.5,1,0,0,0,28864.76734567356,28698.73265432644,28656.76994635656,28834.94647680875,28478.593415904368,46.01156378237324,7334,9505.48563131142,15886.842670450693,324.2020158137533,0,0,1,0
1781184300,28788,28788,28744.25,28752.75,0,1,0,0,28856.828606696876,28675.421393303124,28658.066171289363,28835.517191325114,28480.615151253613,45.885737797918004,14345,11118.657087540947,14258.228446967129,-807.3183369624572,0,0,0,1
1781184600,28753.25,28783,28671,28686.5,0,1,0,0,28858.9122776471,28595.0877223529,28661.040656629884,28834.116550195988,28487.96476306378,50.60818509806672,65822,29353.104725027297,16677.98563131142,-4327.429080422835,0,0,0,0
1781184900,28687.25,28783.5,28663.75,28700.75,1,0,0,0,28866.820329243736,28580.429670756264,28664.31079855401,28832.66139834693,28495.960198761088,55.54688616249052,77607,45437.73648335153,44029.657087540945,-2653.7419176129624,0,0,0,0
1781185200,28700,28766.75,28651,28739,1,0,0,0,28856.520662869185,28561.229337130815,28667.110857092703,28831.530069881184,28502.69164430422,59.84710857945549,70496,53790.490988901016,68156.6047250273,140.83140942459795,1,0,1,0
1781185500,28737.25,28891,28706.5,28815.75,1,0,0,0,28994.1263298071,28603.3736701929,28674.213366694603,28837.18593669572,28511.240796693484,68.75088653806581,74994,60858.32732593401,80685.73648335153,3185.602393872102,0,0,0,0
1781185800,28816.5,29014.75,28816.25,28968.75,1,0,0,0,29131.831591963735,28699.168408036265,28684.768539195124,28852.400753711947,28517.1363246783,78.05439464248968,61585,61100.55155062267,91287.49098890102,7087.890610574275,0,0,0,0
1781186100,28968.5,29009.5,28877.5,28900.75,0,1,0,1,29132.361478252038,28754.638521747962,28692.613976042787,28863.07019417261,28522.157757912963,81.90765216802613,50108,57436.36770041512,91650.827325934,3356.8708663534067,0,0,0,0
1781186400,28900.5,29048.75,28893.25,29039.25,1,0,0,0,29179.49637266261,28762.50362733739,28702.817710476294,28878.99774221792,28526.637678734667,87.16424844173855,54765,56545.91180027674,86154.55155062268,7308.092707099757,0,0,0,0
1781186700,29039.25,29039.5,28950.5,28968.25,0,1,0,0,29170.443060329566,28819.556939670434,28711.711060444162,28892.00245074743,28531.419670140895,87.29537355304294,52388,55159.9412001845,84818.86770041511,1949.8658314217519,0,0,0,0
1781187000,28968.25,28978.75,28827.75,28843,0,1,0,0,29116.51855602031,28689.98144397969,28717.8884254758,28897.762962397068,28538.013888554535,91.84570401353986,62366,57561.960800123,82739.91180027675,-3367.390471153886,0,0,0,1
1781187300,28841.75,28882.25,28751.5,28760.75,0,1,0,0,29024.18687344743,28609.56312655257,28720.557018354662,28898.001162556826,28543.1128741525,94.62458229828701,59520,58214.64053341533,86342.9412001845,-6281.464155862017,0,0,0,0
1781187600,28761.25,28921,28753.75,28884.25,1,0,0,0,29070.718168201187,28604.031831798813,28724.279559459617,28900.57649801862,28547.982620900613,99.81211213412364,51781,56070.093688943554,87321.960800123,-1562.2129223067368,0,0,0,0
1781187900,28884,28931.5,28791.25,28870.5,0,1,0,0,29085.55079904396,28637.19920095604,28727.567203685518,28903.07038208104,28552.064025289994,102.70053269597194,44259,52133.0624592957,84105.14053341534,-1686.9041603126602,0,0,0,0
1781188200,28870.75,28901.75,28799,28835.25,0,1,0,0,29055.806099112247,28644.943900887753,28729.696776705012,28904.312465878822,28555.0810875312,102.70406607483109,34743,46336.3749728638,78199.59368894355,-2505.29025499597,0,0,0,0
1781188500,28835.75,28942,28824,28871,1,0,0,0,29097.694949175657,28668.305050824343,28732.64370821186,28906.770443123358,28558.516973300364,103.79663278377173,38686,43786.2499819092,69504.5624592957,-938.6143641990448,0,0,0,0
1781188800,28870.5,28917.25,28816.5,28818.75,0,1,0,0,29072.61852423454,28661.13147576546,28734.24097543818,28907.724661592092,28560.75728928427,103.57901615635946,26851,38141.16665460613,65679.37497286379,-2039.4232538452452,0,0,0,0
1781189100,28819.25,28844.25,28766.25,28790.5,0,1,0,0,28996.877915360645,28613.622084639355,28735.411718947504,28907.57290057171,28563.250537323296,101.75194357376235,35829,37370.44443640409,57211.7499819092,-2867.629378131586,0,0,0,0
1781189400,28789.5,28815.75,28741.5,28760.25,0,1,0,0,28965.431278549167,28591.818721450833,28735.954089824187,28906.909793911058,28564.998385737315,99.78751903277931,30018,34919.62962426939,56055.66665460613,-3392.9948356622676,0,0,0,0
1781189700,28759.5,28760.75,28606.25,28649.25,0,1,0,0,28916.29333008137,28450.70666991863,28734.516982367215,28903.803685543695,28565.230279190735,103.6955533875808,47249,39029.41974951293,52379.44443640409,-5857.152279683967,0,0,0,0
1781190000,28649,28699,28577.5,28678,1,0,1,0,28856.450949361275,28420.049050638725,28732.617044682207,28900.415240994145,28564.81884837027,104.96729957418218,49185,42414.61316634195,58544.12962426939,-3549.0774419518384,0,0,0,0
1781190300,28679,28762.75,28639.75,28720,1,0,0,0,28922.133024406896,28480.366975593104,28732.167352207372,28898.48999543362,28565.844708981123,106.25534960459774,39179,41336.075444227965,63621.91974951293,-1518.3155372296355,0,0,0,0
1781190600,28718.5,28795.5,28710.25,28766,1,0,0,0,28952.632451234975,28553.117548765025,28732.529456754062,28897.674284655634,28567.38462885249,104.75496748998361,32054,38242.050296151974,62004.11316634195,599.6075080305429,0,0,1,0
1781190900,28767,28838.75,28747.75,28781,1,0,0,0,28994.408704718193,28592.091295281807,28733.41108436121,28897.415459471315,28569.406709251107,103.77246981212764,35109,37197.70019743465,57363.07544422796,1150.172547208718,0,0,0,0
1781191200,28781,28861.5,28771,28830.5,1,0,0,0,29015.736654381177,28616.763345618823,28734.603420439867,28897.803597105485,28571.40324377425,102.82443625411852,31127,35174.13346495643,55796.550296151974,2684.5859486098793,0,0,0,0
1781191500,28830.5,28854.25,28752.5,28757.75,0,1,0,0,29008.371536211092,28598.378463788908,28735.296293098698,28897.550413272835,28573.04217292456,102.74769080739577,29966,33438.08897663762,52761.20019743465,299.63028365054583,0,0,0,0
1781191800,28758.25,28814.5,28740.75,28804,1,0,0,0,28965.514640767444,28589.735359232556,28736.00572947396,28897.24099658534,28574.77046236258,100.67642717829608,32601,33159.059317758416,50157.13346495643,2271.2118627255977,0,0,0,0
1781192100,28804,28885.5,28796.25,28855.25,1,0,0,0,29035.290380712628,28646.459619287372,28737.352080507502,28898.048899395813,28576.65526161919,99.8602538084178,29200,31839.372878505612,49738.58897663762,3537.731845830964,0,0,0,0
1781192400,28855.5,28907.75,28791.75,28816.75,0,1,0,0,29059.269639233153,28640.230360766847,28738.527642724446,28898.658525007635,28578.396760441257,101.01309282210225,27897,30525.248585670408,47759.059317758416,2091.576531954746,0,0,0,0
1781192700,28816.75,28869.75,28789.75,28827.25,1,0,0,0,29019.018236430784,28640.481763569216,28739.47188188447,28899.029054710893,28579.914709058048,99.51215762052352,25402,28817.499057113604,45787.872878505616,2088.2627455372804,0,0,0,0
1781193000,28828,28837.75,28781.5,28805.25,0,1,0,0,28982.383005257157,28636.866994742843,28740.02641309347,28899.057122025453,28580.995704161487,96.42200350477185,19789,25807.99937140907,43226.24858567041,1004.4085154124452,0,0,0,0
1781193300,28805.75,28876.25,28773.25,28858,1,0,0,0,29021.58779059593,28627.91220940407,28741.034785687403,28899.52823056282,28582.541340811986,96.89186039728816,26076,25897.332914272713,38711.99905711361,2111.09059918864,0,0,0,0
1781193600,28858.25,28916.25,28826.25,28855.25,0,1,0,1,29060.849376981936,28681.650623018064,28742.291240027105,28900.477093229852,28584.105386824358,96.39958465462472,25180,25658.221942848475,38845.99937140907,1675.2956092637044,0,0,0,0
1781193900,28855,28914.75,28835,28897.5,1,0,0,0,29057.5654929118,28692.1845070882,28743.53103955359,28901.561284989813,28585.500794117364,95.2103286078658,22341,24552.481295232315,38487.332914272716,2507.3292424291467,0,0,0,0
1781194200,28897.25,28968.5,28886.25,28951.75,1,0,0,0,29109.926886275243,28744.823113724757,28745.45248434206,28903.84680356365,28587.058165120467,94.2845908501611,25529,24877.98753015488,36828.721942848475,3639.564390454128,0,0,0,0
1781194500,28952.5,28975.5,28914.25,28942.25,0,1,0,0,29113.38746582701,28776.36253417299,28747.278807388473,28906.078240334275,28588.47937444267,91.92497721800673,23679,24478.325020103253,37316.98129523232,2573.1704167851312,0,0,0,0
1781194800,28942.25,28957,28874,28877.25,0,1,0,0,29093.93121826794,28737.06878173206,28748.604190441758,28907.37001310009,28589.838367783424,91.28747884529196,22134,23696.883346735503,36717.48753015488,427.85263714208975,0,0,0,0
1781195100,28878,28892,28840.75,28845.5,0,1,0,0,29024.641488391655,28708.108511608345,28749.5178338196,28907.945002350323,28591.090665288873,88.42765892777109,21585,22992.922231157,35545.32502010326,-981.2877281047527,0,0,0,1
1781195400,28845.75,28960.5,28822.25,28922.5,1,0,0,0,29098.479596363683,28684.270403636317,28751.08293846135,28909.439914802944,28592.725962119755,91.98639757578745,27195,24393.614820771334,34489.3833467355,584.6738524203921,0,0,1,0
1781195700,28922.5,28968,28884.5,28895.75,0,1,0,0,29105.07033948056,28747.42966051944,28752.602323161962,28911.01445916059,28594.190187163334,91.38022632037406,24584,24457.076547180888,36590.422231157005,-303.85753641807287,0,0,0,1
1781196000,28896.25,28906,28864.25,28885,0,1,0,0,29037.75281523195,28732.49718476805,28753.39960372821,28911.66638393401,28595.132823522406,87.83521015463306,16164,21692.717698120592,36685.614820771334,-695.0239106539835,0,0,0,0
1781196300,28885,28903,28855.25,28871.5,0,1,0,0,29030.45797128681,28727.79202871319,28754.15670543545,28912.229830510685,28596.083580360213,84.97198085787355,16610,19998.47846541373,32539.076547180888,-1041.1392070822674,0,0,0,0
1781196600,28872.25,28877,28798.75,28804.5,0,1,0,0,29003.737759052037,28672.012240947963,28754.698084128322,28912.304473471464,28597.09169478518,84.49183936802544,20306,20100.985643609154,29997.717698120592,-2528.2800754397663,0,0,0,0
1781196900,28803.75,28814.75,28765,28769.25,0,1,0,0,28937.76541911975,28641.98458088025,28754.864798237835,28912.021230937757,28597.708365537914,82.01027941316647,16134,18778.657095739436,30151.478465413733,-3121.7572886307134,0,0,0,0
1781197200,28770.75,28810.5,28712.25,28731.5,0,1,0,0,28935.255389182625,28587.494610817375,28754.83461402887,28911.302007484413,28598.367220573327,83.17025945508315,24188,20581.771397159624,28167.985643609154,-3440.3682581646394,0,0,0,0
1781197500,28730.75,28796.25,28725,28785.75,1,0,0,0,28919.72821852672,28601.52178147328,28754.93947462672,28910.83138902462,28599.04756022882,82.31881235114864,20607,20590.18093143975,30872.657095739436,-1270.6223699368147,0,0,0,0
1781197800,28785.75,28808.75,28735,28744,0,1,0,0,28931.3101314891,28612.4398685109,28754.991046194293,28910.357445057965,28599.62464733062,81.7067543260666,18909,20029.7872876265,30885.271397159624,-1996.234663501094,0,0,0,0
1781198100,28744.25,28763,28683.75,28702.5,0,1,0,0,28885.296907811306,28561.453092188694,28754.68009626116,28909.457460685215,28599.902731837105,81.53127187420469,22776,20945.191525084334,30044.680931439747,-2695.7008613488033,0,0,0,0
1781198400,28702,28737,28678.5,28729.25,1,0,0,0,28856.82927153907,28558.67072846093,28754.417182532925,28908.715665108284,28600.118699957566,79.88618102604721,18806,20232.127683389557,31417.787287626503,-1294.296095176986,0,0,0,0
1781198700,28728.75,29093.25,28721.75,29087,1,0,0,0,29244.32360928628,28570.67639071372,28757.46982846304,28912.73514201076,28602.20451491532,100.7157395241867,41372,27278.75178892637,30348.191525084338,2786.536512400582,0,0,1,0
1781199000,29087,29264.25,29085.25,29208,1,0,0,0,29423.711208622975,28925.788791377025,28767.96428085675,28935.003260464633,28600.92530124887,106.30747241531621,72470,42342.50119261758,40918.12768338955,6949.662653868068,0,0,0,0
1781199300,29207,29223,29128,29180,0,1,0,0,29381.249693721333,28969.750306278667,28772.511159606685,28944.06587679006,28600.95644242331,105.4997958142222,33252,39312.33412841172,63513.75178892637,4797.8443243163365,0,0,0,0
1781199600,29180.5,29302,29159.75,29280.75,1,0,0,0,29464.18721559838,28997.56278440162,28777.313559573508,28954.48997004786,28600.137149099155,108.12481039892062,30553,36392.556085607815,58968.50119261758,5924.709474688919,0,0,0,0
1781199900,29281,29300,29181.25,29199.5,0,1,0,0,29463.325628769926,29017.924371230074,28781.810442003116,28963.687039021737,28599.933844984494,108.88375251328343,30530,34438.370723738546,54588.83412841172,2805.315507241726,0,0,0,0
1781200200,29199.25,29207.5,29117.25,29183.5,0,1,0,0,29368.82915528636,28955.92084471364,28785.473124296157,28970.331932761317,28600.614315830997,107.55277019090603,29119,32665.24714915903,51657.55608560782,1735.5663747180695,0,0,0,0
1781200500,29183.75,29221.25,29139,29214.75,1,0,0,0,29379.868144194475,28980.381855805525,28788.35613780458,28975.687349451196,28601.024926157967,105.74542946298416,22028,29119.49809943935,48997.870723738546,2110.399365769822,0,0,0,0
1781200800,29214.75,29254.75,29097,29114,0,1,0,0,29418.9400624663,28932.8099375337,28792.064097417922,28982.02461798384,28602.103576852005,109.46004164419958,31686,29974.998732959568,43679.247149159026,-283.5672545039554,0,0,0,1
1781201100,29114.25,29147.5,29068.75,29110.25,0,1,0,0,29308.399700861562,28907.850299138438,28794.914766823473,28986.370091469325,28603.45944217762,107.26646724104246,28471,29473.665821973045,44962.498099439355,-465.69899213790256,0,0,0,0
1781201400,29109.75,29183.75,29103.75,29182.25,1,0,0,0,29341.728293657165,28945.771706342835,28797.412717361298,28990.542632858072,28604.282801864523,105.31886243811086,22003,26983.443881315365,44210.49873295957,1401.0062805430375,0,0,1,0
1781201700,29182,29265.75,29172.5,29255,1,0,0,0,29422.435201253084,29015.814798746916,28800.749238497414,28996.8308933875,28604.667583607326,104.45680083538865,24700,26222.29592087691,40475.165821973045,2856.401151357118,0,0,0,0
1781202000,29254.5,29255.75,29150.75,29193,0,1,0,0,29412.493401163578,28994.006598836422,28803.954687179434,29002.469596204653,28605.439778154214,104.49560077571803,25995,26146.53061391794,39333.44388131537,771.662607951283,0,0,0,0
1781202300,29192.75,29208.25,29171.5,29187.75,0,1,0,0,29357.73494393761,29022.01505606239,28805.61266539176,29005.298613515242,28605.926717268278,99.65662929173818,13990,22094.353742611962,39219.79592087691,319.8450940786254,0,0,0,0
1781202600,29188,29240,29177.75,29187.5,0,1,0,0,29385.477090799206,29032.272909200794,28807.536907940128,29008.63227998673,28606.441535893526,96.98472719947118,15866,20018.235828407975,33141.530613917945,116.31208947961227,0,0,0,0
1781202900,29187,29214.25,29172.5,29184.5,0,1,0,0,29353.80908431355,29032.94091568645,28809.154855563636,29011.356053409247,28606.953657718026,93.0393895423661,13861,17965.823885605318,30027.353742611962,-116.53992270341087,0,0,0,1
1781203200,29183.75,29228.25,29176,29224.25,1,0,0,0,29363.438792576868,29040.811207423132,28810.655201423655,29013.95425809862,28607.35614474869,90.12586171791136,12339,16090.215923736878,26948.735828407975,672.2723746933386,0,0,1,0
1781203500,29224.25,29282,29216.25,29276.25,1,0,0,0,29414.57709310709,29083.67290689291,28813.249452769873,29018.785673546532,28607.713231993213,88.38472873806055,19198,17126.14394915792,24135.323885605318,1839.3481659801037,0,0,0,0
1781203800,29275.75,29309.5,29265,29267.25,0,1,0,1,29437.375157885155,29137.124842114845,28815.886917472817,29023.810802699052,28607.963032246582,85.25010525677051,18796,17682.762632771944,25689.215923736876,1011.9395482006216,0,0,0,0
1781204100,29266.75,29284.5,29233.75,29268.75,1,0,0,0,29408.678718036215,29109.571281963785,28818.174211443446,29027.99978379749,28608.3486390894,82.78581202414405,17151,17505.508421847964,26524.143949157915,731.6207881449982,0,0,0,0
1781204400,29268.75,29320,29265,29297.25,1,0,0,0,29441.201666747915,29143.798333252085,28821.05719632775,29033.480807428525,28608.633585226977,80.80111116527662,20403,18471.338947898643,26258.262632771948,1429.0052551154126,0,0,0,0
1781204700,29297,29308.25,29229.25,29304.25,1,0,0,0,29429.258690551636,29108.241309448364,28823.866901138717,29038.64847890022,28609.085323377214,80.67246036775687,20720,19220.892631932427,27707.008421847964,1171.91275956659,0,0,0,0
1781205000,29304,29370.75,29299.5,29360.25,1,0,0,0,29490.74914122652,29179.50085877348,28827.32517927851,29045.520479316718,28609.1298792403,79.99942748434567,22704,20381.928421288285,28831.338947898643,2461.4918394700558,0,0,0,0
1781205300,29360.25,29393,29346.75,29388,1,0,0,0,29509.38313113891,29230.36686886109,28830.634162783303,29052.278814390294,28608.98951117631,77.58875409260669,20702,20488.618947525523,30572.892631932427,2978.067575877658,0,0,0,0
1781205600,29387.75,29399.75,29372.25,29386,0,1,0,0,29510.766478914702,29261.233521085298,28833.051432029908,29057.214656534557,28608.88820752526,74.01098594313478,15004,18660.41263168368,30732.928421288285,2120.1253994189774,0,0,0,0
1781205900,29386,29444.75,29377.75,29424,1,0,0,0,29555.015301849366,29267.484698150634,28836.303988596435,29064.015239135144,28608.592738057727,73.51020123291086,19358,18892.941754455787,27990.618947525523,2528.5515575505883,0,0,0,0
1781206200,29424,29537.5,29421.25,29527.75,1,0,0,0,29652.344566002983,29306.405433997017,28842.18875692436,29077.20812328047,28607.169390568248,76.56304400198867,31225,23003.62783630386,28339.41263168368,4432.729108761102,0,0,0,0
1781206500,29527.5,29542.25,29456,29467.75,0,1,0,0,29658.132454145627,29340.117545854373,28846.257831149942,29086.05035855894,28606.465303740944,77.25496943041806,22155,22720.75189086924,34505.44175445579,1888.8109894658273,0,0,0,0
1781206800,29468,29530,29457.75,29498.5,1,0,0,0,29645.34620742094,29342.40379257906,28849.786341810275,29093.642908799287,28605.929774821263,76.89747161395962,19237,21559.501260579495,34081.12783630386,2009.3762087873683,0,0,0,0
1781207100,29498.25,29498.25,29426.5,29432.25,0,1,0,0,29613.071478319445,29311.678521680555,28853.29479173017,29100.72451752288,28605.86506593746,76.5476522129625,20728,21282.334173719664,32339.251890869244,-464.05188055770805,0,0,0,1
1781207400,29431.75,29492.25,29404,29477.5,1,0,0,0,29608.325301296627,29287.924698703373,28857.855937034194,29109.841236182,28605.870637886386,77.3835341977509,27059,23207.88944914644,31923.5012605795,635.9508517085942,0,0,1,0
1781207700,29477.5,29498,29450.5,29457,0,1,0,0,29610.873494061154,29337.626505938846,28861.921473581875,29117.929113191945,28605.913833971805,75.24899604076869,24041,23485.59296609763,34811.83417371966,-767.3993697623487,0,0,0,1
1781208000,29457.75,29488.25,29416.25,29456.75,0,1,0,0,29600.7753873425,29303.7246126575,28864.484991718764,29122.87735910268,28606.092624334848,75.01692489499949,15709,20893.395310731754,35228.389449146445,-950.6715583027249,0,0,0,0
1781208300,29457,29509.25,29457,29490.75,1,0,0,0,29619.362859675177,29346.887140324823,28865.844554321287,29125.581290846363,28606.10781779621,73.40857311678523,7955,16580.59687382117,31340.092966097633,-589.5452664939103,0,0,0,0
1781208600,29490.5,29518.25,29476,29513.5,1,0,0,0,29625.024441126952,29369.225558873048,28867.11143312966,29128.13635719734,28606.086509061977,71.18296075130057,7246,13469.064582547448,24870.895310731757,-403.31091896506723,0,0,0,0
1781208900,29513.75,29522.75,29487.25,29488,0,1,0,0,29625.70126676074,29384.29873323926,28868.06218680509,29130.03877438633,28606.085599223854,68.63417784049338,5485,10807.709721698298,20203.59687382117,-994.0387715729228,0,0,0,0
1781209200,29488,29494.25,29467,29483.75,0,1,0,0,29592.7672477064,29368.4827522936,28868.78758870706,29131.45692418857,28606.118253225548,65.678165137601,4317,8644.139814465532,16211.564582547448,-1157.8023527738426,0,0,0,0
1781209500,29484.25,29500.25,29459,29474.5,0,1,0,0,29596.149944298802,29363.100055701198,28869.459251213993,29132.760940505144,28606.157561922842,63.933296199200925,4031,7106.426542977022,12966.209721698298,-1309.548888747186,0,0,0,0
1781209800,29474.25,29487.5,29457.25,29460.5,0,1,0,0,29579.79101970603,29364.95898029397,28869.868085137114,29133.544335629103,28606.191834645124,61.52734647068657,2497,5569.951028651349,10659.639814465532,-1441.2892447051656,0,0,0,0
1781210100,29459.5,29461.75,29431.25,29431.75,0,1,0,0,29550.7166611556,29342.2833388444,28870.50485417099,29134.723275060318,28606.286433281664,59.3111074370661,4079,5072.967352434232,8354.926542977024,-1781.0196904971776,0,0,0,0
1781210400,29431.5,29435.25,29414.25,29415.25,0,1,0,0,29520.111899644486,29329.388100355514,28870.964620225113,29135.551630372738,28606.37761007749,56.574599762989955,3058,4401.311568289489,7609.451028651349,-1919.0763696271533,0,0,0,0
1781210700,29415.5,29433,29411.75,29425.25,1,0,0,0,29514.07712109845,29330.67287890155,28871.33283762062,29136.215594453824,28606.450080787414,54.05141406563353,2445,3749.2077121929924,6601.967352434232,-1690.1130323726543,0,0,0,0
1781211000,29425,29440.25,29422.25,29431.5,1,0,0,0,29517.464469591418,29345.035530408582,28871.61851050485,29136.735424429706,28606.501596579994,51.47631306094542,1872,3123.471808128662,5623.811568289489,-1533.59591704319,0,0,0,0
1781211300,29432,29444.5,29430.5,29432.25,1,0,0,0,29517.699150334887,29357.300849665113,28871.812756742023,29137.090571430308,28606.53494205374,48.79943355659218,1264,2503.647872085775,4685.207712192992,-1456.7679506213124,0,0,0,0
1781215200,29450,29506.25,29445,29482,1,0,0,0,29582.149211025255,29369.100788974745,29477.75,29477.75,29477.75,50.59947401683559,5624,3543.7652480571833,3755.4718081286624,-1109.6784632558233,0,0,0,0
1781215500,29481.75,29511.5,29469,29495,1,0,0,0,29586.531410237734,29393.968589762266,29484.02453251832,29491.02428785401,29477.024777182633,50.02094015849019,4519,3868.843498704789,5315.647872085775,-962.8324291931582,0,0,0,0
1781215800,29495,29527.5,29491,29523.25,1,0,0,0,29601.082738077897,29417.417261922103,29491.3271929171,29505.53950966417,29477.114876170028,49.05515871859804,3279,3672.228999136526,5803.265248057183,-730.1829336311101,0,0,0,0
1781216100,29524.25,29547.25,29510,29516,0,1,0,1,29619.56789964376,29437.68210035624,29500.011406931164,29519.009272779935,29481.013541082393,48.21193309584104,4776,4040.152666091017,5508.343498704789,-873.6728461458277,0,0,0,0
1781216400,29516.25,29542.25,29515.25,29518.25,1,0,0,0,29612.29519252635,29445.20480747365,29503.091956934255,29522.71656251307,29483.46735135544,46.69679501756668,2530,3536.768444060678,6060.228999136526,-867.4340164039887,0,0,0,0
1781216700,29518.25,29534.75,29514.25,29530.25,1,0,0,0,29601.988393060183,29447.011606939817,29505.0683828616,29524.935057388448,29485.20170833475,44.82559537345477,1919,2997.5122960404524,5305.152666091017,-768.2552224112196,0,0,0,0
1781217000,29530.5,29547.5,29516.75,29525.5,0,1,0,0,29613.230293555884,29451.019706444116,29507.975810329586,29528.280865293596,29487.670755365576,43.82019570392229,3001,2998.6748640269684,4496.268444060679,-833.6222355810763,0,0,0,0
1781217300,29525,29532.5,29517,29526.75,1,0,0,0,29595.19598687332,29454.30401312668,29509.107078183297,29529.206904685347,29489.007251681247,41.797324582213555,1779,2592.116576017979,4498.012296040452,-816.3066773669264,0,0,0,0
1781217600,29526.75,29558,29524.5,29550.5,1,0,0,0,29619.80698781094,29462.69301218906,29513.138005445955,29535.12707562273,29491.14893526918,41.20465854062687,3544,2909.4110506786524,3888.174864026968,-579.0248685891688,0,0,0,0
1781217900,29549.75,29582.5,29549.5,29570,1,0,0,0,29643.427917253015,29488.572082746985,29519.33140294182,29546.26758799641,29492.39521788723,40.618611502010666,3996,3271.6073671191016,4364.116576017978,-387.2132306354564,0,0,0,0
1781218200,29570.25,29587.5,29566.25,29577.75,1,0,0,0,29646.3527088778,29507.3972911222,29523.13857052532,29552.862133535433,29493.415007515207,39.23513925186705,2464,3002.4049114127342,4907.411050678653,-376.99592510753575,0,0,0,0
1781218500,29577,29580,29552.5,29559.75,0,1,0,0,29637.595372529388,29494.904627470612,29525.884753584898,29556.366459877157,29495.40304729264,38.39691501959083,2691,2898.6032742751563,4503.607367119102,-606.6523049949153,0,0,0,0
1781218800,29559.75,29565.5,29534.25,29543.5,0,1,0,0,29622.32963163443,29477.42036836557,29527.877366255143,29557.610503802138,29498.144228708148,37.88642108962006,4023,3273.402182850104,4347.904911412735,-827.6747913644247,0,0,0,0
1781219100,29543.25,29549.75,29525.25,29532.25,0,1,0,0,29605.14537223197,29469.85462776803,29528.440193995735,29557.162497898982,29499.71789009249,36.930248154647195,3399,3315.268121900069,4910.103274275156,-948.8775663993313,0,0,0,0
1781219400,29532,29545.5,29522,29543.75,1,0,0,0,29599.456417072543,29468.043582927457,29528.980454115233,29556.869190771886,29501.09171745858,35.97094471502954,3170,3266.8454146000463,4972.902182850104,-748.4054188265256,0,0,0,0
1781219700,29542.5,29562.75,29538.5,29546.75,1,0,0,0,29615.45060156736,29485.79939843264,29530.28106080183,29557.719331409822,29502.842790193838,35.13373437824172,3462,3331.8969430666975,4900.26812190007,-671.7701026163561,0,0,0,0
1781220000,29546.75,29548.75,29505.5,29512.25,0,1,0,0,29602.320201455408,29451.929798544592,29529.532956030696,29555.780999951356,29503.284912110037,35.71346763693874,5502,4055.2646287111315,4997.845414600046,-1074.5769185279505,0,0,0,0
1781220300,29512.25,29525.5,29494.5,29520.5,1,0,0,0,29578.565187065735,29441.434812934265,29528.44789486018,29554.11017278159,29502.785616938767,35.3767913771574,4332,4147.509752474088,6082.8969430666975,-874.1602152452457,0,0,0,0
1781220600,29520.5,29542.75,29520.5,29534,1,0,0,0,29594.40874513247,29468.84125486753,29528.64308809039,29553.681058737144,29503.605117443636,34.439163421646164,3311,3868.6731683160583,6221.264628711131,-624.1282018639674,0,0,0,0
1781220900,29535,29555,29533,29542.25,1,0,0,0,29605.325977623008,29482.674022376992,29529.215391809692,29553.92859395177,29504.502189667615,33.550651748671434,2713,3483.448778877372,5803.009752474088,-520.8027434601263,0,0,0,0
1781221200,29543.25,29570,29543.25,29564.75,1,0,0,0,29619.704479221364,29493.545520778636,29530.446210751685,29555.37286701487,29505.5195544885,33.13631948090919,2984,3316.965852584915,5225.173168316058,-291.4096559199222,0,0,0,0
1781221500,29564.25,29592,29563.75,29586.75,1,0,0,1,29641.180944991265,29514.569055008735,29533.322816453376,29560.202826846235,29506.442806060517,32.78729666084424,4421,3684.97723505661,4975.448778877372,3.2811943014223743,0,0,1,0
1781221800,29586.75,29593,29558,29575.5,0,1,0,0,29642.418020349032,29508.581979650968,29535.150648984312,29562.808818102698,29507.492479865927,32.945346899355364,3508,3625.984823371073,5527.465852584915,-193.80727162175333,0,0,0,1
1781222100,29576,29583.75,29562.75,29578,1,0,0,0,29631.888161752675,29514.611838247325,29536.169929546664,29564.1830374674,29508.15682162593,32.0921078351157,2134,3128.656548914049,5438.97723505661,-227.95093179969524,0,0,0,0
1781222400,29577.75,29583.25,29533.75,29567.75,0,1,0,0,29633.253293056056,29483.746706943944,29538.30727777165,29566.028832629967,29510.585722913336,33.33552870403601,7629,4628.771032609366,4692.984823371074,-418.3128459468299,0,0,0,0
1781222700,29566.5,29604.5,29566.5,29581.5,1,0,0,0,29655.003057837763,29515.996942162237,29541.307998749926,29570.407950544926,29512.208046954926,33.66870522517629,6351,5202.84735507291,6943.1565489140485,-189.76597519441248,0,0,0,0
1781223000,29581.5,29593.25,29557,29579.75,0,1,0,0,29644.029625135066,29506.220374864934,29542.74542537279,29572.09063724496,29513.400213500616,33.85308342337798,4113,4839.56490338194,7804.271032609366,-256.6296358100492,0,0,0,0
1781223300,29579.5,29579.5,29542,29563.5,0,1,0,0,29630.697151911132,29490.802848088868,29543.569658984197,29572.527303782103,29514.612014186292,34.13143460742241,4608,4762.376602254627,7259.34735507291,-475.63978663281085,0,0,0,0
1781223600,29563.75,29596,29557.25,29590,1,0,0,0,29647.691998203194,29505.558001796806,29544.8046474315,29574.05773592408,29515.55155893892,34.46133213546367,3601,4375.251068169751,7143.564903381941,-236.43939367684186,0,0,0,0
1781223900,29590.5,29619,29577.5,29609.25,1,0,0,0,29671.44614118868,29525.05385881132,29547.213175392662,29578.05810487489,29516.368245910435,34.964094125787696,4816,4522.1673787798345,6562.876602254627,-64.55187799543944,0,0,0,0
1781224200,29609.25,29639,29606.75,29638.25,1,0,0,0,29691.15534538949,29554.59465461051,29551.071105654042,29585.751964061572,29516.390247246512,34.77023025966,5727,4923.77825251989,6783.251068169751,355.8230854099761,0,0,1,0
1781224500,29638.25,29647.5,29621.25,29622.5,0,1,0,0,29698.742463575956,29570.007536424044,29553.72870427083,29590.691962765868,29516.765445775793,34.161642383970005,4156,4667.852168346593,7385.667378779835,-22.982943913144595,0,0,0,1
1781224800,29623.25,29631.75,29567.25,29591.5,0,1,0,1,29686.24300189196,29512.75699810804,29555.724479142646,29592.940962719073,29518.50799556622,36.32866792797215,6024,5119.9014455643955,7001.77825251989,-376.05126826170886,0,0,0,0
1781225100,29591,29617,29588.5,29597.25,1,0,0,0,29670.654216042534,29534.845783957466,29556.80699780193,29594.218744121936,29519.395251481925,35.76947736168842,3193,4477.600963709597,7679.852168346593,-316.4582488274451,0,0,0,0
1781225400,29597.5,29619.75,29595.25,29597.5,0,0,0,0,29672.196772039493,29542.803227960507,29557.829346496375,29595.469720986002,29520.18897200675,34.964514692996396,2941,3965.4006424730646,6716.4014455643955,-331.53921518282255,0,0,0,0
1781225700,29598,29606.25,29565,29588.75,0,1,0,0,29659.370216893818,29511.879783106182,29558.70768218047,29596.100220427765,29521.315143933174,35.41347792921094,4280,4070.267094982043,5948.100963709597,-431.81559711328356,0,0,0,0
1781226000,29588.5,29590.25,29546.25,29555,0,1,0,0,29644.2902014014,29492.2097985986,29558.871146201487,29595.673625536885,29522.06866686609,36.02680093426731,4629,4256.511396654695,6105.400642473065,-751.8333583021943,0,0,0,0
1781226300,29554,29570,29532.25,29568,1,0,0,0,29624.224829872728,29478.025170127272,29558.7996105582,29594.978212176917,29522.62100893948,36.14988658181964,5066,4526.34093110313,6384.767094982042,-499.205770172058,0,0,0,0
1781226600,29567.5,29569.25,29535.75,29562.5,0,1,0,0,29623.190913453247,29481.809086546753,29558.726160874467,29594.45700874506,29522.995313003874,35.960608968832524,3814,4288.893954068753,6789.511396654695,-520.0548333032611,0,0,0,0
1781226900,29563.25,29577.75,29526.5,29532.5,0,1,0,0,29633.329062492303,29470.920937507697,29558.336436494134,29593.604068704684,29523.068804283583,37.052708328201625,4707,4428.262636045835,6433.34093110313,-745.567444211821,0,0,0,0
1781227200,29532,29537,29504,29510,0,1,0,0,29592.14484374285,29448.85515625715,29557.037468626564,29592.487822069215,29521.587115183913,36.76322916190151,5150,4668.84175736389,6642.393954068753,-981.5444990653393,0,0,0,0
1781227500,29511,29512.25,29471.5,29482,0,1,0,0,29567.82199776122,29415.92800223878,29554.16583801974,29591.479869427923,29516.851806611558,37.047998507479974,7176,5504.561171575927,7003.262636045834,-1324.5424090260065,0,0,0,0
1781227800,29482.25,29517,29481.75,29512.5,1,0,1,0,29572.37935506399,29426.37064493601,29552.900176861363,29590.577631348744,29515.222722373983,36.91957004265998,4405,5138.040781050618,8256.84175736389,-758.9075179532829,0,0,0,0
1781228100,29512.75,29522.75,29466.25,29486.75,0,1,0,0,29580.227258273706,29408.772741726294,29551.010176037344,29589.575463665722,29512.444888408965,38.31817218246998,5612,5296.027187367078,7707.061171575926,-891.0199289798406,0,0,0,0
1781228400,29486.75,29515.75,29467.25,29493.5,1,0,0,0,29574.31816839701,29408.68183160299,29549.475538021885,29588.673006066907,29510.278069976863,39.045445598007845,4849,5147.018124911386,7944.040781050617,-686.0832225580672,0,0,0,0
1781228700,29493.5,29533.25,29490,29532,1,0,0,0,29592.268656368655,29430.981343631345,29548.81549715298,29587.852077669595,29509.778916636365,39.34577091243586,4037,4777.012083274257,7720.527187367079,-239.62286307117859,0,0,0,0
1781229000,29532,29539,29519,29528,0,1,0,0,29595.945895199464,29462.054104800536,29548.498340699363,29587.307590137105,29509.68909126162,37.96393013297615,3038,4197.341388849504,7165.518124911385,-269.1777015761863,0,0,0,0
1781229300,29527,29557,29523.75,29552.25,1,0,0,0,29613.440831256645,29467.309168743355,29548.428448982915,29586.914416318912,29509.942481646918,37.627220837763566,3294,3896.227592566336,6296.012083274256,1.0909527795895144,0,0,1,0
1781229600,29552.25,29588,29551.5,29567,1,0,0,0,29644.320057595458,29495.179942404542,29548.952074450564,29587.077795144814,29510.826353756314,37.546705063637596,5170,4320.818395044224,5844.341388849504,182.6622342258678,0,0,0,0
1781229900,29567.25,29582,29553,29580.5,1,0,0,0,29637.404339195782,29497.595660804218,29549.33225419898,29587.25287488,29511.41163351796,36.93622613052063,3404,4015.2122633628164,6481.227592566336,279.19584478004026,0,0,0,0
1781230200,29580.5,29586.75,29560,29567.5,0,1,0,0,29641.062957824655,29505.687042175345,29549.636622635997,29587.38293915766,29511.890306114336,36.208638549769155,2863,3631.1415089085444,6022.818395044224,78.74701772478636,0,0,0,0
1781230500,29568.25,29576.25,29543.75,29555.25,0,1,0,0,29630.16560369432,29489.83439630568,29549.772116372023,29587.241682751297,29512.30254999275,35.94373579621422,3256,3506.094339272363,5446.712263362817,-76.86440655137281,0,0,0,1
1781230800,29554.75,29565,29540.25,29544.25,0,1,0,0,29617.716274859013,29487.533725140987,29549.77290993212,29586.99882434744,29512.546995516797,35.14418323934178,2771,3261.062892848242,5259.141508908544,-191.27238467545482,0,0,0,0
1781231100,29544.75,29546,29511.25,29513.5,0,1,0,0,29598.67404094051,29458.57595905949,29549.22249103122,29586.246222246453,29512.19875981599,35.11602729367451,4589,3703.7085952321613,4891.594339272363,-560.8610114497785,0,0,0,0
1781231400,29513.75,29530,29501.75,29513.25,0,1,0,0,29581.938395159046,29449.811604840954,29548.69366939163,29585.67194751938,29511.71539126388,34.62559677269776,3427,3611.4723968214407,5555.562892848242,-475.76045415223336,0,0,0,0
1781231700,29512.5,29545.25,29503.5,29542.25,1,0,0,0,29597.951724076258,29450.798275923742,29548.355535220577,29585.07479861193,29511.636271829222,35.134482717505065,4161,3794.648264547627,5417.208595232161,-118.41419121503974,0,0,0,0
1781232000,29541.75,29550,29531.25,29545.5,1,0,0,0,29600.946243785096,29480.303756214904,29548.283592920794,29584.791826690573,29511.775359151015,33.96416252339756,2694,3427.765509698418,5691.97239682144,-54.48454541442969,0,0,0,0
1781232300,29545.75,29571.5,29544.5,29561.5,1,0,0,0,29621.700083514734,29494.299916485266,29548.427281379078,29584.714975144812,29512.139587613343,33.46672234315488,3059,3304.8436731322786,5141.648264547627,115.20240650064687,0,0,1,0
1781232600,29562.75,29574.5,29544.75,29556.75,0,1,0,0,29624.30186326368,29494.94813673632,29548.560408262085,29584.630088929654,29512.490727594515,33.201242175786675,3052,3220.5624487548525,4957.265509698418,26.97174503907155,0,0,0,0
1781232900,29556.5,29565.25,29544.5,29562.5,1,0,0,0,29613.71780160199,29496.03219839801,29548.63522575113,29584.561370308456,29512.709081193807,32.31186773465905,2000,2813.7082991699017,4830.843673132279,67.15931425771234,0,0,0,0
1781233200,29562,29564.75,29529,29546.25,0,1,0,0,29613.586172916133,29480.163827083867,29548.61106278379,29584.316697771374,29512.90542779621,32.55744861075483,2942,2856.4721994466013,4220.562448754852,-76.88348062967852,0,0,0,1
1781233500,29546.75,29546.75,29523.75,29542,0,1,0,0,29594.56216056498,29475.93783943502,29548.47977366959,29583.9941323857,29512.965414953484,31.87477370998663,2866,2859.6481329644007,4284.708299169902,-127.53823304238288,0,0,0,0
1781233800,29542,29545,29510.5,29521.75,0,1,0,0,29593.09343481034,29462.40656518966,29548.166197725226,29583.534242647886,29512.798152802567,32.06228987355902,3393,3037.4320886429336,4289.472199446601,-299.62444708548367,0,0,0,0
1781234100,29522.5,29531,29510,29513.25,0,1,0,0,29577.908189466743,29463.091810533257,29547.8570136044,29583.173408229297,29512.540618979503,31.272126311161944,2554,2876.288059095289,4556.1481329644,-356.3199472037052,0,0,0,0
1781234400,29512.25,29517.25,29492,29497,0,1,0,0,29563.51296164769,29445.73703835231,29547.319095086023,29582.772213473767,29511.86597669828,30.841974431793233,2955,2902.525372730193,4314.432088642934,-462.1273678532585,0,0,0,0
1781234700,29497,29527.5,29492,29521.25,1,0,0,0,29574.26203581571,29445.23796418429,29546.806321654512,29582.23024871374,29511.382394595286,31.174690543808,3881,3228.6835818201284,4353.788059095289,-127.86901701814384,0,0,0,0
1781235000,29520.5,29541,29516.5,29525,1,0,0,0,29587.046890400303,29470.453109599697,29546.545110932533,29581.799209420773,29511.291012444293,30.697926933536,3502,3319.789054546752,4843.025372730192,-43.34148200510883,0,0,0,0
1781235300,29525.5,29536.75,29519.5,29535,1,0,0,0,29581.356041085997,29474.893958914003,29546.40881352426,29581.54466593417,29511.27296111435,29.737360723997714,2206,2948.5260363645016,4979.683581820128,79.65964903814974,0,0,1,0
1781235600,29536,29554,29527.25,29532.25,0,1,0,0,29598.28596672271,29482.96403327729,29546.305284119004,29581.24095505174,29511.369613186267,29.523977815140736,3190,3029.0173575763342,4422.789054546753,23.02685386050624,0,0,0,0
1781235900,29531.75,29532.25,29500.75,29522.5,0,1,0,0,29576.747683385376,29456.252316614624,29545.877574278333,29580.71199145441,29511.043157102256,29.665122256916398,4128,3395.3449050508893,4543.526036364501,-95.27618092474519,0,0,0,1
1781236200,29522.5,29533,29514.25,29529.25,1,0,0,0,29576.328206000704,29470.921793999296,29545.66923798494,29580.385699039623,29510.95277693026,28.885470667136655,2772,3187.563270033926,5093.017357576334,16.851423964517544,0,0,1,0
1781236500,29528.5,29541,29523.25,29530.5,1,0,0,0,29583.135119857798,29481.114880142202,29545.55611867836,29580.155749158115,29510.956488198604,28.09007990519832,2195,2856.708846689284,4781.344905050889,37.54154325310766,0,0,0,0
1781236800,29530.75,29531.5,29505.5,29515.25,0,1,0,0,29573.411182725096,29463.588817274904,29545.314119676845,29579.862495052173,29510.765744301516,27.94078848339844,2371,2694.8058977928563,4285.0632700339265,-102.09372008146977,0,0,0,1
1781237100,29514.5,29514.5,29492.75,29503.25,0,1,0,0,29555.828241101877,29451.421758898123,29544.96131247812,29579.575574810788,29510.347050145454,27.552160734584266,2346,2578.5372651952375,4042.2088466892847,-196.4128379235225,0,0,0,0
1781237400,29503,29519.75,29496,29516.75,1,0,0,0,29560.670866737455,29455.079133262545,29544.667319760392,29579.276173551712,29510.058465969072,27.280577824971108,2416,2524.358176796825,3867.8058977928563,-26.199781514350732,0,0,0,0
1781237700,29516.5,29523.5,29492.75,29499.25,0,1,0,0,29564.792590541925,29451.457409458075,29544.334935534815,29578.98623904843,29509.6836320212,27.528393694616028,2380,2476.2387845312164,3786.5372651952375,-144.429502401281,0,0,0,0
1781238000,29498.25,29523.75,29488.5,29517.25,1,0,1,0,29565.869905503216,29446.380094496784,29543.985612442386,29578.633642593973,29509.3375822908,28.079937002143456,2893,2615.1591896874775,3714.3581767968244,32.4826147144511,0,0,1,0
1781238300,29516.5,29539.25,29514.75,29534.75,1,0,0,0,29580.986340824413,29473.013659175587,29543.867483119055,29578.397569009176,29509.337397228934,27.824227216276064,2363,2531.106126458318,3922.738784531216,195.3931413534579,0,0,0,0
1781238600,29535.25,29545.75,29524,29534.5,0,1,0,0,29586.835530765526,29482.914469234474,29543.79337102107,29578.192573668228,29509.394168373914,27.390353843684917,2361,2474.4040843055454,3796.659189687477,153.60523851032497,0,0,0,0
1781238900,29533.5,29534,29521.25,29525,0,1,0,0,29573.570492853705,29481.679507146295,29543.688923163438,29578.00834420756,29509.369502119316,26.380328569135994,1791,2246.602722870364,3711.606126458318,13.795465335705948,0,0,0,0
1781239200,29525.25,29544.25,29520.75,29537.75,1,0,0,0,29583.511886221295,29481.488113778705,29543.629612156124,29577.849167021654,29509.410057290595,26.174590814197707,1848,2113.7351485802424,3369.9040843055454,104.51094972780514,0,0,0,0
1781239500,29538,29547.25,29530.25,29535,0,1,0,0,29585.528894348347,29491.971105651653,29543.591027529717,29577.706154583728,29509.475900475707,25.51926289889787,1863,2030.1567657201615,3170.6027228703633,54.34136962011394,0,0,0,0
1781239800,29535.75,29550,29532.5,29539.25,1,0,0,0,29587.41968760918,29495.08031239082,29543.569155371148,29577.56097294783,29509.577337794464,24.946458406119454,2168,2076.104510480108,3045.2351485802424,84.77858698333716,0,0,0,0
1781240100,29538,29546.25,29536.25,29544.75,1,0,0,0,29582.06828135138,29500.43171864862,29543.56526797176,29577.499774904172,29509.63076103935,23.878854234253776,1009,1720.4030069867385,3114.1567657201617,132.28581875723285,0,0,0,0
1781240400,29544.5,29556.75,29528,29529,0,1,0,0,29593.090189826282,29491.659810173718,29543.529560677074,29577.35960240155,29509.6995189526,24.22679321752136,1903,1781.2686713244923,2580.604510480108,9.505461720401328,0,0,0,0
1781240700,29529,29531.75,29506,29519.75,0,1,0,0,29568.253390552974,29469.496609447026,29543.354961490088,29577.126147513012,29509.583775467163,24.335593701984124,2173,1911.8457808829949,2671.9030069867385,-67.58354189209484,0,0,0,1
1781241000,29521,29528.25,29503,29525.25,1,0,0,0,29564.851362656336,29466.398637343664,29543.227604619493,29576.957064394144,29509.49814484484,24.400908437556687,1583,1802.2305205886632,2867.768671324492,-31.463823671553264,0,0,0,0
1781241300,29525.25,29540,29512.75,29534.25,1,0,0,0,29576.9066224666,29475.8433775334,29543.12849954224,29576.76110220222,29509.495896882258,24.60441497773121,2138,1914.153680392442,2703.345780882995,39.5688574544038,0,0,1,0
1781241600,29535.5,29542.25,29522.25,29523.75,0,1,0,0,29578.66329229041,29485.83670770959,29543.056463914465,29576.615247623507,29509.497680205423,24.275528193607553,1621,1816.4357869282946,2871.2305205886632,-58.81465730530831,0,0,0,1
1781241900,29523.75,29537,29516.25,29534.25,1,0,0,0,29573.035557126812,29480.214442873188,29542.977240454056,29576.45652667954,29509.497954228573,24.023704751207013,1770,1800.9571912855297,2724.653680392442,35.23373459715503,0,0,1,0
1781242200,29533.75,29533.75,29500.75,29515,0,1,0,0,29570.800874474895,29463.699125525105,29542.773200760596,29576.20351271687,29509.34288880432,24.700582983263654,2410,2003.9714608570198,2701.4357869282944,-101.41303876027405,0,0,0,1
1781242500,29515,29522,29456,29472.5,0,1,0,0,29563.475812012402,29414.524187987598,29541.809437679618,29575.80371157526,29507.815163783976,27.65054134160196,5169,3058.9809739046796,3005.95719128553,-396.4340888441535,0,0,0,0
1781242800,29472.5,29511,29470.5,29480.25,1,0,0,0,29553.8525397258,29427.6474602742,29540.748893961118,29575.243610159323,29506.254177762912,28.56835981720182,6302,4139.987315936452,4588.471460857019,-207.62437712941392,0,0,0,0
1781243100,29479.75,29485.25,29424,29429.75,0,1,0,0,29531.604144031102,29377.645855968898,29538.835816888775,29575.47923378455,29502.192399993,30.90276268740169,6705,4994.991543957635,6209.980973904679,-680.611423437636,0,0,0,0
1781243400,29430,29440,29374.25,29429,0,1,0,0,29490.08777660031,29324.16222339969,29535.394860847464,29576.89047045307,29493.89925124186,33.391851066873,9412,6467.327695971757,7492.487315936452,-560.0507219608194,0,0,0,0
1781243700,29430,29432.75,29392.25,29402.25,0,1,0,0,29483.599363986003,29341.400636013997,29533.614289411365,29577.424665272767,29489.803913549964,33.89957599066779,4866,5933.551797314504,9700.991543957636,-758.0461520802079,0,0,0,0
1781244000,29402,29458.5,29390.5,29440.75,1,0,0,0,29513.002980844143,29335.997019155857,29531.669654997597,29577.290132583108,29486.049177412086,36.33532056276295,6597,6154.701198209669,8900.327695971757,-246.86916960556175,0,0,0,0
1781244300,29440.25,29460,29419,29442,1,0,0,0,29515.002767926704,29363.997232073296,29530.523387442357,29576.982945893757,29484.06382899096,36.66851195113703,4471,5593.4674654731125,9232.051797314503,-164.08146070690532,0,0,0,0
1781244600,29441.75,29474.75,29434.25,29460.75,1,0,0,0,29530.16328450337,29378.83671549663,29529.764981562144,29576.582203244405,29482.947759879884,36.94218966891295,3692,4959.644976982075,8390.201198209668,49.55360629642735,0,0,1,0
1781244900,29460.5,29462.25,29431.25,29431.5,0,1,0,0,29517.026621324556,29376.473378675444,29529.157319808623,29576.379121751826,29481.93551786542,36.517747549704886,2500,4139.7633179880495,7439.467465473112,-159.57180473433482,0,0,0,1
1781245200,29431.75,29442,29416.25,29434.75,1,0,0,0,29495.62293408709,29362.62706591291,29528.536762448104,29576.24764340535,29480.82588149086,35.74862272472596,2306,3528.5088786587,6209.644976982074,-83.67361085744011,0,0,0,0
1781245500,29436,29442.25,29420.75,29424.5,0,1,0,0,29494.346295938012,29368.653704061988,29528.017243659837,29576.139816083803,29479.89467123587,34.73086395867411,1917,2991.3392524391334,5292.7633179880495,-142.94659202837965,0,0,0,0
1781245800,29425.5,29425.75,29402,29406.75,0,1,0,0,29476.669774799582,29351.080225200418,29527.137358882253,29576.127580409284,29478.147137355223,33.94651653305453,2790,2924.2261682927556,4487.0088786587,-301.03017848665996,0,0,0,0
1781246100,29406.75,29411.25,29390.75,29394.75,0,1,0,0,29460.72907659961,29341.27092340039,29526.3749433863,29576.204121949333,29476.54576482327,32.986051066407775,2210,2686.150778861837,4386.339252439133,-342.30971692112524,0,0,0,0
1781246400,29395,29397.5,29373,29382.5,0,1,1,0,29446.069856842496,29324.430143157504,29525.310985439202,29576.44163082467,29474.180340053736,32.37990456166436,2805,2725.7671859078914,4029.2261682927556,-386.5129166464016,0,0,0,0
1781246700,29382.75,29394,29366.75,29379.25,0,1,0,0,29442.02022421089,29318.72977578911,29524.28149316271,29576.668109867256,29471.894876458166,32.01348280725976,2672,2707.844790605261,4088.6507788618374,-317.5108952246122,0,0,0,0
1781247000,29378.5,29385,29339.25,29342,0,1,0,0,29434.491993910113,29289.758006089887,29522.437456946886,29577.4136434781,29467.46127041567,32.99466260674121,4164,3193.2298604035072,4061.767185907892,-539.2842662321249,0,0,0,0
1781247300,29342.25,29364.5,29334.75,29360.5,1,0,0,0,29413.64435148796,29285.60564851204,29521.08880258739,29577.874761472154,29464.302843702626,32.76290099197398,3064,3150.153240269005,4789.844790605261,-226.98684103465547,0,0,0,0
1781247600,29361.5,29370.75,29312.25,29314.75,0,1,0,0,29422.65189781025,29260.34810218975,29518.42001349932,29579.0413853541,29457.79864164454,34.601265206832984,5520,3940.1021601793364,4725.229860403508,-562.604087404715,0,0,0,0
1781247900,29314.25,29326.75,29300.25,29321.75,1,0,0,0,29377.783905109518,29249.216094890482,29515.870840983425,29580.194095228395,29451.547586738456,34.02260340634491,4979,4286.401440119557,5910.1532402690045,-284.75579503950905,0,0,0,0
1781248200,29320.75,29329,29271,29274.25,0,1,0,0,29382.60291188741,29217.39708811259,29513.01662787121,29581.69967782022,29444.3335779222,35.73527459160599,5086,4552.934293413038,6429.602160179336,-572.4053497545235,0,0,0,0
1781248500,29273.75,29291,29261,29289.25,1,0,0,0,29343.988418181165,29208.011581818835,29510.17708662629,29583.0618366388,29437.292336613777,35.325612120776995,4943,4682.956195608692,6829.401440119557,-179.0812286099674,0,0,0,0
1781248800,29289.25,29322.75,29283.5,29317.25,1,0,0,0,29376.15888831108,29230.09111168892,29507.477552660665,29583.505583808048,29431.44952151328,35.60592554072149,5475,4946.970797072461,7024.434293413038,270.03352221532475,0,0,1,0
1781249100,29317,29317.75,29287.75,29298,0,1,0,0,29370.55825343172,29234.94174656828,29505.529433618714,29583.78416893916,29427.274698298268,35.20550228781281,3912,4601.9805313816405,7420.456195608692,33.80638805229273,0,0,0,0
1781249400,29296.75,29314.5,29284,29311.25,1,0,0,0,29366.80409247231,29231.69590752769,29503.82333708299,29583.912979001892,29423.73369516409,34.869394981540474,3524,4242.65368758776,6902.970797072461,231.66258735118333,0,0,0,0
1781249700,29311.25,29352,29311.25,29349.25,1,0,0,0,29404.934157295716,29258.315842704284,29501.10580825024,29583.289451717665,29418.922164782813,35.289438197144726,6940,5141.769125058507,6363.98053138164,842.5875054723479,0,0,0,0
1781250000,29349.75,29385,29341.75,29378.5,1,0,0,0,29438.78707463174,29287.96292536826,29499.748751778727,29582.593783817185,29416.90371974027,35.85804975449153,4389,4890.8460833723375,7712.65368758776,1000.4627838342667,0,0,0,0
1781250300,29378.75,29392.25,29363.25,29375.75,0,1,0,0,29445.302283586614,29310.197716413386,29498.641218339202,29581.923633844162,29415.358802834242,35.368189057742136,3910,4563.897388914892,7336.269125058507,809.686431095502,0,0,0,0
1781250600,29376.5,29394.25,29375.75,29385,1,0,0,0,29445.49497761614,29324.50502238386,29497.975969381972,29581.46558056267,29414.486358201273,34.16331841076055,2550,3892.598259276595,6845.846083372338,796.7727613288083,0,1,0,0
1781250900,29383.25,29460.75,29382.5,29431.5,1,0,0,0,29516.71855064356,29326.53144935644,29496.760766293726,29580.078705735665,29413.442826851788,37.31236709570623,7368,5051.065506184396,5838.897388914893,1097.8789604201534,0,0,0,0
1781251200,29433,29480,29416.25,29456.75,1,0,0,0,29538.80115416902,29357.44884583098,29496.03917880739,29578.89395766604,29413.18439994874,39.20076944601293,7097,5733.043670789598,7576.598259276594,1157.056509806344,0,0,0,0
1781251500,29456.75,29488,29443.5,29464.25,1,0,0,0,29547.368928871234,29384.131071128766,29495.655386542323,29578.06297979449,29413.247793290157,39.579285914154866,5681,5715.695780526398,8599.565506184397,1038.5816145464826,0,0,0,0
1781251800,29464.25,29482.5,29458.5,29467.25,1,0,0,0,29540.199719666143,29400.800280333857,29495.44385672994,29577.55213624103,29413.33557721885,38.46647977742952,3704,5045.130520350932,8573.543670789597,888.2295928291612,0,0,0,0
1781252100,29467.25,29549.75,29443,29537.5,1,0,0,0,29614.765811118563,29377.984188881437,29495.707251662843,29577.09679372101,29414.317709604675,43.3438740790417,8418,6169.420346900621,7567.695780526397,1237.0534693675015,0,0,0,0
1781252400,29537.5,29570,29512.25,29542.5,1,0,0,1,29636.559324610094,29445.690675389906,29496.389403053894,29577.36216202259,29415.4166440852,44.37288307339586,7062,6466.946897933747,9254.130520350931,1049.2031801717008,0,0,0,0
1781252700,29543.75,29544.25,29519.5,29530.5,0,1,0,0,29608.70687285223,29455.04312714777,29496.70774635398,29577.380219178292,29416.035273529666,42.97124856815331,4356,5763.297931955832,9700.42034690062,611.8235891233746,0,0,0,0
1781253000,29530.25,29537.25,29501.25,29501.5,0,1,0,0,29600.959953362784,29437.540046637216,29496.84026488471,29577.204183617734,29416.47634615169,42.47330224185664,3851,5125.865287970554,8644.946897933747,181.00944549631367,0,0,0,0
1781253300,29502.25,29503.25,29475.75,29481.75,0,1,0,0,29565.35567097973,29413.64432902027,29496.755569122368,29576.781015375844,29416.730122868892,41.403780653152594,4159,4803.576858647036,7688.797931955831,-173.85002326697983,0,0,0,1
1781253600,29481.75,29484.5,29453.75,29468.25,0,1,0,0,29545.464194481177,29392.785805518823,29496.548092330206,29576.311721999635,29416.784462660777,40.642796320784555,3648,4418.384572431357,7205.365287970553,-320.9658293664212,0,0,0,0
1781253900,29469.5,29499.75,29448,29495.5,1,0,0,0,29561.904252018234,29385.845747981766,29496.411405148658,29575.834942937752,29416.987867359563,41.43616801215709,4378,4404.923048287571,6627.576858647035,-81.07907480821729,0,0,0,0
1781254200,29495.25,29516,29478.5,29507.5,1,0,0,0,29577.73251973122,29416.76748026878,29496.43876174868,29575.607315845406,29417.270207651953,41.15501315414587,3205,4004.948698858381,6607.384572431356,6.639522302911644,0,0,1,0
1781254500,29506,29509.25,29478.5,29480.25,0,1,0,0,29569.867696893274,29417.882303106726,29496.407698913557,29575.40440358469,29417.410994242426,40.41179792884974,2189,3399.632465905587,6007.423048287571,-192.83079496129108,0,0,0,1
1781254800,29479.25,29519.25,29476.25,29515.75,1,0,0,0,29580.14500425804,29415.35499574196,29496.45183305938,29575.21280237852,29417.690863740238,40.59666950536047,3028,3275.7549772703915,5099.448698858381,60.13051203510071,0,0,1,0
1781255100,29514.5,29518,29498,29513.75,0,1,0,0,29576.688218239608,29439.311781760392,29496.51816752988,29575.090545474115,29417.945789585647,39.12547882640615,2494,3015.1699848469275,4913.632465905587,15.356911580464555,0,0,0,0
1781255400,29514.75,29548.5,29505.5,29547.25,1,0,0,0,29607.603345508207,29446.396654491793,29496.699889757063,29575.123221900118,29418.27655761401,39.402230338805715,2483,2837.7799898979515,4522.7549772703915,164.09545033177187,0,0,0,0
1781255700,29547.25,29583.5,29537.25,29575,1,0,0,0,29643.337035114764,29477.412964885236,29497.400755217444,29575.726303781958,29419.07520665293,39.891356743176736,5255,3643.519993265301,4256.669984846927,404.29441635630997,0,0,0,0
1781256000,29575.25,29588,29558.75,29571.75,0,1,0,0,29646.696889749426,29500.053110250574,29497.921369897766,29576.225587600573,29419.617152194958,39.13125983294982,3572,3619.6799955102006,5465.279989897951,260.4848824187916,0,0,0,0
1781256300,29571.25,29616.75,29563.5,29611.5,1,0,0,0,29676.95961191018,29503.29038808982,29498.666150809317,29577.14543850451,29420.186863114122,40.13974127345341,3910,3716.4533303401336,5429.519993265301,459.66588362623247,0,0,0,0
1781256600,29611.5,29648.25,29588.75,29647.5,1,0,0,0,29710.533925345168,29526.466074654832,29499.999043750842,29579.159895195447,29420.838192306237,41.52261689677817,5423,4285.302220226756,5574.679995510201,649.50155405912,0,0,0,0
1781256900,29648.25,29668,29629.75,29631.5,0,1,0,0,29729.933287820513,29567.816712179487,29501.23823821045,29581.16284632458,29421.313630096323,41.2888585470083,4603,4391.2014801511705,6427.953330340133,301.44574799546604,0,0,0,0
1781257200,29632.75,29646.5,29612.25,29640.25,1,0,0,0,29707.67912440476,29551.07087559524,29502.21881168611,29582.646694639538,29421.790928732684,40.786082936507704,3985,4255.800986767447,6586.802220226756,287.28791720042636,0,0,0,0
1781257500,29641,29646.25,29618.75,29623.25,0,1,0,0,29706.00561551871,29558.99438448129,29502.817439893675,29583.526714447686,29422.108165339665,39.83707701247143,2532,3681.200657844965,6383.7014801511705,37.900079574932306,0,0,0,0
1781257800,29623.75,29633.5,29610,29632.75,1,0,0,0,29691.505214410226,29551.994785589774,29503.390594204713,29584.34412238062,29422.437066028808,38.67014294015205,2527,3296.467105229977,5521.800986767447,79.09712830171213,0,0,0,0
1781258100,29632.5,29661,29618.25,29622,0,1,0,0,29719.442341952355,29559.807658047645,29504.21377752081,29585.569308500886,29422.858246540734,38.96156130156976,3435,3342.6447368199847,4944.7006578449655,-58.28200832935943,0,0,0,1
1781258400,29622,29649,29615.25,29643.5,1,0,0,0,29706.88396038433,29557.36603961567,29504.902127280202,29586.59859760357,29423.205656956834,38.5893069228862,2858,3181.096491213323,5013.967105229977,80.76648553762283,0,0,1,0
1781258700,29641.25,29656.75,29630.5,29652.5,1,0,0,0,29713.311891785448,29573.938108214552,29505.600050285208,29587.696524066738,29423.503576503677,37.70792785696575,2707,3023.064327475549,4771.644736819984,131.43572595534897,0,0,0,0
1781259000,29652.25,29658,29602.5,29625.75,0,1,0,0,29716.468185229343,29544.031814770657,29506.671699834278,29589.20657867413,29424.136820994427,38.978790152896764,4824,3623.3762183170325,4534.596491213323,-154.00194132572193,0,0,0,1
1781259300,29626,29629.75,29583,29605,0,1,0,0,29689.050814855822,29523.699185144178,29507.49214681462,29590.174939679404,29424.809353949837,39.53387657054699,4621,3955.9174788780215,5435.064327475548,-364.24233580333004,0,0,0,0
1781259600,29605.25,29605.5,29567.75,29587.25,0,1,0,0,29664.609685223262,29508.640314776738,29508.0762972743,29590.73291703518,29425.41967751342,39.406456815507916,4146,4019.278319252014,5933.876218317032,-523.8207880093042,0,0,0,0
1781259900,29588.25,29590.75,29517.5,29531.5,0,1,0,0,29653.485779135885,29454.764220864115,29508.58820854724,29590.811933752953,29426.364483341527,41.82385275725735,7587,5208.518879501343,6028.917478878021,-1017.280498308416,0,0,0,0
1781260200,29530.25,29571.5,29526.75,29542.5,1,0,0,0,29634.549294911893,29463.700705088107,29508.956232729357,29590.869575415196,29427.042890043518,42.0328632745961,5533,5316.679253000895,7812.778319252015,-717.0530837716434,0,0,0,0
1781260500,29541.75,29568.25,29539.5,29544.25,1,0,0,0,29629.876130989614,29477.873869010386,29509.131744683564,29590.91714471453,29427.346344652597,41.08408732641067,2435,4356.119502000597,7975.018879501343,-589.8421590708568,0,0,0,0
1781260800,29544.25,29569.5,29544.25,29560.75,1,0,0,0,29629.429621633215,29484.320378366785,29509.31796265117,29591.00361732452,29427.63230797782,39.9530810888099,2206,3639.4130013337317,6534.179253000895,-366.31677299392027,0,0,0,0
1781261100,29562,29572.25,29549.5,29558.5,0,1,0,0,29630.3364343737,29491.4135656263,29509.529270356168,29591.110239845446,29427.94830086689,38.724289582466334,2428,3235.6086675558213,5459.119502000598,-352.27379584782483,0,0,0,0
1781261400,29557.75,29559.25,29541.25,29548,0,1,0,0,29615.115974775577,29485.384025224423,29509.68176838369,29591.144242022587,29428.21929474479,37.24398318371874,2234,2901.739111703881,4853.413001333732,-417.0685900038353,0,0,0,0
1781261700,29548.25,29562,29530.75,29550,1,0,0,0,29617.223762291607,29475.526237708393,29509.8774628983,29591.17475406436,29428.580171732243,36.815841527738826,3039,2947.492741135921,4352.608667555822,-337.140466709977,0,0,0,0
1781262000,29551.25,29590.75,29551.25,29587.75,1,0,0,0,29646.39527927078,29495.60472072922,29510.34986383437,29591.551665497253,29429.148062171487,37.09685284718605,4198,3364.3284940906137,4421.2391117038815,79.30529746290011,0,0,1,0
1781262300,29587,29587.25,29549,29558.75,0,1,0,0,29643.07240218001,29493.17759781999,29510.679115747997,29591.74632513953,29429.611906356462,37.21493478667276,3593,3440.5523293937426,5046.49274113592,-196.29187100582058,0,0,0,1
1781262600,29557.25,29596,29557.25,29589.5,1,0,0,0,29651.986873452865,29501.263126547135,29511.015508099612,29592.033602052514,29429.99741414671,37.32458230191042,2870,3250.3682195958286,5160.828494090614,54.729617708607464,0,0,1,0
1781262900,29590,29609.5,29588.75,29606.75,1,0,0,0,29663.71102534909,29534.53897465091,29511.49342570489,29592.56389838158,29430.422953028203,36.14068356605967,3176,3225.5788130638857,4875.552329393743,275.4940219198743,0,0,0,0
1781263200,29606.75,29643.75,29603.25,29642.5,1,0,0,0,29698.42809496701,29548.57190503299,29512.36175544111,29593.76322882554,29430.96028205668,36.45206331134112,4453,3634.719208709257,4838.368219595828,582.170755768349,0,0,0,0
1781263500,29640,29646.5,29626.75,29630.25,0,1,0,0,29699.388588183654,29573.861411816346,29512.911720142587,29594.540346524725,29431.28309376045,35.25905878910247,2745,3338.1461391395046,5452.078813063886,330.8807475008288,0,0,0,0
1781263800,29630.5,29642.5,29601,29609,0,1,0,0,29696.05726045625,29547.44273954375,29513.632938722014,29595.438777519492,29431.827099924536,35.70484030416658,4233,3636.4307594263364,5007.219208709257,44.86609198205065,0,0,0,0
1781264100,29609.25,29624.5,29597,29597.25,0,1,0,0,29677.17817042366,29544.32182957634,29514.014889532402,29595.867354761678,29432.162424303126,35.1187802824404,2542,3271.620506284224,5454.646139139504,-86.68632519997962,0,0,0,1
1781264400,29598.5,29648,29591.75,29644.25,1,0,0,0,29702.942229679113,29536.807770320887,29514.76422836948,29596.865588446708,29432.662868292253,36.628153119408935,4079,3540.7470041894826,4907.430759426336,223.1196893173609,0,0,1,0
1781264700,29644,29652.75,29614.25,29617.25,0,1,0,0,29707.892784702035,29559.107215297965,29515.3996782179,29597.70666009434,29433.092696341457,36.76185646802258,3499,3526.8313361263217,5311.120506284224,-66.66010111129071,0,0,0,1
1781265000,29617.25,29659.5,29615.5,29658.5,1,0,0,0,29715.41830008046,29559.58169991954,29516.116312405422,29598.75309950438,29433.479525306462,37.278866720306674,3483,3512.220890750881,5290.247004189483,233.43959994129193,0,0,1,0
1781265300,29659,29659.75,29633.25,29638.5,0,1,0,0,29714.513421503285,29578.486578496715,29516.75932161595,29599.681981961865,29433.836661270037,36.5089476688562,3175,3399.813927167254,5268.331336126322,-61.76091638318738,0,0,0,1
1781265600,29637.25,29645.75,29584.75,29595.25,0,1,0,0,29703.137462824478,29527.362537175522,29517.66628488259,29600.676578244387,29434.655991520794,38.25830854965219,6291,4363.542618111503,5099.720890750881,-478.4457764743042,0,0,0,0
1781265900,29594.5,29614.25,29580,29608.25,1,0,0,0,29671.208001194158,29523.041998805842,29518.354427084934,29601.363166389274,29435.345687780595,37.972000796105604,5314,4680.361745407668,6545.3139271672535,-206.6548045634562,0,0,0,0
1781266200,29608.25,29614.5,29584.5,29592,0,1,0,0,29670.603858251718,29528.396141748282,29518.77125015615,29601.756422475763,29435.78607783654,37.402572167812345,3422,4260.907830271779,7020.542618111503,-358.69315490507745,0,0,0,0
1781266500,29591.5,29601.75,29570,29584,0,1,0,0,29657.24822551945,29514.50177448055,29519.324156558974,29602.18376088361,29436.464552234338,36.99881701296861,5415,4645.605220181186,6391.361745407668,-426.11284976157634,0,0,0,0
1781266800,29584.75,29588.25,29545.5,29548.25,0,1,0,0,29644.364423696636,29489.385576303364,29519.653922523146,29602.264301376963,29437.04354366933,37.409615797756565,5235,4842.070146787458,6968.407830271779,-778.2657881040495,0,0,0,0
1781267100,29547.75,29551.5,29529,29534.25,0,1,0,0,29606.016964861163,29474.483035138837,29519.80448086769,29602.096638588086,29437.512323147294,36.344643240773955,5357,5013.713431191639,7263.105220181187,-941.855086522299,0,0,0,0
1781267400,29534,29549,29515,29533,0,1,1,0,29603.265753085365,29460.734246914635,29519.921236163478,29601.837905548633,29438.004566778323,36.17716872357581,6224,5417.142287461093,7520.570146787459,-783.5114544797534,0,0,0,0
1781267700,29532.5,29545,29476,29479.25,0,1,0,0,29602.782485007836,29418.217514992164,29519.675066774493,29601.111512558662,29438.238620990323,38.521656671891826,8392,6408.761524974062,8125.713431191639,-1241.0087217248363,0,0,0,0
1781268000,29479.5,29513,29463.75,29473.75,0,1,0,0,29571.931950364422,29404.818049635578,29519.105976412582,29600.024624738977,29438.187328086187,39.287966909613836,10809,7875.507683316041,9613.142287461093,-1114.8123677632357,0,0,0,0
1781268300,29474,29489.25,29450.25,29478,1,0,0,0,29548.151096766964,29391.348903233036,29518.463903976128,29599.00664371298,29437.921164239277,39.26739784464142,9598,8449.67178887736,11813.261524974061,-792.8204244830899,1,0,0,0
1781268600,29479,29486.5,29409,29420.5,0,1,0,0,29549.497446997895,29346.002553002105,29517.5012835693,29598.029317881836,29436.973249256767,41.9982979985956,8507,8468.781192584907,12674.50768331604,-1221.4805876015612,0,0,0,0
1781268900,29420.75,29435.5,29386.25,29412.75,0,1,0,0,29499.27441506947,29322.47558493053,29515.930666018423,29596.879417747106,29434.98191428974,42.51627671298163,10606,9181.187461723272,12703.17178887736,-1120.4388618956882,0,0,0,0
1781269200,29412.5,29418.75,29354.5,29418.75,1,0,0,0,29484.853028278794,29288.396971721206,29513.526614482016,29595.375299175073,29431.67792978896,44.068685519197224,14810,11057.458307815514,13771.781192584907,-732.6404133466108,1,0,0,0
1781269500,29418,29449,29408.75,29443,1,0,0,0,29514.69388340174,29343.05611659826,29512.47595252276,29594.293137211353,29430.658767834168,43.79592226782599,9730,10614.972205210343,16586.18746172327,21.66679034635297,0,0,1,0
1781269800,29443,29458.75,29423.5,29456,1,0,0,0,29523.528248873045,29358.721751126955,29511.718919920393,29593.3731420785,29430.064697762286,43.185499248695564,8539,9922.981470140228,15922.458307815514,364.23570665214356,0,0,0,0
1781270100,29455.75,29470.5,29444.5,29460.75,1,0,0,0,29533.436945382113,29381.563054617887,29511.19858481666,29592.62031603883,29429.77685359449,41.95796358807445,7406,9083.987646760152,14884.472205210343,478.7313456998908,0,0,0,0
1781270400,29460.5,29473.75,29431,29444.5,0,1,0,0,29536.771806426248,29367.978193573752,29510.67767297451,29591.949049788014,29429.406296161007,42.0145376174977,6466,8211.325097840101,13625.981470140228,207.09252167563835,0,0,0,0
1781270700,29445.5,29500.5,29445.5,29496,1,0,0,0,29565.02024882437,29380.97975117563,29510.21360042353,29590.93913670179,29429.48806414527,43.013499216247865,11980,9467.550065226735,12316.987646760152,1246.6675937824866,0,0,0,0
1781271000,29495.25,29502.5,29306.75,29341,0,1,0,0,29583.384873908344,29225.865126091656,29500.482865169302,29585.073941364582,29415.891788974022,53.923249272230166,64397,27777.366710151153,14201.325097840101,-3723.1217319306593,0,0,0,1
1781271300,29341.25,29454.5,29333,29447,1,0,1,0,29542.62524005775,29244.87475994225,29495.947073814354,29580.646153344944,29411.247994283764,58.75016003849944,45071,33541.91114010077,41666.05006522673,715.1560213288494,0,0,1,0
1781271600,29447.25,29473,29264.5,29280,0,1,0,0,29577.16986576791,29160.33013423209,29485.856312643897,29576.36826068966,29395.344364598135,69.44657717860662,60824,42635.94076006718,50312.86671015115,-3951.68935458819,0,0,0,1
1781271900,29281,29341,29231.25,29299,1,0,0,0,29449.48808964163,29122.76191035837,29475.179076183715,29573.756952583528,29376.6011997839,72.32539309442043,54612,46627.96050671145,63953.91114010077,-2296.4986101102213,0,0,0,0
1781272200,29300,29362.75,29270.5,29312,1,0,0,0,29473.37286895294,29159.87713104706,29469.38450111969,29570.676082456073,29368.092919783307,73.74857930196183,37540,43598.640337807636,69941.94076006718,-1314.1987293367872,0,0,0,0
1781272500,29312.75,29407.75,29297.25,29351,1,0,0,0,29522.310521170588,29182.689478829412,29466.100247728104,29567.823689605535,29364.376805850672,76.37368078039312,29854,39017.09355853842,65397.96050671145,8.654373481544326,0,0,1,0
1781272800,29352.5,29507.5,29336.25,29480.5,1,0,0,0,29632.225841086976,29211.524158913024,29465.098790602948,29564.856257502546,29365.34132370335,83.15056072465076,45122,41052.062372358945,58525.640337807636,3287.8122399278554,0,0,0,0
1781273100,29480.25,29580,29440.5,29577.75,1,0,0,0,29710.763281009335,29309.736718990665,29467.772438770626,29566.42325402703,29369.12162351422,87.17552067288999,45762,42622.04158157263,61578.093558538414,5774.615275220435,0,0,0,0
1781273400,29578.5,29598,29512.5,29544.75,0,1,0,0,29728.58376093724,29381.91623906276,29470.419867972098,29568.605885828398,29372.233850115797,87.05584062482642,37692,40978.694387715084,63933.062372358945,3353.2636946262073,0,0,0,0
1781273700,29544.75,29627.5,29533,29585.5,1,0,0,0,29758.881349441723,29401.618650558277,29473.393275526258,29571.91497123721,29374.871579815306,87.58756629448168,32733,38230.12959181006,61468.04158157263,4083.299253157848,0,0,0,0
1781274000,29585.5,29620,29486.25,29497.75,0,1,0,0,29756.3273244816,29349.9226755184,29475.20481249355,29572.81254882947,29377.597076157628,90.884882987733,37422,37960.753061206706,57345.19438771509,1012.4354233508473,0,0,0,0
1781274300,29497.5,29558.5,29497.25,29512.25,1,0,0,0,29691.6521584472,29364.0978415528,29476.196222309016,29573.017348551657,29379.375096066375,88.76810563146636,27004,34308.50204080447,56941.12959181006,1423.125677135969,0,0,0,0
1781274600,29512.25,29566,29489.5,29526.75,1,0,0,0,29697.837718558112,29357.662281441888,29477.222649416817,29573.337138457653,29381.10816037598,87.8918123720759,26436,31684.33469386965,51462.753061206706,1607.6701948103796,0,0,0,0
1781274900,29526,29609,29521.5,29545.5,1,0,0,0,29740.795738661105,29389.704261338895,29479.09592611188,29574.879911409276,29383.311940814485,87.86382577407049,31057,31475.22312924643,47526.50204080447,1926.6679803372404,0,0,0,0
1781275200,29546.25,29550.5,29406.75,29412,0,1,0,0,29688.283543042457,29268.966456957543,29478.443026426754,29572.914353090273,29383.971699763235,91.85569536163689,40024,34324.81541949762,47212.83469386965,-1994.285027725212,0,0,0,1
1781275500,29411.25,29447,29352.5,29376.5,0,1,0,0,29585.066861396564,29214.433138603436,29475.989284824882,29570.21020823212,29381.768361417642,92.04457426437712,40617,36422.21027966508,51487.223129246435,-3065.8946433701535,0,0,0,0
1781275800,29375.5,29606.5,29369,29599.5,1,0,0,0,29760.15137129681,29215.34862870319,29477.72261397546,29570.704129157875,29384.741098793045,102.43424753120733,52461,41768.47351977672,54633.31541949762,2141.6910206509233,0,0,1,0
1781276100,29599.5,29645.25,29560.75,29632.5,1,0,0,0,29796.97984477561,29409.02015522439,29481.07267940983,29575.26717274393,29386.87818607573,101.1532298504068,37715,40417.31567985115,62652.71027966509,3103.50194864939,0,0,0,0
1781276400,29632.75,29671.25,29597.25,29622.25,0,1,0,1,29820.070570148782,29448.429429851218,29484.48341107425,29580.227411381537,29388.73941076696,99.2137134325206,35591,38808.54378656743,60625.97351977672,2005.326026847706,0,0,0,0
1781276700,29623,29675,29613.5,29656.5,1,0,0,0,29819.779815138154,29468.720184861846,29486.866312651164,29583.914534631014,29389.818090671313,96.51987675876913,22973,33530.02919104495,58212.81567985115,2748.320371053223,0,0,0,0
1781277000,29656.5,29704,29630.25,29696,1,0,0,0,29846.340185485427,29487.909814514573,29489.99924057007,29589.23652562846,29390.761955511676,94.89345699028561,26500,31186.6861273633,50295.04378656743,3492.953786141217,0,0,0,0
1781277300,29696,29729.75,29665.25,29729,1,0,0,0,29868.83374366504,29526.16625633496,29492.99987918736,29594.77229472814,29391.227463646577,92.72249577669379,22416,28263.124084908868,46780.02919104495,3819.4170063378924,0,0,0,0
1781277600,29729.75,29756.5,29698.25,29744.25,1,0,0,0,29891.89026197468,29562.85973802532,29495.92130053382,29600.43997013743,29391.40263093021,90.2601746497871,20068,25531.41605660591,42394.686127363304,3450.0010185491114,0,0,0,0
1781277900,29745,29759.25,29720.25,29744.75,0,0,0,0,29889.148100405062,29590.351899594938,29498.420940848286,29605.286857774085,29391.555023922487,86.59873360337373,16959,22673.944037737274,38297.124084908864,2644.5787773342527,0,1,0,0
1781278200,29745,29748.25,29681,29686.5,0,1,0,0,29876.0750218047,29553.1749781953,29501.07804882239,29609.780006452413,29392.376091192367,85.21668120313275,21676,22341.296025158183,34010.916056605914,205.8097417048116,0,0,0,0
1781278500,29686.75,29733,29618.75,29652.5,0,1,0,0,29863.935734532934,29487.814265467066,29504.04191250765,29614.00831610667,29394.075508908634,87.29048968862328,30485,25055.86401677212,33511.944037737274,-869.8975776539796,0,0,0,1
1781278800,29652.5,29660,29558.5,29569.5,0,1,0,0,29792.458182066297,29426.041817933703,29505.353891970146,29615.076308644566,29395.631475295726,88.30545471086448,24862,24991.24267784808,37583.79602515818,-2793.7682715348856,0,0,0,0
1781279100,29569.25,29623.25,29475,29485.75,0,1,0,0,29762.130811918705,29336.119188081295,29505.812187523232,29614.465491876,29397.158883170465,92.58720794580275,35994,28658.82845189872,37486.86401677212,-4337.498281557797,0,0,0,0
1781279400,29486,29593.75,29460.75,29574,1,0,0,0,29736.96075392451,29317.53924607549,29506.491798713276,29614.257841059265,29398.725756367287,95.47383594967398,33261,30192.885634599148,42988.24267784808,-1588.3186677105175,0,0,0,0
1781279700,29572.25,29574.25,29408,29439.75,0,1,0,0,29725.043914358474,29257.206085641526,29506.005653215205,29613.03516623245,29398.97614019796,100.52927623898299,27521,29302.257089732764,45289.32845189872,-3469.610125211301,0,0,0,0
1781280000,29440.75,29491,29410,29464.25,1,0,0,0,29639.7014919043,29261.2985080957,29505.187884236046,29611.547312589115,29398.828455882976,99.13432793619849,30021,29541.838059821843,43953.385634599144,-2096.4382619366297,0,0,0,0
1781280300,29465,29536.25,29442.75,29522,1,0,0,0,29684.347813911132,29294.652186088868,29505.132732538485,29610.887521219967,29399.377943857,98.73187594075573,21482,26855.225373214562,44312.75708973277,-549.6019758335694,0,0,0,0
1781280600,29521.75,29650,29478.75,29595.75,1,0,0,0,29805.867612917482,29322.882387082518,29506.239586477728,29611.51253705987,29400.966635895587,103.91174194498747,30512,28074.150248809707,40282.83805982184,723.7626763084213,0,0,1,0
1781280900,29595.5,29667.25,29570,29589,0,1,0,0,29822.403854851946,29414.846145148054,29507.607128955628,29612.834817178125,29402.37944073313,103.43590323463123,25979,27375.766832539804,42111.22537321456,353.2024445192287,0,0,0,0
1781281200,29588.5,29616.75,29547,29586,0,1,0,0,29768.29465093395,29395.45534906605,29508.33771963726,29613.317004162855,29403.358435111666,101.02976728930044,18992,24581.17788835987,41063.6502488097,147.92564008040176,0,0,0,0
1781281500,29586.25,29615,29557.25,29594.5,1,0,0,0,29761.907533010097,29410.342466989903,29508.893382906863,29613.722381883967,29404.06438392976,97.9383553400647,13654,20938.78525890658,36871.766832539804,227.0690502400994,0,0,0,0
1781281800,29594,29628.5,29573.75,29622.5,1,0,0,0,29770.78020922366,29431.46979077634,29509.472422895553,29614.26875754374,29404.676088247365,94.85347281577437,11607,17828.190172604387,31408.17788835987,674.9226712777283,0,0,0,0
1781282100,29623.25,29631.75,29585.25,29605,0,1,0,0,29768.8494799934,29448.1505200066,29510.04284120489,29614.79852755899,29405.28715485079,91.39965332893334,11677,15777.793448402925,26742.28525890658,35.81248090436691,0,0,0,0
1781282400,29604.75,29641,29578.5,29595,0,1,0,0,29775.0030885653,29444.4969114347,29510.754407285676,29615.436403125528,29406.072411445824,89.33539237686668,15152,15569.195632268616,23666.690172604387,-276.7488532107233,0,1,0,1
1781282700,29593.75,29647.75,29587.75,29644.5,1,0,0,0,29778.610010810637,29456.889989189363,29511.40930687455,29616.156088129326,29406.662525619773,87.24000720709049,11469,14202.463754845745,23353.793448402925,605.3335566742198,0,0,1,0
1781283000,29643.5,29667.25,29632,29641.5,0,1,0,0,29792.53965289559,29506.71034710441,29512.27805604174,29617.24716415989,29407.308947923593,83.52643526372688,13098,13834.309169897164,21303.695632268616,337.76670286843955,0,0,0,0
1781283300,29642,29678.75,29591.75,29673.75,1,0,0,0,29804.411820545905,29466.088179454095,29513.285236062555,29618.51147998883,29408.05899213628,83.77454703060354,15265,14311.206113264776,20751.463754845747,711.2570503013194,0,0,0,0
1781283600,29672.75,29705.5,29660.75,29701,1,0,0,0,29826.980619078342,29539.269380921658,29514.468850831843,29620.32105562029,29408.616646043396,80.98707938556042,13952,14191.470742176518,21466.809169897162,1315.3298334198944,0,0,0,0
1781283900,29701.25,29753.5,29691,29722.5,1,0,0,0,29872.999860572745,29571.500139427255,29516.04519866612,29623.026037819563,29409.06435951268,79.66657371516325,15835,14739.313828117678,21287.206113264776,1476.5846121605614,0,0,0,0
1781284200,29723,29730.5,29657.75,29703,0,1,0,0,29849.258799103263,29538.991200896737,29517.27693102577,29624.92685179576,29409.627010255783,79.17253273550874,14304,14594.209218745118,22108.970742176516,721.3272329540098,0,0,0,0
1781284500,29703,29736,29689,29730,1,0,0,0,29851.31174202446,29573.68825797554,29518.418483822305,29626.820153014723,29410.016814629886,76.87449468297241,12005,13731.139479163412,21891.313828117676,1119.258754776391,0,0,0,0
1781284800,29729.5,29746,29719,29734.25,1,0,0,0,29855.96804616557,29609.03195383443,29519.246369654204,29628.25387103708,29410.238868271328,73.31203077704582,8186,11882.759652775609,20596.70921874512,922.5888884091801,0,0,0,0
1781285100,29734.75,29741.25,29693.25,29719.75,0,1,0,0,29848.50604286803,29585.99395713197,29520.264369308417,29629.914625243626,29410.61411337321,71.5040285786854,10923,11562.839768517073,17824.139479163412,299.2013077591537,0,0,0,0
1781285400,29720.25,29728.25,29681.5,29686.25,0,1,0,0,29832.853825520313,29576.896174479687,29521.309561319984,29631.482659540154,29411.136463099814,69.73588368020788,12573,11899.559845678048,17344.25965277561,-750.2630846682209,0,0,0,1
1781285700,29687,29717.75,29682.75,29701.75,1,0,0,0,29818.632123697433,29581.867876302567,29522.185465406696,29632.798607092333,29411.57232372106,67.2547491316216,10527,11442.039897118699,17849.33976851707,-323.09907398345956,0,0,0,0
1781286000,29701.25,29727.25,29683,29699,0,1,0,0,29825.667329147615,29584.582670852385,29523.052896305213,29634.10586222047,29411.999930389957,65.61155276507719,10391,11091.6932647458,17163.05984567805,-439.6330503079407,0,0,0,0
1781286300,29700,29724.75,29690.75,29707.75,1,0,0,0,29819.780377065643,29595.719622934357,29523.80582483665,29635.25528797944,29412.356361693863,63.35358471042883,8870,10351.128843163866,16637.5398971187,-291.6694397324843,0,0,0,0
1781286600,29707.75,29716,29697,29704.5,0,1,0,0,29806.27820727524,29606.72179272476,29524.30065116375,29636.001343184274,29412.599959143226,60.18547151682677,5931,8877.752562109245,15526.693264745798,-454.6473519789074,0,0,0,0
1781286900,29705.25,29706.75,29646.75,29683,0,1,0,0,29797.00833532701,29556.49166467299,29525.428449370705,29637.49537299293,29413.36152574848,60.172223551339144,16040,11265.168374739496,13316.628843163868,-1048.501638611482,0,0,0,0
1781287200,29683,29691.75,29646.25,29657,0,1,0,0,29780.43631137508,29557.56368862492,29526.247017886177,29638.49191692956,29414.002118842793,59.12420758338635,12966,11832.11224982633,16897.752562109243,-1662.8265696835983,0,0,0,0
1781287500,29657.25,29670,29628,29653.25,0,1,0,0,29756.85157484829,29541.14842515171,29527.061207039602,29639.385469992587,29414.736944086617,57.90104989885875,14592,12752.074833217554,17748.168374739496,-1585.8294017608912,0,0,0,0
1781287800,29653.25,29706.75,29642.5,29650,0,1,0,0,29794.281819501983,29554.968180498017,29528.028574987853,29640.558705405183,29415.498444570523,58.35454633465456,15556,13686.71655547837,19128.11224982633,-1455.287457306728,0,0,0,0
1781288100,29650.25,29660.5,29607.25,29628.25,0,1,0,0,29747.484903823268,29520.265096176732,29528.737149448985,29641.208923679966,29416.265375218005,57.98993588217923,15377,14250.144370318912,20530.074833217554,-1862.3474437687194,0,0,0,0
1781288400,29627.25,29640.5,29608.75,29627.25,0,0,0,0,29724.673482121605,29524.576517878395,29529.15314201143,29641.56131106351,29416.74497295935,56.11565474773786,9742,12747.429580212609,21375.216555478368,-1583.594806323078,0,0,0,0
1781288700,29626.5,29672.75,29615.25,29664.5,1,0,0,0,29757.071804827207,29530.928195172793,29529.77168362062,29642.227217598138,29417.316149643102,56.214536551470864,11578,12357.61972014174,19121.144370318914,-625.4516199594078,0,0,0,0
1781289000,29665.25,29697.25,29663,29687,1,0,0,0,29779.218461625263,29581.031538374737,29530.45933674511,29643.125972220438,29417.79270126978,54.645641083508664,10307,11674.079813427827,18536.42958021261,56.04067101830003,0,0,1,0
1781289300,29688,29692,29674,29689.75,1,0,0,0,29770.042142937746,29595.957857062254,29530.91136842516,29643.723013958268,29418.099722892053,52.02809529182947,6701,10016.386542285218,17511.119720141738,56.81966891546472,0,0,0,0
1781289600,29690.75,29719.25,29690,29709.5,1,0,0,0,29794.87841844219,29614.37158155781,29531.645354037297,29644.788406672793,29418.5023014018,50.41894562812737,9646,9892.92436152348,15024.579813427827,577.4765206215363,0,0,0,0
1781289900,29710.75,29712.5,29689.75,29705.25,0,1,0,0,29785.163888553463,29617.086111446537,29532.336702824476,29645.770352919375,29418.903052729576,48.44259236897541,9362,9715.949574348986,14839.386542285218,203.3251646969179,0,0,0,0
1781290200,29705,29708.5,29670,29699,0,1,0,0,29780.098610799643,29598.401389200357,29532.991791120246,29646.653818533272,29419.32976370722,47.73240719976288,9502,9644.633049565991,14573.92436152348,-29.533068821046527,0,0,0,1
1781290500,29698.75,29698.75,29631.5,29644.5,0,1,0,0,29772.466567171097,29557.783432828903,29533.754895727918,29647.48858955794,29420.021201897896,49.14437811406553,14240,11176.422033043995,14466.949574348986,-1160.5576123686576,0,0,0,0
1781290800,29644.5,29700.5,29639,29694.5,1,0,0,0,29775.540383801734,29563.959616198266,29534.497642044455,29648.40695813074,29420.588325958168,50.02692253448942,12098,11483.614688695996,16764.633049565993,-68.62748906716502,0,0,0,0
1781291100,29694.5,29711.25,29672,29685.25,0,1,0,0,29785.13571353018,29598.11428646982,29535.16477683755,29649.280719936665,29421.048833738438,49.25714235345446,10156,11041.076459130663,17225.422033043993,-328.34928019727187,0,0,0,0
1781291400,29686.25,29692.25,29655.5,29664.25,0,1,0,0,29764.79566256374,29582.95433743626,29535.733809292688,29649.946517058397,29421.521101526978,48.36377504249343,9951,10677.717639420442,16561.614688695994,-873.0727669708854,0,0,0,0
1781291700,29664,29690,29642.5,29687.5,1,0,0,0,29762.45311523776,29570.04688476224,29536.3201166934,29650.64112122635,29421.999112160454,48.30207682517247,10140,10498.478426280295,16016.576459130662,-278.7502997459919,0,0,0,0
1781292000,29687.25,29688.25,29662.5,29678.5,0,1,0,0,29758.286821292204,29592.463178707796,29536.715022422948,29651.116163981205,29422.31388086469,46.69121419480301,6727,9241.31895085353,15747.717639420443,-479.23351119572783,0,0,0,0
1781292300,29677.25,29697.25,29656,29660.75,0,1,0,0,29766.703834057047,29586.546165942953,29537.14281859032,29651.613063380046,29422.672573800595,46.30255603803136,7608,8696.87930056902,13861.978426280297,-710.6008025851454,0,0,0,0
1781292600,29660.25,29668.5,29598.5,29604.75,0,1,0,0,29740.492845910114,29526.507154089886,29537.643504373726,29651.972091149273,29423.314917598178,47.995230606743405,13894,10429.252867046014,13045.31895085353,-1644.3401237698035,0,0,0,0
1781292900,29605,29683.25,29580.75,29613.75,1,0,1,0,29761.08264263082,29502.91735736918,29538.38516888405,29652.51721074001,29424.253127028092,51.88842842054745,20403,13753.835244697342,15643.87930056902,-1193.988402275259,0,0,0,0
1781293200,29616.25,29658.75,29601,29636.5,1,0,0,0,29737.21066815719,29522.53933184281,29538.895474613673,29652.925003517794,29424.865945709553,52.30711210479406,13298,13601.890163131562,20630.752867046012,-543.6640195680347,0,0,0,0
1781293500,29636.75,29652.5,29608,29635.25,0,1,0,0,29730.12419186025,29530.37580813975,29539.302319717794,29653.247672126556,29425.35696730903,51.74946124016591,10726,12643.260108754375,20402.835244697344,-482.33257681444,0,0,0,0
1781293800,29636.5,29660,29625.75,29658,1,0,0,0,29735.749249584518,29550.000750415482,29539.777183522,29653.698781938587,29425.855585105415,50.4994997230112,10769,12018.506739169583,18964.890163131564,241.01530298380993,0,0,1,0
1781294100,29657.5,29684,29650,29650.5,0,1,0,0,29757.981446042766,29576.018553957234,29540.53191878017,29654.501034405817,29426.56280315452,49.320964028510396,15368,13135.004492779723,18027.760108754374,-104.5225995093785,0,0,0,1
1781294400,29649.75,29689.25,29646.75,29681,1,0,0,0,29762.500628468282,29573.499371531718,29541.0104184589,29655.048313038806,29426.972523878994,48.833752312188224,9031,11767.002995186482,19702.506739169585,536.8470208707514,0,0,1,0
1781294700,29680,29705.5,29674.25,29699,1,0,0,0,29776.866655006263,29602.883344993737,29541.357396483865,29655.495577946458,29427.219215021272,47.57777000417478,5695,9743.001996790988,17650.50449277972,757.0700403463067,0,0,0,0
1781295000,29699.5,29719.75,29690,29714.5,1,0,0,1,29789.206536791527,29620.543463208473,29541.741750399477,29656.02834675414,29427.455154044812,46.30435786101943,5761,8415.667997860659,14614.502995186482,878.8678997733621,0,0,0,0
1781295300,29715.25,29730.75,29711.75,29717.75,1,0,0,0,29797.28106987785,29645.21893012215,29541.991817677226,29656.393069750407,29427.590565604045,44.354046585232325,3509,6780.111998573773,12623.501996790988,742.2201320851035,0,0,0,0
1781295600,29718,29719.75,29695.5,29697.25,0,1,0,0,29784.127064886572,29631.122935113428,29542.20985012158,29656.688507150557,29427.731193092604,42.91804325771573,3369,5643.074665715849,10170.167997860659,310.99881558475363,0,0,0,0
1781295900,29697.25,29704.75,29686.75,29688.25,0,1,0,0,29766.457274537534,29625.042725462466,29542.32903796716,29656.84108641063,29427.81698952369,41.13818302502175,1979,4421.7164438105665,8464.611998573773,135.35432837208765,0,0,0,0
1781296200,29688.5,29692.75,29680.5,29691,1,0,0,0,29751.362112070565,29621.887887929435,29542.47123155849,29657.01782330737,29427.92463980961,39.07474138037735,2449,3764.144295873711,6632.57466571585,131.31066476780023,0,0,0,0
1781296500,29690,29691.5,29670,29680.5,0,1,0,0,29748.229104065525,29613.270895934475,29542.599216114053,29657.169896176518,29428.028536051588,37.819402710350396,2327,3285.096197249141,5646.2164438105665,-16.65092818975188,0,0,0,1
1781296800,29681.25,29704,29677,29677,0,1,0,0,29759.56988234656,29621.43011765344,29542.796924062754,29657.412174245965,29428.181673879542,37.04658823103965,3469,3346.3974648327608,4927.644295873712,-91.81228874058903,0,0,0,0
1781297100,29680.5,29688,29675,29678.75,0,0,0,0,29740.993462178947,29622.006537821053,29542.869663567086,29657.498358760982,29428.24096837319,35.32897478596539,1329,2673.9316432218407,5019.596197249141,-117.91433686618251,0,0,0,0
1781297400,29678.75,29682.75,29666.25,29670.25,0,1,0,0,29733.72607202331,29615.27392797669,29542.945654078325,29657.584037093256,29428.307271063393,33.984048015539294,1470,2272.6210954812273,4010.897464832761,-192.78545014235783,0,0,0,0
1781297700,29669.75,29687,29665.5,29677,1,0,0,0,29736.638495450214,29615.861504549786,29543.023389818005,29657.67366432164,29428.37311531437,33.09233030014363,1467,2004.0807303208182,3408.931643221841,-134.70665075061504,0,0,0,0
1781474400,30100,30347,30100,30323.25,1,0,0,0,30464.878602918056,29982.121397081944,30256.75,30256.75,30256.75,78.58573527870479,12171,5393.053820213879,3006.1210954812273,901.9572518993616,0,0,1,0
1781474700,30323.75,30383,30317.5,30371,1,0,0,0,30499.476559852483,30201.023440147517,30297.23280780045,30346.49020205781,30247.975413543092,77.65103990165446,8221,6335.702546809252,8089.5807303208185,1263.8996169173743,0,0,0,0
1781475000,30370,30381,30347.5,30361,0,1,0,0,30492.74609129159,30235.75390870841,30310.83022252498,30362.187421191178,30259.47302385878,74.49739419439344,5298,5989.801697872835,9503.553820213878,858.3777224609548,0,0,0,0
1781475300,30361,30375,30323.25,30370.75,1,0,0,0,30484.30887048505,30213.94112951495,30320.030891897768,30369.409602547352,30270.652181248184,72.87258032336533,6511,6163.534465248556,8984.702546809252,771.0695762408885,0,0,0,0
1781475600,30372.5,30395.25,30359,30375.25,1,0,0,0,30500.63502259326,30253.61497740674,30328.064600980237,30377.86910534092,30278.260096619553,70.25668172883924,5341,5889.356310165705,9245.301697872834,617.2243582496812,0,0,0,0
1781475900,30374.75,30383.75,30333,30353,0,1,0,0,30487.045020979454,30229.704979020546,30333.111367489517,30379.587070208177,30286.635664770856,68.86334731963645,8072,6616.904206777136,8834.034465248556,123.91899102999207,0,0,0,0
1781476200,30351,30373.25,30305.5,30338.25,0,1,0,0,30476.425733766635,30202.324266233365,30333.93839705781,30377.075584026108,30290.80121008951,68.78382251109099,7453,6895.602804518091,9925.356310165704,-85.65161647808634,0,0,0,1
1781476500,30337.5,30349.25,30324,30332.25,0,1,0,0,30447.76139564045,30225.48860435955,30334.02931331321,30375.54055314095,30292.518073485473,65.67426376029877,4242,6011.068536345394,10343.404206777137,-206.9484037581106,0,0,0,0
1781476800,30332,30348.25,30313,30332.25,0,0,0,0,30443.501653094703,30217.748346905297,30333.80328099386,30373.64945797994,30293.95710400778,63.501102063134574,4913,5645.045690896929,9016.60280451809,-218.14967606398025,0,0,0,0
1781477100,30333.5,30360,30325,30358.75,1,0,0,0,30452.197963587936,30232.802036412064,30334.68773286935,30373.416529977163,30295.95893576154,61.46530905862496,4160,5150.030460597953,8467.568536345394,53.29725513076107,0,0,1,0
1781477400,30359.75,30374.25,30347.25,30359.25,0,0,0,0,30462.755251903083,30258.744748096917,30336.121993847875,30374.20568204831,30298.038305647442,59.00350126872318,3946,4748.6869737319685,7725.045690896929,-14.967091089823725,0,0,0,1
1781477700,30359.5,30368.25,30345,30347.5,0,1,0,0,30452.924519624292,30260.325480375708,30336.775171888326,30374.286396833777,30299.263946942876,56.44967974952867,2733,4076.7913158213123,7123.030460597953,-196.34896805070355,0,0,0,0
1781478000,30347.75,30368.75,30335.5,30340.5,0,1,0,0,30450.938839651128,30253.311160348872,30337.349152017123,30373.995638805813,30300.702665228433,54.79255976741948,3847,4000.1942105475414,6115.1869737319685,-289.07758348584434,0,0,0,0
1781478300,30341,30353,30314.25,30324,0,1,0,0,30433.469993961764,30233.780006038236,30336.987171113433,30372.697397173233,30301.276945053633,53.64666264117523,4237,4079.129473698361,6000.291315821312,-458.6251820864471,0,0,0,0
1781478600,30323.5,30334,30315,30317.25,0,1,0,0,30410.757851535924,30238.242148464076,30336.453417539014,30371.62756512699,30301.27926995104,51.17190102394843,3014,3724.0863157989074,6118.694210547541,-512.067754054788,0,0,0,0
1781478900,30316.75,30325,30291.25,30299.75,0,1,0,0,30399.891219283356,30216.358780716644,30334.87821033473,30369.822959411427,30299.93346125803,49.927479522237824,4487,3978.3908771992715,5586.129473698361,-671.4250606259302,0,0,0,0
1781479200,30299,30328.25,30282,30323,1,0,0,0,30402.74720362026,30207.50279637974,30333.58515397197,30367.992608312492,30299.177699631447,49.66480241350655,5094,4350.260584799515,5967.586315798907,-335.37102821261374,0,0,0,0
1781479500,30322.75,30345,30311.75,30329.75,1,0,0,0,30417.73847479024,30239.01152520976,30333.37095536426,30367.008423026993,30299.733487701524,48.49231652682751,4425,4375.173723199677,6525.390877199272,-220.07852738854916,0,0,0,0
1781479800,30329.25,30346,30326,30337.25,1,0,0,0,30415.68572659094,30256.31427340906,30333.461420546268,30366.5995984868,30300.323242605737,46.45715106062555,3005,3918.4491487997843,6562.760584799515,-99.103022850462,0,0,0,0
1781480100,30336.25,30351.25,30335.75,30345.5,1,0,0,0,30417.6188889773,30269.3811110227,30333.724110141568,30366.49506404405,30300.953156239084,44.24592598486658,2545,3460.6327658665227,5877.673723199677,30.025241241371077,0,0,1,0
1781480400,30345.75,30355.25,30332.75,30338.75,0,1,0,0,30419.288968336063,30268.711031663937,30334.001511929073,30366.270406699725,30301.73261715842,42.69264555737611,3488,3469.7551772443485,5190.949148799784,-109.87222024591128,0,0,0,1
1781480700,30338.25,30342,30311.25,30328.5,0,1,0,0,30404.7593991692,30248.4906008308,30333.658385940984,30365.13155453517,30302.185217346796,41.83959944613496,5740,4226.503451496233,5204.632765866523,-292.3010050949361,0,0,0,0
1781481000,30329,30348,30315,30335,1,0,0,0,30409.812299228546,30253.187700771454,30333.630124466687,30364.652038052325,30302.608210881048,41.20819948569675,3313,3922.0023009974884,6339.755177244349,-211.11604883554742,0,0,0,0
1781481300,30334,30360,30332.75,30350.25,1,0,0,0,30420.316777855078,30272.433222144922,30334.150737019667,30364.707274407494,30303.59419963184,40.21118523671841,4478,4107.334867331659,5883.003451496233,51.09858455959352,0,0,1,0
1781481600,30350,30395,30339,30384.25,1,0,0,0,30457.008436579716,30276.991563420284,30337.104604083957,30368.20992163687,30305.999286531045,41.338957719809954,10005,6073.223244887772,6161.002300997488,588.9822571022798,0,0,0,0
1781481900,30385,30418,30360.5,30413.25,1,0,0,0,30481.73997682402,30296.76002317598,30340.444156281977,30373.663495450106,30307.22481711385,42.49331788268067,7686,6610.815496591848,9109.834867331658,803.0128542164736,0,0,0,0
1781482200,30413.75,30458.5,30412.5,30449,1,0,0,0,30522.61569276516,30348.38430723484,30345.854504258314,30385.26152784319,30306.447480673436,42.7437951767749,7955,7058.876997727899,9916.223244887773,1190.1604175950342,0,0,0,0
1781482500,30449.75,30462.75,30427.75,30452.5,1,0,0,0,30526.036000424792,30364.463999575208,30349.501334931727,30392.574316303053,30306.4283535604,42.19066694986241,5438,6518.584665151932,10588.315496591847,964.2296213143528,0,0,0,0
1781482800,30452.5,30465.5,30437.5,30459.25,1,0,0,0,30527.265571823023,30375.734428176977,30352.597684031098,30398.58232903906,30306.613039023134,41.177047882015096,4632,5889.7231101012885,9777.876997727899,838.155622192287,0,1,0,0
1781483100,30460.25,30469,30446.75,30456,0,1,0,0,30528.737673835665,30387.012326164335,30354.619462970848,30402.381708523673,30306.857217418023,39.82511589044259,3082,4953.815406734192,8834.584665151933,569.0901470026247,0,1,0,0
1781483400,30456.5,30460,30445,30448.75,0,1,0,0,30517.07783999026,30387.92216000974,30356.162609511815,30405.065938844848,30307.259280178783,38.05189332683955,2589,4165.543604489461,7430.723110101288,275.28791422831887,0,0,0,0
1781483700,30447.75,30453.5,30436,30439.25,0,1,0,0,30508.375851419525,30381.124148580475,30357.503957987927,30407.19426973372,30307.81364624213,36.583900946351,2546,3625.6957363263077,6248.315406734192,43.327216576596584,0,0,0,0
1781484000,30438.5,30442.5,30426.25,30438.25,0,1,0,0,30495.197219175276,30373.552780824724,30358.980246211093,30409.33601069499,30308.624481727195,35.13147945018307,3170,3473.797157550872,5438.543604489461,-34.349638171707284,0,0,0,1
1781484300,30438.5,30452,30428,30442.25,1,0,0,0,30503.504560662754,30376.495439337246,30360.532621698752,30411.641240434965,30309.42400296254,34.336373775169996,3248,3398.531438367248,5210.695736326308,-45.11067007400652,0,0,0,0
1781484600,30440.25,30450.5,30426.5,30431.5,0,1,0,0,30500.897092043986,30376.102907956014,30361.68456166908,30413.241389757706,30310.127733580455,33.59806136265785,2646,3147.6876255781654,5097.797157550872,-192.06858285720915,0,0,0,0
1781484900,30432,30440,30427.25,30435.75,1,0,0,0,30488.163371183702,30379.086628816298,30362.358608769853,30414.146237922836,30310.57097961687,32.108914122468,1627,2640.7917503854437,4721.5314383672485,-174.77645709601626,0,0,0,0
1781485200,30437.5,30448,30422,30443.25,1,0,0,0,30495.50884467058,30374.49115532942,30364.004609847965,30416.395343817585,30311.613875878345,31.672563113720287,3914,3065.1945002569623,3961.1876255781654,-123.04575154556915,0,0,0,0
1781485500,30443,30455.25,30428,30446,1,0,0,0,30502.284998622683,30380.965001377317,30365.405030848622,30418.366935199832,30312.443126497412,31.356665748454553,3232,3120.7963335046416,4597.791750385443,-127.9690028837386,0,0,0,0
1781485800,30446.5,30471,30437.75,30460.25,1,0,0,1,30518.237855863918,30390.512144136082,30367.226672841647,30421.181186959086,30313.27215872421,31.491903909279227,3731,3324.197555669761,4681.194500256963,-19.41496694127079,0,0,0,0
1781486100,30460.5,30466.5,30439,30440.5,0,1,0,0,30513.31015187364,30392.18984812636,30368.525388853355,30423.011602516257,30314.039175190454,31.206767915759283,3018,3222.131703779841,4986.296333504642,-282.4122686729216,0,0,0,0
1781486400,30440.5,30456.25,30435.5,30450.75,1,0,0,0,30501.939783882666,30389.810216117334,30369.738733008668,30424.670396375634,30314.8070696417,30.459855921776477,2953,3132.421135853227,4833.197555669762,-151.15376656600085,0,0,0,0
1781486700,30450.25,30470.5,30440.25,30455.25,1,0,0,0,30516.16729931962,30394.58270068038,30371.114153164897,30426.65545645518,30315.572849874614,30.444866213078154,3139,3134.614090568818,4698.631703779841,-131.5009232885527,0,0,0,0
1781487000,30455.75,30470,30440,30467,1,0,0,0,30515.6196350825,30394.3803649175,30372.44038585645,30428.59270675701,30316.288064955894,30.413090055001142,2993,3087.4093937125454,4701.921135853227,-57.78269577676349,0,0,0,0
1781487300,30467.75,30481.75,30463.5,30472.75,1,0,0,0,30526.06644686232,30419.18355313768,30374.013657086885,30431.09952688706,30316.92778728671,29.54429790821535,3163,3112.6062624750302,4631.114090568818,-21.34004907304086,0,0,0,0
1781487600,30472.75,30484.5,30466.75,30482.5,1,0,0,0,30527.55277208644,30423.69722791356,30375.257281481976,30433.114531852323,30317.40003111163,28.701848057628535,2441,2888.7375083166867,4668.909393712545,53.137863966830196,0,0,1,0
1781487900,30482.25,30484,30474.75,30478.25,0,1,0,0,30524.96864550884,30433.78135449116,30376.10189138976,30434.47240787107,30317.73137490845,27.312430339226495,1674,2483.825005544458,4333.10626247503,-80.75049012671667,0,0,0,1
1781488200,30478.75,30486.75,30462.75,30473,0,1,0,0,30527.363742258207,30422.136257741793,30377.214677815373,30436.17518930106,30318.254166329687,27.075828172138888,2360,2442.5500036963053,3725.7375083166867,-174.4422820202471,0,0,0,0
1781488500,30472.5,30473,30452.75,30468,0,1,0,1,30512.88240352548,30412.86759647452,30378.268012262037,30437.64266446001,30318.893360064063,26.58826901698611,2538,2474.3666691308704,3663.825005544458,-249.48320405209162,0,0,0,0
1781488800,30467.5,30477.5,30461.25,30470.25,1,0,0,0,30516.27473184509,30422.47526815491,30379.32585215755,30439.15990067671,30319.491803638393,25.84982123005853,2465,2471.244446087247,3711.550003696306,-216.62416902181528,0,0,0,0
1781489100,30470.5,30481,30465.75,30478,1,0,0,0,30518.639036713295,30428.110963286705,30380.220001317877,30440.480255213246,30319.95974742251,25.092691142197207,2011,2317.8296307248315,3706.866669130871,-134.52469078489156,0,0,0,0
1781489400,30478.75,30490.25,30474,30483.5,1,0,0,1,30526.94160551949,30437.30839448051,30381.586574513865,30442.585255043297,30320.587893984433,24.46107034632598,2909,2514.886420483221,3476.7444460872475,-79.69678806299936,0,0,0,0
1781489700,30484.25,30491.5,30480.75,30486.5,1,0,0,0,30526.722562268096,30445.527437731904,30382.41667311657,30443.87820979121,30320.95513644193,23.481708178731264,1742,2257.257613655481,3772.329630724832,-80.13328348246165,0,0,0,0
1781490000,30487.5,30497.75,30482.5,30495.75,1,0,0,0,30532.09059353466,30448.15940646534,30383.323134196933,30445.329461378198,30321.316807015668,22.8937290231076,1832,2115.5050757703207,3385.886420483221,-20.993864202955535,0,0,0,0
1781490300,30495.5,30508,30490.5,30506.25,1,0,0,0,30541.762693996472,30456.737306003528,30384.626973725328,30447.514870077153,30321.739077373502,22.5084626643142,2469,2233.336717180214,3173.257613655481,76.81633339697464,0,0,1,0
1781490600,30506,30512,30493.25,30496,0,1,0,0,30545.36000156815,30459.88999843185,30385.836516707455,30449.493128597973,30322.179904816938,22.240001045434614,2364,2276.891144786809,3350.0050757703207,-105.26649184441811,0,0,0,1
1781490900,30496.75,30505.25,30492,30501,1,0,0,0,30537.646787170426,30459.603212829574,30386.609150442957,30450.73214251903,30322.486158366883,21.597858113617857,1550,2034.5940965245393,3415.336717180214,-87.60679165553051,0,0,0,0
1781491200,30500.75,30503.25,30487.25,30494.5,0,1,0,0,30535.047016658253,30455.452983341747,30387.345725359413,30451.86790691989,30322.823543798935,21.198011105502296,1559,1876.0627310163595,3051.891144786809,-176.6610688763942,0,0,0,0
1781491500,30494.5,30504,30491.25,30501.75,1,0,0,0,30534.891872611235,30460.358127388765,30387.94116318728,30452.802856100567,30323.07947027399,20.59458174082356,1230,1660.7084873442398,2814.094096524539,-124.9491715545779,0,0,0,0
1781491800,30502,30508.25,30495,30505.75,1,0,0,0,30538.354953139005,30464.895046860995,30388.730391164798,30454.063127649868,30323.397654679728,20.069968759336167,1593,1638.1389915628265,2491.0627310163595,-105.30007831397455,0,0,0,0
1781492100,30506.5,30507.5,30499.25,30501.25,0,1,0,0,30536.338527914788,30470.411472085212,30389.21645700507,30454.83125231881,30323.60166169133,19.22568527652644,995,1423.759327708551,2457.20848734424,-190.5277530642863,0,0,0,0
1781492400,30501.75,30504.5,30487.75,30496.5,0,1,0,0,30533.073275920877,30459.176724079123,30389.943450809373,30455.923319524256,30323.96358209449,19.04885061391741,1595,1480.8395518057007,2135.6389915628265,-246.1524835017201,0,0,0,0
1781492700,30496.75,30498.25,30484,30493,0,1,0,0,30526.3091133551,30455.9408866449,30390.591340430678,30456.857307234226,30324.32537362713,18.706075570066165,1504,1488.5597012038004,2221.259327708551,-279.9929459621237,0,0,0,0
1781493000,30493.25,30504,30492.25,30502,1,0,0,0,30531.313819544022,30464.936180455978,30391.31451588044,30457.94915057142,30324.67988118946,18.209213029347154,1581,1519.3731341358668,2232.8395518057005,-157.63816721741793,0,0,0,0
1781493300,30502.75,30522,30501.25,30512,1,0,0,0,30549.586046719447,30473.663953280553,30392.895163854962,30460.495218616197,30325.295109093728,18.390697812965215,3164,2067.5820894239114,2279.0597012038,-34.849089213234095,0,0,0,0
1781493600,30511.5,30519,30508.5,30514.75,1,0,0,0,30545.740614810915,30481.759385189085,30393.509344627622,30461.484796673813,30325.533892581432,17.827076540610555,1228,1787.7213929492743,3101.373134135867,-31.425558648423817,0,0,0,0
1781493900,30514.5,30517.5,30502.25,30505.5,0,1,0,1,30543.964499467278,30475.785500532722,30394.294477781586,30462.69543800874,30325.893517554432,17.642999644852658,1667,1747.4809286328496,2681.5820894239114,-156.7262553888278,0,0,0,0
1781494200,30505,30519.25,30497.75,30515,1,0,0,0,30546.12774950533,30470.87225049467,30395.42716645694,30464.446602846587,30326.40773006729,17.918499670220324,2398,1964.3206190885664,2621.2213929492746,-60.314431485418936,0,0,0,0
1781494500,30515.75,30518.5,30506.25,30507.25,0,1,0,0,30544.77041025495,30479.97958974505,30395.98342926772,30465.297801887285,30326.669056648152,17.51360683663316,1195,1707.880412725711,2946.4809286328496,-164.2216750523081,0,0,0,0
1781494800,30507.75,30512,30489.25,30496.25,0,1,0,0,30538.831452379596,30462.418547620404,30396.8263269018,30466.479016415564,30327.173637388034,17.88763491973079,2039,1818.2536084838073,2561.8206190885667,-266.75436521328066,0,0,0,0
1781495100,30496.5,30500.5,30474,30489.75,0,1,0,0,30528.254205781053,30446.245794218947,30397.79717690363,30467.70810711704,30327.88624669022,18.502803854035733,2684,2106.835738989205,2727.380412725711,-315.8448964732941,0,0,0,0
1781495400,30491,30494.5,30486,30492,1,0,0,0,30521.182476796694,30459.317523203306,30398.167417435187,30468.184534754222,30328.15030011615,17.788317864461753,1008,1740.5571593261366,3160.2536084838075,-278.1960569385476,0,0,0,0
1781495700,30491.5,30493,30481.75,30487.75,0,1,0,0,30518.981942739785,30455.768057260215,30398.55963204185,30468.67208786548,30328.447176218222,17.321295159857343,1117,1532.704772884091,2610.835738989205,-291.7453967212705,0,0,0,0
1781496000,30487.5,30494,30472.5,30478.25,0,1,0,0,30520.429661115515,30446.070338884485,30399.246064524246,30469.471646800197,30329.020482248296,17.61977407701039,2121,1728.8031819227274,2299.0571593261366,-351.5787847712074,0,0,0,0
1781496300,30478.75,30486,30474.5,30478.5,0,0,0,0,30511.773971035836,30448.726028964164,30399.65061448519,30469.930018866657,30329.37121010372,17.182647357223935,1297,1584.8687879484849,2593.204772884091,-314.7181959754675,0,0,0,0
1781496600,30478.5,30482.75,30466.25,30479.75,1,0,0,0,30508.450830247562,30440.549169752438,30400.08486308703,30470.400356107708,30329.769370066355,17.13388683170794,1470,1546.5791919656565,2377.303181922727,-269.34218652516074,0,0,0,0
1781496900,30480.5,30499.25,30479.5,30497.75,1,0,0,0,30525.231128087024,30453.518871912976,30400.835445737313,30471.35153024243,30330.319361232196,17.320752058014516,2131,1741.3861279771043,2319.8687879484846,-65.84502456218021,0,0,0,0
1781497200,30498,30506.25,30493,30503,1,0,0,0,30531.794976080804,30467.455023919196,30401.460203666596,30472.195325723966,30330.725081609227,17.029984053870624,1645,1709.2574186514028,2612.0791919656563,-16.170567616263043,0,0,0,0
1781497500,30503,30515,30501,30512.25,1,0,0,0,30540.220334932175,30475.779665067825,30402.124162117565,30473.14474209041,30331.10358214472,16.813556621451294,1628,1682.1716124342686,2563.886127977104,67.23759627023117,0,0,1,0
1781497800,30512.25,30530,30505,30524.25,1,0,0,0,30556.097453865594,30478.902546134406,30403.20505533512,30474.78400163198,30331.626109038258,17.398302577061916,2455,1939.781074956179,2523.257418651403,144.44135521038447,0,0,0,0
1781498100,30524.5,30529.25,30515,30521.75,0,1,0,1,30555.010135732336,30489.239864267664,30404.029471329384,30476.03812247516,30332.020820183607,17.173423821557495,1867,1915.5207166374528,2909.6716124342684,61.62583676208635,0,0,0,0
1781498400,30522,30526.25,30511.5,30525,1,0,0,0,30551.750483180025,30485.999516819975,30404.571783008538,30476.85098804377,30332.292577973305,17.000322120017675,1254,1695.0138110916353,2873.281074956179,51.564308444894436,0,0,0,0
1781498700,30525,30525.25,30515.75,30517.5,0,1,0,0,30549.946877238595,30491.053122761405,30404.977280408093,30477.449961330563,30332.504599485623,16.4645848257307,957,1449.0092073944236,2542.520716637453,-52.0702108464875,0,0,0,1
1781499000,30517.5,30522.25,30513.5,30515.5,0,1,0,0,30546.120314578697,30489.629685421303,30405.38209947064,30478.035675151285,30332.728523789996,15.913543052464222,983,1293.6728049296157,2173.5138110916355,-86.26408647665525,0,0,0,0
1781499300,30514,30535.25,30512.5,30529.5,1,0,0,1,30559.852792108788,30487.897207891212,30406.2551958353,30479.361859631823,30333.148532038776,16.401861405859634,1989,1525.448536619744,1940.5092073944236,35.08270935069078,0,0,1,0
1781499600,30530,30532,30524.75,30528,0,1,0,0,30555.62223552959,30501.12776447041,30406.76027692027,30480.134788052517,30333.385765788025,15.748157019726802,1140,1396.9656910798292,2288.1728049296157,-23.29674723899504,0,0,0,1
1781499900,30528.5,30541.25,30522.5,30539.25,1,0,0,0,30565.19386156319,30498.55613843681,30407.598882943912,30481.454880888803,30333.74288499902,15.962574375460603,1822,1538.6437940532194,2095.4485366197437,57.12622300431502,0,0,1,0
1781500200,30539.5,30545,30537,30541.75,1,0,0,0,30568.09072859439,30513.90927140561,30408.122895725734,30482.30565775257,30333.940133698896,15.393819062927703,1091,1389.4291960354797,2307.965691079829,52.892579483658324,0,0,0,0
1781500500,30541,30544.5,30536,30544,1,0,0,0,30566.852105123362,30513.647894876638,30408.713665902196,30483.259983474574,30334.16734832982,14.901403415575725,1238,1338.9527973569864,2084.1437940532196,61.311298715615806,0,0,0,0
1781500800,30543.25,30550,30533.5,30535,0,1,0,0,30572.523383328837,30510.976616671163,30409.308028554085,30484.20315555425,30334.412901553922,15.015588885891745,1276,1317.9685315713243,2008.4291960354794,-33.37877664998868,0,0,0,1
1781501100,30534.25,30542.25,30527,30535.25,1,0,0,0,30564.79849880535,30504.45150119465,30410.04844399282,30485.338457744136,30334.7584302415,15.032332536899478,1666,1433.9790210475496,1976.9527973569866,-40.05153614618408,0,0,0,0
1781501400,30536,30540.75,30513.5,30521.5,0,1,0,0,30564.607534604966,30489.642465395034,30410.90388505835,30486.56305410182,30335.244716014877,15.905023069978087,2113,1660.319347365033,2150.9685315713245,-161.26538120076222,0,0,0,0
1781501700,30521.25,30530.25,30502.75,30528.75,1,0,0,0,30555.349853561755,30477.650146438245,30412.12433277267,30488.23597236522,30336.01269318012,16.733235707836794,3202,2174.212898243355,2490.4790210475494,-71.0414594983159,0,0,0,0
1781502000,30529,30534,30520,30525,0,1,0,0,30558.80700687877,30495.19299312123,30412.79508742776,30489.183015424296,30336.407159431223,16.53800458584845,1700,2016.1419321622368,3261.3193473650326,-124.83298200406726,0,0,0,0
1781502300,30526.75,30530,30518.5,30523,0,1,0,0,30554.267220673148,30494.232779326852,30413.274816772944,30489.84467827795,30336.70495526794,16.178147115430704,1256,1762.761288108158,3024.212898243355,-160.6571124318164,0,0,0,0
1781502600,30522.25,30525.25,30507.5,30518.5,0,1,0,0,30549.685633482208,30483.064366517792,30413.905495097846,30490.667438697044,30337.143551498648,16.290422321471368,1777,1767.5075254054386,2644.141932162237,-185.53404715966047,0,0,0,0
1781502900,30518,30538.25,30512,30536,1,0,0,0,30563.752731090623,30486.497268909377,30414.523702934173,30491.538589913253,30337.508815955094,17.001820727080556,1583,1706.005016936959,2651.2612881081577,-67.08670772810115,0,0,0,0
1781503200,30536.5,30548,30530.75,30537,1,0,0,0,30573.529321727005,30505.220678272995,30415.632490636697,30493.18639474064,30338.078586532756,17.01954781800337,2652,2021.3366779579726,2559.0075254054386,-64.93264565918705,0,0,0,0
1781503500,30538,30542.75,30531,30533.75,0,1,0,0,30567.714727317933,30506.035272682067,30416.369262103806,30494.252246129916,30338.486278077697,16.643151545288845,1830,1957.557785305315,3032.005016936959,-132.22624472459296,0,0,0,0
1781503800,30535,30539.5,30526.75,30535.75,1,0,0,0,30564.04760393808,30502.20239606192,30417.063308837885,30495.23702207489,30338.889595600882,16.365069292053928,1772,1895.7051902035435,2936.336677957973,-114.09452474114033,0,0,0,0
1781504100,30536.25,30536.25,30519,30529,0,1,0,0,30560.892417942505,30494.357582057495,30417.863001517315,30496.318418909468,30339.40758412516,16.42827862833579,2179,1990.136793469029,2843.557785305315,-194.4786808556589,0,0,0,0
1781504400,30528.5,30549.75,30523,30549,1,0,0,0,30575.498316660894,30497.251683339106,30418.856909974627,30497.764363523587,30339.949456425667,17.165544440597518,2470,2150.0911956460195,2985.2051902035437,5.570792417601467,0,0,1,0
1781504700,30549.25,30562,30535.5,30542.5,0,1,0,1,30588.748436899405,30508.751563100595,30420.34431254483,30499.97984509646,30340.708779993198,17.832291266269124,3591,2630.3941304306795,3225.1367934690293,-95.4897672863903,0,0,0,1
1781505000,30542,30551,30528.25,30529.25,0,1,0,0,30578.275334263733,30500.974665736267,30421.453642302622,30501.50569786767,30341.401586737575,18.18355617582133,2984,2748.262753620453,3945.5911956460195,-248.5005357505408,0,0,0,0
1781505300,30529.75,30534.5,30521.5,30526.25,0,1,0,0,30561.219953244894,30494.780046755106,30422.1788681188,30502.433420932597,30341.924315305005,17.813302163262666,2147,2547.8418357469686,4122.39413043068,-268.57392769960586,0,0,0,0
1781505600,30526.5,30556.5,30522.75,30552.75,1,0,0,0,30584.927456584544,30494.322543415456,30423.30121266771,30504.028652262743,30342.573773072676,18.951637723029616,2917,2670.894557164646,3821.7627536204527,-15.249852489525807,0,0,0,0
1781505900,30553,30557.5,30548.25,30551.75,0,1,0,0,30584.887995399935,30520.862004600065,30424.027132896783,30505.10465379396,30342.949611999607,18.258663599956073,1789,2376.9297047764308,4006.341835746969,-44.78329014668328,0,0,0,0
1781506200,30551.5,30560,30538.75,30541.75,0,1,0,0,30587.70849572851,30511.04150427149,30424.745309023205,30506.12591237519,30343.364705671218,18.472330485673496,1873,2208.9531365176204,3565.3945571646464,-126.65433446266276,0,1,0,0
1781506500,30542.25,30554.25,30537.25,30551.5,1,0,0,0,30581.800746033616,30509.699253966384,30425.336187109977,30506.96491644122,30343.707457778735,18.367164022411107,1547,1988.3020910117468,3313.4297047764303,-32.487447438070745,0,0,0,0
1781506800,30551.5,30553.25,30521.25,30541.75,0,1,0,0,30582.261407031216,30492.238592968784,30426.771818207853,30508.867269399998,30344.67636701571,19.340938020810313,4126,2700.868060674498,2982.4531365176204,-152.9404718936804,0,0,0,0
1781507100,30542,30565.25,30534.5,30538.25,0,1,0,1,30595.483806528984,30504.266193471016,30428.019844980307,30510.58108133412,30345.458608626494,20.15587101932386,3448,2949.9120404496653,4051.3020910117466,-171.37427442690756,0,0,0,0
1781507400,30537.25,30543.5,30521,30533,0,1,0,0,30573.984963205487,30490.515036794513,30428.83900222489,30511.59061863809,30346.08738581169,20.323308803657874,2603,2834.27469363311,4424.868060674498,-191.90699321230653,0,0,0,0
1781507700,30534.25,30567.5,30532.25,30557.75,1,0,0,0,30599.584251547953,30500.165748452047,30430.144366809323,30513.42259377077,30346.866139847876,21.389501031968024,3542,3070.18312908874,4251.412040449665,61.091109198659126,0,0,1,0
1781508000,30557.75,30565.25,30534.5,30541,0,1,0,0,30598.33716215167,30501.41283784833,30431.133655525387,30514.746158968454,30347.52115208232,22.058108101113167,2867,3002.4554193924932,4605.27469363311,-102.12318042880783,0,0,0,1
1781508300,30541,30564.5,30538.25,30554.75,1,0,0,0,30598.03629342655,30504.71370657345,30432.00599804613,30515.945936892516,30348.066059199744,22.357528951033654,2450,2818.3036129283287,4503.68312908874,33.16594133273523,0,0,1,0
1781508600,30555,30565,30538.5,30564.25,1,0,0,0,30598.98012961037,30504.51987038963,30432.86123906225,30517.137712313466,30348.584765811036,22.653419740245536,2369,2668.5357419522193,4227.455419392493,100.30193657380886,0,0,0,0
1781508900,30563.5,30572.75,30555.25,30560.75,0,1,0,1,30606.177977495343,30521.822022504657,30433.921075229984,30518.663973918523,30349.178176541445,22.285318330227998,2820,2719.023827968146,4002.803612928329,34.85822873220599,0,0,0,0
1781509200,30560.25,30569.5,30552.25,30555.75,0,1,0,0,30602.388479102818,30519.361520897182,30434.582786461935,30519.58782212969,30349.57775079418,21.925652735211713,1838,2425.349218645431,4078.5357419522193,-22.161283205909037,0,0,0,1
1781509500,30555.25,30559.25,30542.25,30550.25,0,1,0,0,30591.610730595472,30509.889269404528,30435.22541754092,30520.430805705764,30350.02002937608,21.573820396982306,1938,2262.899479096954,3638.023827968146,-77.0126073481475,0,0,0,0
1781509800,30549.25,30569.75,30545,30563.5,1,0,0,0,30602.45103555294,30512.29896444706,30436.01172165335,30521.516261357898,30350.507181948804,21.800690368626427,2229,2251.5996527313027,3394.3492186454314,53.160323808311034,0,0,1,0
1781510100,30563.5,30564,30542.75,30545.25,0,1,0,0,30596.642033013442,30510.107966986558,30436.75526570022,30522.477561630665,30351.032969769774,21.761355342295968,2298,2267.066435154202,3377.399479096954,-147.47812126858759,0,0,0,1
1781510400,30544.75,30592.75,30539,30574.75,1,0,0,0,30628.819387798198,30502.930612201802,30438.45475366696,30524.91477865154,30351.99472868238,24.04625853213197,4619,3051.044290102801,3400.5996527313027,118.16430664694234,0,0,1,0
1781510700,30575,30581,30554.5,30577.25,1,0,0,0,30617.332288669757,30518.167711330243,30439.753335392965,30526.77274849806,30352.73392228787,24.221525779836828,3554,3218.6961934018673,4576.566435154202,119.78145665059289,0,0,0,0
1781511000,30578.75,30588,30566.75,30580.5,1,0,0,0,30624.01391090763,30530.73608909237,30440.907946494524,30528.475601815582,30353.340291173467,24.009273938419913,3044,3160.464128934578,4828.044290102801,115.46053800044793,0,0,0,0
1781511300,30581.25,30586.75,30562.75,30566.5,0,1,0,0,30622.76291727137,30526.73708272863,30441.855982489356,30529.810636063692,30353.90132891502,24.00861151424706,2663,2994.6427526230523,4740.696193401867,-66.41957928114708,0,0,0,1
1781511600,30565.75,30581.25,30563.25,30572.75,1,0,0,0,30616.619137466274,30527.880862533726,30442.62016931201,30530.880749582873,30354.359589041145,23.579424977515128,2168,2719.0951684153683,4491.964128934578,19.037023014280393,0,0,1,0
1781511900,30573.5,30607.75,30572.75,30602.75,1,0,0,0,30644.342770504398,30536.157229495602,30444.168484012003,30533.29258122896,30355.044386795045,24.395180336264048,3817,3085.0634456102457,4078.6427526230527,309.35983927351447,0,0,0,0
1781512200,30602.75,30610.75,30596.75,30608,1,0,0,0,30646.22900118265,30561.27099881735,30445.013293079075,30534.66106890501,30355.36551725314,23.65266745510233,1974,2714.7089637401637,4627.595168415369,313.45632633921736,0,0,0,0
1781512500,30608,30615,30602.5,30612.75,1,0,0,0,30649.28407252675,30568.21592747325,30445.767623926477,30535.900560202852,30355.6346876501,22.856048351166447,1727,2385.4726424934424,4072.0634456102453,306.71045641168934,0,0,0,0
1781512800,30612.5,30617.25,30603.5,30610.75,0,1,0,0,30650.558424489125,30570.191575510875,30446.533831114397,30537.15276933995,30355.914892888843,22.205616326083128,1766,2178.981761662295,3578.2089637401637,216.18923411619247,0,1,0,0
1781513100,30610.25,30628.5,30605.25,30608,0,1,0,0,30661.9203227399,30571.8296772601,30447.865962865133,30539.340763086384,30356.391162643882,22.280215159934333,3046,2467.987841108197,3268.4726424934424,134.29156990573065,0,1,0,0
1781513400,30608.5,30619.5,30588.75,30595.75,0,1,0,0,30653.827799687053,30554.422200312947,30448.880506629852,30540.89676747855,30356.864245781155,22.885199791367594,2547,2494.3252274054644,3701.981761662295,-5.038424394073672,0,0,0,1
1781513700,30594.75,30604,30584.75,30591,0,1,0,1,30637.93831399512,30550.81168600488,30449.623099732322,30541.98162372049,30357.264575744153,22.625542663412766,1992,2326.8834849369764,3741.4878411081963,-55.75817766242099,0,0,0,0
1781514000,30591,30603.75,30590,30598.5,1,0,0,0,30636.737362995467,30557.012637004533,30450.38205906456,30543.10684496952,30357.6572731596,21.991575330311854,1999,2217.5889899579843,3490.325227405465,42.361376987036095,0,0,1,0
1781514300,30598.75,30602.5,30587.75,30595.5,0,1,0,0,30634.711479924365,30555.538520075635,30450.91413832467,30543.88244062303,30357.945836026312,21.474319949575293,1435,1956.7259933053228,3326.3834849369764,-10.2574255435037,0,0,0,1
1781514600,30596.25,30602.75,30573,30578.5,0,1,0,0,30635.848159929767,30539.901840070233,30451.76980453591,30545.052348790454,30358.487260281367,22.065439953177055,2514,2142.483995536882,2935.0889899579843,-164.45216044141165,0,0,0,0
1781514900,30577.25,30577.75,30557.25,30560.5,0,1,0,0,30610.760791363355,30524.239208636645,30452.531745470413,30545.96078722437,30359.102703716457,22.007194242235837,2660,2314.9893303579215,3213.725993305323,-352.38323573921457,0,0,0,0
1781515200,30560.5,30561.5,30535.5,30556.5,0,1,0,0,30594.938591980255,30502.061408019745,30453.559159177934,30547.038275311395,30360.080043044472,22.292394653504708,4167,2932.326220238614,3472.4839955368825,-358.99643833902445,0,0,0,0
1781515500,30556.5,30558,30534,30539.25,0,1,0,0,30591.621549695952,30500.378450304048,30454.226481931324,30547.679310396023,30360.773653466626,22.41436646396866,2982,2948.884146825743,4398.489330357921,-503.211962252292,0,0,0,0
1781515800,30537.75,30540.25,30520.25,30522.75,0,1,1,0,30573.612867574815,30486.887132425185,30454.749226640528,30548.073918506314,30361.424534774742,22.241911716542326,2886,2927.9227645504952,4423.326220238614,-619.2818948667575,0,0,0,0
1781516100,30524.5,30542.25,30520,30533,1,0,0,0,30575.61373417661,30486.63626582339,30455.250724674934,30548.476999362247,30362.02444998762,22.242489451075016,2661,2838.9485097003303,4391.884146825743,-410.3381180666913,0,0,0,0
1781516400,30533,30540,30522.75,30523,0,1,0,0,30572.82882459257,30489.92117540743,30455.58127387775,30548.726823778332,30362.435723977167,21.885883061712516,1850,2509.299006466887,4258.422764550495,-433.6488057283219,0,0,0,0
1781516700,30522.75,30536.25,30509.5,30536.25,1,0,0,0,30569.599979978815,30476.150020021185,30456.0386518487,30549.0622885989,30363.0150150985,22.23331998587591,2633,2550.5326709779247,3763.9485097003308,-223.72958498796072,0,0,0,0
1781517000,30535.5,30548.25,30529.25,30540,1,0,0,0,30581.25355283747,30496.24644716253,30456.55127660684,30549.51570456593,30363.58684864775,22.002368558313346,2563,2554.6884473186165,3825.799006466887,-118.91924737972755,0,0,0,0
1781517300,30539.5,30557.25,30534.5,30549,1,0,0,0,30590.33365620622,30501.41634379378,30457.02321614066,30549.973061127337,30364.073371153983,22.055770804148107,2182,2430.4589648790775,3832.0326709779247,-4.023089541906359,0,0,0,0
1781517600,30549.75,30561.75,30546.25,30553.5,1,0,0,0,30594.13125219149,30513.86874780851,30457.52664553104,30550.495616158765,30364.557674903317,21.58750146099467,2184,2348.3059765860517,3645.6884473186165,53.672897696953825,0,0,1,0
1781517900,30554,30556.25,30541,30555.75,1,0,0,0,30587.952234177814,30509.297765822186,30457.971645991067,30550.941959344083,30365.00133263805,21.134822785209337,2009,2235.203984390701,3522.4589648790775,72.31983384754085,0,0,0,0
1781518200,30555.5,30564.5,30552.75,30561,1,0,0,0,30595.196717450828,30522.053282549172,30458.332869149293,30551.33402756476,30365.331710733826,20.464478300551527,1508,1992.8026562604673,3352.8059765860517,131.73686803507078,0,0,0,0
1781518500,30560.75,30563.75,30546.25,30554.5,0,1,0,0,30594.12909477577,30515.87090522423,30458.645845346506,30551.65803915367,30365.63365153934,20.252729850512132,1378,1787.8684375069781,2989.203984390701,66.55813741059636,0,0,0,0
1781518800,30554,30557.5,30541.75,30556.5,1,0,0,0,30587.396659434642,30511.853340565358,30458.99249490776,30552.005005295952,30365.97998451957,19.931106289761264,1585,1720.245625004652,2681.8026562604673,82.9197187840023,0,0,0,0
1781519100,30556.5,30572.75,30555.5,30568,1,0,0,0,30602.359398046454,30525.890601953546,30459.476900567053,30552.55357375444,30366.400227379665,19.73959869763546,1950,1796.830416669768,2580.368437506978,194.31313989014112,0,0,0,0
1781519400,30568.5,30569.5,30541.5,30546.5,0,1,0,0,30599.994441043134,30511.005558956866,30459.885263553373,30552.960805795232,30366.809721311514,20.329627362090072,1889,1827.5536111131787,2695.245625004652,21.85199707048804,0,0,0,0
1781519700,30547.25,30555.5,30533.5,30535.75,0,1,0,0,30586.173409540053,30502.826590459947,30460.303463739936,30553.323369840335,30367.283557639537,20.44893969336935,2214,1956.3690740754525,2741.330416669768,-88.15990752744435,0,0,0,1
1781520000,30536.25,30548,30529.5,30547,1,0,0,0,30578.464594572906,30499.035405427094,30460.625824327242,30553.601204107144,30367.65044454734,20.30972971527154,1724,1878.9127160503017,2934.5536111131787,25.879410688527948,0,0,1,0
1781520300,30547.5,30564.5,30547.25,30564.25,1,0,0,0,30594.663552103415,30517.086447896585,30461.065905778913,30554.063598380784,30368.06821317704,20.10903473560929,1958,1905.2751440335344,2818.3690740754528,203.297285737693,0,0,0,0
1781520600,30564.5,30565.5,30553.25,30561.75,0,1,0,0,30594.821512667455,30523.928487332545,30461.37144097818,30554.38806339089,30368.35481856547,19.547675111637197,1349,1719.8500960223562,2857.9127160503017,139.18212135693358,0,0,0,0
1781520900,30562,30569.75,30553.25,30561.25,0,1,0,0,30598.74497604835,30524.25502395165,30461.85066847718,30554.900990069516,30368.80034688484,19.329984032234538,2106,1848.5667306815708,2579.775144033534,105.4212929752421,0,1,0,0
1781521200,30561.75,30586.5,30554,30580.5,1,0,0,0,30616.906049187754,30523.593950812246,30462.73202730158,30555.940870306218,30369.52318429694,20.270699458503504,3493,2396.7111537877136,2772.8500960223564,275.748646331542,0,0,0,0
1781521500,30580.75,30592.5,30576.25,30585,1,0,0,0,30622.475259960058,30546.274740039942,30463.383768730422,30556.76690754237,30370.000629918475,19.983506640038968,2383,2392.140769191809,3595.0667306815703,281.7505901555045,0,0,0,0
1781521800,30586.25,30600.75,30584.5,30595.25,1,0,0,0,30630.32524139148,30554.92475860852,30463.98116958268,30557.564006541936,30370.398332623423,19.7168275943219,2055,2279.7605127945394,3588.2111537877136,333.1215327034662,0,0,0,0
1781522100,30595.5,30606,30594.5,30603.5,1,0,0,0,30634.694867006376,30565.805132993624,30464.776553552474,30558.66823455174,30370.884872553208,19.12991133758462,2607,2388.8403418630264,3419.6407691918093,436.22488513335617,0,0,0,0
1781522400,30603.25,30614.5,30602.5,30612.75,1,0,0,0,30642.430947934492,30574.569052065508,30465.593073081523,30559.847496388615,30371.338649774432,18.620631956328573,2547,2441.5602279086843,3583.26051279454,536.3280159690855,0,0,0,0
1781522700,30613.5,30621.5,30595,30613.75,1,0,0,0,30650.275165939172,30566.224834060828,30466.616296211014,30561.314674485835,30371.917917936193,19.183443959447963,3229,2704.040151939123,3662.3403418630264,427.379713604989,0,0,0,0
1781523000,30614,30623,30592,30595.25,0,1,0,0,30653.041225514946,30561.958774485054,30467.431663447456,30562.432769498686,30372.430557396227,20.027483676630254,2734,2714.0267679594153,4056.0602279086843,177.13885746506827,0,1,0,0
1781523300,30596.5,30599,30579.25,30597.75,1,0,0,0,30629.01149512102,30549.23850487898,30468.246428060924,30563.467271127378,30373.02558499447,20.00766341401381,3020,2816.0178453062767,4071.040151939123,145.42493276613195,0,0,0,0
1781523600,30598,30609.5,30572.5,30577.5,0,1,0,0,30641.332102612378,30540.667897387622,30469.1739090495,30564.592527382436,30373.755290716563,21.221401741584252,3650,3094.011896870851,4224.026767959415,-89.67852726434396,0,0,0,1
1781523900,30578.25,30595.25,30569.5,30590.25,1,0,0,0,30627.567309568636,30537.182690431364,30469.957055610816,30565.525081664375,30374.389029557256,21.544873045756805,3168,3118.674597913901,4641.017845306276,48.40024731363826,0,0,1,0
1781524200,30590,30618.5,30588.75,30616.75,1,0,0,0,30651.696430313732,30555.553569686268,30470.98987605757,30566.939970474064,30375.039781641077,22.130953542488463,3532,3256.4497319426005,4678.011896870851,320.5244867353804,0,0,0,0
1781524500,30615.75,30615.75,30597,30598.75,0,1,0,0,30648.691328148467,30564.058671851533,30471.540821625465,30567.67158950473,30375.4100537462,21.960885432310715,1966,2826.299821295067,4884.6745979139005,73.69830664973568,0,0,0,0
1781524800,30598.75,30610,30587.5,30599.5,1,0,0,0,30642.999090423575,30554.500909576425,30472.310781205557,30568.65830853742,30375.963253873695,21.99939361571709,2881,2844.5332141967115,4239.449731942601,48.66644102119977,0,0,0,0
1781525100,30599.5,30608.5,30592,30599.75,1,0,0,0,30640.909869679035,30559.590130320965,30472.987936131198,30569.526597247775,30376.44927501462,21.606579786023012,2541,2743.355476131141,4266.799821295067,22.505502390956565,0,0,0,0
1781525400,30600,30617.25,30595.25,30597.25,0,1,0,0,30649.702021844816,30562.797978155184,30473.83815432135,30570.631293503604,30377.045015139098,21.63468122987851,3150,2878.903650754094,4115.033214196712,-39.64578714918355,0,0,0,1
1781525700,30596.5,30605.25,30569.75,30578.75,0,1,0,0,30639.187591713046,30535.812408286954,30474.78729991126,30571.70390124431,30377.87069857821,22.625061142030045,4172,3309.935767169396,4318.355476131141,-249.24459925649325,0,0,0,0
1781526000,30578.5,30586.25,30560.5,30577.75,0,1,0,0,30620.522406590684,30526.227593409316,30475.718012774203,30572.65972457579,30378.776300972615,22.848271060456472,4571,3730.290511446264,4964.903650754094,-234.6811992022996,0,0,0,0
1781526300,30577.75,30584,30564,30570.25,0,1,0,0,30617.96723469135,30530.03276530865,30476.25512642771,30573.19585020895,30379.31440264647,22.644823127566724,2735,3398.527007630843,5595.435767169396,-305.1341812267129,0,0,0,0
1781526600,30571,30585.75,30552.5,30555.25,0,1,0,0,30620.853503641967,30517.396496358033,30477.06069568281,30573.922217800042,30380.199173565576,23.402335761311956,4552,3783.0180050872286,5097.790511446265,-466.8120149391573,0,0,0,0
1781526900,30555,30570.25,30549.75,30566.5,1,0,0,0,30605.042539096114,30514.957460903886,30477.756101607825,30574.524856557888,30380.987346657763,23.19502606407539,4108,3891.345336724819,5674.5270076308425,-175.73235954782177,0,0,0,0
1781527200,30566.25,30581.25,30553.75,30557.5,0,1,0,0,30616.503786303532,30518.496213696468,30478.370794263017,30575.06782961006,30381.673758915975,23.50252420235572,3602,3794.896891149879,5837.018005087229,-261.8003631577937,0,0,0,0
1781527500,30558,30572.25,30538.5,30569.5,1,0,0,0,30608.601730138995,30502.148269861005,30479.297115831447,30575.832872113726,30382.761359549168,24.23448675933031,5806,4465.264594099919,5692.3453367248185,-36.21381361385184,0,0,0,0
1781527800,30569.5,30576.5,30556,30564,0,1,0,0,30612.45160655764,30520.04839344236,30479.916402869752,30576.379886464136,30383.45291927537,23.96773770509243,3706,4212.176396066613,6697.896891149879,-131.6891422768678,0,0,0,0
1781528100,30563.5,30587,30562.25,30581.5,1,0,0,0,30623.03542037495,30526.21457962505,30480.84921052413,30577.313360297954,30384.38506075031,24.02361358330011,5009,4477.784264044409,6318.264594099919,227.63696917727574,0,0,1,0
1781528400,30581,30587.5,30569,30573,0,1,0,0,30622.94360463388,30533.55639536612,30481.628042390515,30578.082452781055,30385.173631999976,23.62906975592153,4276,4410.522842696272,6716.676396066613,2.3523286578388536,0,0,0,0
1781528700,30573.25,30584.75,30562.5,30580.75,1,0,0,0,30620.045847160032,30527.204152839968,30482.361248671896,30578.796865872966,30385.925631470825,23.530564773355707,4112,4311.015228464182,6615.784264044409,123.00631644326137,0,0,0,0
1781529000,30581,30602.5,30576.5,30601.75,1,0,0,0,30638.060429505746,30540.939570494254,30483.2948005993,30579.859439293043,30386.730161905554,23.7069530038303,4480,4367.3434856427875,6466.522842696273,426.4856992608153,0,0,0,0
1781529300,30601.75,30611,30598.5,30606.5,1,0,0,0,30645.35968454105,30564.14031545895,30484.25865071842,30581.045950300482,30387.47135113636,22.906456360699565,4249,4327.895657095191,6551.015228464181,486.4876497511349,0,0,0,0
1781529600,30607.5,30614.75,30593,30609.25,1,0,0,0,30648.985778502403,30558.764221497597,30485.1359869916,30582.11965815743,30388.152315825773,22.82385233493531,3916,4190.597104730127,6491.843485642787,409.7626205715885,0,0,0,0
1781529900,30609.75,30645,30609.75,30633.75,1,0,0,0,30680.620722895088,30574.129277104912,30488.61529882038,30586.948023046574,30390.282574594185,23.747148596725644,13383,7254.731403153418,6285.8956570951905,1171.919565464375,0,0,0,0
1781530200,30634.25,30696.25,30601.75,30659,1,0,0,0,30739.45138554544,30558.54861445456,30504.911172912583,30610.31159798147,30399.5107478437,28.800923696959526,61381,25296.82093543561,10882.097104730126,2440.3266778255556,0,0,0,0
1781530500,30659.5,30719,30659,30670.25,1,0,0,0,30765.544143720766,30612.455856279234,30517.260305015796,30628.532391230565,30405.988218801027,31.029429147176703,46017,32203.547290290408,37945.23140315342,2720.75347983609,0,0,0,0
1781530800,30669.75,30735.5,30651,30704.75,1,0,0,0,30787.773133454997,30598.726866545003,30528.484424489212,30644.67835522855,30412.290493749875,34.84875563666408,44117,36174.698193526936,48305.32093543561,3873.891432929207,0,0,0,0
1781531100,30704.25,30784,30702.25,30780.5,1,0,0,0,30841.29826677964,30644.95173322036,30539.20530139225,30662.426385959538,30415.98421682496,38.198844519759504,35020,35789.79879568463,54262.0472902904,6140.904373090994,0,0,0,0
1781531400,30781.5,30800,30762.75,30763.25,0,1,0,0,30857.196604866807,30705.553395133193,30547.730172290958,30676.476277044654,30418.98406753726,38.13106991120526,27785,33121.53253045642,53684.69819352694,3592.919531596452,0,0,0,0
1781531700,30763.25,30783.5,30695.25,30703.25,0,1,0,0,30846.066490233465,30632.683509766535,30554.668541454575,30685.562506533926,30423.774576375225,41.710993488976314,30926,32389.68835363761,49682.29879568463,793.0037257626082,0,0,0,0
1781532000,30703.25,30761.75,30688.75,30739.75,1,0,0,0,30827.668883788217,30622.831116211783,30562.584278126415,30695.57283935036,30429.59571690247,43.945922525478004,37832,34203.79223575841,48584.53253045642,2262.245616925399,0,0,0,0
1781532300,30739.75,30764.75,30708,30731.25,0,1,0,0,30832.040749231917,30640.709250768083,30568.282524237515,30702.62690140192,30433.93814707311,44.86049948794386,28712,32373.19482383894,51305.68835363761,1260.2709637046119,0,0,0,0
1781532600,30730.5,30753.75,30676.5,30728.5,0,1,0,0,30824.511052858208,30605.738947141792,30574.363772048,30709.293777191244,30439.433766904756,47.17403523880501,36310,33685.463215892625,48559.79223575841,750.6838060168561,0,0,0,0
1781532900,30728.25,30744.25,30692,30725.25,0,1,0,0,30815.55490622548,30620.69509377452,30578.467727712203,30713.662834359915,30443.27262106449,47.536604150318944,26103,31157.97547726175,50528.19482383894,277.4123452883041,0,0,0,0
1781533200,30725.5,30725.5,30670.25,30699.75,0,1,0,0,30797.631341495086,30598.118658504914,30581.76863529391,30716.52914892812,30447.0081216597,48.08756099672473,26284,29533.316984841167,46736.963215892625,-1121.8374487749165,0,0,0,1
1781533500,30699.25,30762.75,30694.25,30759.5,1,0,0,0,30837.068388531152,30619.931611468848,30585.45334582563,30720.729053747855,30450.177637903405,49.54559235410154,22961,27342.544656560778,44299.97547726175,797.5050733465555,0,0,1,0
1781533800,30759.25,30769.75,30710.25,30731,0,1,0,0,30845.1349322075,30634.8650677925,30589.603543029967,30725.287359755785,30453.91972630415,50.25662147166571,27558,27414.363104373853,41013.81698484116,-774.0131498275323,0,0,0,1
1781534100,30731,30748.5,30714.75,30740,1,0,0,0,30822.11636562125,30641.13363437875,30591.94318917308,30727.75922775857,30456.127150587585,49.07757708083245,16525,23784.575402915903,41121.54465656078,-404.43898178699123,0,0,0,0
1781534400,30740.25,30741,30698.5,30715.5,0,1,0,0,30813.91162521973,30625.58837478027,30593.952960608927,30729.60935218676,30458.296569031096,48.60775014648727,16527,21365.383601943937,35676.86310437386,-1420.304931833763,0,0,0,0
1781534700,30717,30739.5,30707.25,30718,1,0,0,0,30810.659009132607,30636.090990867393,30595.84803837935,30731.375485495457,30460.320591263244,47.439339421738175,15665,19465.255734629292,32048.075402915907,-1287.5327181027267,0,0,0,0
1781535000,30717.5,30759.75,30717.5,30748.75,1,0,0,0,30830.353008480277,30646.896991519723,30597.871147291626,30733.53625889412,30462.20603568913,47.06867232018545,14809,17913.17048975286,29197.88360194394,-185.54408729952502,0,0,0,0
1781535300,30748.75,30791.25,30745.5,30776.75,1,0,0,0,30861.711722160257,30675.038277839743,30600.944255456554,30737.33249500616,30464.556015906946,46.974481440172205,19314,18380.113659835242,26869.755734629292,795.8165340495129,0,0,1,0
1781535600,30776.25,30813.5,30772.25,30803.25,1,0,0,0,30883.348384863097,30702.401615136903,30604.14870021088,30741.67150600917,30466.62589441259,46.56558990873133,18160,18306.74243989016,27570.17048975286,1596.6093715752108,0,0,0,0
1781535900,30802.75,30828,30796.25,30822.5,1,0,0,0,30896.261000230017,30727.988999769983,30606.990793464265,30745.739272497467,30468.242314431063,45.507333486679094,15087,17233.494959926775,27460.11365983524,2003.0410809803257,0,0,0,0
1781536200,30822.75,30824.25,30801,30818.5,0,1,0,0,30890.126285927876,30735.123714072124,30609.28434769175,30748.96008477076,30469.608610612744,43.9175239519163,12539,15668.66330661785,25850.242439890164,1221.9351345994478,0,0,0,0
1781536500,30818.75,30825.25,30801,30818.75,0,0,0,0,30889.01905121874,30737.23094878126,30611.062411921805,30751.430857893007,30470.693965950602,42.51270081249371,9895,13744.108871078566,23502.994959926775,792.1907717910003,0,0,0,0
1781536800,30819,30839.5,30815.5,30834.25,1,0,0,0,30901.28554756026,30753.71445243974,30613.42573284785,30754.852795148836,30471.998670546862,41.19036504017273,12507,13331.73924738571,20616.163306617847,1183.9282190686686,0,0,0,0
1781537100,30834.25,30853,30828.75,30847.25,1,0,0,0,30912.970508448812,30768.779491551188,30615.476802017434,30757.918301448746,30473.035302586122,39.98033896587468,10433,12365.492831590474,19997.608871078566,1273.5975515969267,0,0,0,0
1781537400,30847.5,30855.25,30808.75,30811,0,1,0,0,30915.91904355961,30748.08095644039,30618.534299777202,30762.147566976997,30474.921032577407,40.44602903974077,17293,14007.995221060317,18548.23924738571,-465.3369351213573,0,0,0,1
1781537700,30811,30849,30801.5,30841,1,0,0,0,30910.424826162496,30740.075173837504,30621.632808968247,30766.44460081662,30476.821017119873,40.949884108330714,17580,15198.663480706879,21011.992831590476,441.65012132858647,0,0,1,0
1781538000,30841.25,30850,30830,30834,0,1,0,0,30909.180195722318,30770.819804277682,30623.27897569472,30768.75878208525,30477.79916930419,39.453463814878525,9220,13205.775653804585,22797.99522106032,-180.908524552804,0,0,0,1
1781538300,30835.25,30876.75,30835.25,30873,1,0,0,0,30936.283396027866,30775.716603972134,30625.7002692322,30772.399800050207,30479.00073841419,39.68893068524435,12435,12948.850435869723,19808.663480706877,691.3229333815866,0,0,1,0
1781538600,30873.5,30887.25,30865.5,30878,1,0,0,0,30944.861367740163,30807.888632259837,30628.050935673324,30776.05221951878,30480.049651827867,38.407578493441186,11564,12487.23362391315,19423.275653804583,558.6115042707747,0,0,0,0
1781538900,30877.5,30886.75,30868,30879.5,1,0,0,0,30942.255198615865,30812.494801384135,30629.47777716991,30778.25311326045,30480.702441079367,37.00346574390967,7093,10689.155749275433,18730.850435869725,292.608883742495,0,0,0,0
1781539200,30879.75,30903.25,30870,30888.25,1,0,0,0,30958.353041571874,30814.896958428126,30632.30010211891,30782.66962775111,30481.930576486706,36.73536104791612,13764,11714.10383285029,16033.73362391315,333.5321376717675,0,0,0,0
1781539500,30888.75,30895.5,30877.25,30890,1,0,0,0,30948.622467173882,30824.127532826118,30633.516955341533,30784.554620768347,30482.479289914718,35.41497811592212,6019,9815.73588856686,17571.155749275433,72.33827067569882,0,0,0,0
1781539800,30890,30896.5,30878,30889,0,1,0,0,30947.810148090033,30826.689851909967,30634.785078349836,30786.506932656248,30483.063224043424,34.20676539335626,6328,8653.157259044574,14723.603832850291,-212.08865324770886,0,0,0,1
1781540100,30889.25,30894.5,30868.5,30881,0,1,0,0,30944.93085179789,30818.06914820211,30636.613555773,30789.24469885769,30483.982412688314,33.62056786525938,9482,8929.438172696382,12979.735888566862,-693.38298197721,0,0,0,0
1781540400,30880.75,30908.75,30879,30904.5,1,0,0,0,30958.76614809804,30828.98385190196,30638.866732742703,30792.741874729712,30484.991590755693,33.34409873202657,11142,9666.958781797588,13394.157259044572,38.884230640485384,0,0,1,0
1781540700,30904.25,30918.5,30890.25,30901,0,1,0,1,30967.97035180532,30840.77964819468,30641.071415737755,30796.178261598212,30485.9645698773,32.98023453688182,10845,10059.63918786506,14500.438172696382,-318.52172579929766,0,0,0,1
1781541000,30901.5,30914.25,30876.25,30878,0,1,0,0,30964.258183819227,30826.241816180773,30642.79519151279,30798.73256615865,30486.857816866926,33.33878921281883,9087,9735.426125243373,15089.458781797588,-1019.0034435033654,0,0,0,0
1781541300,30878.5,30890.75,30861,30870.5,0,1,0,0,30940.373670689285,30811.376329310715,30644.59050281863,30801.242109702423,30487.93889593484,33.08244712618892,10245,9905.284083495582,14603.139187865061,-1313.5316499578198,0,0,0,0
1781541600,30870.5,30894,30862.25,30880.5,1,0,0,0,30943.480908497193,30812.769091502807,30646.331036250474,30803.691362403406,30488.970710097543,32.987272331461135,9877,9895.856055663722,14857.926125243373,-992.6790046031,0,0,0,0
1781541900,30879.5,30880.25,30850.75,30866.25,0,1,0,0,30929.38405789025,30801.61594210975,30648.42011492884,30806.472419336624,30490.367810521053,32.756038593499625,12782,10857.904037109149,14843.784083495582,-1556.920577470829,0,0,0,0
1781542200,30866.25,30878.25,30857.25,30861.25,0,1,0,0,30926.12448232666,30809.37551767334,30649.72570026477,30808.193894327902,30491.25750620164,31.916321551106794,8120,9945.269358072766,16286.856055663724,-1647.895696482866,0,0,0,0
1781542500,30862,30875.25,30852.75,30868.5,1,0,0,0,30922.115590731897,30805.884409268103,30650.776557901987,30809.57048648664,30491.982629317336,31.243727154599163,6610,8833.512905381844,14917.90403710915,-1349.0608227303633,0,0,0,0
1781542800,30868.25,30881.75,30836.75,30874.25,1,0,0,0,30930.08947710819,30788.41052289181,30653.040469751206,30812.496601463878,30493.584338038534,32.226318072127796,14548,10738.34193692123,13250.269358072765,-1093.1713341200045,1,0,0,0
1781543100,30874.75,30886.25,30828,30846,0,1,0,0,30937.377728743322,30776.872271256678,30655.422536340768,30815.4088685848,30495.436204096735,34.08515249554724,16504,12660.227957947487,16107.512905381845,-1825.7274004173573,0,0,0,0
1781543400,30845.25,30866.75,30838.75,30854.5,1,0,0,0,30917.2257481188,30788.2742518812,30656.667023124683,30816.915039539756,30496.41900670961,33.6504987458653,8785,11368.485305298325,18990.34193692123,-1370.927155877425,0,0,0,0
1781543700,30854.5,30881.5,30848.25,30867.25,1,0,0,0,30931.932837538883,30797.817162461117,30658.056461672324,30818.671437504763,30497.441485839885,33.62189169258921,9350,10695.656870198884,17052.72795794749,-926.2923675165184,0,0,0,0
1781544000,30866.75,30878.25,30845.75,30876,1,0,0,0,30928.562634857535,30795.437365142465,30659.193821352317,30820.105267355062,30498.282375349572,33.54175657168998,7710,9700.437913465923,16043.485305298325,-688.1691076666953,0,0,0,0
1781544300,30876,30892.75,30865.75,30882.75,1,0,0,0,30942.36173236771,30816.13826763229,30660.481420311524,30821.804009987012,30499.158830636035,33.0744882451407,8279,9226.625275643948,14550.656870198884,-500.94943464201015,0,0,0,0
1781544600,30882.25,30892.75,30862.5,30875,0,1,0,0,30942.05910862716,30813.19089137284,30661.879030724034,30823.610599894222,30500.147461553846,32.87273908477351,9252,9235.083517095965,13839.937913465921,-748.1352317127171,0,0,0,0
1781544900,30875.25,30889.25,30874.75,30882,1,0,0,0,30936.590600868076,30827.409399131924,30662.79067399868,30824.804902025797,30500.77644597156,31.560400578718255,5954,8141.38901139731,13852.625275643948,-475.1011283553603,0,0,0,0
1781545200,30882,30885,30870,30874.75,0,1,0,0,30930.566272234642,30824.433727765358,30663.514083602262,30825.72977050849,30501.298396696035,30.37751482309552,4881,7054.5926742648735,12212.083517095965,-731.8693473092846,0,0,0,0
1781545500,30875.25,30881.25,30861.25,30878,1,0,0,0,30925.704395646455,30816.795604353545,30664.433393749157,30826.88623237143,30501.980555126884,29.63626376430298,6343,6817.395116176583,10581.88901139731,-632.1292513667369,0,0,0,0
1781545800,30877.75,30885.25,30862.25,30866.5,0,1,0,0,30928.993367385992,30818.506632614008,30665.28483734124,30827.94324742616,30502.626427256324,29.162244923995623,5987,6540.596744117722,10226.092674264873,-903.9494171637753,0,0,0,0
1781546100,30867.5,30870.25,30853.5,30858.75,0,1,0,0,30912.66348400128,30811.08651599872,30666.249573999405,30829.083696209505,30503.415451789304,28.27565600085308,7213,6764.731162745148,9810.895116176584,-1198.256625138964,0,0,0,0
1781546400,30858.75,30866.25,30833.5,30838.75,0,1,0,0,30909.14287800119,30790.60712199881,30667.72224140513,30830.696806870255,30504.74767594,28.595252000792147,12066,8531.820775163433,10147.096744117722,-1768.5932665834914,0,0,0,0
1781546700,30838.75,30858,30831.25,30855,1,0,0,0,30900.695172429674,30788.554827570326,30668.808025778555,30831.889190499984,30505.726861057126,28.46344828644985,8928,8663.880516775622,12797.731162745149,-1017.8436901681671,0,0,0,0
1781547000,30854.5,30871.25,30851.5,30867.75,1,0,0,0,30913.011588684698,30809.738411315302,30669.96775092292,30833.251212472293,30506.684289373545,27.841059123132002,8887,8738.253677850415,12995.820775163433,-347.9703773721343,0,0,0,0
1781547300,30868,30879.5,30861.5,30866.5,0,1,0,0,30920.207189492932,30820.792810507068,30670.979457102,30834.462134164613,30507.496780039386,27.138126328622572,7616,8364.169118566942,13107.380516775622,-419.9847954423501,0,0,0,0
1781547600,30866.75,30871,30853.5,30854.5,0,1,0,0,30910.67453310058,30813.82546689942,30671.93031724548,30835.5469795929,30508.31365489806,26.44968873372096,7595,8107.779412377961,12546.253677850415,-916.2248546303159,0,0,0,0
1781547900,30854.5,30863.5,30836.75,30840.5,0,1,0,0,30903.206709307684,30797.043290692316,30672.86424635826,30836.541022367866,30509.18747034865,26.47113953845518,8087,8100.852941585307,12161.669118566942,-1212.4560052256174,0,0,0,0
1781548200,30840.5,30862,30823.75,30852.75,1,0,1,0,30902.96873007142,30782.78126992858,30674.21896853539,30837.967579529068,30510.470357541715,27.31248671427981,11938,9379.901961056872,12151.27941237796,-687.677203186639,0,0,0,0
1781548500,30853,30881.5,30849.75,30879.5,1,0,0,0,30922.944177923462,30808.305822076538,30675.215236906453,30839.14095949128,30511.289514321626,27.62945194897411,7801,8853.601307371247,14069.852941585308,-2.1583307272661614,0,0,0,0
1781548800,30879.5,30886,30867.75,30881.25,1,0,0,0,30926.439236643215,30827.310763356785,30676.121062555925,30840.239845102995,30512.002280008855,26.95949109547596,6876,8194.400871580832,13280.401961056872,6.27048658273884,0,0,1,0
1781549100,30881.5,30891,30867.25,30879.75,0,1,0,0,30931.09536259727,30827.15463740273,30677.061421596172,30841.379838612535,30512.74300457981,26.73024173151339,7168,7852.267247720555,12291.60130737125,-98.61798063147103,0,0,0,1
1781549400,30880,30884.5,30866.5,30873,0,1,0,0,30923.659979554606,30827.340020445394,30677.66120967705,30842.08976369495,30513.232655659154,26.106653036405294,4716,6806.844831813703,11778.400871580832,-306.29782679135025,0,0,0,0
1781549700,30873.5,30882.25,30853.5,30861.25,0,1,0,0,30921.693195300708,30814.056804699292,30678.471567639815,30843.006999071255,30513.936136208376,26.295463533804917,6726,6779.896554542469,10210.267247720556,-570.5651852780146,0,0,0,0
1781550000,30861.25,30873,30845.75,30849.5,0,1,0,0,30912.54546706494,30806.20453293506,30679.40824050318,30844.01269238984,30514.803788616522,26.363644709961708,8273,7277.597703028313,10169.844831813703,-848.0394813538562,0,0,0,0
1781550300,30849.5,30863.75,30842,30854.25,1,0,0,0,30902.801147988874,30802.948852011126,30680.309687384146,30844.96134037737,30515.658034390923,26.03409865925016,8173,7576.065135352209,10916.396554542469,-564.8494431939985,0,0,0,0
1781550600,30853.75,30869.75,30847.25,30859,1,0,0,0,30908.4224945611,30808.5775054389,30681.190149401707,30845.90990657496,30516.470392228453,25.78166304073229,7823,7658.376756901473,11364.097703028314,-326.21337838660025,0,0,0,0
1781550900,30858.75,30872,30849,30855.75,0,1,0,0,30910.374459235307,30810.625540764693,30681.909806175452,30846.682729528846,30517.13688282206,25.582972823537126,6443,7253.251171267649,11487.565135352208,-380.1583125981011,0,0,0,0
1781551200,30856,30859.25,30834.5,30840.75,0,1,0,0,30897.535212147068,30796.214787852932,30682.73508747249,30847.49662822646,30517.97354671852,25.523474764713047,8101,7535.834114178432,10879.876756901473,-812.0168844529154,0,0,0,0
1781551500,30840.5,30850.5,30831.25,30831.75,0,1,0,0,30888.113054136564,30793.636945863436,30683.433104159485,30848.15094639473,30518.71526192424,25.0753694243764,7230,7433.889409452288,11303.751171267648,-998.0500177094043,0,0,0,0
1781551800,30831.5,30854.5,30818.25,30839,1,0,1,0,30893.31033598395,30779.43966401605,30684.549112068136,30849.186680152357,30519.911543983915,25.87355732263523,11741,8869.592939634858,11150.834114178433,-605.0750567725647,0,0,0,0
1781552100,30839.25,30861.25,30835.5,30856.25,1,0,0,0,30900.047097699386,30796.702902300614,30685.318018261583,30849.962213313585,30520.67382320958,25.864731799589855,7510,8416.395293089905,13304.389409452288,-42.544724973053036,0,0,0,0
1781552400,30856,30865.5,30850.25,30855.25,0,1,0,0,30903.159805006573,30812.590194993427,30686.043592375012,30850.716565413444,30521.37061933658,25.106536671047724,6900,7910.93019539327,12624.592939634858,-81.96171105989154,0,0,0,0
1781552700,30855,30877.25,30846.75,30869.5,1,0,0,0,30915.48767607753,30808.51232392247,30687.19971491171,30851.961638034718,30522.4377917887,25.491784051687173,10646,8822.62013026218,11866.395293089905,394.537915340468,0,0,1,0
1781553000,30868.75,30868.75,30820.25,30843,0,1,0,0,30909.53319921485,30779.46680078515,30688.897049505165,30853.566102696685,30524.227996313646,27.18879947656666,17983,11876.080086841452,13233.93019539327,-594.0618739086667,0,0,0,1
1781553300,30842.75,30879.5,30815.25,30873.25,1,0,1,0,30924.254042128076,30770.495957871924,30691.516664020135,30856.203316721574,30526.830011318696,29.83602808538333,26458,16736.7200578943,17814.120130262178,683.8418607984006,0,0,1,0
1781553600,30872.75,30895.75,30867.25,30868.5,0,1,0,1,30940.360896261784,30822.639103738216,30692.799138664373,30857.634762702957,30527.96351462579,29.74059750785595,11740,15071.146705262867,25105.08008684145,374.7041337466556,0,0,0,0
1781553900,30868.25,30875.5,30859.75,30872,1,0,0,0,30918.611903671655,30816.638096328345,30693.248381084035,30858.11357899564,30528.38318317243,28.741269114437667,4342,11494.764470175245,22606.7200578943,382.0008748019596,0,0,0,0
1781554200,30871.5,30877.75,30854.5,30871.25,0,1,0,0,30920.273553409395,30811.976446590605,30693.59903500419,30858.48395643068,30528.714113577702,28.34903560626355,3429,8806.176313450163,17242.14670526287,284.5620741068742,0,0,0,0
1781554500,30871.5,30875,30858.5,30869.5,0,1,0,0,30916.254013880152,30817.245986119848,30693.787250140245,30858.68226935991,30528.89223092058,27.502675920101865,1848,6486.784208966776,13209.264470175245,185.52971501940402,0,0,0,0
1781554800,30869.25,30870.75,30845.5,30848.5,0,1,0,0,30911.762655745857,30804.487344254143,30693.95705386169,30858.848062592388,30529.066045130992,27.341770497237444,1803,4925.522805977851,9730.176313450163,-14.825018278542359,0,0,0,1
1781555100,30847.5,30856.25,30844.25,30849,1,0,0,0,30895.61889462115,30804.88110537885,30694.08886673602,30858.97240791298,30529.205325559058,26.24592974743477,1448,3766.3485373185677,7388.2842089667765,-21.658402699984833,0,0,0,0
1781555400,30848.25,30858.25,30847.5,30854.25,1,0,0,0,30895.958616433927,30809.791383566073,30694.23566811346,30859.11403430541,30529.357301921507,25.139077622618,1580,3037.565691545712,5649.522805977851,38.85565862847085,0,0,1,0
1781555700,30854.5,30856.25,30843.75,30846,0,1,0,0,30892.60442954579,30807.39557045421,30694.35091492573,30859.221691146413,30529.480138705047,24.23628636385957,1280,2451.710461030475,4556.348537318569,-76.92291081253558,0,0,0,1
1781556000,30846,30848.25,30827.75,30833,0,1,0,0,30884.204113149663,30791.795886850337,30694.50595566035,30859.353398769505,30529.658512551192,23.96940876644103,1875,2259.4736406869833,3677.5656915457125,-200.75983861109862,0,0,0,0
1781556300,30832.75,30842.25,30829.75,30833.25,1,0,0,0,30876.975247924685,30795.024752075315,30694.665257923203,30859.487143830676,30529.84337201573,23.150165283123815,1948,2155.6490937913222,3389.210461030475,-181.1390184905252,0,0,0,0
1781556600,30833,30834.75,30826.5,30832.5,0,1,0,0,30867.87880164435,30793.37119835565,30694.754506680634,30859.559497030248,30529.94951633102,22.085867762900683,1124,1811.7660625275482,3233.4736406869833,-177.6183299568255,0,0,0,0
1781556900,30831.5,30841.5,30828,30831.25,0,1,0,0,30873.708887241184,30795.791112758816,30694.884646308492,30859.667152427883,30530.1021401891,21.472591494122064,1614,1745.8440416850322,2717.6490937913222,-169.91327650418523,0,0,0,0
1781560800,30833,30869,30832,30846,1,0,0,0,30902.952895295384,30798.047104704616,30849,30849,30849,22.6352635302562,3838,2443.2293611233545,2618.7660625275485,-32.77410175765942,0,0,0,0
1781561100,30845.25,30852.25,30829.5,30846.75,1,0,0,0,30886.21518848857,30795.53481151143,30846.666774646365,30849.657473984604,30843.676075308125,22.643458992380754,2336,2407.486240748903,3664.8440416850317,-33.103111629102045,0,0,0,0
1781561400,30847.75,30848.75,30775.75,30797.25,0,1,0,0,30888.11053216796,30736.38946783204,30827.083672914967,30846.905514530834,30807.2618312991,26.240354778639272,6096,3636.990827165935,3611.2293611233545,-444.3608217050796,0,0,0,0
1781561700,30797,30803.75,30786.25,30787,0,1,0,0,30842.17406558453,30747.82593441547,30821.001837782107,30843.328909532433,30798.67476603178,25.61604372302218,2603,3292.3272181106236,5455.486240748903,-519.7774215890596,0,0,0,0
1781562000,30787.5,30792.75,30768,30773.5,0,1,0,0,30831.08127518564,30729.66872481436,30811.92528628989,30838.38737764139,30785.46319493839,25.554183457092023,3989,3524.551478740416,4938.490827165935,-649.9874112244913,0,0,0,0
1781562300,30774.25,30788.75,30755.75,30785.25,1,0,0,0,30827.879041243807,30716.620958756193,30805.294674390552,30832.849010577083,30777.74033820402,26.08602749587116,4356,3801.700985826944,5286.827218110624,-402.74788965955946,0,0,0,0
1781562600,30784.5,30794.25,30779.75,30787,1,0,0,0,30832.137681154964,30741.862318845036,30803.35223860486,30830.005422438262,30776.69905477146,25.258454103308935,2758,3453.8006572179625,5702.551478740415,-290.22346580830964,0,0,0,0
1781562900,30787.5,30793.5,30771.75,30777.25,0,1,0,0,30831.01177535818,30734.23822464182,30801.959090252443,30828.338525317107,30775.57965518778,25.00785023878687,1713,2873.533771478642,5180.700985826944,-317.1372281522574,0,0,0,0
1781563200,30776.5,30782.25,30773.25,30780.75,1,0,0,0,30818.046648546882,30737.453351453118,30801.04673513288,30827.292918305273,30774.80055196049,23.864432364587806,1133,2293.355847652428,4310.300657217963,-210.5914102551699,0,0,0,0
1781563500,30780.75,30789.25,30776,30776,0,1,0,0,30823.90938793639,30741.34061206361,30800.101491977308,30826.09969003436,30774.103293920256,23.106258624260107,1384,1990.2372317682855,3440.033771478642,-219.26360066339862,0,0,0,0
1781563800,30777,30817.75,30775.25,30794.5,1,0,0,0,30854.48728879808,30738.51271120192,30799.50575400216,30823.66673368972,30775.3447743146,24.491525865384386,4900,2960.1581545121903,2985.355847652428,11.683362447789236,0,0,1,0
1781564100,30795,30812,30794.25,30807,1,0,0,0,30848.014982455355,30758.235017544645,30799.767443323795,30823.301736779194,30776.233149868396,24.009988303571216,1976,2632.10543634146,4440.237231768286,135.7624880614178,0,0,0,0
1781564400,30806.5,30819,30796.25,30805.25,0,1,0,0,30854.879983708546,30760.370016291454,30800.3063969709,30823.002972926497,30777.609821015303,23.919989139030413,3062,2775.40362422764,3948.15815451219,94.47854182512958,0,0,0,0
1781564700,30804.5,30813.5,30796.75,30805,0,0,0,0,30848.611770586507,30761.638229413493,30800.500360474463,30822.751357805246,30778.24936314368,23.4078470576711,1699,2416.6024161517603,4163.1054363414605,80.75892500193964,0,0,0,0
1781565000,30804.5,30812.25,30802.75,30804.5,0,0,0,0,30845.871644116043,30769.128355883957,30800.66423551381,30822.631023985417,30778.697447042203,22.41442941069459,1175,2002.7349441011736,3624.9036242276406,64.23888532089235,0,0,0,0
1781565300,30804.75,30809.75,30794.25,30794.75,0,1,0,0,30842.63081239347,30761.36918760653,30800.629177912724,30822.237646962436,30779.020708863012,21.920541595644977,1442,1815.823296067449,3004.1024161517603,-37.19970392253759,0,0,0,1
1781565600,30796.5,30818.25,30794.5,30815.25,1,0,0,0,30851.326825793934,30761.423174206066,30801.046679157742,30822.212433938494,30779.88092437699,22.05121719595605,2240,1957.2155307116327,2723.734944101174,134.2422612076966,0,0,1,0
1781565900,30816,30831.75,30811.75,30827.75,1,0,0,0,30864.607052522937,30778.892947477063,30802.587845884642,30823.80559292422,30781.370098845066,21.90470168195919,3401,2438.477020474422,2935.823296067449,294.69497448297255,0,0,0,0
1781566200,30826.75,30830.25,30808.75,30815.5,0,1,0,0,30863.063691628442,30775.936308371558,30803.106959558536,30824.154745064883,30782.05917405219,21.875794418962105,1727,2201.3180136496144,3657.7155307116327,150.47647601907616,0,0,0,0
1781566500,30815.75,30822.25,30805.5,30819,1,0,0,0,30854.51449936927,30773.23550063073,30803.49958576269,30824.327748340143,30782.671423185235,21.509666246179098,1684,2028.8786757664095,3301.977020474422,147.5948082436437,0,0,0,0
1781566800,30819,30824.5,30811,30822,1,0,0,0,30855.906320842892,30779.593679157108,30803.808404166964,30824.544948446237,30783.071859887692,20.937547228594877,1076,1711.2524505109398,3043.3180136496144,135.9723375774536,0,0,0,0
1781567100,30822.25,30829.75,30812.5,30818.25,0,1,0,0,30860.761226496972,30781.488773503028,30804.38906655829,30824.977948174437,30783.800184942145,20.674150997980956,2009,1810.5016336739598,2566.8786757664097,59.22777813432283,0,1,0,0
1781567400,30819,30838.75,30810,30837,1,0,0,0,30870.626496032903,30778.123503967097,30805.79015608007,30826.5576587878,30785.022653372343,21.25099735526803,3479,2366.6677557826397,2715.7524505109395,244.9825788408719,0,0,0,0
1781567700,30836.75,30845,30824.5,30835.25,0,1,0,0,30876.79603203055,30792.70396796945,30807.119935133698,30828.29921868,30785.940651587396,21.197354687034597,2874,2535.7785038550933,3550.0016336739595,170.02972868133767,0,0,0,0
1781568000,30834.5,30847.5,30795.25,30813,0,1,0,1,30882.623101171226,30760.126898828774,30808.363955645553,30828.676432663455,30788.05147862765,23.41540078081784,7663,4244.852335903395,3803.6677557826397,-169.12504223836638,0,1,0,1
1781568300,30814.25,30843.25,30805.75,30837.25,1,0,0,0,30879.88216537328,30769.11783462672,30809.74066713325,30830.011424013057,30789.469910253443,24.421443582187997,5114,4534.5682239355965,6367.278503855093,147.25184435479935,0,0,1,0
1781568600,30837.75,30843,30830.25,30834,0,1,0,0,30878.381653560904,30794.868346439096,30810.504431669608,30830.95239154679,30790.056471792424,23.587769040603142,2291,3786.712149290398,6801.852335903395,45.70695294447248,0,0,0,0
1781568900,30835,30845.25,30822,30831.75,0,1,0,0,30880.59546402084,30786.65453597916,30811.52376684083,30832.04362149153,30791.003912190128,23.56364268056006,3703,3758.808099526932,5680.068223935597,-22.709502586099603,0,0,0,1
1781569200,30830.75,30833.25,30802.5,30809.5,0,1,0,0,30869.365430876493,30766.384569123507,30811.680657745434,30831.75650175642,30791.604813734448,24.076953917662912,3768,3761.872066351288,5638.212149290398,-274.60342958164244,0,0,0,0
1781569500,30809.5,30833,30800.5,30832.5,1,0,0,0,30870.017900099603,30763.482099900397,30812.12646755979,30831.875628743164,30792.377306376413,24.678600066401277,3860,3794.5813775675256,5642.808099526932,23.888143755632598,0,0,1,0
1781569800,30833.25,30853.5,30826.25,30836.25,1,0,0,1,30890.793407235346,30788.956592764654,30813.669404797038,30833.81695755184,30793.521852042235,24.862271490229755,5515,4368.054251711684,5691.872066351289,67.22184494975542,0,0,0,0
1781570100,30835.75,30837.5,30807.5,30814.5,0,1,0,0,30875.343878147105,30769.656121852895,30813.927755165932,30833.687208475727,30794.168301856138,25.229252098070486,4150,4295.369501141123,6552.081377567525,-231.58064763713818,0,0,0,1
1781570400,30813.75,30833,30805.5,30810,0,1,0,0,30871.08717256517,30767.41282743483,30814.01579797607,30833.387733448926,30794.643862503213,25.39144837677974,4053,4214.579667427415,6443.054251711685,-249.03808026417573,0,0,0,0
1781570700,30810,30819,30785.5,30787.5,0,1,0,0,30857.95594595337,30746.54405404663,30813.18263584827,30832.41112898727,30793.954142709266,25.970630635581188,5418,4615.7197782849435,6321.869501141123,-551.8824796990514,0,0,0,0
1781571000,30788,30790.75,30767,30780,0,1,0,0,30829.468021242417,30728.281978757583,30811.309901412616,30831.542771754644,30791.07703107059,25.812014161611103,6337,5189.479852189962,6923.579667427415,-653.4273624106534,0,0,0,0
1781571300,30780.25,30794.75,30775.25,30776.5,0,1,0,0,30832.791734010814,30737.208265989186,30810.35183828174,30830.916723398823,30789.786953164654,25.361156007210308,3903,4760.653234793308,7784.2197782849435,-601.4652675387241,0,0,0,0
1781571600,30775.5,30796.75,30771.75,30795.25,1,0,0,0,30834.753038724328,30733.746961275672,30809.478644033035,30830.10101379339,30788.85627427268,25.335359149552428,4808,4776.435489862205,7140.979852189962,-126.96257584276569,0,0,0,0
1781571900,30795.25,30795.25,30755.25,30758.5,0,1,1,0,30834.82425024402,30715.67574975598,30807.77841924718,30829.502102802897,30786.054735691465,26.38283349601297,5511,5021.290326574804,7164.653234793308,-572.8661341061584,0,0,0,0
1781572200,30758.75,30780,30758.25,30774.75,1,0,0,0,30819.07787522659,30719.17212477341,30806.475350814246,30828.86787302799,30784.0828286005,26.05191681772633,4740,4927.526884383203,7531.935489862206,-128.06563746891777,0,0,0,0
1781572500,30774.75,30795.25,30768.75,30776.75,1,0,0,0,30834.375884138975,30729.624115861025,30805.682809241793,30828.186771682525,30783.17884680106,26.083922759317307,4169,4674.684589588802,7391.290326574805,-62.94868501525809,0,0,0,0
1781572800,30777.25,30790.75,30775,30777.75,1,0,0,0,30828.76867812905,30736.98132187095,30805.214073676427,30827.753318583007,30782.674828769846,25.345785419366074,2689,4012.7897263925347,7012.026884383203,-30.987706595170835,0,0,0,0
1781573100,30777.75,30795.5,30777.75,30787,1,0,0,0,30832.704843976975,30740.545156023025,30804.91354769216,30827.390370314024,30782.436725070293,24.803229317982783,2327,3450.8598175950233,6019.184589588802,101.33932741806224,0,0,1,0
1781573400,30787,30794,30777.5,30788.25,1,0,0,0,30830.315212264333,30741.184787735667,30804.581083602316,30826.987064135163,30782.17510306947,24.210141509555438,2641,3180.906545063349,5176.289726392535,113.26274566400316,0,0,0,0
1781573700,30788,30798.75,30774,30792.75,1,0,0,0,30835.12305424545,30737.62694575455,30804.2389788831,30826.526471622015,30781.951486144182,24.24870283030148,3165,3175.6043633755658,4771.359817595023,160.51697261133185,1,0,0,0
1781574000,30792.75,30794,30780.5,30788,0,1,0,0,30829.221407513633,30745.278592486367,30804.021541953873,30826.24477853989,30781.798305367854,23.480938342422803,1958,2769.736242250377,4763.406545063349,75.96994353639825,0,0,0,0
1781574300,30787.75,30804,30785.5,30798.25,1,0,0,0,30838.687735548374,30750.812264451626,30803.87964495923,30825.933117346707,30781.826172571753,23.125157032249746,2686,2741.824161500251,4154.604363375565,214.7371450755969,0,0,0,0
1781574600,30798.5,30802.25,30777.5,30784,0,1,0,0,30837.11182586635,30742.63817413365,30803.606688748227,30825.568518785112,30781.64485871134,23.241217244231905,2669,2717.5494410001675,4112.736242250377,35.859766653618195,0,0,0,0
1781574900,30783.5,30786.25,30768.75,30784.25,1,0,0,0,30820.496695447324,30734.503304552676,30803.154016374723,30825.14866204751,30781.159370701935,22.83113029821534,3019,2818.0329606667783,4076.324161500251,49.041347033271606,0,0,0,0
1781575200,30784.25,30793.5,30772.5,30779.5,0,1,0,0,30827.550502915372,30738.449497084628,30802.76991089907,30824.74924148261,30780.790580315534,22.70033527691424,2919,2851.688640444519,4227.0494410001675,-14.839336320127174,0,0,0,1
1781575500,30779.75,30800,30775.25,30787.75,1,0,0,0,30834.27010984999,30740.97989015001,30802.498225693056,30824.37127737773,30780.625174008383,22.846739899991796,2968,2890.4590936296795,4277.532960666778,85.54704809461191,0,0,1,0
1781575800,30788.25,30788.5,30769.5,30776.75,0,1,0,0,30822.35795914642,30735.64204085358,30802.141433971505,30824.048395542475,30780.234472400534,22.571972764278094,2464,2748.3060624197865,4335.6886404445195,-63.75667943230938,0,0,0,1
1781576100,30777.25,30793,30776.5,30783.75,1,0,0,0,30826.20739063596,30743.29260936404,30801.904067809257,30823.759020743375,30780.04911487514,22.13826042397252,2273,2589.870708279858,4122.45909362968,39.49711654987924,0,0,1,0
1781576400,30783,30792.5,30780.75,30783.25,0,0,0,0,30824.59436273339,30748.65563726661,30801.775003848168,30823.592004450642,30779.958003245694,21.396241822260198,1346,2175.2471388532385,3884.806062419787,41.86357969713869,0,0,0,0
1781576700,30781.75,30786.5,30778.25,30780,0,1,0,0,30817.18583682386,30747.56416317614,30801.649033890786,30823.45590621855,30779.84216156302,20.457224549241612,1074,1808.1647592354925,3262.870708279858,19.3747332748884,0,0,0,0
1781577000,30780.5,30798.25,30779,30794.75,1,0,0,0,30828.806491336443,30748.443508663557,30801.523345622016,30823.236519023463,30779.81017222057,20.37099422429578,1993,1869.776506156995,2712.2471388532385,161.13105887753682,0,0,0,0
1781577300,30794.75,30807,30793.25,30795.75,1,0,0,1,30836.847099098126,30763.402900901874,30801.487770783715,30823.06764666425,30779.90789490318,19.89806606541751,2196,1978.5176707713301,2804.6647592354925,151.81659337365994,0,0,0,0
1781577600,30796.25,30799,30790,30798,1,0,0,0,30827.679449162544,30761.320550837456,30801.438996982135,30822.934825757733,30779.943168206537,19.119632775030546,1490,1815.6784471808867,2967.7765061569953,155.39546401910948,0,0,0,0
1781577900,30798,30801.5,30792.75,30795.25,0,1,0,0,30829.068417079507,30765.181582920493,30801.404440026876,30822.82889198786,30779.97998806589,18.378944719671217,1253,1628.1189647872577,2723.51767077133,92.92705596098298,0,0,0,0
1781578200,30795.5,30796,30776.75,30779,0,1,0,0,30823.66174443097,30749.08825556903,30801.220945084777,30822.607065333497,30779.834824836056,18.441162953980413,1899,1718.4126431915051,2442.1784471808865,-74.73547450569198,0,0,0,1
1781578500,30778.75,30790.75,30773,30783,1,0,0,0,30818.33769125733,30745.41230874267,30801.029499654498,30822.39175316448,30779.667246144516,18.39179417155324,1845,1760.6084287943368,2577.618964787258,-16.225868964363528,0,0,0,0
1781578800,30783.25,30789.75,30779,30788,1,0,0,0,30816.51892759609,30752.23107240391,30800.941213286344,30822.274131729442,30779.608294843245,17.845951730728007,1051,1524.0722858628912,2640.912643191505,33.72130228135843,0,0,1,0
1781579100,30789,30799.75,30786.75,30792.25,1,0,0,0,30825.999718482086,30760.500281517914,30800.875680989466,30822.133584716754,30779.617777262178,17.49981232139029,1514,1520.7148572419276,2286.1084287943368,66.12904245071194,0,0,0,0
1781579400,30792.5,30794.75,30782.25,30782.25,0,1,0,0,30820.464024304794,30756.535975695206,30800.799496800337,30822.02714794799,30779.571845652685,17.142682869862412,982,1341.1432381612851,2281.0722858628915,-19.271042426776276,0,0,0,1
1781579700,30782.5,30801,30780.5,30799.25,1,0,0,0,30827.07373685445,30754.42626314555,30800.73442202371,30821.87714975338,30779.59169429404,17.38249123630081,1696,1459.4288254408568,2011.7148572419278,117.35548472725613,0,0,1,0
1781580000,30799.5,30813.75,30795.25,30812.25,1,0,0,0,30839.943469936276,30769.056530063724,30800.809216356993,30821.838198159094,30779.78023455489,17.462313290850755,2242,1720.2858836272378,2189.1432381612854,242.929908765102,0,0,0,0
1781580300,30811.75,30826,30810.25,30813.75,1,0,0,0,30852.01000779797,30784.23999220203,30801.055711172143,30822.01262108811,30780.098801256176,17.34000519864713,3005,2148.5239224181587,2580.4288254408566,234.15651424508914,0,0,0,0
1781580600,30813.5,30841.75,30812.5,30836.5,1,0,0,0,30869.036078669546,30785.213921330454,30801.571813790244,30822.695942951963,30780.447684628525,18.190719113029477,3479,2592.0159482787726,3222.785883627238,446.8314264185184,0,0,0,0
1781580900,30837.25,30851.75,30835.75,30850.25,1,0,0,0,30878.801358764576,30808.698641235424,30802.25383749436,30823.913590938853,30780.59408404987,18.034239176384514,3074,2752.677298852515,3888.0239224181587,594.7279203291405,0,0,0,0
1781581200,30849.5,30857.25,30842.5,30847.5,0,1,0,0,30883.94947599568,30815.80052400432,30802.99768254092,30825.268146190207,30780.727218891636,17.79965066378562,3226,2910.4515325683433,4129.015948278772,435.04852336715777,0,0,0,0
1781581500,30846.5,30847.75,30833.25,30840.75,0,1,0,0,30874.095941995987,30806.904058004013,30803.347678918388,30825.80624979086,30780.889108045914,17.563961330658078,1909,2576.634355045562,4365.677298852515,271.7589757497252,0,0,0,0
1781581800,30841.5,30845.5,30823.5,30825.5,0,1,0,0,30872.321231853417,30796.678768146583,30803.615499611857,30826.13342751498,30781.097571708735,17.880821235611073,1969,2374.089570030375,3864.9515325683433,73.23003418561007,0,0,0,0
1781582100,30825.25,30833.75,30821.75,30831,1,0,0,0,30859.941143863885,30795.558856136115,30803.77530997851,30826.310799515137,30781.239820441886,17.46076257592457,1320,2022.72638002025,3561.134355045562,105.07416110214837,0,0,0,0
1781582400,30831,30836.75,30829,30830.25,0,1,0,0,30861.900705016466,30803.849294983534,30803.95304901707,30826.52815165585,30781.37794637829,16.767136677644242,1320,1788.4842533468334,3034.089570030375,58.784429347313505,0,0,0,0
1781582700,30830,30832.5,30820.5,30823.75,0,1,0,0,30857.13994037243,30795.86005962757,30804.074132802627,30826.643731746215,30781.50453385904,16.426626914955367,1180,1585.6561688978888,2682.72638002025,-25.167078992357048,0,0,0,1
1781583000,30823.25,30832.5,30822,30830.75,1,0,0,0,30856.504944631546,30797.995055368454,30804.16719911027,30826.74364964423,30781.59074857631,16.003296421029983,809,1326.7707792652593,2378.484253346833,18.740834578772052,0,0,1,0
1781583300,30830.25,30835,30810.25,30813,0,1,0,0,30859.942091443576,30785.307908556424,30804.319947772397,30826.834313672665,30781.80558187213,16.628060962384986,2141,1598.1805195101729,1990.156168897889,-140.33546127348416,0,0,0,1
1781583600,30813,30832,30812.5,30826.5,1,0,0,0,30857.24979919761,30787.25020080239,30804.470022592035,30826.96103294026,30781.97901224381,16.833199465071772,1671,1622.4536796734485,2397.270779265259,-19.84282054164504,0,0,0,0
1781583900,30826.75,30830,30819,30823.75,0,1,0,0,30854.624813540635,30794.375186459365,30804.588585262896,30827.064006952507,30782.113163573285,16.416542360423787,1299,1514.6357864489657,2433.680519510173,-63.6241576375015,0,0,0,0
1781584200,30824,30827.25,30816.25,30821.75,0,1,0,0,30851.294469716304,30792.205530283696,30804.68974360737,30827.137299852468,30782.242187362273,16.02964647753637,1285,1438.0905242993106,2271.9536796734487,-90.27546669210028,0,0,0,0
1781584500,30821.25,30830,30817,30829.5,1,0,0,0,30853.71986473657,30793.28013526343,30804.79356122845,30827.23300570472,30782.35411675218,15.813243157712344,1093,1323.0603495328737,2157.135786448966,-21.393997390125662,0,0,0,0
1781584800,30829,30831,30815.75,30817.5,0,1,0,0,30854.659517255386,30792.090482744614,30804.898134667383,30827.305464841775,30782.49080449299,15.773011503590036,1387,1344.373566355249,1984.5905242993106,-128.73653752843643,0,0,0,0
1781585100,30817.25,30819.5,30803.5,30809.25,0,1,0,0,30843.18383745143,30779.81616254857,30804.942413500765,30827.270568081334,30782.614258920195,15.789224967619319,1681,1456.582377570166,2016.5603495328737,-196.03253837368266,0,0,0,0
1781585400,30809,30809.25,30793.5,30799.25,0,1,0,0,30832.929634776327,30769.820365223673,30804.90186494683,30827.127757726077,30782.675972167584,15.786423184217938,2127,1680.0549183801106,2184.873566355249,-294.3356185006697,0,0,0,0
1781585700,30799,30818.75,30795.75,30814.5,1,0,1,0,30843.20251800659,30771.29748199341,30804.943122014665,30827.076984470033,30782.809259559297,16.301678671059513,1959,1773.0366122534072,2520.082377570166,-124.36239549283499,0,0,0,0
1781586000,30815.25,30830.75,30815,30826.75,1,0,0,0,30855.19698100612,30790.55301899388,30805.13732981848,30827.242853321015,30783.031806315947,16.297987337412405,2309,1951.6910748356047,2659.554918380111,49.49635273025626,0,0,1,0
1781586300,30826.75,30830,30820,30827,1,0,0,0,30853.772196648537,30796.227803351463,30805.258144199695,30827.354390500157,30783.161897899234,15.848131099025805,1353,1752.1273832237364,2927.536612253407,35.478744588466455,0,0,0,0
1781586600,30827,30844.5,30825.75,30833.5,1,0,0,0,30868.583111173644,30801.666888826356,30805.557232671898,30827.737085166682,30783.377380177113,16.05540744909539,2369,1957.7515888158243,2628.1910748356045,97.8811352308602,0,0,0,0
1781586900,30832.5,30846,30832,30842,1,0,0,0,30869.862888946955,30808.137111053045,30805.7511273217,30828.01807892413,30783.484175719266,15.908592631302863,1315,1743.5010592105496,2936.6273832237366,154.76348774997604,0,0,0,0
1781587200,30841.75,30844,30831,30835,0,1,0,0,30867.55125402217,30807.44874597783,30805.90114073839,30828.217647875656,30783.584633601127,15.70083601478123,1139,1542.0007061403664,2615.251588815824,60.47904191581722,0,0,0,0
1781587500,30834.25,30837.5,30830.5,30834,0,1,0,0,30860.119021592018,30807.880978407982,30806.06477881402,30828.41869171596,30783.71086591208,15.079347728011141,1375,1486.3338040935776,2313.0010592105496,34.20200895797481,0,0,0,0
1781587800,30833.5,30839.25,30796.75,30797,0,1,0,0,30864.806948621157,30771.193051378843,30806.1301824524,30828.342650214538,30783.917714690266,17.037965747438918,3171,2047.8892027290517,2229.500706140366,-239.04269295789064,0,0,0,1
1781588100,30796.75,30817.75,30795.75,30810,1,0,0,0,30843.83859514822,30769.66140485178,30806.14974992218,30828.23499558422,30784.064504260143,17.392396765478995,2781,2292.2594684860346,3071.833804093578,-46.389146817547925,0,0,0,0
1781588400,30810,30815.25,30801,30808.25,0,1,0,0,30841.001909780487,30775.248090219513,30806.16101863186,30828.184994775685,30784.137042488037,17.167939853659067,1360,1981.5063123240232,3438.389202729052,-62.272824498468225,0,0,0,0
1781588700,30808,30824.5,30808,30810,1,0,0,0,30850.18034479617,30782.31965520383,30806.231723720433,30828.17101732646,30784.29243011441,17.12022986411199,2169,2044.0042082160155,2972.2594684860346,-34.343265391330796,0,0,0,0
1781589000,30809.75,30825.75,30807.75,30813.75,1,0,0,0,30851.524605882158,30781.975394117842,30806.289276930765,30828.17458417139,30784.403969690142,17.18307058810399,1494,1860.6694721440103,3066.0063123240234,-4.832262466166171,0,0,0,0
1781589300,30813.5,30818.75,30802.5,30806.25,0,1,0,0,30844.424634033432,30776.825365966568,30806.305316086156,30828.13059292983,30784.480039242484,17.11642268895371,1385,1702.1129814293402,2791.0042082160153,-70.10293265013605,0,0,0,0
1781589600,30805.5,30828,30797.5,30823.75,1,0,0,0,30855.10858874533,30770.39141125467,30806.426024384797,30828.148412165156,30784.703636604438,18.072392496885588,3002,2135.408654286227,2553.1694721440103,104.28840565121288,0,0,1,0
1781589900,30823.25,30833.75,30817.25,30827.25,1,0,0,0,30860.690118120663,30790.309881879337,30806.576128735636,30828.282972829205,30784.869284642067,17.960078747108046,1935,2068.605769524151,3203.1129814293404,120.89093920190578,0,0,0,0
1781590200,30826.75,30838,30821.75,30826,0,1,0,0,30864.756895397757,30794.993104602243,30806.759570192484,30828.468160081302,30785.050980303666,17.837930265171757,2130,2089.070513016101,3102.908654286227,80.20609483131818,0,0,0,0
1781590500,30825.75,30830,30817,30820.25,0,1,0,0,30856.23854572649,30790.76145427351,30806.826923826247,30828.51299363864,30785.140854013855,17.492363817659488,1104,1760.7136753440673,3133.6057695241516,11.78297916438926,0,0,0,0
1781590800,30819.25,30825.5,30812,30824.5,1,0,0,0,30851.31079246031,30786.18920753969,30806.923263722274,30828.564334734285,30785.282192710263,17.207194973540954,1799,1773.4757835627115,2641.070513016101,65.67147926676517,0,0,0,0
1781591100,30825,30833,30823.5,30832,1,0,0,0,30857.98502157029,30798.51497842971,30807.028648721844,30828.673924701394,30785.383372742293,16.656681046859457,1212,1586.3171890418078,2660.2136753440673,127.34913076198052,0,0,0,0
1781591400,30831.5,30837.25,30822,30825.5,0,1,0,0,30862.08430574384,30797.16569425616,30807.165719928864,30828.807850302022,30785.523589555705,16.55620382922664,1688,1620.2114593612052,2379.4757835627115,30.254753988831737,0,0,0,0
1781591700,30825.25,30835.25,30818,30821.5,0,1,0,0,30860.158641047852,30793.091358952148,30807.27675573519,30828.89643761929,30785.657073851093,16.605760698567593,1645,1628.4743062408036,2430.317189041808,-20.283532032074106,0,0,0,1
1781592000,30821.5,30829,30815.25,30816.5,0,1,0,0,30853.60266668729,30790.64733331271,30807.337639703113,30828.92474750339,30785.750531902835,16.40177779152705,1240,1498.9828708272023,2442.7114593612055,-70.12500315081442,0,0,0,0
1781592300,30816.25,30822.25,30810.5,30815,0,1,0,0,30846.354261923912,30786.395738076088,30807.377681194892,30828.92228904723,30785.833073342554,16.069507949275117,1239,1412.3219138848015,2248.4743062408033,-80.25371099302527,0,0,0,0
1781592600,30814.25,30828,30813.5,30827,1,0,0,0,30851.936100357918,30789.563899642082,30807.435858199184,30828.96069762331,30785.911018775056,15.957400238612609,1003,1275.881275923201,2118.482870827202,7.418139450497776,0,0,1,0
1781592900,30826.75,30834,30823.5,30828.5,1,0,0,0,30857.351378903782,30800.148621096218,30807.533015114597,30829.056298851978,30786.009731377217,15.567585935854565,1225,1258.9208506154673,1913.8219138848015,15.08460075313188,0,0,0,0
1781593200,30828,30843.5,30818.5,30820.5,0,1,0,0,30867.86199469637,30794.13800530363,30807.771434134407,30829.27547737491,30786.267390893903,16.241329797579237,3235,1917.6139004103115,1888.381275923201,-89.27852009547428,0,0,0,1
1781593500,30819.75,30845.25,30814.75,30841,1,0,0,0,30871.139709360916,30788.860290639084,30808.03735469469,30829.589397812644,30786.485311576736,17.25980624060929,2811,2215.4092669402075,2876.4208506154673,101.80211180970619,0,0,1,0
1781593800,30840.5,30848.25,30820,30821.75,0,1,0,1,30875.317230120847,30792.932769879153,30808.277722275,30829.832961357406,30786.722483192596,18.044820080565767,3029,2486.606177960138,3323.1139004103115,-116.49246063650887,0,0,0,1
1781594100,30821.25,30838.5,30817.5,30834.25,1,0,0,0,30865.88385654079,30790.11614345921,30808.464878139923,30830.021466080078,30786.908290199768,18.255904360525356,2396,2456.4041186400923,3729.909266940207,35.00660530151842,0,0,1,0
1781594400,30834,30837.25,30819.25,30823.75,0,1,0,0,30864.606438216448,30791.893561783552,30808.621834483984,30830.151883845134,30787.091785122833,18.23762547763069,2417,2443.269412426728,3684.6061779601387,-110.7356643186634,0,0,0,1
1781594700,30824,30843.25,30824,30839.5,1,0,0,0,30870.741692629555,30796.508307370445,30808.810477500338,30830.382455633746,30787.23849936693,18.327795086371356,1984,2290.1796082844853,3664.9041186400923,50.97801601935413,0,0,1,0
1781595000,30839.5,30843.75,30831.25,30833.5,0,1,0,0,30870.61728601316,30804.38271398684,30808.970359865405,30830.58005041552,30787.36066931529,17.9115240087734,1667,2082.4530721896567,3435.269412426728,-43.09148289567763,0,0,0,1
1781595300,30834.25,30845.25,30832.5,30840,1,0,0,0,30871.56426558365,30806.18573441635,30809.163393797506,30830.838482104817,30787.488305490195,17.542843722432444,1830,1998.3020481264377,3123.679608284485,33.42830079811162,0,0,1,0
1781595600,30840.25,30842.75,30809,30809.75,0,1,0,0,30870.80074661339,30780.94925338661,30809.271742568257,30830.87118358403,30787.672301552484,18.7004977422587,2770,2255.5346987509583,2997.4530721896567,-217.5548512695931,0,0,0,1
1781595900,30809.5,30820.5,30804.75,30814.75,1,0,0,0,30848.23462185529,30777.01537814471,30809.307606810995,30830.814830592473,30787.800383029517,18.489747903525938,2582,2364.3564658339724,3383.3020481264375,-104.20624973419078,0,0,0,0
1781596200,30814.25,30836.75,30812.75,30832,1,0,0,0,30865.075006008483,30784.424993991517,30809.434650010397,30830.917734283372,30787.95156573742,18.883337338988373,2095,2274.5709772226483,3546.5346987509583,53.73283124516672,0,0,1,0
1781596500,30831.75,30841.75,30829.25,30839.5,1,0,0,0,30869.391077007876,30801.608922992124,30809.608535069798,30831.13358680053,30788.083483339065,18.42738467191777,1881,2143.3806514817657,3411.8564658339724,146.080173617117,0,0,0,0
1781596800,30840.75,30863.5,30828.25,30860.25,1,0,0,0,30892.94350007874,30798.80649992126,30810.15581462702,30832.04925516359,30788.262374090453,19.62900005249507,4004,2763.5871009878438,3215.0709772226483,319.01956080238745,0,0,0,0
1781597100,30860.25,30879,30854,30876,1,0,0,0,30909.01896435883,30823.98103564117,30811.080088793326,30834.01539668245,30788.1447809042,20.012642905888278,4739,3422.058067325229,4145.380651481766,530.2939176664904,0,0,0,0
1781597400,30875.75,30886.5,30866.25,30871,0,1,0,0,30916.54439547606,30836.20560452394,30811.814484814706,30835.606125787548,30788.022843841864,20.029596984039113,3570,3471.372044883486,5133.087100987843,339.2041128296463,0,0,0,0
1781597700,30871.5,30891.75,30871,30887,1,0,0,0,30921.871581513482,30840.878418486518,30812.584553176388,30837.370789715493,30787.798316637283,20.081054342322034,3364,3435.5813632556574,5207.058067325229,496.22151611524873,0,0,0,0
1781598000,30887.25,30891,30873.25,30881,0,1,0,0,30920.87182569109,30843.37817430891,30813.0831689615,30838.4636135148,30787.702724408202,19.914550460727604,2266,3045.720908837105,5153.3720448834865,309.3199634560759,0,0,0,0
1781598300,30881,30903.25,30874.25,30902.75,1,0,0,0,30934.095266713157,30843.404733286843,30813.94656766631,30840.514556794078,30787.37857853854,20.563511142104204,3415,3168.8139392247367,4568.581363255657,470.7941826164265,0,0,0,0
1781598600,30902.5,30906.75,30882,30891.75,0,1,0,0,30938.043819090788,30850.706180909212,30814.997815980212,30842.909388259035,30787.08624370139,20.86254606052533,4255,3530.8759594831577,4753.2209088371055,184.34849573314733,0,0,0,0
1781598900,30891.5,30897.25,30864,30877.5,0,1,0,0,30929.871046298587,30831.378953701413,30815.70484807808,30844.265161588548,30787.14453456761,21.747364199059234,3564,3541.917306322105,5296.313939224737,-17.792604255606477,0,0,0,1
1781599200,30877,30888.5,30869.5,30887.5,1,0,0,0,30920.82668584869,30837.17331415131,30816.247365361265,30845.309042976784,30787.185687745747,21.55112389912643,2693,3258.9448708814034,5312.875959483157,98.70221053931743,0,0,1,0
1781599500,30887.5,30888.75,30871.25,30883.75,0,1,0,0,30920.6426368595,30839.3573631405,30816.690864623346,30846.143379560926,30787.238349685766,21.261757906331688,2255,2924.2965805876024,4888.417306322105,7.52870757833864,0,0,0,0
1781599800,30884.25,30934.75,30883.75,30927.5,1,0,0,0,30969.82887708382,30848.67112291618,30818.678014457724,30850.958728011927,30786.39730090352,23.385918055879422,6795,4214.531053725068,4386.444870881403,520.7086362052221,0,0,0,0
1781600100,30927.5,30944.25,30919.75,30926.75,0,1,0,0,30979.4482430064,30884.5517569936,30819.86723773655,30853.95839900254,30785.776076470564,23.465495337602324,3634,4021.0207024833785,6321.796580587602,382.9161701731406,0,0,0,0
1781600400,30926.75,30931.75,30913.5,30926,0,1,0,0,30966.38943993452,30878.86056006548,30820.606614674176,30855.680781847765,30785.532447500587,23.092959956345016,2444,3495.347134988919,6031.531053725068,268.91793763865826,0,0,0,0
1781600700,30925.75,30931.75,30917.25,30926.25,1,0,0,0,30965.46876565348,30883.53123434652,30821.253091225506,30857.165607965624,30785.340574485388,22.47917710232037,2138,3042.8980899926128,5243.020702483379,190.48227480366506,0,0,0,0
1781601000,30926,30931.5,30918,30921.25,0,1,0,0,30964.256710963946,30885.243289036054,30821.92011440876,30858.65039923496,30785.18982958256,21.83780730929749,2267,2784.2653933284087,4564.347134988919,43.2280600142642,0,0,0,0
1781601300,30921,30924.5,30882.5,30884.75,0,1,0,0,30959.416945895093,30847.583054104907,30822.91379168474,30860.399573659888,30785.42800970959,23.277963930061954,4649,3405.8435955522723,4176.398089992613,-379.57941374179757,0,0,0,1
1781601600,30884.75,30902.75,30880.5,30900.5,1,0,0,0,30937.556806902587,30845.693193097413,30823.46968705187,30861.335456197725,30785.603917906017,23.204537935057527,2755,3188.8957303681814,5108.765393328408,-160.71161180517197,0,0,0,0
1781601900,30900.5,30903.5,30883.5,30886.25,0,1,0,0,30937.9634635524,30849.0365364476,30823.865019876965,30861.97022479838,30785.75981495555,22.975642368267703,2089,2822.263820245454,4783.343595552272,-304.6321512099235,0,0,0,0
1781602200,30886.5,30909.5,30885.25,30903.25,1,0,0,0,30944.100001870087,30850.649998129913,30824.35733180952,30862.820901132774,30785.893762486263,23.066667913391438,2346,2663.5092134969696,4233.395730368181,-127.38238643707564,0,0,0,0
1781602500,30903.75,30906.5,30886.5,30892.5,0,1,0,0,30940.771430307937,30852.228569692063,30824.678386133895,30863.348385138957,30786.008387128833,22.84762020529205,1638,2321.6728089979797,3995.2638202454546,-221.1022573216728,0,0,0,0
1781602800,30892.25,30892.25,30870.5,30881.25,0,1,0,0,30926.43061385737,30836.31938614263,30825.119056643318,30863.958593181407,30786.27952010523,22.787075904914047,2832,2491.78187266532,3482.5092134969696,-344.0380343741923,0,0,0,0
1781603100,30881.75,30885.25,30868.5,30877,0,1,0,0,30918.78378429613,30834.96621570387,30825.465412215213,30864.404378066178,30786.52644636425,22.355856197420188,2451,2478.1879151102135,3737.6728089979797,-372.51907996158076,0,0,0,0
1781603400,30877,30888.5,30876.25,30885.5,1,0,0,0,30920.951013989263,30843.798986010737,30825.7808346945,30864.8470598724,30786.714609516595,21.63400932617589,2006,2320.791943406809,3717.2818726653204,-196.8087065718805,0,0,0,0
1781603700,30885.25,30886.5,30862.75,30870,0,1,0,0,30919.177727275746,30830.072272724254,30826.127505218494,30865.258862947627,30786.99614748936,21.785151517163325,2721,2454.1946289378725,3481.1879151102135,-347.4898684056741,0,0,0,0
1781604000,30870.25,30879.5,30869.5,30875,1,0,0,0,30910.915032470333,30838.084967529667,30826.334878562913,30865.5106859304,30787.159071195427,20.943354980223088,1593,2167.1297526252483,3681.291943406809,-232.37016036787674,0,0,0,0
1781604300,30875.5,30892.75,30874.75,30892.5,1,0,0,0,30923.849673008168,30843.650326991832,30826.778018708268,30866.148187271847,30787.40785014469,20.733115338778582,2759,2364.419835083499,3250.6946289378725,37.06198296320167,0,0,1,0
1781604600,30893,30898.5,30884,30897.75,1,0,0,0,30928.93183922187,30853.56816077813,30827.059433707997,30866.58333028556,30787.535537130432,20.28789281458011,1593,2107.279890055666,3546.6297526252483,60.43588838217613,0,0,0,0
1781604900,30897.25,30902.5,30887.25,30889.25,0,1,0,0,30932.392064991738,30857.357935008262,30827.373283969697,30867.063335866056,30787.683232073337,19.928043327824387,1804,2006.186593370444,3160.9198350834986,-59.05164928763318,0,0,0,1
1781605200,30889.25,30905.75,30885.25,30900.25,1,0,0,0,30935.703346063754,30855.296653936246,30827.75902462744,30867.675493632338,30787.842555622545,19.968897375836928,2109,2040.4577289136294,3009.279890055666,39.43104935544031,0,0,1,0
1781605500,30901.5,30916,30901.5,30908,1,0,0,0,30945.501321344917,30871.998678655083,30828.261341246016,30868.556714490493,30787.96596800154,19.667547563277147,2386,2155.6384859424197,3060.686593370444,113.6127078258383,0,0,0,0
1781605800,30908.25,30914,30895.25,30907.5,0,1,0,0,30943.403012677423,30865.846987322577,30828.689798464602,30869.281242651017,30788.098354278187,19.602008451614495,2137,2149.4256572949466,3233.4577289136296,64.63883045632224,0,0,0,0
1781606100,30907.5,30932.5,30901.5,30931.5,1,0,0,0,30963.124226057607,30870.875773942393,30829.35594185026,30870.556485302845,30788.155398397674,20.416150705070603,2778,2358.9504381966312,3224.1384859424197,234.63170268159496,0,0,0,0
1781606400,30931.25,30931.5,30919.5,30922.5,0,1,0,0,30961.22249562492,30889.77750437508,30829.908246993014,30871.620049903737,30788.196444082292,19.814997083279845,2268,2328.6336254644207,3538.425657294947,13.686277591573855,0,0,0,0
1781606700,30923.5,30930,30917.25,30925,1,0,0,0,30958.965531651713,30888.284468348287,30830.26914283771,30872.30560489279,30788.232680782632,19.310354434474142,1503,2053.4224169762806,3492.950438196631,5.661466345868547,0,0,0,0
1781607000,30925.25,30935.5,30912.25,30924,0,1,0,0,30964.88763653373,30882.86236346627,30830.89552150289,30873.480862523105,30788.310180482677,19.59175768915456,2641,2249.2816113175204,3080.133625464421,-30.913701585780387,0,0,0,1
1781607300,30924,30937,30920.75,30934,1,0,0,0,30966.029591067036,30891.720408932964,30831.38817359572,30874.439511467404,30788.336835724032,19.353060711357806,1961,2153.187740878347,3373.9224169762806,66.36753480923767,0,0,1,0
1781607600,30934,30957.75,30922.5,30953,1,0,0,0,30988.482834562248,30891.767165437752,30833.122348569435,30878.04433509645,30788.200362042422,20.48855637483225,6183,3496.458493918898,3229.7816113175204,345.22010431157787,0,0,0,0
1781607900,30953.5,30961.5,30941.5,30944.5,0,1,0,0,30992.180489236373,30910.819510763627,30834.06914202384,30880.009254442386,30788.129029605294,20.453659490915662,3315,3435.9723292792655,5244.6877408783475,116.30523547100341,0,0,0,0
1781608200,30944.75,30964.25,30940.25,30958.75,1,0,0,0,30995.310454290917,30909.189545709083,30834.79223821091,30881.52887483803,30788.05560158379,20.70696952727883,2456,3109.314886186177,5153.958493918898,203.97268005201812,0,0,0,0
1781608500,30958.5,30974,30949.25,30970,1,0,0,0,31005.49363612728,30917.75636387272,30835.986800197777,30884.128268450208,30787.845331945347,20.995757418187484,3802,3340.209924124118,4663.972329279265,305.4432533559798,0,0,0,0
1781608800,30969.75,30975.5,30951.75,30956.5,0,1,0,0,31007.28873354676,30919.96126645324,30836.823721884335,30885.877278496733,30787.770165271937,21.19248903117409,2775,3151.806616082745,5010.314886186177,74.20684218489151,0,0,0,0
1781609100,30956.25,30957.25,30937,30950.5,0,1,0,0,30988.937752579135,30905.312247420865,30837.70839961591,30887.557576996056,30787.859222235762,21.125168386090227,3324,3209.2044107218303,4727.709924124118,-57.99340604525355,0,0,0,1
1781609400,30950.25,30956.25,30942.5,30945.75,0,1,0,0,30987.14755596634,30911.60244403366,30838.271443916085,30888.611783168755,30787.931104663414,20.598370644226637,2145,2854.469607147887,4813.806616082746,-142.62361912455626,0,0,0,0
1781609700,30945.25,30950,30928.25,30945.25,0,0,0,0,30981.020944825887,30897.229055174113,30839.21799061642,30890.28007989864,30788.1559013342,20.680629883924734,3907,3205.3130714319245,4281.704410721831,-144.5895564095052,0,0,0,0
1781610000,30945.5,30959.25,30941,30956.25,1,0,0,0,30990.010520195465,30910.239479804535,30840.0256853518,30891.787327561375,30788.264043142226,20.507013463644395,3059,3156.542047621283,4807.969607147887,24.329671309057858,0,0,1,0
1781610300,30955.5,30960.75,30943.75,30944.5,0,1,0,0,30991.134768752934,30913.365231247066,30840.702994123723,30893.014736978315,30788.39125126913,20.25651250195551,2659,2990.6946984141887,4734.813071431925,-169.49095589861693,0,0,0,1
1781610600,30944.75,30954.75,30940,30943.5,0,1,0,0,30984.54478527058,30910.20521472942,30841.204688074424,30893.893467005168,30788.51590914368,19.863190180387257,2059,2680.1297989427926,4486.042047621283,-180.89173755990436,0,0,0,0
1781610900,30943.5,30947.75,30938.25,30940.5,0,1,0,0,30976.43444346554,30909.56555653446,30841.561060320146,30894.496506468913,30788.62561417138,19.122962310359593,1532,2297.419865961862,4020.1946984141887,-218.02429150095725,0,0,0,0
1781611200,30939.25,30950.75,30933.75,30937.75,0,1,0,0,30979.206983218002,30905.293016781998,30842.26809569343,30895.670505496724,30788.865685890138,18.97132214533391,3116,2570.2799106412413,3446.129798942793,-227.13253523874772,0,0,0,0
1781611500,30937.5,30952.5,30936,30946.25,1,0,0,0,30980.69219870243,30907.80780129757,30842.927431916927,30896.785993606707,30789.068870227147,18.794799134952914,2826,2655.519940427494,3855.419865961862,-66.12373130238166,0,0,0,0
1781611800,30945.75,30950.75,30921,30922.25,0,1,0,0,30980.115970223684,30891.634029776316,30843.576683325053,30897.765407037077,30789.38795961303,19.57731348245628,3255,2855.3466269516625,3983.2799106412413,-317.2618294017936,0,0,0,0
1781612100,30922.75,30923,30893.75,30903.75,0,1,0,0,30953.40232949342,30863.34767050658,30844.431710301884,30898.74636670656,30790.117053897207,20.268219662280835,6073,3927.897751301108,4283.019940427494,-649.0426733242806,0,0,0,0
1781612400,30903.75,30904.25,30845,30848,0,1,0,0,30938.82894881532,30810.42105118468,30844.949485895417,30898.70077172688,30791.198200063955,23.052632543546487,11184,6346.598500867405,5891.846626951662,-1533.9129935409887,0,0,0,0
1781612700,30847.75,30870.75,30837,30861.75,1,0,0,0,30906.47509532851,30801.27490467149,30845.1782676149,30898.41889461609,30791.937640613713,23.81673021900745,9305,7332.732333911604,9519.897751301109,-891.5631990422241,0,0,0,0
1781613000,30863,30872.25,30833,30861,0,1,0,0,30909.628659947903,30795.621340052097,30845.402142794675,30898.078751766094,30792.725533823257,24.919106631935488,10502,8389.154889274403,10999.098500867405,-775.0880411961404,1,0,0,0
1781613300,30860.5,30866.5,30836.75,30847.5,0,1,0,0,30904.39625566591,30798.85374433409,30845.473803052366,30897.762906796448,30793.184699308284,25.264170443940095,7206,7994.769926182936,12583.732333911605,-920.6096861530488,0,0,0,0
1781613600,30847.5,30855,30823.75,30830.75,0,1,0,0,30893.537594546917,30785.212405453083,30845.3270269534,30897.199235581582,30793.45481832522,25.691729697944375,8106,8031.8466174552905,11992.154889274403,-1145.3559843266735,0,0,0,0
1781613900,30831.5,30842.75,30814.5,30828.75,0,1,0,0,30881.561694936423,30775.688305063577,30845.041489501647,30896.51270495764,30793.570274045655,25.87446329094835,8642,8235.231078303526,12047.769926182937,-991.0139005545574,0,0,0,0
1781614200,30828.75,30849.75,30825.25,30834.5,1,0,0,0,30888.414431012392,30786.585568987608,30844.8857445991,30895.89834272403,30793.873146474172,25.776287341594895,9365,8611.820718869018,12352.846617455289,-572.3535458881112,0,0,0,0
1781614500,30834.5,30845.75,30826,30826.25,0,1,0,0,30883.76875736865,30787.98124263135,30844.74415939859,30895.477204831703,30794.011113965476,25.345838245766686,6021,7748.213812579345,12917.731078303526,-670.4023913274953,0,0,0,0
1781614800,30826.25,30835.75,30811.5,30821,0,1,0,0,30873.651346128034,30773.598653871966,30844.304787262798,30894.622730775885,30793.98684374971,25.26756408535478,10592,8696.142541719564,11622.320718869018,-724.7889892850732,0,0,0,0
1781615100,30820.75,30821.5,30788.75,30793.25,0,1,0,0,30860.203035690316,30750.046964309684,30843.43762886725,30893.613869635745,30793.261388098756,25.802023793543725,10877,9423.095027813042,13044.213812579346,-1407.5886622261849,0,0,0,0
1781615400,30794,30822.25,30783.75,30821,1,0,0,0,30862.31353314101,30743.68646685899,30842.75962011136,30892.66930663398,30792.84993358874,26.70902209400489,10867,9904.396685208694,14134.642541719564,-378.2922209227512,0,0,0,0
1781615700,30821.5,30838.5,30809.25,30834,1,0,0,0,30878.835780773792,30768.914219226208,30842.51388690775,30892.06447531924,30792.96329849626,26.890520515861684,8886,9564.931123472463,14856.59502781304,103.85193283177364,0,0,1,0
1781616000,30834,30845.75,30831.5,30838.75,1,0,0,0,30884.73143928995,30792.51856071005,30842.473708532925,30891.766429100557,30793.180987965294,25.987626193300137,5919,8349.620748981642,14347.396685208694,324.5984786475779,0,0,0,0
1781616300,30839,30841.75,30807.75,30811.75,0,1,0,0,30881.589907912097,30767.910092087903,30841.935440198842,30890.741795347058,30793.129085050627,26.559938608064414,14177,10292.080499321095,12524.431123472463,-752.2363742063541,0,0,0,1
1781616600,30812,30818.5,30750.75,30792.25,0,1,1,0,30862.75312877552,30706.49687122448,30835.53642334438,30884.66143238366,30786.4114143051,29.502085850345527,76855,32479.72033288073,15438.120748981642,-2663.7445627449056,0,0,0,0
1781616900,30792.5,30839.75,30780,30782,0,1,0,0,30887.243976720125,30732.506023279875,30832.584722048236,30880.584000315,30784.58544378147,31.66265114674942,60673,41877.48022192049,48719.58049932109,-3099.043434544397,0,0,0,0
1781617200,30781.75,30860.75,30780,30818.25,1,0,0,0,30913.50333552583,30727.24666447417,30831.6602820149,30878.029932991878,30785.29063103792,35.168890350553035,55378,46377.65348128032,62816.22033288073,-74.41211483228199,0,0,0,0
1781617500,30818,30883.5,30812.75,30861.5,1,0,0,0,30940.065597273984,30756.184402726016,30832.951160641063,30878.148847902794,30787.753473379333,37.71039818265639,50883,47879.435654186884,69566.48022192049,2980.482243032481,0,0,1,0
1781617800,30861.25,30884.25,30843.75,30869.5,1,0,0,0,30941.114483182984,30786.885516817016,30834.298500448076,30879.037907243768,30789.559093652384,37.90965545532379,35237,43665.29043612459,71819.15348128033,3182.5521478786072,0,0,0,0
1781618100,30869.75,30889,30799.75,30807.5,0,1,0,0,30951.3652343842,30737.3847656158,30834.178061287887,30877.687124165896,30790.668998409878,41.57682292280066,49445,45591.860290749726,65497.935654186884,-594.5528950129692,0,0,0,1
1781618400,30807.5,30839.5,30793,30830.25,1,0,0,0,30902.392717642473,30730.107282357527,30833.52857266854,30876.05523009546,30791.00191524162,41.9284784283149,46833,46005.57352716648,68387.79043612459,1729.9775599109228,0,0,1,0
1781618700,30831,30857.75,30803,30852.25,1,0,0,0,30922.01645209658,30738.73354790342,30833.68373380386,30875.412894063975,30791.954573543746,42.844301397720976,37252,43087.71568477766,69008.36029074973,2817.823911377704,0,0,0,0
1781619000,30852.75,30856.25,30799.75,30816.5,0,1,0,0,30921.979562661112,30734.020437338888,30833.3718054436,30874.446385392144,30792.297225495055,43.819708440740904,33666,39947.14378985177,64631.57352716649,292.88820405492027,0,0,0,0
1781619300,30816.75,30826,30730,30738.75,0,1,0,0,30897.320308185317,30658.679691814683,30830.00288021295,30872.70372758532,30787.302032840576,47.54687212354513,53167,44353.76252656784,59920.71568477765,-3799.7089271820414,0,0,0,1
1781619600,30739,30770.25,30672,30713.25,0,1,0,0,30847.00278617208,30595.24721382792,30823.219795118643,30872.441381318837,30773.99820891845,51.168524114720476,69977,52894.84168437856,66530.64378985176,-4771.479001013951,0,0,0,0
1781619900,30713,30752.5,30678,30681.25,0,1,0,0,30831.75258715979,30598.74741284021,30817.66426762758,30871.903301913648,30763.425233341513,52.835058106526155,56182,53990.56112291904,79342.26252656784,-6057.682974235868,0,0,0,0
1781620200,30681.75,30682.5,30591,30608.25,0,1,0,0,30765.89525950552,30507.60474049448,30807.224750543097,30875.48479227526,30738.964708810934,55.596839670345716,69983,59321.37408194603,80985.84168437857,-10100.241552164025,0,0,0,0
1781620500,30608.5,30680.5,30605.75,30673.25,1,0,0,0,30765.94738382655,30520.30261617345,30801.813945032907,30874.615640582135,30729.01224948368,56.96492255103531,46464,55035.58272129735,88982.06112291904,-4250.875948120087,0,0,0,0
1781620800,30673.75,30715,30652.5,30681.25,1,0,0,0,30801.040427838943,30566.459572161057,30798.414582589874,30872.85363611633,30723.975529063417,57.36028522596136,38937,49669.3884808649,82553.37408194604,-2798.9211448527867,0,0,0,0
1781621100,30681.25,30682,30624.25,30628.75,0,1,0,0,30768.082182993305,30538.167817006695,30794.274090325503,30871.796285203764,30716.751895447243,57.38812199553555,37775,45704.5923205766,74504.08272129735,-5265.838012888704,0,0,0,0
1781621400,30628.75,30672.5,30622,30629.5,1,0,0,0,30757.84416992235,30536.65583007765,30790.158054827298,30870.535427586627,30709.78068206797,56.896113281568724,38710,43373.06154705107,68556.8884808649,-3955.7335364784967,0,0,0,0
1781621700,30630,30634.5,30561.75,30601.75,0,1,1,0,30721.542800642186,30474.707199357814,30784.031658635413,30869.965605211673,30698.097712059152,58.02853376145667,47710,44818.70769803404,65059.5923205766,-4657.0005103159965,0,0,0,0
1781622000,30601.25,30640.25,30591.5,30631.75,1,0,0,0,30726.298672024885,30505.451327975115,30780.049090998018,30868.574935450728,30691.52324654531,57.365781349924056,37250,42295.805132022695,67228.06154705107,-1260.9266866481548,0,0,0,0
1781622300,30632,30653.75,30610.5,30637.5,1,0,0,0,30738.28626688025,30525.96373311975,30776.856100524383,30866.978211673584,30686.73398937518,56.35751125350091,34028,39539.87008801513,63443.70769803404,-268.58975319679075,0,0,0,0
1781622600,30638,30664.5,30611,30622.75,0,1,0,0,30748.730104960232,30526.769895039768,30774.009498677147,30865.462582436958,30682.556414917337,56.15340330682227,31383,36820.91339201009,59309.805132022695,-706.3032526573579,0,0,0,0
1781622900,30623,30648.5,30593.25,30595,0,1,0,0,30732.63331174879,30509.11668825121,30771.42282628534,30864.383314241783,30678.462338328896,56.08887449919211,25818,33153.27559467339,55231.37008801513,-1447.6096047699348,0,0,0,0
1781623200,30595,30615,30535,30561.5,0,1,0,0,30701.695218052446,30448.304781947554,30766.24002221287,30863.364803260294,30669.115241165448,57.7968120349641,42750,36352.18372978226,49729.91339201009,-2495.1298211321473,0,0,0,0
1781623500,30561.25,30573.5,30500.25,30536.5,0,1,0,0,30661.850916762985,30411.899083237015,30760.79879207076,30862.919610331628,30658.677973809892,58.90061117532381,40249,37651.122486521504,54528.27559467338,-2927.093424407626,0,0,0,0
1781623800,30537.5,30571,30534,30554.5,1,0,0,0,30657.004422708487,30447.995577291513,30757.21698179384,30862.000705650993,30652.43325793669,57.336281805657826,29798,35033.41499101434,56476.68372978226,-691.4933248476773,0,0,0,0
1781624100,30554.75,30576.5,30485,30503.75,0,1,0,0,30666.16482108645,30395.33517891355,30752.546130782663,30861.357183728654,30643.73507783667,59.776547390967984,34958,35008.27666067622,52550.122486521504,-1984.984929324566,0,0,0,0
1781624400,30503.75,30519.75,30465.5,30474,0,1,0,0,30608.82269100885,30376.42730899115,30748.037145213828,30861.257672290238,30634.816618137418,59.38179400589884,30373,33463.184440450816,52512.41499101433,-2759.668455407913,0,0,0,0
1781624700,30474,30490,30407.5,30432,0,1,0,0,30581.549641651072,30315.950358348928,30741.350661756354,30861.89751389091,30620.803809621797,61.03309443404892,40199,35708.45629363388,50194.77666067622,-3730.3784979820894,0,0,0,0
1781625000,30431.25,30516.25,30409,30508.25,1,0,0,0,30612.75145296171,30312.49854703829,30735.764584679528,30860.921788720247,30610.60738063881,64.334301974474,39695,37037.30419575592,53562.684440450816,110.52891709267169,0,0,1,0
1781625300,30507.75,30530,30465.25,30467.25,0,1,0,0,30626.545992035873,30368.704007964127,30731.79277401037,30859.79280458615,30603.792743434587,64.363994690583,30445,34839.869463837276,55555.95629363388,-1231.2031932554037,0,0,0,1
1781625600,30466.5,30545.75,30463.75,30528.5,1,0,0,0,30644.185564033312,30365.314435966688,30728.473033709422,30858.28910634648,30598.656961072364,65.62370935554135,29274,32984.57964255819,52259.80419575592,1557.1981228508776,0,0,1,0
1781625900,30528.25,30557.75,30513.25,30539.25,1,0,0,0,30653.922309459504,30417.077690540496,30726.19416130198,30856.89849090942,30595.48983169454,64.11487297300269,23244,29737.71976170546,49476.86946383728,2278.060937779738,0,0,0,0
1781626200,30539.5,30566.25,30522.75,30532.75,0,1,0,0,30660.21357306954,30428.78642693046,30724.147625297017,30855.56653384546,30592.728716748574,62.642382046359636,21802,27092.479841136974,44606.57964255819,1991.1229864740715,0,0,0,0
1781626500,30532.75,30556.25,30512.75,30545.25,1,0,0,0,30648.16260356457,30420.83739643543,30722.19665270973,30854.29145069009,30590.101854729368,61.275069043048234,20953,25045.98656075798,40638.71976170546,2627.99932432718,0,0,0,0
1781626800,30545.75,30573,30533,30549,1,0,0,0,30662.63313188139,30443.36686811861,30720.57325312988,30853.076567846216,30588.069938413548,59.755421254259076,19206,23099.324373838655,37568.97984113697,2709.322844475115,0,0,0,0
1781627100,30549,30555.5,30524.5,30536.5,0,1,0,0,30642.05219388986,30437.94780611014,30719.024010610177,30852.015069231522,30586.032951988833,57.70146259324057,17346,21181.549582559102,34648.986560757985,1951.93720693397,0,0,0,0
1781627400,30536.5,30541.75,30469,30470.25,0,1,0,0,30629.914537183442,30380.835462816558,30716.24554833634,30850.733420882054,30581.757675790628,58.776358122294816,25401,22588.033055039403,31772.32437383865,-197.31328534843215,0,0,0,1
1781627700,30470.5,30494.25,30446,30470.25,0,0,0,0,30581.28671309891,30358.96328690109,30713.434130490736,30849.684902847064,30577.183358134407,58.024475399273754,23810,22995.355370026267,33882.049582559106,216.2387391917082,0,0,1,0
1781628000,30471.25,30512,30457.25,30499.75,1,0,0,0,30598.685876448988,30370.564123551012,30710.982512171737,30848.472377071772,30573.4926472717,57.79058429932563,23086,23025.57024668418,34493.0330550394,1694.0736144964376,0,0,0,0
1781628300,30499.5,30523,30478,30495.25,0,1,0,0,30608.315456702632,30392.684543297368,30709.077213253542,30847.404704981753,30570.74972152533,56.876971135088084,19088,21713.046831122785,34538.35537002627,1587.0416782559196,0,0,0,0
1781628600,30495.25,30525,30474.5,30482.75,0,1,0,0,30609.6322097953,30389.8677902047,30707.17760767284,30846.354562638215,30568.000652707462,56.42147319686751,18954,20793.364554081858,32569.570246684176,1216.9443706346567,0,1,0,0
1781628900,30483,30497.25,30450.5,30495.75,1,0,0,0,30580.84598052421,30366.90401947579,30705.084128012284,30845.296717202917,30564.87153882165,55.730653682805546,20056,20547.576369387905,31190.04683112279,1862.6628333324368,0,0,0,0
1781629200,30495.75,30497.25,30453,30476.25,0,1,0,0,30579.615910486766,30370.634089513234,30703.46684457675,30844.49793053664,30562.43575861686,54.91060699117658,15361,18818.717579591936,30821.364554081858,1224.7459224550037,0,0,0,0
1781629500,30476,30480.25,30457,30468.25,0,1,0,0,30559.223702594853,30378.026297405147,30702.209019170765,30843.903261719544,30560.514776621985,52.6491350632354,11736,16457.811719727957,28228.076369387905,964.8985908491691,0,0,0,0
1781629800,30468,30496.75,30460.75,30478.5,1,0,0,0,30573.939866695222,30383.560133304778,30700.737717373628,30843.11695827629,30558.358476470967,51.459911130147155,14525,15813.541146485304,24686.717579591936,1512.8926483482117,0,0,0,0
1781630100,30479,30491,30450.75,30455.5,0,1,0,0,30566.98880478842,30374.76119521158,30699.29571460354,30842.418820896997,30556.172608310084,50.6592031922795,13626,15084.360764323535,23720.311719727957,802.1627954082419,0,0,0,0
1781630400,30456.25,30473.25,30427.5,30472.5,1,0,0,0,30548.712818732103,30352.037181267897,30697.257538920396,30841.477977904295,30553.037099936497,50.30854582140239,18896,16354.907176215691,22626.541146485302,1596.938205493062,0,0,0,0
1781630700,30473.25,30477.75,30447.75,30458.25,0,1,0,0,30551.036903108383,30374.463096891617,30695.904443784384,30840.810604591847,30550.99828297692,48.85793540558793,12913,15207.604784143794,24532.360764323537,994.9951449209134,0,0,0,0
1781631000,30458.25,30468,30432.75,30448.75,0,1,0,0,30539.828910029213,30360.921089970787,30694.455041709392,30840.155659235963,30548.754424182822,47.8859400194745,13345,14586.736522762529,22811.40717621569,766.3354245984201,0,0,0,0
1781631300,30449.5,30455,30403.25,30415.25,0,1,1,0,30527.242916455696,30331.007083544304,30692.578898700693,30839.49414142576,30545.663655975626,48.161944303797746,15856,15009.824348508353,21880.104784143794,-74.335998950256,0,0,0,1
1781631600,30415.25,30464.75,30404.5,30449,1,0,0,0,30538.28806528029,30330.96193471971,30690.808189010128,30838.721213798013,30542.895164222242,49.02537685352648,16070,15363.216232338902,22514.73652276253,1074.8688456596003,0,0,1,0
1781631900,30448.5,30475.75,30432.25,30475.75,1,0,0,0,30548.69606061741,30359.30393938259,30689.4313916676,30837.961541627792,30540.90124170741,48.63070707827459,13863,14863.144154892601,23044.82434850835,1974.484502267657,0,0,0,0
1781632200,30475.75,30510.25,30463.25,30510.25,1,0,0,0,30583.02134200188,30390.47865799812,30688.05374449339,30836.955586677956,30539.151902308826,48.51422800125498,16459,15395.096103261734,22294.716232338902,3013.817434807119,0,0,0,0
1781632500,30510,30520.5,30475,30477,0,1,0,0,30592.948389001747,30402.551610998253,30686.893412385445,30836.120780731228,30537.666044039663,48.298926001165334,13777,14855.730735507823,23092.6441548926,1763.5942461001794,0,0,0,0
1781632800,30476.75,30496.25,30471.75,30490.75,1,0,0,0,30566.14850407305,30401.85149592695,30685.807617932584,30835.35686388465,30536.25837198052,46.59900271536781,12741,14150.820490338549,22283.596103261734,2356.914688615514,0,0,0,0
1781633100,30490.5,30495.75,30472.75,30483.25,0,1,0,0,30563.120039496403,30405.379960503597,30685.042632911867,30834.82277906072,30535.262486763015,44.91335966427011,8955,12418.880326892366,21226.230735507823,1873.7540613701547,0,0,0,0
1781633400,30483,30493.25,30473,30474.75,0,1,0,0,30557.977536675233,30408.272463324767,30684.394020268224,30834.37857634721,30534.409464189237,43.15169111682224,7512,10783.253551261578,18628.32049033855,1444.4012489146544,0,0,0,0
1781633700,30474.5,30476.25,30445.25,30453.75,0,1,0,0,30539.67556976986,30381.82443023014,30682.884295647422,30833.496256709375,30532.27233458547,42.28371317990637,15946,12504.169034174385,16174.880326892366,368.05725461343945,0,0,0,0
1781634000,30454.5,30468.5,30447,30461,1,0,0,0,30529.698743357727,30385.801256642273,30682.118500388173,30833.04040356614,30531.196597210204,40.799162238484485,8186,11064.779356116256,18756.25355126158,724.8703348885492,0,0,0,0
1781634300,30460.5,30485.25,30457.25,30471,1,0,0,0,30545.07740454646,30397.42259545354,30681.185997798504,30832.4228250567,30529.94917054031,39.88493636430702,10634,10921.186237410837,16597.169034174385,1153.069515118656,0,0,0,0
1781634600,30471.25,30477.5,30441.5,30445,0,1,0,0,30536.91116136457,30382.08883863543,30680.11574921447,30831.792369460156,30528.439128968785,39.60744090971367,11420,11087.457491607225,16381.779356116254,335.6199654122104,0,0,0,0
1781634900,30444.75,30464.75,30427,30459.25,1,0,0,0,30523.96214983853,30367.78785016147,30678.751415145616,30831.003964162617,30526.498866128615,39.474766559019834,14437,12203.971661071484,16631.18623741084,971.8601202263263,0,0,0,0
1781635200,30459.5,30469,30449.75,30463.75,1,0,0,0,30526.04521056435,30392.70478943565,30678.03419911769,30830.547560561303,30525.520837674077,38.0301403762327,8029,10812.314440714323,18305.957491607227,1128.9107825219396,0,0,0,0
1781635500,30463.5,30470.25,30434.5,30438.25,0,1,0,0,30527.050909809754,30377.699090190246,30677.12296624898,30830.019682697035,30524.226249800922,37.8672732065018,9688,10437.542960476216,16218.471661071484,438.6019906424201,0,0,0,0
1781635800,30438.5,30454.25,30431,30441,1,0,0,0,30509.48477339477,30375.76522660523,30676.31351167811,30829.56655401094,30523.060469345277,36.82318226318024,8464,9779.695306984144,15656.314440714323,602.0616360691795,0,0,0,0
1781636100,30441.75,30454.75,30424.25,30442.5,1,0,1,0,30509.30728958086,30369.69271041914,30675.322977616655,30829.012405290625,30521.633549942686,36.371526387238795,10367,9975.46353798943,14669.542960476216,669.5025404589524,1,0,0,0
1781636400,30443,30480.25,30422,30475,1,0,0,0,30537.151411753654,30365.098588246346,30674.122680681125,30828.224723410247,30520.020637952002,37.934274502436026,13776,11242.309025326287,14963.195306984144,1407.8067250934632,1,0,0,0
1781636700,30475,30479,30435.75,30438.75,0,1,0,0,30536.47095377125,30378.27904622875,30672.713052582036,30827.340332197247,30518.085772966824,38.31396918083345,15791,12758.539350217525,16863.46353798943,42.86661647783194,0,0,0,0
1781637000,30438.25,30447,30389.75,30402.25,0,1,0,0,30506.49981421616,30330.25018578384,30670.54072988111,30826.32606199371,30514.755397768513,39.666542810773926,21067,15528.02623347835,19137.809025326285,-1071.4521978890525,0,0,0,1
1781637300,30402,30405,30341.25,30401.5,0,1,0,0,30467.080184629292,30279.169815370708,30667.33804141573,30825.17063472367,30509.50544810779,41.3867897528615,28328,19794.684155652234,23292.039350217525,-747.1579577281309,0,0,0,0
1781637600,30401,30439,30396.75,30434.75,1,0,0,0,30501.172671441487,30334.577328558513,30665.329068026076,30824.048045260646,30506.610090791506,41.44844762765711,21159,20249.456103768156,29692.02623347835,1133.456472290457,0,0,1,0
1781637900,30435,30450.75,30420.75,30444.75,1,0,0,0,30511.69605205281,30359.80394794719,30663.88837849319,30823.123701916338,30504.65305507004,40.630701368538745,16434,18977.637402512104,30374.184155652234,1571.2505700769948,0,0,0,0
1781638200,30444.5,30461.5,30420.75,30423.25,0,1,0,0,30522.458834049037,30359.791165950963,30662.235742496912,30822.07297526141,30502.398509732415,40.639222699357404,18811,18922.091601674736,28466.456103768156,491.94295768901804,0,0,0,0
1781638500,30423.5,30443,30372.75,30379.75,0,1,0,0,30507.13141733125,30308.61858266875,30659.8690309015,30820.919532303164,30498.818529499837,42.75427822083187,23574,20472.727734449825,28383.137402512104,-849.8101986481138,0,0,0,1
1781638800,30379.25,30416.75,30366.75,30413.25,1,0,0,0,30481.65774466473,30301.84225533527,30657.91132472658,30819.92895944519,30495.89369000797,43.27182977648674,19857,20267.485156299885,30709.091601674736,713.6024859571103,0,0,1,0
1781639100,30412.75,30418,30381.5,30396,0,1,0,0,30482.182191474392,30317.317808525608,30656.34768043905,30819.119519397827,30493.57584148027,42.788127649594834,16051,18861.990104199922,30401.22773444983,20.077641582734486,0,0,0,0
1781639400,30396.25,30422.75,30350.5,30391,0,1,0,0,30490.088820654793,30283.161179345207,30653.955826536323,30817.95086408236,30489.960788990287,44.892547103195206,23956,20559.993402799948,28292.98515629988,-16.321896028412993,0,1,0,1
1781639700,30391,30391.25,30302,30310,0,1,0,0,30463.341404893737,30229.908595106263,30650.031034720858,30816.772626761333,30483.289442680383,48.06093659582412,33412,24843.99560186663,30839.990104199922,-2734.855157735049,0,0,0,0
1781640000,30310.75,30322,30294.5,30313.25,1,0,0,0,30391.888447401325,30224.611552598675,30647.99628597202,30816.294635360402,30479.69793658364,46.592298267550966,16372,22019.99706791109,37265.99340279995,-1939.548115303829,0,0,0,0
1781640300,30313.5,30330.75,30308.25,30308.75,0,1,0,0,30398.057129729805,30240.942870270195,30647.034136509967,30816.033703117337,30478.034569902597,44.871419819868755,7952,17330.664711940728,33029.995601866634,-1575.5455736539893,0,0,0,0
1781640600,30309.25,30320,30301,30308,0,1,0,0,30384.53519189196,30236.46480810804,30646.421994863435,30815.87751348271,30476.96647624416,43.0234612613067,4989,13216.776474627153,25995.997067911092,-1140.7300862964885,0,0,0,0
1781640900,30307.75,30309,30273.75,30281.25,0,1,0,0,30372.702321042536,30210.047678957464,30645.587839558088,30815.724924811508,30475.450754304667,42.46821402835622,6414,10949.184316418103,19825.164711940728,-1201.0096203614053,0,0,0,0
1781641200,30281.5,30306,30280.75,30303,1,0,0,0,30367.85751239664,30218.89248760336,30645.087336346194,30815.614586768865,30474.560085923524,41.23834159775935,3958,8618.789544278736,16423.776474627153,-471.1072996467501,0,0,0,0
1781641500,30303,30312,30300.25,30301.75,0,1,0,0,30370.69804722545,30241.55195277455,30644.72090788017,30815.52151531424,30473.9203004461,39.13203148363368,2974,6737.193029519158,12928.184316418105,-219.53165619530319,0,0,0,0
1781641800,30301.75,30309.5,30296,30303.25,1,0,0,0,30365.45175813792,30240.04824186208,30644.41339080414,30815.44443220078,30473.3823494075,37.30117209194556,2488,5320.7953530127725,10105.789544278738,42.88682124603679,0,0,1,0
1781642100,30303,30311.25,30291.5,30306.75,1,0,0,0,30365.321275413782,30237.428724586218,30644.117860743358,30815.369271414336,30472.86645007238,36.04751694252088,2397,4346.196902008515,7981.193029519159,273.3556983575038,1,0,0,0
1781642400,30307,30315,30305,30311.5,1,0,0,0,30366.280470027083,30253.719529972917,30643.88719514323,30815.30385040247,30472.47053988399,34.1869800180551,1915,3535.7979346723437,6519.2953530127725,497.61296811821035,0,0,0,0
1781642700,30311.25,30317,30308.5,30316,1,0,0,0,30365.528293596577,30259.971706403423,30643.688190095185,30815.24458222603,30472.13179796434,32.35219573105117,1671,2914.198623114896,5303.696902008515,683.7668556610504,0,0,0,0
1781643000,30315.5,30316,30299.75,30303.5,0,1,0,0,30362.80305833968,30252.94694166032,30643.44035236215,30815.17705666277,30471.70364806153,31.202038893118942,2038,2622.1324154099307,4371.297934672344,601.3468404993994,0,0,0,0
1781643300,30303.75,30312,30296.5,30300.25,0,1,0,0,30357.120697029703,30251.379302970297,30643.209557973067,30815.116636625808,30471.302479320326,30.08046468646759,1881,2375.0882769399536,3933.198623114896,631.5822877738882,0,0,0,0
1781647200,30314,30364.5,30314,30335.25,1,0,0,0,30413.281718670438,30265.218281329562,30337.916666666668,30337.916666666668,30337.916666666668,32.521145780291334,5577,3442.3921846266358,3562.63241540993,912.5662976875524,0,0,0,0
1781647500,30334,30366.75,30331.75,30364.75,1,0,0,0,30415.79731019398,30282.70268980602,30342.944219340898,30350.53884463004,30335.349594051757,32.69820679598481,2444,3109.5947897510905,5163.588276939954,1116.530918789339,0,0,0,0
1781647800,30365.75,30374,30358.75,30363,0,1,0,0,30421.177859465835,30311.572140534165,30348.249366527307,30359.831729647354,30336.66700340726,31.451906310557323,2503,2907.396526500727,4664.392184626636,1030.5823223514076,0,0,0,0
1781648100,30363,30372,30355.5,30358.5,0,1,0,0,30417.57586950399,30309.92413049601,30350.343804537526,30362.096718381737,30338.590890693315,30.38391300266037,1891,2568.597684333818,4361.0947897510905,947.2686121593863,0,0,0,0
1781648400,30358,30376.75,30344.25,30372,1,0,0,0,30422.55259311085,30298.44740688915,30353.44498777506,30365.33098859315,30341.55898695697,30.535062073898917,3536,2891.065122889212,3852.8965265007273,1064.554636009699,0,0,0,0
1781648700,30372.25,30375.75,30366,30367.75,0,1,0,0,30419.325622174358,30322.424377825642,30354.781194218922,30367.023371655127,30342.539016782717,29.050414782906138,1416,2399.376748592808,4336.597684333818,947.9828064718645,0,0,0,0
1781649000,30367.75,30382.75,30367,30379.25,1,0,0,0,30424.900577733333,30324.849422266667,30357.205369310435,30370.59876428647,30343.8119743344,28.1003851555557,2201,2333.2511657285386,3599.065122889212,1059.0033745174837,0,0,0,0
1781649300,30378.75,30381.5,30370,30376.25,0,1,0,0,30421.871965038095,30329.628034961905,30358.457190882647,30372.213575203703,30344.700806561592,26.914643358730295,1403,2023.1674438190257,3499.876748592808,962.2600532198423,0,0,0,0
1781649600,30375.75,30377.25,30335.5,30363.25,0,1,0,0,30419.211467535373,30293.538532464627,30358.484122861693,30371.325967492554,30345.642278230833,27.974311690249557,3094,2380.111629212684,3034.7511657285386,818.2223018170246,0,0,0,0
1781649900,30364,30368.75,30352.75,30365,1,0,0,0,30409.42850556856,30312.07149443144,30358.74766911008,30371.157818861764,30346.337519358392,27.11900371237459,1855,2205.074419475123,3570.1674438190257,793.1366241825165,0,0,0,0
1781650200,30365,30387.5,30362.75,30384.5,1,0,0,0,30427.924683742236,30322.325316257764,30360.40355987055,30373.460620818776,30347.34649892232,26.94978916149069,2405,2271.716279650082,3307.6116292126844,934.510397369298,0,0,0,0
1781650500,30384.5,30388.75,30376.25,30379.25,0,1,0,1,30427.62649204636,30337.37350795364,30361.66173786053,30375.26813377709,30348.05534194397,25.917661364241354,1804,2115.810853100055,3407.5744194751232,793.7235567552048,0,0,0,0
1781650800,30379.25,30381.25,30348.5,30361.75,0,1,0,0,30420.858528328765,30308.891471671235,30361.86905941337,30374.825392190378,30348.91272663636,26.405685552509826,3180,2470.54056873337,3173.7162796500825,584.826004957725,0,0,0,0
1781651100,30361.75,30369.5,30345.25,30361.5,0,1,0,0,30408.877562019567,30305.872437980433,30361.646853390586,30374.158896224875,30349.134810556297,26.251708013044837,2555,2498.693712488913,3705.8108531000553,567.8104065043138,0,0,0,0
1781651400,30360.25,30362.75,30325,30350,0,1,0,0,30403.35952187531,30284.39047812469,30360.285822232414,30373.035830923003,30347.535813541825,27.073014583541635,3397,2798.1291416592753,3748.0405687333696,465.6852528778133,0,0,0,0
1781651700,30350,30353.5,30339,30345.25,0,1,0,0,30392.762413169934,30299.737586830066,30359.75669945865,30372.559030022225,30346.954368895073,26.17494211328866,1501,2365.7527611061837,4197.193712488913,419.6890578663871,0,0,0,0
1781652000,30344.75,30346.5,30326.25,30336.75,0,1,0,0,30385.12759794351,30287.62240205649,30358.672601645034,30372.10006778671,30345.24513550336,25.751731962339473,1993,2241.501840737456,3548.629141659276,351.44840255642873,0,0,0,0
1781652300,30335.75,30341.5,30330.5,30333.25,0,1,0,0,30378.54705523326,30293.45294476674,30357.964051286708,30371.78770548448,30344.140397088937,24.698036822172366,1324,1935.6678938249706,3362.252761106184,339.12404978033953,0,0,0,0
1781652600,30332.25,30347.75,30330.5,30343.5,1,0,0,0,30383.999051288025,30294.250948711975,30357.254526166904,30371.223102554428,30343.28594977938,24.166034192017197,1876,1915.7785958833138,2903.501840737456,470.1216427951613,0,0,0,0
1781652900,30343.75,30356.5,30322.25,30329.75,0,1,1,0,30393.829476196024,30284.920523803976,30355.967908638293,30370.414118329703,30341.521698946883,24.88631746401597,2986,2272.519063922209,2873.6678938249706,343.7254937059919,0,0,0,0
1781653200,30328.5,30334.75,30319.5,30331,1,0,0,0,30371.047013610594,30283.202986389406,30355.03829220138,30370.084862909847,30339.991721492916,24.198009073729114,1709,2084.6793759481393,3408.7785958833138,379.4580825533902,0,0,0,0
1781653500,30332,30349,30321.25,30326.75,0,1,0,0,30385.67758406698,30284.57241593302,30353.928071130806,30369.397518776965,30338.458623484647,24.451722711319892,2604,2257.786250632093,3127.019063922209,333.24404372943366,0,0,0,0
1781653800,30327,30337.25,30308,30336,1,0,0,0,30374.441685205053,30270.808314794947,30351.753123436123,30368.293106339122,30335.213140533124,24.79445680336847,4695,3070.1908337547284,3386.6793759481398,475.4933604996054,0,0,0,0
1781654100,30336,30337.5,30312.5,30329.5,0,1,0,0,30374.713707690407,30275.286292309593,30350.44530304022,30367.495797674266,30333.39480840617,24.809138460270724,3165,3101.793889169819,4605.286250632093,374.8398421749665,0,0,0,0
1781654400,30330,30381.75,30330,30370.75,1,0,0,0,30421.903799998236,30289.846200001764,30351.90831950927,30368.12043958112,30335.696199437425,26.769199998822813,10018,5407.195926113212,4652.690833754728,1109.7077283335898,0,0,0,0
1781654700,30371.25,30374.25,30351.25,30371,0,0,0,0,30413.99995714122,30311.50004285878,30352.966249006087,30368.954828088623,30336.97766992355,26.49997142747833,6004,5606.130617408809,8110.793889169819,952.8653566061614,0,0,0,0
1781655000,30370.25,30377.75,30355.75,30356.25,0,1,0,0,30417.017817345415,30316.482182654585,30353.557456938863,30369.263145559165,30337.85176831856,26.178544896944164,4705,5305.753744939206,8409.195926113212,542.8122096839704,0,0,0,0
1781655300,30357,30385.25,30356.25,30372.75,1,0,0,0,30424.820116106457,30316.679883893543,30354.563798119794,30370.36661309781,30338.76098314178,26.380077404305297,4887,5166.169163292804,7958.630617408809,736.0677654232659,0,0,0,0
1781655600,30372.75,30380.75,30356.25,30369.75,0,1,0,0,30420.11867924171,30316.88132075829,30355.16931075231,30370.90200604046,30339.43661546416,26.245786161140636,3820,4717.446108861869,7749.253744939206,594.8075662841785,0,0,0,0
1781655900,30369.5,30381,30368.25,30379.5,1,0,0,0,30418.922702153017,30330.327297846983,30355.76102637313,30371.6573703569,30339.864682389358,25.281801435344875,2615,4016.6307392412464,7076.169163292803,712.4429382475411,0,0,0,0
1781656200,30378.75,30400.75,30372.5,30391.25,1,0,0,0,30438.990723427803,30334.259276572197,30357.41382296017,30374.46180572485,30340.36584019549,25.493815618534523,5007,4346.753826160831,6024.94610886187,818.8661591305125,0,0,0,0
1781656500,30391.25,30404,30388,30393.75,1,0,0,0,30441.223528897244,30350.776471102756,30358.683608324554,30376.775360386793,30340.591856262316,24.815685931496343,3409,4034.169217440554,6520.1307392412455,741.6148690400347,0,0,0,0
1781656800,30393.5,30402,30387.75,30390.25,0,1,0,0,30438.09149111887,30351.65850888113,30359.48435546537,30378.108315083242,30340.8603958475,24.060994079246605,2403,3490.4461449603696,6051.253826160831,571.7919788497536,0,0,0,0
1781657100,30389.5,30392,30370.75,30386.75,0,1,0,1,30427.79031318181,30334.95968681819,30360.346831214323,30379.15910326894,30341.534559159707,23.860208787871848,3930,3636.964096640246,5235.669217440554,433.0581741293909,0,0,0,0
1781657400,30387.5,30387.5,30367,30376.25,0,1,0,0,30422.930290811677,30331.569709188323,30360.791239801838,30379.54160241074,30342.040877192936,23.620193874452433,2974,3415.976064426831,5455.44614496037,211.2326744559237,0,0,0,0
1781657700,30376.75,30388.5,30372.75,30383.75,1,0,0,0,30423.087055753702,30338.162944246298,30361.133805971473,30379.917857467255,30342.34975447569,23.0580371691344,1850,2893.9840429512205,5123.964096640246,259.79134964118333,0,0,0,0
1781658000,30383.75,30402,30367,30395.25,1,0,0,0,30437.866551771294,30331.133448228706,30362.456561652114,30381.676868056908,30343.23625524732,23.911034514196228,5819,3868.9893619674804,4340.976064426831,400.09096666486494,0,0,0,0
1781658300,30394.75,30409.5,30390,30403.75,1,0,0,1,30444.893940930488,30354.606059069512,30363.768125655275,30383.91304749631,30343.62320381424,23.595960620325066,4167,3968.3262413116536,5803.4840429512205,512.7540857390923,0,0,0,0
1781658600,30403.75,30410,30398,30401,0,1,0,0,30444.15151657831,30363.84848342169,30364.578986183817,30385.281265014848,30343.876707352785,22.767677718873276,2590,3508.8841608744356,5952.48936196748,364.26910288565546,0,0,0,0
1781658900,30401.25,30410,30388.5,30408.25,1,0,0,0,30444.01569396557,30354.48430603443,30365.620758843124,30386.948942290353,30344.292575395895,22.677129310382327,3564,3527.2561072496237,5263.326241311654,405.6685611625626,0,0,0,0
1781659200,30408,30419.75,30404.25,30418,1,0,0,0,30452.996715825175,30371.003284174825,30366.759650232732,30389.075216071673,30344.444084393792,22.164477216783588,3107,3387.170738166416,5290.884160874435,516.0101048984095,0,0,0,0
1781659500,30417.75,30423.25,30415.5,30417.25,0,1,0,0,30454.95230755195,30383.79769244805,30367.66010922249,30390.79611982812,30344.524098616857,21.134871701299044,2330,3034.780492110944,5080.756107249624,399.65909402225276,0,0,0,0
1781659800,30417.5,30425.75,30411,30421.25,1,0,0,0,30456.76821415538,30379.98178584462,30368.63435638767,30392.604676462157,30344.66403631318,20.67880943692054,2581,2883.520328073963,4552.170738166416,377.8830909483854,0,1,0,0
1781660100,30420.75,30432.5,30419.5,30431.25,1,0,0,0,30462.695484572854,30389.304515427146,30369.888430894483,30395.086644107832,30344.690217681135,20.130323048569075,2967,2911.346885382642,4325.280492110945,521.2107372947444,0,0,0,0
1781660400,30431.5,30440.75,30419.75,30423.5,0,1,0,0,30471.03866424622,30389.46133575378,30371.299645835374,30397.748593720764,30344.850697949983,20.19244283081414,3481,3101.2312569217615,4367.020328073963,284.236033277774,0,0,0,0
1781660700,30424.5,30439,30423,30430,1,0,0,0,30468.83947394292,30393.16052605708,30372.371666735173,30399.74698818685,30344.996345283496,19.892982628613133,2636,2946.1541712811745,4651.8468853826425,299.0422715634168,0,0,0,0
1781661000,30431,30439.75,30429,30438.25,1,0,0,0,30468.609868661282,30400.140131338718,30373.019688607437,30400.989892474383,30345.04948474049,19.23991244085505,1510,2467.4361141874497,4419.231256921762,319.5901659838203,0,0,0,0
1781661300,30438.25,30449.5,30436.75,30446.75,1,0,0,0,30477.66452089976,30408.58547910024,30374.309187283074,30403.609053436936,30345.00932112921,18.77634726650826,2716,2550.290742791633,3701.1541712811745,408.65281119008426,0,0,0,0
1781661600,30447,30448,30439.75,30442,0,1,0,0,30475.03669797835,30412.71330202165,30375.15110657346,30405.239841496368,30345.06237165055,18.02446531890053,1857,2319.193828527755,3825.4361141874497,202.200156647474,0,0,0,0
1781661900,30442.25,30449.75,30437.25,30445.5,1,0,0,0,30476.1947909799,30410.8052090201,30376.104489994013,30407.051461279472,30345.157518708555,17.629860653264778,2130,2256.1292190185036,3478.7907427916325,190.44247849936846,0,0,0,0
1781662200,30445.75,30456.5,30443.5,30455,1,0,0,0,30482.44873448133,30417.55126551867,30377.192208983462,30409.206830447296,30345.17758751963,17.299156320888724,2252,2254.7528126790025,3384.1938285277556,278.176279335284,0,0,0,0
1781662500,30455.25,30455.75,30442,30447,0,1,0,0,30481.318467732668,30416.431532267332,30378.205427015993,30411.088428359733,30345.322425672253,17.045645155110957,2263,2257.501875119335,3382.129219018504,69.28561109766605,0,0,0,0
1781662800,30447.5,30460.25,30446.75,30458.5,1,0,0,0,30485.43857718033,30421.56142281967,30379.069933773186,30412.7586819045,30345.381185641872,16.792384786888746,1803,2106.001250079557,3386.252812679003,164.43406686684648,0,0,0,0
1781663100,30458.25,30463.5,30449,30452.25,0,1,0,0,30488.442964524595,30424.057035475405,30379.98355296903,30414.475887639135,30345.49121829893,16.628643016396694,1957,2056.3341667197046,3159.0018751193356,26.474001254524524,0,0,0,0
1781663400,30451.5,30453.25,30439,30441.75,0,1,0,0,30477.938109915696,30414.311890084304,30381.13441177123,30416.37174959561,30345.897073946846,16.45873994379693,2943,2351.889444479803,3084.501250079557,-199.44669521535945,0,0,0,1
1781663700,30441.25,30446.75,30433.25,30435.5,0,1,0,0,30471.121102064575,30408.878897935425,30381.93294196315,30417.563777046867,30346.302106879433,16.247401376382864,2335,2346.259629653202,3527.8341667197046,-286.3839731880805,0,0,0,0
1781664000,30435.75,30451.5,30435,30451.25,1,0,0,0,30475.89816620282,30410.60183379718,30382.679748612954,30418.762488574463,30346.597008651446,16.265444135212658,1981,2224.506419768801,3519.389444479803,-86.63727108746804,0,0,0,0
1781664300,30451.5,30457,30435.25,30441,0,1,0,0,30481.985797188332,30410.264202811668,30383.553297978833,30420.11433022341,30346.992265734258,16.65719812555461,2436,2295.0042798458676,3336.759629653202,-208.87893066102208,0,0,0,0
1781664600,30441.5,30443.25,30432.25,30436,0,1,0,0,30467.629668817735,30407.870331182265,30384.06439206527,30420.821793269686,30347.306990860852,16.253112545157855,1657,2082.3361865639117,3442.5064197688016,-274.39910454660003,0,0,0,0
1781664900,30436.25,30447.75,30436,30440.5,1,0,0,0,30471.647192473614,30412.102807526386,30384.491775780458,30421.44264852585,30347.540903035067,15.93146164907515,1305,1823.2241243759413,3123.5042798458676,-203.55886458242657,0,0,0,0
1781665200,30440.75,30452.25,30437.75,30445,1,0,0,0,30475.99382158264,30414.00617841736,30385.029419671413,30422.251427786334,30347.807411556492,15.829214388426925,1570,1738.8160829172941,2734.8361865639117,-145.49679206367406,0,0,0,0
1781665500,30444.75,30456.5,30440.75,30444,0,1,0,0,30480.23533432674,30417.01466567326,30385.79803093566,30423.420121202413,30348.17594066891,15.823556217825,2216,1897.8773886115293,2608.2241243759413,-150.361873730122,0,0,0,0
1781665800,30443.25,30449.75,30430.25,30432.5,0,1,1,0,30473.879239017686,30406.120760982314,30386.356323698,30424.1543486359,30348.5582987601,16.086159345123214,1953,1916.2515924076863,2846.816082917294,-244.6413686487495,0,0,0,0
1781666100,30432.5,30435.25,30422.5,30429,0,1,0,0,30459.021793373566,30398.728206626434,30386.974114930134,30424.840512297113,30349.107717563154,15.847862249042985,2664,2165.501061605124,2874.3773886115296,-287.3152583564386,0,0,0,0
1781666400,30428.75,30430.5,30417,30426,0,1,0,0,30454.020236704026,30393.479763295974,30387.423615036623,30425.283283414516,30349.56394665873,15.680157802682771,2225,2185.3340410700825,3248.251592407686,-293.9480776615156,0,0,0,0
1781666700,30426,30436,30424,30432.25,1,0,0,0,30459.12593408231,30400.87406591769,30387.818604857934,30425.729614044994,30349.907595670873,15.41728938820543,1709,2026.556027380055,3278.001061605124,-170.93021693427025,0,0,0,0
1781667000,30432.5,30439.5,30428.5,30436.75,1,0,0,0,30462.152653076428,30405.847346923572,30388.40759733944,30426.442639249428,30350.37255542945,15.101768717619327,2374,2142.3706849200366,3039.8340410700825,-66.88713867978008,0,0,0,0
1781667300,30437.5,30446.75,30434.5,30446,1,0,0,0,30469.09710642811,30412.15289357189,30388.900098391812,30427.107812945836,30350.692383837788,14.89807095207509,1747,2010.5804566133577,3213.5560273800547,46.15895194368619,0,0,1,0
1781667600,30445.5,30465,30442.75,30455.75,1,0,0,1,30488.134813111817,30419.615186888183,30390.237797145775,30429.17395513756,30351.30163915399,15.423208741212582,3988,2669.720304408905,3015.8706849200366,196.80183731700822,0,0,0,0
1781667900,30455.25,30464,30453,30459.5,1,0,0,0,30486.660897889546,30430.339102110454,30390.874404976006,30430.18366555051,30351.565144401502,15.107265259697398,1832,2390.48020293927,4004.5804566133575,212.00870958884695,0,0,0,0
1781668200,30459,30472.5,30455,30466.5,1,0,0,0,30495.417262326006,30432.082737673994,30391.889737536752,30431.862848233046,30351.91662684046,15.278174884004727,2754,2511.65346862618,3585.7203044089047,267.37809629761193,0,0,0,0
1781668500,30466.25,30469.5,30461.5,30465.5,0,1,0,0,30491.63745787415,30439.36254212585,30392.324792851417,30432.577011987414,30352.07257371542,14.758305249432961,1190,2071.102312417453,3767.4802029392695,189.1264611376016,0,0,0,0
1781668800,30466.5,30470.75,30458,30468.5,1,0,0,0,30492.67228231171,30436.07771768829,30393.02121490148,30433.709338987905,30352.333090815056,14.614854874473464,1928,2023.4015416116354,3106.6534686261793,162.95467713808824,0,0,0,0
1781669100,30469.25,30472.25,30459,30465.25,0,1,0,0,30494.026047860872,30437.223952139128,30393.532454152166,30434.528046714397,30352.536861589935,14.517365240582503,1444,1830.2676944077568,3035.102312417453,71.01838931789678,0,1,0,0
1781669400,30465.5,30469.75,30461,30464.25,0,1,0,0,30490.90811587081,30439.84188412919,30393.864646388534,30435.052719332976,30352.676573444092,14.105410580540894,956,1538.8451296051712,2745.4015416116354,23.727117879859037,0,0,0,0
1781669700,30463.75,30482,30461.75,30476.25,1,0,0,0,30503.81646473718,30439.93353526282,30394.60381343007,30436.303600656494,30352.904026203643,14.544309824787973,1931,1669.5634197367808,2308.2676944077566,109.9889580951226,0,0,0,0
1781670000,30476,30481.5,30473.25,30480.25,1,0,0,0,30502.642074398813,30452.107925601187,30395.172628103322,30437.295808102503,30353.049448104142,14.094716265874547,1420,1586.3756131578539,2504.345129605171,136.2358836944544,0,0,0,0
1781670300,30480.25,30481.75,30473,30473.75,0,1,0,0,30502.319426227466,30452.430573772534,30395.6353411028,30438.079285109176,30353.191397096423,13.71295081831208,1201,1457.9170754385693,2379.563419736781,3.9354527103156727,0,0,0,0
1781670600,30473.5,30478.5,30461.25,30463.25,0,1,0,0,30499.44839578265,30440.30160421735,30396.380669309205,30439.228998854764,30353.532339763646,13.965597188432648,2198,1704.611383625713,2186.875613157854,-142.89768007851046,0,0,0,1
1781670900,30463.25,30467.5,30457.25,30458.25,0,1,0,0,30488.05029608389,30436.69970391611,30396.923929702876,30439.997751177325,30353.850108228427,13.700197389258888,1801,1736.740922417142,2556.9170754385696,-221.39970108891418,0,0,0,0
1781671200,30458.25,30463.75,30447,30452.5,0,1,0,0,30484.627060649324,30426.122939350676,30397.64319183362,30440.92110448935,30354.36527917789,13.918040432883254,2714,2062.4939482780946,2605.1113836257127,-288.8607493472122,0,0,0,0
1781671500,30451.75,30481.25,30451.5,30475.5,1,0,0,0,30503.823342031515,30428.926657968485,30398.628955850872,30442.412897181384,30354.84501452036,15.048894687677308,3021,2381.99596551873,3093.740922417142,-27.315524786014834,0,0,0,0
1781671800,30475.75,30485,30471,30481.75,1,0,0,1,30507.460960457836,30448.539039542164,30399.510961500422,30443.854971045588,30355.166951955256,14.9739736385575,2433,2398.99731034582,3572.9939482780946,57.32902881669378,0,0,1,0
1781672100,30480.75,30487,30478.5,30486.5,1,0,0,0,30508.767320425133,30456.732679574867,30400.035006479586,30444.73619253265,30355.33382042652,14.511546950089107,1388,2061.9982068972135,3598.4959655187304,116.18022242035494,0,0,0,0
1781672400,30485.75,30499,30481.5,30496.25,1,0,0,0,30521.087511823338,30459.412488176662,30401.380306746585,30447.110951843635,30355.649661649535,14.725007882225599,3313,2478.998804598142,3092.9973103458206,262.02693673860415,0,0,0,0
1781672700,30496,30499,30486,30487.25,0,1,0,0,30520.902689550243,30464.097310449757,30402.104017523714,30448.348052697518,30355.85998234991,14.601793033495198,1854,2270.665869732095,3718.498206897213,74.71194830745407,0,0,0,0
1781673000,30487,30489.25,30480.5,30484.5,0,1,0,0,30510.525711725226,30459.224288274774,30402.641611266856,30449.211356895936,30356.071865637776,14.18380781681697,1499,2013.4439131547301,3405.9988045981427,-1.4272925637189928,0,0,0,1
1781673300,30484.75,30496.75,30480,30494.5,1,0,0,0,30518.300660887708,30458.449339112292,30403.37062741707,30450.42577257211,30356.315482262027,14.3671072584729,1930,1985.6292754364868,3020.1658697320954,82.48444939334598,0,0,1,0
1781673600,30494,30505,30493.5,30499.5,1,0,0,0,30526.2434708243,30472.2565291757,30404.567153612974,30452.525145279596,30356.60916194635,14.162313882867693,2934,2301.7528502909913,2978.44391315473,176.64668017249642,0,0,0,0
1781673900,30499.5,30505,30489.25,30491.5,0,1,0,0,30526.413580051136,30467.836419948864,30405.30904892569,30453.76396826406,30356.854129587322,14.27572003409143,1941,2181.501900193994,3452.6292754364868,27.42847630477064,0,0,0,0
1781674200,30491,30502.25,30488,30502.25,1,0,0,0,30523.660824333198,30466.589175666802,30406.21973168405,30455.289209984476,30357.150253383625,14.273882888799184,2367,2243.3346001293294,3272.252850290991,174.12527200928213,0,0,0,0
1781674500,30501.75,30520.75,30501,30518.5,1,0,0,0,30542.747551166543,30479.002448833457,30407.672066150983,30457.958928112173,30357.38520418979,14.665034111027813,3291,2592.5564000862196,3365.001900193994,379.29621231877275,0,0,0,0
1781674800,30518.25,30518.75,30508.5,30511.5,0,1,0,0,30540.274511797503,30486.975488202497,30408.57540719095,30459.578536191555,30357.572278190346,14.349674531668683,2103,2429.370933390813,3888.8346001293294,151.07082918507052,0,0,0,0
1781675100,30511.25,30526.75,30510,30523.25,1,0,0,0,30548.53168952625,30488.21831047375,30409.55270518112,30461.38361374743,30357.721796614805,14.521126350835205,2168,2342.247288927209,3644.0564000862196,240.34510513030028,0,0,0,0
1781675400,30522.75,30526,30510.5,30511,0,1,0,0,30547.886568845806,30488.613431154194,30410.34182163524,30462.77980181772,30357.90384145276,14.59104589720412,1849,2177.8315259514725,3513.3709333908137,33.47542450835829,0,0,0,0
1781675700,30510.5,30514.25,30495.5,30500.25,0,1,0,0,30536.582171071106,30473.167828928894,30411.460036631495,30464.558157632113,30358.361915630878,14.888114047403826,3031,2462.2210173009817,3266.7472889272085,-159.44151392872106,0,0,0,1
1781676000,30499.75,30515.5,30491,30511.5,1,0,0,0,30538.862015994597,30467.637984005403,30412.609723327187,30466.391630818714,30358.82781583566,15.574677329732125,3103,2675.814011533988,3693.3315259514725,-19.739217479176318,0,0,0,0
1781676300,30512.25,30523.25,30503,30517,1,0,0,0,30547.112943423555,30479.137056576445,30413.858994656774,30468.472396388974,30359.245592924573,15.908628949036975,3170,2840.542674355992,4013.7210173009817,24.25311508506286,0,0,1,0
1781676600,30517.25,30518.25,30502,30511.5,0,1,0,0,30542.1495188933,30478.1004811067,30414.81543911828,30469.99448481104,30359.63639342552,15.933012595534334,2580,2753.695116237328,4260.814011533988,-95.88586625790188,0,0,0,1
1781676900,30511.5,30516.5,30504.25,30509.75,0,1,0,0,30540.004910400923,30480.745089599077,30415.426553209752,30470.95231469256,30359.900791726945,15.669940267281882,1683,2396.7967441582186,4130.542674355992,-129.90467894193978,0,0,0,0
1781677200,30509.5,30517,30501,30508.25,0,1,0,0,30540.540273943712,30477.459726056288,30416.235102048267,30472.1922384725,30360.277965624035,15.693515962476033,2295,2362.8644961054792,3595.195116237328,-150.98494804985003,0,0,0,0
1781677500,30508.25,30508.5,30489,30492,0,1,0,0,30532.448111519163,30465.051888480837,30417.02834551243,30473.271535261556,30360.785155763304,15.965407679442029,2644,2456.576330736986,3544.2967441582186,-357.5347553737025,0,0,0,0
1781677800,30491.5,30521.75,30484.5,30520,1,0,0,0,30547.978603553507,30458.271396446493,30418.430062596548,30475.36473545882,30361.495389734275,17.485735702339024,4152,3021.7175538246574,3684.8644961054792,-17.314355090748705,0,0,0,0
1781678100,30520.5,30523.75,30512.5,30523,1,0,0,0,30549.310489013973,30486.939510986027,30419.371090625773,30476.86813202284,30361.874049228707,17.040326009314807,2547,2863.4783692164383,4532.576330736986,14.592814536365893,0,0,1,0
1781678400,30523.25,30535.75,30519,30532.75,1,0,0,0,30561.27938265583,30493.47061734417,30420.79063274616,30479.24584768976,30362.335417802562,17.019588437220893,3592,3106.318912810959,4295.217553824657,178.91665037054509,0,0,0,0
1781678700,30533,30540,30531.25,30538.25,1,0,0,0,30564.64335532327,30506.60664467673,30421.58109164442,30480.610811226197,30362.551372062644,16.428903548847973,1911,2707.879275207306,4659.478369216438,227.85843881667677,0,0,0,0
1781679000,30537.75,30539,30530,30533.5,0,1,0,0,30562.84740137161,30506.15259862839,30422.238089907212,30481.71674717377,30362.759432640654,15.898267581073117,1642,2352.5861834715374,4061.818912810959,85.36006767732994,0,0,0,0
1781679300,30533.5,30546,30531.25,30543.75,1,0,0,0,30569.72437270221,30507.52562729779,30422.980048241625,30483.001340320123,30362.958756163127,15.816248468139323,1779,2161.390788981025,3528.879275207306,157.8305235507715,0,0,0,0
1781679600,30544.25,30562.25,30543.75,30555.75,1,0,0,0,30586.261917509193,30519.738082490807,30424.888418492,30486.50240049691,30363.27443648709,16.007945006129372,4188,2836.9271926540164,3242.086183471537,344.4299875594083,0,0,0,0
1781679900,30555.75,30565.75,30554.25,30563.5,1,0,0,0,30589.278923401394,30530.721076598606,30426.054998326596,30488.676113665053,30363.433882988138,15.685948934262987,2481,2718.2847951026774,4255.390788981024,406.549642729672,0,0,0,0
1781680200,30563.5,30579.25,30561,30575.25,1,0,0,0,30603.053643158437,30537.196356841563,30427.754158922868,30491.945363211107,30363.562954634628,15.869095438958487,3418,2951.5231967351183,4077.427192654016,504.0984279189454,0,0,0,0
1781680500,30575,30579.25,30553.25,30558.75,0,1,0,0,30604.13909721855,30528.36090278145,30429.18994946701,30494.536778209098,30363.843120724923,16.59273147903288,3129,3010.6821311567455,4427.284795102678,189.11353407361383,0,0,0,0
1781680800,30559.25,30559.5,30540.75,30544,0,1,0,0,30584.62023313151,30515.62976686849,30430.136709366387,30496.07509778441,30364.198320948362,16.74682208767339,2379,2800.1214207711637,4516.023196735118,-67.07342227660024,0,0,0,1
1781681100,30544.5,30552.25,30538.5,30552,1,0,0,0,30577.04914505069,30513.70085494931,30431.069203050156,30497.56731478943,30364.57109131088,16.53276336712529,2391,2663.7476138474426,4200.1821311567455,29.240664142524736,0,0,1,0
1781681400,30551.5,30562.25,30544,30547.5,0,1,0,0,30587.233134689923,30519.016865310077,30432.072035456426,30499.188468752214,30364.955602160637,16.65542312661634,2534,2620.4984092316286,3995.6214207711637,-67.37820987104294,0,0,0,1
1781681700,30547.25,30570,30546.75,30568.75,1,0,0,0,30595.689696497786,30521.060303502214,30433.111380513736,30500.951793713695,30365.270967313776,17.12646433185803,2452,2564.3322728210856,3930.747613847443,119.87811660606633,0,0,1,0
1781682000,30569.25,30573.5,30559.5,30560.5,0,1,0,0,30598.854718176517,30534.145281823483,30433.825940912626,30502.16821425562,30365.48366756963,16.903145451011028,1674,2267.5548485473905,3846.498409231628,-40.022316886791714,0,0,0,1
1781682300,30560.25,30565.75,30549.75,30553,0,1,0,0,30591.00795259248,30524.49204740752,30434.62907363419,30503.459412312015,30365.798734956366,16.838635061653097,2034,2189.703232364927,3401.332272821086,-158.39383610640178,0,0,0,0
1781682600,30553.25,30566.25,30549.25,30556.25,1,0,0,0,30591.525241693016,30523.974758306984,30435.50296709202,30504.858900310097,30366.147033873942,16.850161128677875,2224,2201.1354882432847,3284.55484854739,-130.1733670173894,0,0,0,0
1781682900,30556.25,30566.25,30554.5,30559.5,1,0,0,0,30590.9787958578,30529.7712041422,30436.25294445224,30506.06811218607,30366.437776718412,16.485863905200883,1890,2097.4236588288563,3301.7032323649273,-93.99946147153281,0,0,0,0
1781683200,30559.25,30576,30551.25,30557,0,1,0,0,30601.614239010814,30525.635760989186,30437.762231840923,30508.487140251487,30367.03732343036,17.076159340543676,3832,2675.615772552571,3146.1354882432843,-145.80365879183296,0,0,0,0
1781683500,30557,30584.25,30555.5,30579.5,1,0,0,0,30611.1150076529,30528.6349923471,30439.28386688779,30511.042914194462,30367.524819581115,17.910005101933415,3614,2988.4105150350474,4013.4236588288563,111.82920390704851,0,0,1,0
1781683800,30578.5,30580.25,30534,30539.25,0,1,0,1,30610.151435677693,30504.098564322307,30441.20529472745,30513.815285554232,30368.595303900667,19.934290451795313,5616,3864.2736766900316,4482.615772552571,-393.3458702881026,0,0,0,1
1781684100,30539.25,30550.5,30528.5,30531.25,0,1,0,0,30580.622761700713,30498.377238299287,30442.16870998502,30515.039623443063,30369.29779652698,20.081841133809935,3331,3686.515784460021,5796.410515035048,-468.0718238118613,0,0,0,0
1781684400,30531,30544,30525.25,30536.25,1,0,0,0,30573.98006443638,30495.26993556362,30443.023629565207,30516.09981671898,30369.947442411434,19.986709624252082,3065,3479.3438563066807,5529.773676690032,-331.04732403117146,0,0,0,0
1781684700,30536.25,30542.75,30513.75,30519.5,0,1,0,0,30573.695774119493,30482.804225880507,30444.079603919756,30517.27400919533,30370.88519864418,20.630516079662648,4333,3763.895904204454,5219.015784460021,-533.2004835029502,0,0,0,0
1781685000,30519.25,30525.25,30492.25,30500.25,0,1,0,0,30557.521075968103,30459.978924031897,30445.199413275895,30518.19526934866,30372.20355720313,21.51405064540103,6229,4585.597269469636,5645.843856306681,-796.2586234951184,0,0,0,0
1781685300,30500.5,30504.25,30478,30483,0,1,0,0,30537.028499113236,30445.221500886764,30445.86629618287,30518.49238631061,30373.240206055132,21.8523327421581,5391,4854.06484631309,6878.3959042044535,-1005.9047920845868,0,0,0,0
1781685600,30482.75,30502.75,30478.75,30486,1,0,1,0,30535.758606319436,30445.741393680564,30446.302467806505,30518.691097653642,30373.913837959368,22.005737546289662,3555,4421.043230875393,7281.097269469636,-786.4254518547402,0,0,0,0
1781685900,30486,30488.25,30465.5,30468,0,1,0,0,30521.33834872519,30432.41165127481,30446.673995963454,30518.64436058677,30374.703631340137,22.058899150126113,4813,4551.695487250262,6631.56484631309,-1005.5380678749813,0,0,0,0
1781686200,30467.75,30500.5,30464.5,30495,1,0,0,0,30535.082038101962,30429.917961898038,30447.12148001036,30518.81159371878,30375.43136630194,23.054692067974248,4048,4383.796991500175,6827.543230875393,-530.6666713738834,0,0,0,0
1781686500,30495.5,30514.25,30490.25,30509.25,1,0,0,0,30548.93332109468,30455.56667890532,30447.594211579588,30519.17724836715,30376.011174792027,23.122214063118946,3001,3922.8646610001165,6575.695487250263,-266.3044440643025,0,0,0,0
1781686800,30510.25,30525.75,30506.5,30518.5,1,0,0,0,30560.018441016487,30472.231558983513,30448.19256604957,30519.753894717196,30376.631237381942,22.845627344324733,3176,3673.9097740000775,5884.296991500175,-82.60232386733195,0,0,0,0
1781687100,30518.75,30524,30505,30508.5,0,1,0,0,30557.85640951531,30471.14359048469,30448.634988281767,30520.147556732147,30377.122419831387,22.570939676872968,2549,3298.939849333385,5510.864661000116,-189.66695757535115,0,0,0,0
1781687400,30508.25,30508.5,30491.5,30505.25,0,1,0,0,30541.75952312136,30458.24047687864,30448.989992126862,30520.39445127015,30377.585532983576,22.173015414239185,2493,3030.2932328889233,4948.409774000078,-187.6600099244665,0,0,0,0
1781687700,30504.5,30515.25,30492,30497.75,0,1,0,0,30548.624914326974,30458.625085673026,30449.36480080532,30520.65240206941,30378.077199541232,22.24994288465067,2673,2911.1954885926157,4545.439849333385,-216.33427205133572,0,0,0,0
1781688000,30497,30512.75,30492.75,30507.75,1,0,0,0,30545.883849017908,30459.616150982092,30449.762554009598,30520.945021898573,30378.580086120623,22.089232678604194,2734,2852.1303257284103,4366.793232888924,-26.951225747851993,0,0,0,0
1781688300,30507.75,30519.5,30507.5,30516.25,1,0,0,0,30551.55285980234,30475.44714019766,30450.109576585794,30521.257757044183,30378.961396127404,21.368573201561038,2042,2582.0868838189404,4278.195488592615,125.4724990463373,0,0,1,0
1781688600,30516.75,30527,30496.75,30499.25,0,1,0,0,30560.00444124503,30463.74555875497,30450.664099296806,30521.69158216742,30379.636616426193,22.002960830020964,3701,2955.05792254596,3873.1303257284108,-88.62522393358049,0,0,0,1
1781688900,30498,30506,30485.5,30494.5,0,1,0,0,30538.843409727528,30452.656590272472,30451.065696376045,30521.898775244867,30380.232617507223,21.895606485019467,3485,3131.705281697307,4432.58688381894,-117.11863714735696,0,0,0,0
1781689200,30493.75,30501.75,30488.5,30498.75,1,0,0,0,30533.66709474699,30456.58290525301,30451.358080248865,30522.055096983637,30380.661063514093,21.27806316466093,2520,2927.8035211315378,4697.5579225459605,5.903131350742115,0,0,1,0
1781689500,30498,30505.25,30480.75,30482.75,0,1,0,0,30537.512302265062,30448.487697734938,30451.60561732231,30522.140026245983,30381.07120839864,21.50820151004229,2543,2799.5356807543585,4391.705281697306,-132.20888899015148,0,0,0,1
1781689800,30482.5,30483,30448.5,30462,0,1,0,0,30516.654280674702,30414.845719325298,30451.76827511296,30521.8711616741,30381.665388551824,22.436187116467842,5017,3538.6904538362387,4199.303521131538,-375.4352145656776,0,0,0,0
1781690100,30461.5,30466.5,30448.25,30461.75,0,0,0,0,30499.705760626508,30415.044239373492,30451.830884851148,30521.625599152507,30382.03617054979,22.137173751005854,3556,3544.4603025574925,5308.035680754358,-286.0928063746028,0,0,0,0
1781690400,30463,30465,30427,30438.25,0,1,0,0,30499.905349153185,30392.094650846815,30451.706741054848,30520.99209210297,30382.421390006726,23.27023276879115,6009,4365.973535038328,5316.690453836239,-584.0313029806517,0,0,0,0
1781690700,30438,30450.25,30420,30447,1,0,0,0,30485.90318135653,30384.34681864347,30451.531304729262,30520.349386276383,30382.71322318214,23.76878757102035,5740,4823.982356692219,6548.9603025574925,-294.0256242603582,0,0,0,0
1781691000,30447.5,30453.75,30434.25,30450.25,1,0,0,0,30488.945811259637,30399.054188740363,30451.492993431,30520.07018745081,30382.91579941119,23.463874173090325,2925,4190.988237794812,7235.973535038328,-177.38057563286975,0,0,0,0
1781691300,30450.75,30458,30437.75,30437.75,0,1,0,0,30492.851467598233,30402.898532401767,30451.4483242837,30519.808412318835,30383.088236248568,23.2343117321553,2674,3685.3254918632083,6286.482356692219,-281.34269390194856,0,0,0,0
1781691600,30437.75,30479.5,30436,30476,1,0,0,0,30516.522791341216,30398.977208658784,30451.560522420335,30519.620379254076,30383.500665586595,24.68186089414421,3827,3732.5503279088057,5527.988237794812,113.92956146150442,0,0,1,0
1781691900,30476.25,30478,30461.75,30462.5,0,1,0,0,30514.119377673986,30425.630622326014,30451.655326854678,30519.522422029895,30383.78823167946,24.079585115991055,2541,3335.3668852725373,5598.825491863208,-83.43796902807998,0,0,0,1
1781692200,30462.5,30470.5,30451.75,30455.75,0,1,0,0,30506.048350697274,30416.201649302726,30451.706027792716,30519.351533509882,30384.06052207555,23.698900464848837,2825,3165.2445901816914,5003.050327908806,-137.18030833604178,0,0,0,0
1781692500,30455.25,30471,30451.5,30469.5,1,0,0,0,30506.09846850461,30416.40153149539,30451.783528328273,30519.222500071206,30384.34455658534,23.39897900307392,2714,3014.8297267877942,4747.866885272537,102.21675333754212,0,0,1,0
1781692800,30470,30486.75,30462.25,30485.25,1,0,0,0,30521.966435039994,30427.033564960006,30451.942489799345,30519.208240016113,30384.676739582577,23.47762335999721,2618,2882.553151191863,4522.244590181692,263.4139685094183,0,0,0,0
1781693100,30485.25,30488.5,30472,30481.5,0,1,0,0,30522.96883253714,30437.53116746286,30452.111785170568,30519.215046394293,30385.008523946843,22.97922169142598,2568,2777.7021007945755,4323.829726787794,184.79624298497663,0,0,0,0
1781693400,30482,30498.5,30470.5,30474.5,0,1,0,0,30533.5067730702,30435.4932269298,30452.381593617316,30519.230676877436,30385.532510357196,23.33784871346698,4084,3213.1347338630503,4166.553151191863,71.40241103633369,0,1,0,0
1781693700,30474.5,30480.75,30452.25,30459.5,0,1,0,0,30516.309860708043,30416.690139291957,30452.489288235516,30519.041678395526,30385.936898075506,23.706573805362193,4056,3494.0898225753667,4819.702100794575,-119.46443160758008,0,0,0,1
1781694000,30459.75,30468.75,30440.25,30462,1,0,0,0,30504.82344208604,30404.17655791396,30452.542475238195,30518.703125168584,30386.381825307806,24.048961390693467,5296,4094.7265483835777,5241.13473386305,-34.08874481955684,0,0,0,0
1781694300,30461,30483.75,30456,30467.5,1,0,0,0,30520.219981937036,30419.530018062964,30452.666820057395,30518.59380508892,30386.73983502587,24.31332129135822,3402,3863.8176989223853,6142.089822575366,71.39068746231257,0,0,1,0
1781694600,30467.75,30483,30465.75,30479.25,1,0,0,0,30518.713197512963,30430.036802487037,30452.772142726208,30518.568760334645,30386.97552511777,23.80879834197549,2052,3259.878465948257,5795.726548383578,210.62432182395767,0,0,0,0
1781694900,30479,30490.75,30473.5,30488.75,1,0,0,0,30525.76046911918,30438.48953088082,30452.937135065982,30518.601001095845,30387.27326903612,23.340312746120098,2389,2969.585643965505,4889.817698922386,321.01330863921527,0,0,0,0
1781695200,30489,30493.5,30477.5,30479.5,0,1,0,0,30527.72400703924,30443.27599296076,30453.141478740326,30518.632840822553,30387.6501166581,22.816004692825803,3076,3005.0570959770034,4454.378465948257,109.92849714693253,0,0,0,0
1781695500,30479.5,30482,30461,30469.5,0,1,0,0,30516.029435107863,30426.970564892137,30453.27558571463,30518.53630090224,30388.01487052702,22.686290071909674,3514,3174.7047306513355,4507.585643965505,-48.54390290208204,0,0,0,1
1781695800,30469.5,30472,30458.75,30465.75,0,1,0,0,30505.01840402873,30425.73159597127,30453.35017580533,30518.41844893594,30388.281902674724,22.012269352487554,2846,3065.1364871008905,4762.057095977003,-95.76756201292483,0,0,0,0
1781696100,30465.75,30468.25,30456,30462,0,1,0,0,30500.22244659811,30424.02755340189,30453.38725892053,30518.319720438867,30388.454797402195,21.314964398738443,1989,2706.424324733927,4597.704730651336,-115.1081872245224,0,0,0,0
1781696400,30461.5,30469.5,30432.75,30437,0,1,0,0,30503.126200412527,30399.123799587473,30453.31744294834,30517.927639766363,30388.707246130318,22.417466941685696,4739,3383.949549822618,4059.63648710089,-370.01339652203706,0,0,0,0
1781696700,30436.25,30445.5,30413.5,30423,0,1,1,0,30480.152900383062,30378.847099616938,30453.038203395554,30517.356117809733,30388.720288981374,23.101933588708146,5140,3969.2996998817453,5075.924324733927,-478.2690984662178,0,0,0,0
1781697000,30422.5,30428.5,30407.25,30411,0,1,0,0,30462.954478927128,30372.795521072872,30452.70024289614,30516.82520913829,30388.575276653988,22.969652618086137,4355,4097.8664665878305,5953.949549822618,-584.7009326240877,0,0,0,0
1781697300,30410,30416.75,30387.25,30415,1,0,0,0,30451.904159003763,30352.095840996237,30452.025717696433,30515.924170314367,30388.1272650785,23.436106002508556,7125,5106.910977725221,6146.799699881745,-332.0719567705121,0,0,0,0
1781697600,30416,30437.25,30414.75,30433.75,1,0,0,0,30472.303861932065,30379.696138067935,30451.737667199075,30515.29481839524,30388.18051600291,23.36924128804366,6093,5435.60731848348,7660.366466587831,214.80709339371765,0,0,1,0
1781697900,30434,30455.25,30425.5,30451.75,1,0,0,0,30490.987514651202,30389.762485348798,30451.66508227708,30514.92113349218,30388.40903106198,23.825009767469112,4800,5223.738212322321,8153.410977725221,476.4222727262711,0,0,0,0
1781698200,30451.75,30465,30444.75,30459.5,1,0,0,0,30500.354477890403,30409.395522109597,30451.711963361056,30514.65693798696,30388.76698873515,23.569651926935602,4989,5145.492141548214,7835.60731848348,596.6095121819407,0,0,0,0
1781698500,30459.75,30462.25,30440.5,30454.25,0,1,0,0,30497.409515183946,30405.340484816054,30451.716621129508,30514.425258179916,30389.0079840791,23.439676789297344,3819,4703.328094365476,7718.2382123223215,419.96507674215604,0,0,0,0
1781698800,30454.25,30474.75,30448,30466.25,1,0,0,0,30510.264192670806,30412.485807329194,30451.819521889625,30514.250777450627,30389.388266328624,23.67612844720468,4689,4698.5520629103175,7054.992141548215,561.7549356782445,0,0,0,0
1781699100,30466.75,30479.75,30460,30461.5,0,1,0,0,30514.843536051463,30424.906463948537,30451.90935640856,30514.167571082337,30389.651141734783,23.395690700975774,3044,4147.034708606879,7047.828094365476,399.4344065917282,0,0,0,0
1781699400,30463.5,30503.25,30460,30490.5,1,0,0,1,30540.470783476358,30422.779216523642,30452.46215368328,30514.335119815103,30390.589187551454,24.813855650906074,8901,5731.6898057379185,6220.5520629103175,863.1845604841593,0,0,0,0
1781699700,30490.75,30520.75,30485,30487.5,0,1,0,0,30559.14251322805,30446.60748677195,30453.166362753505,30514.811573981326,30391.521151525685,25.595008818698496,8310,6591.126537158612,8597.534708606878,641.4534450777481,0,0,0,0
1781700000,30486.75,30513.5,30476.75,30507,1,0,0,0,30553.087690854616,30437.162309145384,30453.82038357251,30515.266356550448,30392.374410594573,26.391793903077176,7722,6968.084358105742,9886.689805737919,927.5640029695544,0,0,0,0
1781700300,30506.25,30513.5,30494.5,30502.25,0,1,0,0,30552.29571293643,30455.70428706357,30454.318483705843,30515.65480756529,30392.982159846397,25.863808624285948,5500,6478.722905403828,10452.126537158612,645.1498581540545,0,0,0,0
1781700600,30502,30511.5,30495.75,30503,1,0,0,0,30549.212090583827,30458.037909416173,30454.738299511977,30515.978908731817,30393.497690292137,25.14139372255124,4723,5893.481936935886,9718.084358105742,547.5349367626815,0,0,0,0
1781700900,30502.75,30503.25,30483,30491,0,1,0,0,30540.438012684983,30445.811987315017,30455.16699613999,30516.189202059068,30394.14479022091,24.79200845665472,6357,6047.987957957257,8840.222905403829,88.90592116882263,0,0,0,0
1781701200,30490.5,30494.5,30475,30490,0,1,0,0,30531.121011778912,30438.378988221088,30455.548570888914,30516.29536004951,30394.801781728318,24.414007852607956,6888,6327.991971971504,9071.981936935885,44.75044538643854,0,0,0,0
1781701500,30489.25,30490.75,30465,30473.75,0,1,0,0,30527.514153794706,30428.235846205294,30455.791460751458,30516.226732976505,30395.35618852641,24.50943586313596,6634,6429.994647981003,9491.987957957257,-350.6219059668621,0,0,0,1
1781701800,30474,30492,30468,30481.25,1,0,0,0,30528.709571380798,30431.290428619202,30456.051192460523,30516.219515402994,30395.882869518053,24.473047587197676,6100,6319.996431987335,9644.991971971505,-121.50750082110551,0,0,0,0
1781702100,30481.5,30510,30479.75,30505.75,1,0,0,0,30547.328530567884,30442.421469432116,30456.52376280878,30516.521769985782,30396.52575563178,24.885687045254986,6511,6383.664287991557,9479.994647981002,383.8264077981719,0,0,1,0
1781702400,30505.75,30507.5,30488.75,30501.75,0,1,0,0,30544.17113552732,30452.07886447268,30456.932579809163,30516.788394132942,30397.076765485384,24.44742368487963,5639,6135.442858661038,9575.496431987336,188.95419399565867,0,0,0,0
1781702700,30501,30532.25,30492.5,30527,1,0,0,0,30570.560697275367,30454.189302724633,30458.6076581835,30518.452901564066,30398.762414802935,25.54046485024537,16867,9712.628572440692,9203.164287991558,1179.8260032702397,0,0,0,0
1781703000,30527.5,30528,30419.75,30441,0,1,0,1,30575.17243318427,30372.57756681573,30459.093889814805,30515.478091044137,30402.709688585473,31.44828878951356,77252,32225.752381627128,14568.942858661037,-4865.782257804297,0,0,0,1
1781703300,30441.25,30474.25,30398,30409,0,1,0,0,30526.222616528252,30346.027383471748,30456.309585458257,30510.93581923483,30401.683351681684,34.64841101883402,65221,43224.16825441808,48338.62857244069,-6548.802641056171,0,0,0,0
1781703600,30409,30524.5,30399.5,30519.5,1,0,0,0,30586.15314391909,30337.84685608091,30458.167136912343,30511.11762506018,30405.216648764508,41.10209594606016,60560,49002.77883627872,64836.25238162712,-243.8572391910884,0,0,0,0
1781703900,30520.25,30540.75,30451.25,30452,0,1,0,1,30607.588633639156,30384.411366360844,30459.617482788057,30511.189931764373,30408.04503381174,44.55908909277015,54124,50709.852557519145,73504.16825441808,-4020.794580347147,0,0,0,0
1781704200,30452.25,30485,30426.5,30472.75,1,0,0,0,30553.33230266493,30358.16769733507,30459.724779153643,30509.737615162747,30409.71194314454,45.55486844328657,54826,52081.901705012766,76064.77883627871,-1381.921977053308,0,0,0,0
1781704500,30473,30477.25,30346,30347.75,0,1,0,0,30554.76392390315,30268.48607609685,30455.905329591227,30507.033177533172,30404.777481649282,51.675949268766104,53550,52571.26780334184,78122.85255751915,-5835.692901052296,0,0,0,0
1781704800,30347.75,30403.75,30319.75,30389,1,0,0,0,30484.727215052924,30238.772784947076,30450.284342895706,30504.02381225507,30396.544873536342,53.98481003528281,68830,57990.845202227894,78856.90170501276,-1438.9855080873863,0,0,0,0
1781705100,30388.5,30427.5,30349,30384.75,0,1,0,0,30511.103842549142,30265.396157450858,30447.155325401945,30501.31175055746,30392.99890024643,55.735895032762606,54261,56747.56346815193,86986.26780334185,-1267.8735307408406,0,0,0,0
1781705400,30384.75,30449,30356.75,30444,1,0,1,0,30536.51606808135,30269.23393191865,30445.88601308487,30499.255867839875,30392.516158329865,58.34404538756528,47475,53656.70897876795,85121.3452022279,1992.9217208630826,0,0,1,0
1781705700,30444,30489.25,30434.75,30469,1,0,0,0,30576.35420607554,30347.64579392446,30446.48733678966,30499.08225847912,30393.892415100203,58.069470717024906,38529,48614.139319178634,80485.06346815193,3431.765995043357,0,0,0,0
1781706000,30469.25,30544.75,30457,30540.75,1,0,0,0,30635.03426278443,30366.71573721557,30448.550386403098,30501.62837959543,30395.472393210766,60.1895085229517,37163,44797.09287945242,72921.20897876794,5767.020318769783,0,0,0,0
1781706300,30541.25,30543.25,30488.75,30509.25,0,1,0,1,30632.92467258554,30399.07532741446,30450.237404713527,30503.637070084325,30396.83773934273,59.78311505702658,32383,40659.06191963495,67195.63931917863,2993.3442133387302,0,0,0,0
1781706600,30509.25,30515.75,30429.25,30460,0,1,0,0,30608.287195972287,30336.712804027713,30450.78924054735,30503.46037506312,30398.11810603158,61.691463981524684,39366,40228.04127975663,60988.59287945242,391.1864207040145,0,0,0,0
1781706900,30460.25,30478.75,30410,30423.25,0,1,0,0,30572.043467688552,30316.706532311448,30450.410962560203,30502.384076573006,30398.4378485474,62.195645125701496,37340,39265.360853171085,60342.06191963494,-1515.1011117048665,0,0,0,1
1781707200,30422.75,30448,30373.75,30434,1,0,0,0,30542.5850057108,30279.1649942892,30449.4092764693,30500.858956729855,30397.959596208748,63.05667047386567,43161,40563.90723544739,58898.041279756624,-553.0426374997973,0,0,0,0
1781707500,30433.5,30462.75,30289,30370.5,0,1,1,0,30569.195005302885,30182.554994697115,30446.116970520008,30498.733789806127,30393.50015123389,70.96333686858955,62680,47935.93815696493,60845.860853171085,-2518.104114055574,0,0,0,0
1781707800,30371,30434.5,30354.25,30426.25,1,0,0,0,30541.94000492411,30246.80999507589,30445.064293827345,30497.40762695101,30392.72096070368,71.62666994940459,37680,44517.29210464328,71903.90723544739,475.8677384271698,0,0,1,0
1781708100,30426.25,30427.25,30352.5,30358.25,0,1,0,0,30535.024647429527,30244.725352570473,30443.74739787422,30496.375904909386,30391.118890839054,71.84976495301855,30089,39707.86140309552,66775.93815696493,-2101.936853634428,0,0,0,1
1781708400,30357.75,30403.5,30352.75,30383.25,1,0,0,0,30509.013958327418,30247.236041672582,30442.529950940945,30495.381920262604,30389.677981619287,70.3426388849458,29163,36192.90760206368,59561.79210464328,-235.4571087141312,0,0,0,0
1781708700,30383.5,30413.5,30346.25,30359,0,1,0,0,30518.682604161175,30241.067395838825,30441.137822498775,30494.358515526284,30387.917129471265,70.12173610744966,31242,34542.60506804245,54289.36140309552,-1161.3195087920628,0,0,0,0
1781709000,30359,30424.75,30354.25,30410,1,0,0,0,30529.973132435378,30249.026867564622,30440.431797243396,30493.52552020035,30387.338074286443,70.14875495691754,25012,31365.7367120283,51813.90760206368,864.8577232843015,0,0,1,0
1781709300,30410,30461,30396.75,30423.25,1,0,0,0,30565.591122975708,30292.158877024292,30440.190869449187,30492.83645550039,30387.545283397983,69.72741531713771,28991,30574.157808018866,47048.60506804245,1371.088041360892,0,0,0,0
1781709600,30423.5,30443,30397.75,30413.75,0,1,0,0,30544.968542763156,30295.781457236844,30439.861908588522,30492.181099165882,30387.542718011162,67.97902850877072,24507,28551.771872012578,45861.2367120283,715.0506049550842,0,0,0,0
1781709900,30412.75,30424.75,30393.5,30417.25,1,0,0,0,30522.783289708645,30295.466710291355,30439.513053462164,30491.598410201448,30387.42769672288,65.35552647242996,20679,25927.51458134172,42827.65780801886,952.0922700272283,0,0,0,0
1781710200,30417.5,30449.25,30400.5,30431.75,1,0,0,0,30545.504126158026,30304.245873841974,30439.375667181903,30491.186609134187,30387.56472522962,64.16941743868496,18696,23517.00972089448,38891.27187201258,1372.713166362593,0,0,0,0
1781710500,30431.5,30450.5,30416,30445.25,1,0,0,0,30543.575260003883,30322.924739996117,30439.357148384915,30490.94228659017,30387.772010179662,62.05017333592175,14766,20600.00648059632,35275.51458134172,1745.606118332886,0,0,0,0
1781710800,30443.25,30448.75,30402.75,30414.75,0,1,0,0,30540.105598575035,30311.394401424965,30439.196547767893,30490.56808069439,30387.825014841397,60.90373238335591,15906,19035.33765373088,30900.00972089448,556.7246950683289,0,0,0,0
1781711100,30414.75,30446,30412,30443.5,1,0,0,0,30534.473055819675,30323.526944180325,30439.157213298593,30490.34206268492,30387.972363912268,58.9820372131162,12640,16903.558435820585,28553.00648059632,1516.1335927212215,0,0,0,0
1781711400,30444.5,30454.25,30427.5,30430.5,0,1,0,0,30539.269623261127,30342.480376738873,30439.14366745559,30490.12918360898,30388.158151302203,56.679748840750754,13518,15775.038957213723,25355.33765373088,616.7132696287515,0,0,0,0
1781711700,30430,30458.75,30422,30448.75,1,0,0,0,30541.63429302819,30339.11570697181,30439.170095455705,30489.988907129016,30388.351283782395,55.2561953521257,11486,14345.359304809148,23662.558435820585,1095.9760811100862,0,0,0,0
1781712000,30450,30471.25,30444,30448.5,0,1,0,0,30551.13362924046,30364.11637075954,30439.283979479267,30489.931903756016,30388.636055202518,53.25575282697387,13015,13901.9062032061,21518.03895721372,860.3894819471001,0,0,0,0
1781712300,30448.5,30463.75,30437.75,30451.5,1,0,0,0,30540.713370008998,30360.786629991002,30439.356209886017,30489.85609588758,30388.856323884454,51.30891333933288,10927,12910.2708021374,20852.85930480915,848.3238268967098,0,0,0,0
1781712600,30451.75,30453,30421.5,30440.25,0,1,0,0,30527.840986436928,30346.659013563072,30439.349674739526,30489.70024227497,30388.999107204083,49.893990957951964,10533,12117.847201424933,19365.4062032061,352.2015281620856,0,0,0,0
1781712900,30440.75,30456.25,30427,30456,1,0,0,0,30528.879130262863,30354.370869737137,30439.38583192112,30489.609959667923,30389.16170417432,48.41942017524111,9169,11134.898134283289,18176.7708021374,756.7296282932086,0,0,0,0
1781713200,30455.5,30466.25,30445.25,30460,1,0,0,0,30535.941335244086,30375.558664755914,30439.470574928786,30489.589839022516,30389.351310835056,46.460890162723885,8582,10283.932089522192,16702.347201424935,804.5617207324221,0,0,0,0
1781713500,30460.5,30472.5,30445.75,30458.25,0,1,0,1,30540.079454155224,30378.170545844776,30439.56232375333,30489.58038152837,30389.54426597829,45.05296943681503,8573,9713.621393014795,15425.898134283289,597.1089887362072,0,0,0,0
1781713800,30457.75,30471.5,30433,30439.5,0,1,0,0,30538.37735028699,30366.12264971301,30439.609819697325,30489.490896853287,30389.728742541363,44.584900191328245,10242,9889.747595343197,14570.432089522194,34.90365798901141,0,0,0,0
1781714100,30438.5,30462.75,30434.75,30458.75,1,0,0,0,30527.850396695063,30369.649603304937,30439.675266511877,30489.433472795605,30389.91706022815,43.400264463376224,9597,9792.165063562132,14834.621393014795,685.9733318318141,0,0,0,0
1781714400,30459.25,30459.75,30415.5,30430.75,0,1,0,0,30524.941439788276,30350.308560211724,30439.644484243894,30489.22733388862,30390.06163459917,43.46095985884936,13060,10881.443375708088,14688.247595343197,-232.2544733941931,0,0,0,1
1781714700,30430.5,30431,30397,30406,0,1,0,0,30495.177765517685,30332.822234482315,30439.453930357948,30488.92382338516,30389.984037330734,42.78517701178869,12483,11415.295583805391,16322.165063562132,-1034.1965933818947,0,0,0,0
1781715000,30406,30421,30396,30399,0,1,0,0,30483.272210837848,30333.727789162152,30439.29011850649,30488.697441611886,30389.882795401096,41.51480722523235,8947,10592.530389203594,17122.943375708088,-1070.2858195707126,0,0,0,0
1781715300,30398.75,30414.75,30397.75,30408.75,1,0,0,0,30474.395624349432,30338.104375650568,30439.1666287141,30488.519295724782,30389.81396170342,39.76374956628718,7173,9452.68692613573,15888.79558380539,-459.626861553201,0,0,0,0
1781715600,30408.5,30410.25,30362.25,30369.75,0,1,0,0,30470.778079753043,30301.721920246957,30438.75092702476,30488.172219105913,30389.32963494361,40.35205316869524,13408,10771.12461742382,14179.030389203595,-1373.7841959010855,0,0,0,0
1781715900,30369.75,30394.25,30325,30379,1,0,0,0,30457.87428834211,30261.37571165789,30438.06751883405,30487.753415669664,30388.381621998436,42.41619222807416,17888,13143.416411615879,16156.686926135731,-866.4661302376751,0,0,0,0
1781716200,30379.75,30394.75,30375.5,30376.75,0,1,0,0,30455.892196317676,30314.357803682324,30437.788820354497,30487.506010962843,30388.07162974615,40.76146421178315,9559,11948.610941077253,19715.12461742382,-811.7273245885399,0,0,0,0
1781716500,30377.25,30387.75,30352.5,30386.75,1,0,0,0,30448.301682294983,30291.948317705017,30437.400611794084,30487.203404170283,30387.597819417886,40.36778819665578,12021,11972.740627384836,17922.91641161588,-316.5127818664988,0,0,0,0
1781716800,30387,30414.5,30374.5,30404,1,0,0,0,30475.01227641677,30313.98772358323,30437.166891643512,30486.915867294498,30387.417915992526,40.34151761118037,11382,11775.827084923223,17959.110941077255,239.75802067755973,0,0,1,0
1781717100,30404.25,30425.5,30397.25,30418,1,0,0,0,30484.716756672715,30338.033243327285,30437.044108413396,30486.692429282568,30387.395787544225,39.47783778181035,10127,11226.218056615482,17663.740627384836,700.2608492929617,0,0,0,0
1781717400,30418.25,30418.75,30384.5,30388.25,0,1,0,0,30477.406631196092,30325.843368803908,30436.833410680352,30486.434716497246,30387.23210486346,39.10442079739533,10332,10928.145371076987,16839.32708492322,-244.254093769296,0,0,0,1
1781717700,30388.5,30420,30381,30413.75,1,0,0,0,30478.645443253514,30322.354556746486,30436.684535828594,30486.217787454872,30387.151284202315,39.09696216900995,9164,10340.096914051324,16392.218056615482,396.90896789285927,0,0,1,0
1781718000,30413.75,30415.75,30390.75,30394.25,0,1,0,0,30472.885054449693,30333.614945550307,30436.552842108224,30486.044815884758,30387.06086833169,38.09003629979496,7127,9269.06460936755,15510.145371076986,-164.24099944614278,0,0,0,1
1781718300,30394.25,30416.25,30384.75,30410.75,1,0,0,0,30472.67897913186,30328.32102086814,30436.43052129618,30485.86989829536,30386.991144297,37.619319421238174,7418,8652.0430729117,13903.596914051324,267.9043475676725,0,0,1,0
1781718600,30411,30460.25,30398.5,30446.25,1,0,0,0,30519.264409193867,30339.485590806133,30436.42245665828,30485.722394513545,30387.12251880302,39.34293946257831,11221,9508.3620486078,12978.06460936755,855.4418459282164,0,0,0,0
1781718900,30446.5,30502.25,30431.25,30471.75,1,0,0,1,30564.656237108593,30368.843762891407,30436.538188939663,30485.78635114471,30387.290026734616,41.604158072394135,7226,8747.574699071867,14262.5430729117,967.6682768197841,0,0,0,0
1781719200,30465.25,30481,30170.25,30176,0,1,0,0,30572.243291600833,30079.006708399167,30432.515443280678,30487.245038378256,30377.7858481831,60.82886106722312,51261,22918.71646604791,13121.3620486078,-3678.141934256072,0,0,0,1
1781719500,30176.5,30269.5,30072.25,30256.25,1,0,0,0,30375.359842200774,29966.390157799226,30424.9876132429,30492.791133060124,30357.18409342568,70.57322813385004,68351,38062.81097736527,34378.07469907186,-351.77109738021204,0,0,0,0
1781719800,30256.25,30292.25,30219,30255.75,0,1,0,0,30398.396639186434,30112.853360813566,30420.960050772388,30492.749272643447,30349.17082890133,70.76442612428932,51589,42571.54065157685,57094.2164660479,-270.1577671587446,0,0,0,0
1781720100,30255.75,30340.5,30254.25,30323,1,0,0,0,30448.305807815974,30146.444192184026,30418.673491696012,30491.536957612057,30345.810025779967,71.87053854398293,43981,43041.360434384565,63857.31097736527,3057.5124597334197,0,0,1,0
1781720400,30322.75,30328.75,30219.75,30234.25,0,1,0,0,30440.533964400547,30107.966035599453,30416.120510571865,30491.08316894534,30341.15785219839,74.52264293369844,36399,40827.24028958971,64562.04065157685,-257.03590442078576,0,0,0,1
1781720700,30234.25,30263,30180.5,30241.75,1,0,0,0,30375.63868122908,30067.86131877092,30412.508024298117,30491.097327202995,30333.91872139324,75.09245415271997,44137,41930.49352639314,61240.860434384565,200.05665502826145,0,0,1,0
1781721000,30242,30352.25,30204.5,30230.25,0,1,0,0,30472.673418284146,30084.076581715854,30409.571853178746,30490.11897758704,30329.02472877045,80.28227885609711,45733,43197.995684262096,62895.74028958971,-148.2882724421001,0,0,0,1
1781721300,30229.75,30399.25,30229.75,30362.25,1,0,0,0,30529.23245983528,30099.76754016472,30408.20781099774,30488.719598506654,30327.69602348883,86.65497322351874,41015,42470.33045617473,64796.99352639314,2927.156682267886,0,0,1,0
1781721600,30361.25,30520,30361.25,30504.25,1,0,0,0,30657.7069269899,30223.5430730101,30409.277327196563,30489.334034647654,30329.220619745473,91.8046179932674,48435,44458.55363744982,63705.49568426209,6502.520615980536,0,0,0,0
1781721900,30504.75,30508.5,30426.25,30452.5,0,1,0,1,30645.183217919195,30289.566782080805,30410.067225984858,30489.786473076794,30330.34797889292,91.12214527946257,36644,41853.70242496655,66687.83045617474,3077.8269465933904,0,0,0,0
1781722200,30452.25,30480,30407.75,30417.5,0,1,0,0,30614.661202353538,30273.088797646462,30410.366375318466,30489.654178460718,30331.078572176215,89.7741349023581,29836,37847.80161664436,62780.55363744982,1104.0568322002337,0,0,0,0
1781722500,30417.75,30420.75,30220.5,30275.75,0,1,0,0,30567.247902185427,30074.002097814573,30408.614170439443,30488.374636947836,30328.85370393105,97.66526812361823,42466,39387.20107776291,56771.70242496654,-1995.84621877048,0,0,0,1
1781722800,30275,30356.75,30255,30294.75,1,0,0,0,30503.685552029325,30108.064447970675,30406.948993185793,30487.17801198633,30326.719974385258,97.95703468621693,40325,39699.80071850861,59080.80161664437,-940.0762661248536,0,0,0,0
1781723100,30295.5,30339.5,30272,30289.75,0,1,0,0,30483.172298312944,30128.327701687056,30405.719857304815,30486.291954561053,30325.147760048578,95.78153220863,30089,36496.20047900574,59549.70107776292,-1050.2124354841726,0,0,0,0
1781723400,30289.75,30370.25,30201.25,30354.25,1,0,0,0,30521.767134147736,30049.732865852264,30404.24637161911,30485.08166374069,30323.411079497528,101.01142276515642,40169,37720.46698600383,54744.30071850861,550.7077975428792,0,0,1,0
1781723700,30353.5,30361.75,30217.25,30218.25,0,1,0,0,30517.926624565753,30061.073375434247,30402.48389650455,30484.289641269606,30320.678151739492,104.1177497105024,34133,36524.644657335884,56580.70047900574,-2595.6801542884314,0,0,0,1
1781724000,30219.5,30222.75,30101.25,30103.25,0,1,0,0,30380.789008525342,29943.210991474658,30397.840879552936,30485.924035689735,30309.757723416136,105.35933901689508,48756,40601.76310489059,54786.96698600383,-6525.9832748729195,0,0,0,0
1781724300,30103,30204.25,30102.25,30128.5,1,0,0,0,30361.92907934496,29944.57092065504,30393.91934537671,30486.73341988415,30301.105270869273,105.119386229974,43024,41409.17540326039,60902.644657335884,-4284.509326722059,0,0,0,0
1781724600,30128.75,30163.75,30058,30058.75,0,1,0,0,30321.496645106035,29900.253354893965,30389.07166541111,30488.612025121285,30289.531305700933,105.16443007069014,45496,42771.450268840264,62113.76310489059,-6272.1680965582955,0,0,0,0
1781724900,30059.5,30123,29935.25,29963.25,0,1,0,0,30289.595099027032,29768.654900972968,30382.66331192857,30492.882810089613,30272.443813767524,111.06339935135513,48118,44553.633512560176,64157.17540326039,-7336.541836972973,0,0,0,0
1781725200,29962.25,29990,29931.5,29961.75,0,1,0,0,30150.963306239388,29770.536693760612,30376.899768705545,30496.811529150713,30256.988008260378,107.30887082625834,39747,42951.422341706784,66830.45026884027,-5864.539454325965,0,0,0,0
1781725500,29961.5,30055,29943.5,30015,1,0,0,0,30216.412355793716,29782.087644206284,30372.442567115213,30498.326347830094,30246.558786400332,107.60823719581131,35219,40373.948227804525,64427.133512560176,-3001.76004854096,0,0,0,0
1781725800,30014.5,30014.75,29922,29949.75,0,1,0,0,30174.597187522737,29762.152812477263,30368.011659441232,30500.200335505815,30235.82298337665,106.56479168182479,32126,37624.632151869686,60560.922341706784,-4346.423997763696,0,0,0,0
1781726100,29949.75,30045.5,29945,29995.25,1,0,0,0,30204.69738841397,29785.80261158603,30364.155651023757,30500.960593647058,30227.350708400456,106.13159227598017,31093,35447.42143457979,56436.94822780453,-1978.2588917616904,0,0,0,0
1781726400,29994.75,30090,29993.25,30043.75,1,0,0,0,30248.19221781297,29835.05778218703,30362.141958682143,30500.85923277273,30223.424684591555,105.46147854198159,18926,29940.280956386527,53171.13215186968,-456.1958924462165,0,0,0,0
1781726700,30043.75,30054.75,30015.75,30050.75,1,0,0,0,30205.821345112046,29864.678654887954,30361.223246297806,30500.802122411085,30221.644370184527,100.7142300746972,8662,22847.52063759102,44910.42143457979,32.481714965223546,0,0,1,0
1781727000,30051.25,30076,30022,30028,0,1,0,0,30222.066249032614,29875.933750967386,30360.399368660965,30500.73576219058,30220.06297513135,97.37749935507597,7849,17848.013758394016,34271.28095638653,-33.49880818801557,0,0,0,1
1781727300,30027.5,30095.75,30015.25,30088.75,1,0,0,0,30240.007945530284,29870.992054469716,30359.669642337813,30500.59253986965,30218.746744805976,96.17196368685624,7572,14422.675838929345,26772.020637591024,772.868418180431,0,0,1,0
1781727600,30089.75,30132.5,30089.5,30107.5,1,0,0,0,30271.141306563837,29950.858693436163,30358.889010069528,30500.28077854075,30217.497241598307,92.42753770922366,9556,12800.45055928623,21634.013758394016,1254.0319362516057,0,0,0,0
1781727900,30108.75,30134,30104.5,30123.75,1,0,0,0,30265.899070380703,29972.600929619297,30358.524069303923,30500.11421400414,30216.933924603705,87.93271358713625,4694,10098.300372857488,19200.675838929346,1491.0434240829168,0,0,0,0
1781728200,30123.75,30134.5,30110.75,30127.5,1,0,0,0,30259.522351067797,29985.727648932203,30358.163465788628,30499.94238103763,30216.384550539628,83.34823404519794,4722,8306.200248571658,15147.450559286232,1519.4970246848518,0,0,0,0
1781728500,30128,30159.5,30125.25,30152.75,1,0,0,0,30279.261825991525,30005.488174008475,30357.72748664309,30499.68652356132,30215.76844972486,79.84121732768381,6312,7641.466832381106,12459.300372857488,1891.070626264926,0,0,0,0
1781728800,30151.25,30153.25,30128.5,30134,0,1,0,0,30267.10919556356,30014.64080443644,30357.461335394546,30499.539298861553,30215.38337192754,75.9061303757064,3738,6340.311221587404,11462.200248571658,1506.6476814203945,0,0,0,0
1781729100,30134,30134.75,30113.25,30114.25,0,1,0,0,30242.77996730902,30005.22003269098,30357.239813629112,30499.43561006731,30215.044017190914,72.01997820601308,2883,5187.874147724937,9510.466832381106,1178.6650856449337,0,0,0,0
1781729400,30115,30131.5,30109.75,30129.25,1,0,0,0,30234.14389821552,30007.10610178448,30357.05884577136,30499.348186757183,30214.769504785538,68.42926547701214,2387,4254.249431816625,7781.811221587405,1299.3098546266738,0,0,0,0
1781729700,30128.75,30141.25,30124.75,30140.75,1,0,0,0,30238.33004834298,30027.66995165702,30356.936576627686,30499.28173445129,30214.59141880408,64.72003222865412,1703,3403.8329545444167,6381.374147724937,1358.0129087149228,0,0,0,0
1781733600,30146,30158.25,30092.25,30112.75,0,1,0,0,30255.467187747054,29995.032812252946,30121.083333333332,30121.083333333332,30121.083333333332,64.81145849803598,6819,4542.2219696962775,5105.749431816625,956.709310357059,0,0,0,0
1781733900,30113.75,30184.5,30113.75,30181.75,1,0,0,0,30282.46060290798,30015.78939709202,30139.49522871272,30158.925403791483,30120.065053633956,65.30706860531912,6123,5069.147979797518,6813.332954544416,1499.6728254997413,0,0,0,0
1781734200,30181,30204.25,30178,30189,1,0,0,0,30298.025916985982,30084.224083014018,30153.3260965406,30181.397155985123,30125.255037096078,62.51727799065346,4826,4988.098653198345,7603.721969696277,1516.6418426892092,0,0,0,0
1781734500,30189.75,30203.5,30182,30188.5,0,1,0,0,30292.88120862984,30092.61879137016,30158.396076183973,30187.548474653333,30129.243677714614,59.5874724198925,2735,4237.065768798897,7482.147979797518,1366.5828475034086,0,0,0,0
1781734800,30188.25,30251.25,30187.5,30243,1,0,0,0,30341.077193727706,30097.672806272294,30177.818577331138,30217.444487195186,30138.19266746709,59.88479581847161,8056,5510.043845865931,6355.598653198345,1900.5576342088495,0,0,0,0
1781735100,30243.75,30254.75,30219.5,30228.5,0,1,0,0,30341.937751318586,30132.312248681414,30186.37189180357,30228.1059546342,30144.63782897294,58.125167545723635,5102,5374.029230577287,8265.065768798897,1464.142525444068,0,0,0,0
1781735400,30228.5,30235.75,30219.75,30224.5,0,1,0,0,30318.424340510115,30137.075659489885,30189.45303583187,30230.96461064617,30147.94146101757,55.11622700674337,2787,4511.686153718191,8061.043845865931,1240.2192888967509,0,0,0,0
1781735700,30224.75,30248,30224.75,30234.5,1,0,0,0,30327.286887616534,30145.463112383466,30193.405414052697,30235.160197196354,30151.65063090904,52.857925077690275,3402,4141.790769145461,6767.529230577287,1248.7669913094974,0,0,0,0
1781736000,30235,30236.75,30223.75,30229.75,0,1,0,0,30311.766395643925,30148.733604356075,30194.81014552212,30236.358168843464,30153.262122200773,50.010930429283825,1587,3290.193846096974,6212.686153718192,1052.525904789735,0,0,0,0
1781736300,30229.75,30251.75,30229,30248.75,1,0,0,0,30323.84558166936,30156.90441833064,30197.770324052046,30239.662407192918,30155.878240911174,48.06372111290641,2702,3094.129230731316,4935.290769145461,1157.7786893412217,0,0,0,0
1781736600,30248.75,30259.25,30242.75,30253.25,1,0,0,1,30327.96375440726,30174.03624559274,30201.639395405247,30244.336465521024,30158.94232528947,45.809169604841664,3408,3198.752820487544,4641.193846096974,1110.6715559136192,0,0,0,0
1781736900,30253,30255,30232,30236,0,1,0,0,30321.269914806744,30165.730085193256,30203.65706228217,30246.14158212818,30161.17254243616,44.17994320449583,2569,2988.8352136583626,4798.129230731316,798.4486093665707,0,0,0,0
1781737200,30235,30253.5,30232.75,30251.75,1,0,0,0,30317.259563749118,30168.990436250882,30205.890776897824,30248.309067528502,30163.472486267146,42.50637583274613,2791,2922.8901424389082,4483.252820487543,928.9070827952619,0,0,0,0
1781737500,30252.5,30252.5,30225,30249,0,1,0,0,30314.65173776704,30162.84826223296,30208.269660308488,30250.245296122885,30166.29402449409,41.434491844692836,3713,3186.260094959272,4384.335213658363,772.3910703662347,0,0,0,0
1781737800,30248.25,30264.75,30242.25,30262.25,1,0,0,0,30324.87304221225,30182.12695778775,30211.596721908925,30253.897051830874,30169.296391986976,40.08202814150049,4203,3525.1733966395145,4779.390142438908,929.8826575804574,0,0,0,0
1781738100,30262.75,30275.75,30258.75,30274.75,1,0,0,0,30333.399967768517,30201.100032231483,30215.369715675268,30258.710264353584,30172.029166996952,38.43331184567903,4220,3756.782264426343,5287.760094959272,1086.0188937973644,0,0,0,0
1781738400,30274.25,30295.5,30274,30291.75,1,0,0,0,30351.33568435648,30218.16431564352,30220.282971964043,30265.86714640697,30174.698797521116,37.22378957098767,4784,4099.188176284229,5635.173396639514,1291.8458980485207,0,0,0,0
1781738700,30291.5,30300.5,30288.75,30290,0,1,0,0,30353.60634975959,30235.64365024041,30223.312531739386,30270.246741409574,30176.3783220692,35.40423317305998,3032,3743.458784189486,6148.782264426343,1047.9168575881577,0,0,0,0
1781739000,30290.25,30305.75,30285.75,30296.75,1,0,0,0,30357.205896205334,30234.294103794666,30226.817691322864,30275.18610746265,30178.449275183077,34.303930803555694,3687,3724.6391894596572,5615.188176284229,990.8747555472507,0,1,0,0
1781739300,30297.25,30297.25,30272.25,30282.75,0,1,0,0,30347.709046476382,30221.790953523618,30229.80711638312,30278.588565659713,30181.025667106525,33.63936431758743,4216,3888.426126306438,5586.958784189486,594.6880582298527,0,0,0,0
1781739600,30283.75,30285.5,30268.5,30275.5,0,1,0,0,30334.176257442356,30219.823742557644,30231.651864009007,30280.317546046106,30182.986181971908,32.45083829490262,3322,3699.6174175376254,5832.639189459657,345.8989503643483,0,0,0,0
1781739900,30275.75,30290.5,30269.5,30285,1,0,0,0,30337.949381910756,30222.050618089244,30233.461202812166,30282.142729994903,30184.77967562943,31.632921273838146,3156,3518.4116116917503,5549.426126306438,423.08840765368825,0,0,0,0
1781740200,30284.75,30297.5,30276.75,30291.75,1,0,0,0,30343.783354631418,30230.466645368582,30235.265719016577,30284.140954883325,30186.39048314983,30.85556975427828,2948,3328.2744077945003,5277.617417537625,445.8548264391026,0,0,0,0
1781740500,30291.25,30313.75,30284.75,30313.5,1,0,0,0,30359.834543586316,30238.665456413684,30237.840558674325,30287.536159599622,30188.144957749028,30.72302905754412,3510,3388.8496051963334,4992.41161169175,621.1002410603982,0,0,0,0
1781740800,30313.5,30371.5,30306.25,30361.25,1,0,0,0,30421.28386190158,30256.46613809842,30251.1136703541,30309.691603487438,30192.535737220765,33.18924126771954,13061,6612.899736797555,5083.2744077945,1405.4943330528858,0,0,0,0
1781741100,30361,30412,30360.25,30401,1,0,0,0,30463.772514622895,30308.477485377105,30263.961696824303,30332.87951297846,30195.043880670146,34.51500974859671,10790,8005.26649119837,9919.349605196334,1920.6598115612574,0,0,0,0
1781741400,30401.75,30424.5,30390,30417.75,1,0,0,0,30476.270906435544,30338.229093564456,30275.173522825487,30352.03015189546,30198.316893755517,34.51393762369695,9721,8577.177660798914,12007.899736797555,1966.8222525447725,0,0,0,0
1781741700,30418.5,30432.25,30396.5,30397.25,0,1,0,0,30484.15334169015,30344.59665830985,30283.66079946926,30364.85406947618,30202.46752946234,34.60222779343288,8641,8598.451773865943,12865.76649119837,1083.426998159649,0,0,0,0
1781742000,30397.75,30407.25,30378.25,30384,0,1,0,0,30458.553102997997,30326.946897002003,30288.289308098643,30370.59943064041,30205.979185556876,34.202068665330536,6195,7797.301182577296,12897.677660798916,562.4895776462196,0,0,0,0
1781742300,30383,30385,30355.75,30383,0,0,0,0,30435.772524212425,30304.977475787575,30292.54079135166,30374.942091142155,30210.139491561167,33.848349474949785,7364,7652.867455051531,11695.951773865943,410.16324574494695,0,0,0,0
1781742600,30382.5,30407.75,30382,30398.5,1,0,0,0,30457.654843911536,30332.095156088464,30296.681907808113,30379.92880861891,30213.435006997315,33.2698959410248,6227,7177.578303367687,11479.301182577296,647.1103281176022,0,0,0,0
1781742900,30398.5,30414.75,30378.25,30412.25,1,0,0,0,30465.000926489283,30327.999073510717,30299.79496855738,30383.712240136287,30215.877696978474,33.50061765952303,4754,6369.718868911791,10766.367455051532,640.2703824477367,0,0,0,0
1781743200,30412.75,30416.5,30387,30409.75,0,1,0,0,30466.322288882908,30337.177711117092,30303.038787732385,30387.611938478807,30218.465636985962,33.214859255271385,5134,5957.812579274528,9554.578303367687,412.6331939194358,0,1,0,0
1781743500,30409.75,30414.75,30393.5,30397.5,0,1,0,0,30463.290339676983,30344.959660323017,30305.022489520146,30389.883140965427,30220.161838074866,32.36022645132343,3390,5101.875052849685,8936.718868911792,89.42771072517314,0,0,0,0
1781743800,30397.75,30398,30354,30384,0,1,0,0,30447.787458271487,30304.212541728513,30308.791352451117,30393.029945911,30224.552758991234,33.19163884765747,9114,6439.250035233123,7652.812579274527,-258.8090881704595,0,0,0,1
1781744100,30384,30385,30362.5,30366.75,0,1,0,0,30433.64192553781,30313.85807446219,30310.230232923885,30394.02247315975,30226.43799268802,32.427950358539086,4188,5688.833356822081,9658.875052849684,-575.05304517391,0,0,0,0
1781744400,30366.75,30425,30363,30416,1,0,0,0,30476.810359427964,30311.189640572036,30314.5336227354,30398.575389701957,30230.49185576884,34.54023961864344,9037,6804.888904548054,8533.250035233123,148.5093222921014,0,0,1,0
1781744700,30415,30428.5,30402.5,30418.75,1,0,0,0,30479.39533375454,30351.60466624546,30317.58009129433,30402.16010104668,30233.00008154198,33.93022250302605,5887,6498.925936365369,10207.33335682208,141.95924506219058,0,0,0,0
1781745000,30418.75,30439,30415.75,30430,1,0,0,1,30488.751024200643,30365.998975799357,30320.73624726998,30406.112427539905,30235.360067000052,33.16734946709562,5789,6262.283957576913,9748.388904548054,319.27112101829675,0,0,0,0
1781745300,30430.5,30433.75,30395.75,30406.5,0,1,0,0,30484.018808186313,30345.481191813687,30323.102440261107,30408.60364980647,30237.601230715743,33.5125387908745,5403,5975.855971717942,9393.42593636537,-122.93588205762421,0,0,0,1
1781745600,30405.75,30428.25,30402.75,30411,1,0,0,0,30477.660321887288,30353.339678112712,30324.597958425955,30410.177639563823,30239.018277288087,32.94021459152632,3486,5145.903981145295,8963.783957576914,-94.0757527740248,0,0,0,0
1781745900,30411,30433.25,30403.5,30407.5,0,1,0,0,30482.318513181053,30354.431486818947,30326.270425707015,30411.920826021116,30240.620025392913,32.71234212070301,4005,4765.602654096863,7718.855971717942,-181.735685122301,0,0,0,0
1781746200,30408,30425.5,30405.5,30409.25,1,0,0,0,30473.206476525265,30357.793523474735,30327.77862380853,30413.441858258124,30242.115389358933,31.80431768350994,3802,4444.4017693979085,7148.403981145295,-185.25942673131055,0,0,0,0
1781746500,30408.5,30411.75,30395,30398.75,0,1,0,0,30457.843513916316,30348.906486083684,30328.959213345577,30414.44159639637,30243.476830294785,30.729009277544943,3559,4149.267846265272,6666.602654096863,-404.09092278060916,0,0,0,0
1781746800,30398.75,30411,30390,30398.25,0,1,0,0,30456.051120065153,30344.948879934847,30330.1921212548,30415.431383395036,30244.952859114564,30.03408004343459,3957,4085.178564176848,6223.901769397908,-393.6639047291489,0,0,0,0
1781747100,30397.5,30398.25,30368,30380,0,1,0,0,30443.32425434621,30322.92574565379,30331.374135118007,30415.991904698447,30246.756365537567,30.049502897474976,5296,4488.785709451232,6127.767846265272,-661.787968376582,0,0,0,0
1781747400,30380.75,30400.75,30375.25,30388.5,1,0,0,0,30445.336807607197,30330.663192392803,30332.338942538066,30416.555277126296,30248.122607949837,29.724538404798192,4018,4331.857139634155,6733.178564176847,-472.67151911578657,0,0,0,0
1781747700,30389.5,30393.5,30368.5,30381.25,0,1,0,0,30437.580607063825,30324.419392936175,30333.121888048077,30416.883587641154,30249.360188455,29.387071375884034,3861,4174.904759756103,6497.785709451233,-549.9333674078077,0,0,0,0
1781748000,30382,30405.75,30373,30402.5,1,0,0,0,30450.19092084498,30328.55907915502,30334.010364060687,30417.474626457155,30250.54610166422,29.627280563320888,3575,3974.936506504069,6262.357139634154,-278.7057366720464,0,0,0,0
1781748300,30402.75,30423.25,30401.75,30417.75,1,0,0,0,30466.820140784625,30358.179859215375,30335.256377454934,30418.66221191631,30251.850542993558,29.046760523083684,3848,3932.624337669379,5962.404759756103,-13.583688146967347,0,0,0,0
1781748600,30417.75,30431,30408.25,30418.25,1,0,0,0,30473.89548787144,30365.35451212856,30336.40100188276,30419.80588428257,30252.996119482952,28.596991914291994,3427,3764.082891779586,5898.936506504069,-42.80406092239929,0,0,0,0
1781748900,30417.25,30421,30400,30403,0,1,0,0,30463.08152445205,30357.91847554795,30337.394764938395,30420.641313341213,30254.148216535577,28.05434963469971,3536,3688.055261186391,5646.124337669379,-299.1459834220977,0,0,0,0
1781749200,30403.25,30410,30394,30407.25,1,0,0,0,30450.78998699119,30353.21001300881,30338.169336661857,30421.234914748344,30255.10375857537,27.19332466079259,3009,3461.703507457594,5532.082891779586,-209.56549848800384,0,0,0,0
1781749500,30407.5,30408.25,30394.75,30401.25,0,1,0,0,30447.572845063245,30355.427154936755,30338.66256251652,30421.59044888127,30255.734676151773,26.215230042164546,2026,2983.1356716383957,5192.55526118639,-294.0769353629113,0,0,0,0
1781749800,30401.75,30411,30372.75,30407.5,1,0,0,0,30451.612284701587,30332.137715298413,30339.547749199188,30422.153825338686,30256.94167305969,27.07485646772422,3997,3321.0904477589306,4474.703507457593,-216.1654615336544,0,0,0,0
1781750100,30407.5,30409,30386,30405.25,0,1,0,0,30449.175692937188,30345.824307062812,30340.144423049733,30422.55964506056,30257.729201038906,26.783795291458205,2626,3089.393631839287,4981.635671638396,-231.8294557484101,0,0,0,0
1781750400,30405.25,30410.75,30400.75,30406,1,0,0,0,30449.12742915596,30362.37257084404,30340.466569430853,30422.80742426867,30258.125714593036,25.584952770639763,1313,2497.2624212261917,4634.09044775893,-209.55358844811468,0,0,0,0
1781750700,30406,30413.5,30392.25,30400.5,0,1,0,0,30451.412969930534,30354.337030069466,30341.004958150374,30423.18560394432,30258.824312356428,25.275313287022637,2360,2451.508280817461,3745.8936318392875,-256.6595087511274,0,0,0,0
1781751000,30401,30414.5,30397,30406.75,1,0,0,0,30451.57990064978,30359.92009935022,30341.572693057242,30423.617592262908,30259.527793851576,24.71993376652102,2377,2426.672187211641,3677.2624212261917,-162.33841922533625,0,0,0,0
1781751300,30406.75,30408,30395.5,30400.5,0,1,0,0,30443.77062203194,30359.72937796806,30341.90964487475,30423.845196161055,30259.974093588447,23.84708135462666,1545,2132.781458141094,3640.008280817461,-230.45364937588204,0,0,0,0
1781751600,30401,30412.25,30398.75,30402.75,1,0,0,0,30446.912006172515,30364.087993827485,30342.366255233483,30424.176600977964,30260.555909489,23.10800411501047,2011,2092.1876387607294,3199.172187211641,-187.18556138440516,0,0,0,0
1781751900,30402.5,30407.75,30388,30388.5,0,1,0,0,30442.052220017336,30353.697779982664,30342.76458277906,30424.390232157122,30261.138933400995,22.868146678224008,2115,2099.7917591738196,3138.281458141094,-316.17123172289587,0,0,0,0
1781752200,30388.75,30392.5,30376.5,30380.75,0,1,0,0,30426.066347158954,30342.933652841046,30343.12894980309,30424.476359036184,30261.781540569995,22.37756477263658,2526,2241.8611727825464,3149.6876387607294,-396.90924790114366,0,0,0,0
1781752500,30381.25,30390,30377,30388,1,0,0,0,30422.561608076172,30344.438391923828,30343.423293709056,30424.55972217203,30262.286865246082,21.70773871744825,1987,2156.9074485216975,3362.7917591738196,-244.0927671539097,0,0,0,0
1781752800,30389,30405.75,30384.5,30400.5,1,0,0,0,30438.26256464216,30351.98743535784,30343.9884258692,30424.880229710383,30263.096622028017,21.675043094773375,3018,2443.938299014465,3235.3611727825464,-61.20309314477035,0,0,0,0
1781753100,30400.5,30410.75,30395.75,30404.25,1,0,0,0,30442.547381453434,30363.952618546566,30344.469328673556,30425.210329344045,30263.728328003068,21.198254302289563,2324,2403.9588660096433,3665.9074485216975,-10.655061606479109,0,0,0,0
1781753400,30404.5,30419,30396.5,30398,0,1,0,0,30450.93685420676,30364.56314579324,30345.158765613032,30425.689200376128,30264.628330849937,21.291236137840308,3346,2717.972577339762,3605.938299014465,-114.9625469412538,0,0,0,0
1781753700,30398.5,30400.75,30365.5,30374.25,0,1,0,0,30434.182436049134,30332.067563950866,30345.69219500131,30425.721713187468,30265.66267681515,22.28829069942314,4508,3314.648384893175,4076.9588660096433,-400.0250117030547,0,0,0,0
1781754000,30375,30381.75,30370.25,30378.5,1,0,0,0,30414.02654775991,30337.97345224009,30345.90815310975,30425.701553430503,30266.114752789,21.5176985066072,2066,2898.43225659545,4971.972577339762,-278.74883755709413,0,0,0,0
1781754300,30378.25,30395.25,30377.75,30394.25,1,0,0,0,30427.096080062773,30345.903919937227,30346.185339834527,30425.79690387763,30266.573775791425,21.23072004184954,1925,2573.9548377303,4347.648384893175,-71.50496734340071,0,0,0,0
1781754600,30395,30402.25,30390,30399.25,1,0,0,0,30433.13386005829,30359.11613994171,30346.491578651912,30425.961372807797,30267.021784496028,20.589240038860286,1812,2319.9698918202,3860.93225659545,-8.467651846612696,0,0,0,0
1781754900,30398.75,30408.5,30395.75,30400.5,1,0,0,0,30438.543941482698,30365.706058517302,30346.729430313586,30426.109712051795,30267.349148575377,20.029294321798837,1308,1982.6465945467999,3479.9548377303,0.7355871776037048,0,0,1,0
1781755200,30400.25,30405.25,30386,30387.5,0,1,0,0,30435.210445662506,30356.039554337494,30346.96256665319,30426.20987822376,30267.71525508262,19.97363044167035,1537,1834.0977296978665,2973.9698918202,-104.42662955286346,0,0,0,1
1781755500,30387,30388,30370,30377.75,0,1,0,0,30417.74898525804,30340.25101474196,30347.321285711027,30426.188935722537,30268.453635699516,19.832656838693897,3494,2387.3984864652443,2751.1465945468,-262.5869206366395,0,0,0,0
1781755800,30379,30380.75,30351.75,30357.75,0,1,0,0,30411.48120059675,30321.01879940325,30347.511378876636,30425.931195598136,30269.091562155136,20.487467064501477,3681,2818.5989909768296,3581.0977296978663,-474.54429167789317,0,0,0,0
1781756100,30358,30370.5,30343.25,30343.75,0,1,0,0,30401.955757696986,30311.794242303014,30347.56749730346,30425.546757927583,30269.588236679334,20.9705051313228,3546,3061.065993984553,4227.898486465245,-564.7504704617058,0,0,0,0
1781756400,30343.75,30346.75,30327.25,30332.5,0,1,0,0,30378.04820357577,30295.95179642423,30347.412665157182,30424.90195624291,30269.923374071455,20.86546905051403,4097,3406.3773293230356,4591.59899097683,-682.2782749007883,0,0,0,0
1781756700,30332.25,30338.5,30322.25,30331.75,0,1,0,0,30369.303689034645,30291.446310965355,30347.19666833573,30424.20248885532,30270.190847816142,20.535792689763024,4215,3675.9182195486906,5109.565993984554,-563.1841676107003,0,0,0,0
1781757000,30331.5,30335.25,30312,30320.25,0,1,0,0,30366.34449696074,30280.90550303926,30346.884933835456,30423.452862556653,30270.31700511426,20.729664640494235,4136,3829.27881303246,5513.877329323036,-638.2320939253095,0,0,0,0
1781757300,30320.25,30329.5,30306.75,30307.25,0,1,0,0,30360.810961463547,30275.439038536453,30346.527098442926,30422.746053842748,30270.308143043105,20.87397430903036,3661,3773.1858753549736,5743.91821954869,-703.5070475885725,0,0,0,0
1781757600,30307.25,30315.25,30293.75,30297,0,1,0,0,30346.62803564472,30262.37196435528,30345.94693821621,30421.835893305273,30270.057983127146,20.918690429813903,4374,3973.457250236649,5659.778813032461,-751.1929702709347,0,0,0,0
1781757900,30296.25,30314,30284,30312.25,1,0,0,0,30346.35103309867,30251.64896690133,30345.368835744226,30420.90097336635,30269.8366981221,21.56735539911291,4626,4190.971500157766,5960.185875354973,-356.5560013601762,0,0,0,0
1781758200,30312.75,30345.5,30310.25,30339.75,1,0,0,0,30379.317030734477,30276.432969265523,30345.175174043026,30420.182245648954,30270.1681024371,22.544687156319128,4940,4440.647666771844,6286.457250236649,91.55259203837582,0,0,1,0
1781758500,30340,30348.25,30328,30341.25,1,0,0,0,30381.821171396303,30294.428828603697,30345.12733593839,30419.837126254417,30270.41754562236,22.38078093086776,2771,3884.098444514563,6660.971500157766,116.39314053797607,0,0,0,0
1781758800,30341,30357,30324,30352.25,1,0,0,0,30391.708944867994,30289.291055132006,30345.118937901156,30419.38603020158,30270.851845600733,23.13929657866292,4162,3976.732296343042,5826.147666771845,253.22549588115652,0,0,0,0
1781759100,30352,30361,30345,30353,1,0,0,0,30394.944020234565,30311.055979765435,30345.176866961647,30419.17357121857,30271.180162704724,22.629346823044138,2608,3520.488197562028,5965.098444514563,244.87707379944794,0,0,0,0
1781759400,30353.5,30359.75,30335.5,30340,0,1,0,0,30393.86766164638,30301.38233835362,30345.176285893533,30418.94278393933,30271.409787847737,22.74510776425527,2218,3086.325465041352,5280.7322963430415,104.86703476455924,0,0,0,0
1781759700,30340,30371.75,30336.5,30365,1,0,0,0,30407.207471528785,30301.042528471215,30345.29192406102,30418.72823939155,30271.855608730493,23.638314352522748,3314,3162.2169766942347,4629.488197562028,327.25757841430595,0,0,0,0
1781760000,30365.5,30372.75,30358,30361.25,0,1,0,0,30407.255152133872,30323.494847866128,30345.387737888486,30418.64793105611,30272.12754472086,23.003434755913982,1855,2726.4779844628233,4743.325465041352,234.90227939461641,0,0,0,0
1781760300,30361.5,30370.75,30352.75,30362.5,1,0,0,0,30404.719069838593,30318.780930161407,30345.48522239147,30418.541164945054,30272.42927983789,22.646046559062984,2138,2530.3186563085487,4089.716976694235,219.42257730571828,0,0,0,0
1781760600,30362,30378,30360.75,30367.75,1,0,0,0,30411.39092199298,30327.35907800702,30345.649333813,30418.47419968076,30272.824467945236,22.26061466198706,2579,2546.5457708723657,3795.477984462823,274.97276333076326,0,0,0,0
1781760900,30368,30370.5,30337.25,30352.75,0,1,0,0,30405.06835613634,30302.68164386366,30345.728570143834,30418.189244544817,30273.26789574285,23.04557075755941,3741,2944.697180581577,3819.8186563085483,76.05736941107817,0,0,0,0
1781761200,30354.25,30368.75,30348.75,30352.75,0,0,0,0,30402.992044983745,30314.507955016255,30345.795334625844,30418.041265173855,30273.549404077832,22.82802998916231,2259,2716.1314537210515,4417.045770872365,58.82296424177167,0,0,0,0
1781761500,30352.75,30356.5,30340.75,30347.75,0,1,0,0,30389.98368462776,30307.26631537224,30345.807620683077,30417.87868871413,30273.736552652026,22.322456418507862,1814,2415.4209691473675,4074.1971805815774,6.124035990253873,0,0,0,0
1781761800,30348.5,30350.25,30336,30344.5,0,1,0,0,30382.86877858292,30303.38122141708,30345.795166402175,30417.66437185243,30273.92596095192,21.745852388614445,2110,2313.613979431578,3623.131453721051,-38.42929037430187,0,0,0,1
1781762100,30344.75,30357.25,30341.25,30354.5,1,0,0,0,30389.253151541285,30309.246848458715,30345.82186518506,30417.507467317282,30274.136263052835,21.335434360856272,1943,2190.075986287719,3470.420969147367,92.62080688551953,0,0,1,0
1781762400,30354.25,30369.75,30329.25,30361.25,1,0,0,0,30403.806497859765,30295.193502140235,30345.917998654968,30417.15352494121,30274.682472368724,22.704331906509395,4856,3078.7173241918126,3285.1139794315786,166.39569901739296,0,0,0,0
1781762700,30361,30362,30321.5,30327.25,0,1,0,0,30397.963176584068,30285.536823415932,30345.81478487211,30416.647205781013,30274.982363963205,23.97545105604444,4450,3535.8115494612084,4618.0759862877185,-202.43983039288048,0,0,0,1
1781763000,30326.75,30346.25,30322.75,30343,1,0,0,0,30382.16223539949,30286.83776460051,30345.727723414046,30416.20084718905,30275.25459963904,23.94149026632698,4025,3698.8743663074724,5303.717324191813,108.95378107669424,0,0,1,0
1781763300,30343.75,30355.75,30323,30328,0,1,0,0,30392.606004299527,30286.143995700473,30345.624675406078,30415.7463266203,30275.503024191854,24.57066953301791,4024,3807.249577538315,5548.311549461208,-81.81266127013637,0,0,0,1
1781763600,30328.25,30351.75,30325.75,30343.5,1,0,0,0,30388.75914684956,30288.74085315044,30345.584851806376,30415.443627373315,30275.726076239436,24.672764566373775,3004,3539.4997183588766,5710.874366307473,111.03681891165232,0,0,1,0
1781763900,30343.5,30384.5,30335,30381,1,0,0,0,30424.169207788877,30295.330792211123,30345.82450009453,30415.324442500983,30276.32455768808,26.446138525918506,4553,3877.3331455725843,5309.249577538315,426.2329463998874,0,0,0,0
1781764200,30380.5,30381,30360.5,30367,0,1,0,1,30420.032121518245,30321.467878481755,30345.987234319087,30415.27552712426,30276.698941513914,26.021414345495753,2794,3516.2220970483895,5815.999718358877,182.6622281519003,0,0,0,0
1781764500,30366.75,30369,30344,30353.75,0,1,0,0,30407.92268426694,30305.07731573306,30346.070686187708,30415.06279390429,30277.078578471126,25.94845617796034,3566,3532.814731365593,5274.333145572584,-18.553207458511736,0,0,0,1
1781764800,30353.25,30354,30334.5,30351.25,0,1,0,0,30392.231778247875,30296.268221752125,30346.073800151404,30414.856061446906,30277.2915388559,25.48785216524889,2506,3190.5431542437286,5299.2220970483895,-32.212996560935395,0,0,0,0
1781765100,30351.75,30380,30350.5,30379,1,0,0,0,30418.66165123017,30311.83834876983,30346.27859713497,30414.798989881336,30277.758204388603,25.774434153445394,3587,3322.6954361624857,4785.814731365593,292.7693592814162,0,0,1,0
1781765400,30379.25,30381,30368.75,30374,0,1,0,0,30418.212604713728,30331.537395286272,30346.392270230197,30414.798361175956,30277.98617928444,24.80840314248501,1678,2774.463624108324,4984.043154243729,176.32778492235775,0,0,0,0
1781765700,30373.75,30426.5,30372.75,30420.25,1,0,0,0,30466.813490091317,30332.436509908683,30347.278137581325,30415.563502949997,30278.992772212652,26.87566006087894,6250,3932.9757494055493,4161.695436162486,656.4854189464131,0,0,0,0
1781766000,30419.5,30428.75,30406.5,30428.5,1,0,0,0,30468.567883656226,30366.682116343774,30347.950851041114,30416.286751378007,30279.61495070422,26.54525577081616,3892,3919.317166270366,5899.463624108324,682.8318714789849,0,0,0,0
1781766300,30428,30438.25,30411.75,30424.25,0,1,0,0,30478.063034823637,30371.936965176363,30348.570658379835,30416.976244544356,30280.165072215314,26.54202321575786,3482,3773.5447775135776,5878.975749405549,505.0954707720013,0,0,0,0
1781766600,30424.5,30427.5,30387,30393.75,0,1,0,0,30468.808532336236,30345.691467663764,30348.981417608207,30417.289059850424,30280.67377536599,27.53902155748944,3296,3614.363185009052,5660.317166270366,167.5880156635102,0,0,0,0
1781766900,30394,30406.5,30382.75,30401,1,0,0,0,30447.402565740787,30341.847434259213,30349.36421501739,30417.53079263534,30281.19763739944,27.26837716052591,3512,3580.242123339368,5421.544777513578,224.0486530989343,0,0,0,0
1781767200,30400.25,30419,30398.75,30414.75,1,0,0,0,30459.150596759304,30358.599403240696,30349.685958124686,30417.818434057415,30281.553482191957,26.767064506202633,2306,3155.494748892912,5370.363185009051,326.48151435230955,0,0,0,0
1781767500,30414,30434.75,30410.25,30429.5,1,0,0,0,30474.657696990784,30370.342303009216,30350.14605516652,30418.3221240659,30281.969986267137,26.60513132718816,2714,3008.3298325952746,4733.242123339368,413.9143058774428,0,0,0,0
1781767800,30429.25,30429.5,30400.25,30419.75,0,1,0,0,30469.691075777155,30360.058924222845,30350.615136795735,30418.77688128537,30282.453392306103,26.79405051810329,3156,3057.553221730183,4512.494748892912,224.35404147127497,0,0,0,0
1781768100,30419.25,30429.25,30411.25,30417.5,0,1,0,0,30468.498856078786,30372.001143921214,30350.96202281271,30419.125705003164,30282.798340622256,26.165904052524485,2265,2793.368814486789,4586.329832595275,143.95075484354481,0,0,0,0
1781768400,30418.5,30424.75,30410.5,30424.75,1,0,0,0,30462.72215207316,30372.52784792684,30351.234206600606,30419.400814334527,30283.067598866684,25.314768048772738,1776,2454.245876324526,4190.053221730183,171.38954076891008,0,0,0,0
1781768700,30424.25,30427.5,30410,30423.75,0,1,0,0,30464.634855496504,30372.865144503496,30351.554918270638,30419.725515756512,30283.384320784764,24.756570331003257,2098,2335.4972508830174,3681.368814486789,113.64690071021852,0,0,0,0
1781769000,30423.25,30424.5,30408.5,30411.5,0,1,0,0,30460.696651532468,30372.303348467532,30351.77409312904,30419.927999399784,30283.620186858294,24.131101021645883,1573,2081.3315005886784,3503.245876324526,-37.259904866185565,0,0,0,1
1781769300,30412.25,30445.25,30409.75,30444.25,1,0,0,0,30482.664747851577,30372.335252148423,30352.312807551323,30420.560093468634,30284.065521634013,24.943165234385464,3029,2397.2210003924524,3121.997250883018,205.49915864541225,0,0,1,0
1781769600,30445,30462.5,30439.5,30454.25,1,0,0,0,30499.706551576466,30402.293448423534,30353.447232848415,30422.12494217093,30284.7695235259,24.804367717643647,5258,3350.8140002616346,3595.831500588679,344.0697389723606,0,0,0,0
1781769900,30453.25,30494,30448.75,30489.5,1,0,0,0,30533.39715503529,30409.35284496471,30354.965587987124,30424.570067592518,30285.36110838173,26.264770023526243,5734,4145.209333507756,5026.221000392452,687.8600662691839,0,0,0,0
1781770200,30489.5,30499.25,30476.25,30481,0,1,0,0,30538.297358247055,30437.202641752945,30356.048121081156,30426.366975720215,30285.729266442097,26.03157216470294,3915,4068.4728890051706,6217.814000261635,395.1104494631858,0,0,0,0
1781770500,30481,30486.25,30465.25,30468.5,0,1,0,0,30524.758261229406,30426.741738770594,30356.797575749904,30427.51166626313,30286.08348523668,25.672174152938446,3036,3724.3152593367804,6102.709333507756,119.77387648394046,0,0,0,0
1781770800,30467.5,30471,30428.5,30438,0,1,0,1,30511.311242570166,30388.188757429834,30357.538882221346,30428.421193989794,30286.6565704529,26.87416171344284,3989,3812.54350622452,5586.47288900517,-196.02404056440514,0,0,0,1
1781771100,30437.5,30438.5,30422.25,30430.25,0,1,0,0,30477.67293952944,30383.07706047056,30358.06201790539,30428.956325093226,30287.167710717556,26.115293019625494,3468,3697.6956708163466,5718.81525933678,-337.2162785214067,0,0,0,0
1781771400,30430,30448.25,30422,30436.75,1,0,0,0,30487.437372420194,30382.812627579806,30358.78925581661,30429.745664826172,30287.832846807047,26.124914946795098,4565,3986.7971138775642,5546.54350622452,-193.99101896573228,0,0,0,0
1781771700,30436,30450,30424.25,30448,1,0,0,0,30489.14720296161,30385.10279703839,30359.29756231408,30430.32565352766,30288.269471100502,26.098135307738307,3040,3671.198075918376,5980.195670816346,-53.01741818123995,0,0,0,0
1781772000,30449,30467.5,30442.75,30451.5,1,0,0,0,30506.502759892923,30403.747240107077,30359.952008946646,30431.167107054538,30288.736910838754,26.001839928614142,3414,3585.465383945584,5506.797113877565,-38.5439205028168,0,0,0,0
1781772300,30451.75,30456,30431.75,30454.25,1,0,0,0,30494.815062757712,30392.934937242288,30360.45190210675,30431.768155218753,30289.135648994747,25.876708505141703,2840,3336.9769226303893,5378.198075918376,-31.37272922673526,0,0,0,0
1781772600,30453.75,30454,30417.5,30430.5,0,1,0,0,30493.980058275018,30377.519941724982,30360.963594780376,30432.293781313263,30289.63340824749,26.65337218334587,3478,3383.984615086926,5005.465383945584,-261.272325302533,0,0,0,0
1781772900,30431.25,30437.5,30387.25,30396,0,1,0,0,30480.008268398233,30344.741731601767,30361.478501870788,30432.57266922008,30290.384334521495,28.338845598821166,5665,4144.323076724618,5075.976922630389,-612.3312652433945,0,0,0,0
1781773200,30396,30421.75,30387.25,30421,1,0,0,0,30464.918392084073,30344.081607915927,30361.86788102641,30432.808429949266,30290.927332103554,28.778928056048226,4090,4126.215384483078,6216.484615086927,-241.61559867612615,0,0,0,0
1781773500,30421.5,30432.5,30416.5,30420.75,0,1,0,0,30474.299221220925,30374.700778779075,30362.24004694724,30433.12554887678,30291.354545017704,27.86614748061621,3109,3787.1435896553853,6189.323076724617,-230.20747155398118,0,0,0,0
1781773800,30421,30433.5,30405.5,30428,1,0,0,0,30475.313562562285,30363.686437437715,30362.604634130883,30433.428679591456,30291.78058867031,27.875708374857908,3130,3568.0957264369235,5680.715384483078,-131.97665687032406,0,0,0,0
1781774100,30428.5,30449.5,30428.5,30438.5,1,0,0,0,30490.630450950695,30387.369549049305,30363.057026485065,30433.91291862713,30292.201134343,27.420300633796632,3080,3405.397150957949,5352.143589655385,13.397778037535716,0,0,1,0
1781774400,30437.5,30438,30423.25,30429.25,0,1,0,0,30477.826490168503,30383.423509831497,30363.34274297473,30434.18252935553,30292.502956593933,26.5509934456683,2219,3009.9314339719663,5108.0957264369235,-122.9082660285331,0,0,0,1
1781774700,30430,30437.25,30424.5,30435.25,1,0,0,0,30475.597812299322,30386.152187700678,30363.57860778992,30434.411761687614,30292.74545389223,25.565208199549136,1788,2602.620955981311,4514.89715095795,-47.161881541678994,0,0,0,0
1781775000,30434.75,30441.75,30424.25,30431,0,1,0,0,30479.23368284937,30386.76631715063,30363.848101161337,30434.672714728353,30293.02348759432,24.989121899581342,2058,2421.080637320874,3903.9314339719667,-95.8252019900515,0,0,0,0
1781775300,30430.75,30459.25,30426.75,30456,1,0,0,0,30497.538419788703,30388.461580211297,30364.19660945154,30435.077918381474,30293.315300521608,25.52561319246839,2201,2347.7204248805824,3631.6209559813105,67.52545658258595,0,0,1,0
1781775600,30455.75,30464,30450.5,30458.75,1,0,0,0,30500.999961232366,30413.500038767634,30364.523014411985,30435.495266479706,30293.550762344265,24.666640821577793,1846,2180.4802832537216,3521.5806373208734,77.96028620175542,0,0,0,0
1781775900,30459.25,30490.5,30458.25,30481.75,1,0,0,0,30528.312464001483,30420.437535998517,30365.110666147735,30436.359235971588,30293.862096323883,25.208309334322234,2783,2381.3201888358144,3270.7204248805824,229.9943706677824,0,0,0,0
1781776200,30481.5,30490,30480.25,30483.25,1,0,0,0,30526.156216572806,30444.093783427194,30365.51624251439,30436.98211445667,30294.05037057211,24.104144381870643,1813,2191.880125890543,3571.9802832537216,200.3013782734704,0,0,0,0
1781776500,30483.5,30496,30479.75,30488.75,1,0,0,0,30531.31470110332,30444.43529889668,30366.130434444844,30437.94093877351,30294.319930116177,23.543134068879883,2686,2356.5867505936953,3287.8201888358144,225.7206959555969,0,0,0,0
1781776800,30488.75,30491.5,30471,30475.5,0,1,0,0,30526.488651024512,30436.011348975488,30366.63344451207,30438.67873594773,30294.58815307641,23.325767349674177,2394,2369.0578337291304,3534.8801258905432,17.665916505931193,0,0,0,0
1781777100,30474.75,30486,30463.25,30469.75,0,1,0,0,30520.926961665617,30428.323038334383,30367.017229092635,30439.214670010424,30294.819788174846,23.284641110411737,1951,2229.7052224860868,3553.586750593696,-46.86124334935781,0,0,0,1
1781777400,30469.25,30486,30461.5,30483.75,1,0,0,0,30521.0571786895,30426.4428213105,30367.512879048678,30439.923556823556,30295.1022012738,23.371452459668042,2446,2301.8034816573913,3344.55783372913,77.38199444273818,0,0,1,0
1781777700,30483,30489.25,30478.25,30489.25,1,0,0,0,30522.981665925967,30444.518334074033,30367.948835893316,30440.57961259909,30295.318059187543,22.48777728397747,2013,2205.5356544382607,3452.705222486087,149.55384395415285,0,0,0,0
1781778000,30488.5,30494.5,30471.5,30471.75,0,1,0,0,30528.286546931253,30437.713453068747,30368.39515726819,30441.22065255535,30295.569661981033,22.52436462083622,2195,2202.023769625507,3308.303481657391,-50.62915483712089,0,0,0,1
1781778300,30472.25,30491.5,30468.75,30474.5,1,0,0,0,30525.31072215045,30434.93927784955,30368.88526135349,30441.916020012464,30295.854502694518,22.540481433633634,2453,2285.6825130836714,3303.0356544382607,-40.28374179129099,0,0,0,0
1781778600,30474.5,30486.75,30451.75,30456.75,0,1,0,0,30521.895670568276,30416.604329431724,30369.483034894463,30442.67795816483,30296.288111624097,23.430447045516946,3438,2669.788342055781,3428.523769625507,-218.4195110219492,0,0,0,0
1781778900,30457,30463.25,30451.5,30455.5,0,1,0,0,30497.144194099114,30417.605805900886,30369.84931740459,30443.10803813538,30296.590596673803,22.596129399408593,2332,2557.1922280371873,4004.6825130836714,-226.11583934440256,0,0,0,0
1781779200,30455.5,30459.25,30427.25,30428.5,0,1,0,0,30494.151751663463,30392.348248336537,30370.32072945916,30443.546130089937,30297.09532882838,23.26783444230798,3851,2988.4614853581247,3835.788342055781,-508.4898581404208,0,0,0,0
1781779500,30428.75,30441.25,30420,30432.5,1,0,0,0,30475.935555116073,30385.314444883927,30370.6886757869,30443.845098809532,30297.532252764267,23.12370341071455,3399,3125.3076569054165,4482.692228037187,-373.0637784943561,0,0,0,0
1781779800,30432.25,30443,30429.5,30432.25,0,0,0,0,30476.654444036354,30395.845555963646,30370.95142366258,30444.073070449685,30297.829776875475,22.436296024234938,2312,2854.205104603611,4687.961485358124,-316.4763371627223,0,0,0,0
1781780100,30432.75,30441.5,30430.25,30434.75,1,0,0,0,30473.95591231947,30397.79408768053,30371.10990322175,30444.211560857148,30298.008245586352,21.63727487964673,1391,2366.4700697357407,4281.3076569054165,-244.8693219974454,0,0,0,0
1781780400,30435.5,30457.75,30428.25,30446,1,0,0,0,30491.048347153795,30394.951652846205,30371.577632529643,30444.676438161132,30298.478826898154,22.198898102529107,3659,2797.3133798238273,3549.7051046036113,-85.52231933658221,0,0,0,0
1781780700,30447,30453,30395,30403.25,0,1,0,0,30490.13417949995,30357.86582050005,30372.020428291482,30444.89974258475,30299.141113998216,24.75611966663417,5603,3732.5422532158846,4195.970069735741,-475.1327270877641,0,0,0,0
1781781000,30402.75,30410,30383,30407.75,1,0,0,0,30447.374595249956,30345.625404750044,30372.332036621647,30444.86799190221,30299.796081341083,24.91639683330316,6427,4630.694835477257,5598.813379823827,-279.9088589392854,0,0,0,0
1781781300,30409.25,30413.5,30376.5,30383.5,0,1,0,0,30452.169267017816,30337.830732982184,30372.48899855512,30444.742365842914,30300.235631267326,25.779511345210075,4893,4718.129890318171,6946.042253215885,-551.1106301070037,0,0,0,0
1781781600,30383.5,30398.5,30367.5,30385.5,1,0,0,0,30437.72860508797,30328.27139491203,30372.595930301206,30444.51631546873,30300.675545133683,26.152403391980783,5587,5007.753260212115,7077.194835477258,-414.12347881307966,0,0,0,0
1781781900,30385.75,30416.25,30383.25,30403.25,1,0,0,0,30456.212276153117,30343.287723846883,30372.84898935345,30444.496916727905,30301.201061978994,26.641517435410726,5344,5119.835506808076,7511.629890318172,-66.85027866100643,0,0,0,0
1781782200,30403.25,30418.25,30392.5,30407.75,1,0,0,0,30458.116756427895,30352.633243572105,30373.068255961505,30444.530828977455,30301.605682945556,26.577837618595677,3962,4733.890337872051,7679.753260212115,15.288232788871404,0,0,1,0
1781782500,30409.5,30415.25,30376.75,30385.5,0,1,0,0,30456.394130968758,30335.605869031242,30373.193613362433,30444.44229115016,30301.944935574706,27.429420645838842,3909,4458.926891914701,7100.835506808076,-212.22983950844227,0,0,0,1
1781782800,30385.25,30398,30359.5,30393.25,1,0,1,0,30440.33026447099,30317.16973552901,30373.303211533246,30444.183050398166,30302.423372668327,28.22017631399321,6460,5125.951261276467,6688.3903378720515,-40.72675952477803,0,0,0,0
1781783100,30393.25,30400.5,30386.25,30394.75,1,0,0,0,30441.33345986592,30345.41654013408,30373.398977192002,30444.127143674585,30302.67081070942,27.222306577279408,2870,4373.967507517645,7688.926891914702,1.527246838786283,0,0,1,0
1781783400,30393.75,30422.5,30384.75,30417.25,1,0,0,0,30464.461427018352,30342.788572981648,30373.645402552036,30444.182797392354,30303.10800771172,27.974284678902308,4392,4379.978338345097,6560.9512612764665,264.7608455087917,0,0,0,0
1781783700,30417.75,30424,30409.25,30423,1,0,0,0,30464.544539374187,30368.705460625813,30373.83992669636,30444.28708456002,30303.392768832702,27.029692916123572,2684,3814.652225563398,6569.967507517646,310.19754309953964,0,0,0,0
1781784000,30423.75,30428.25,30411.5,30420,0,1,0,0,30467.6931437046,30372.0568562954,30374.125266213247,30444.446920013448,30303.803612413045,26.29542913640046,3878,3835.768150375599,5721.978338345098,173.53015143390485,0,0,0,0
1781784300,30421,30421.5,30397,30400.5,0,1,0,0,30460.75077629713,30357.74922370287,30374.35272842588,30444.47751342639,30304.227943425372,26.167184198086144,4454,4041.8454335837328,5753.652225563398,-208.03649062290873,0,0,0,1
1781784600,30400,30440,30398.75,30433,1,0,0,0,30480.866792275905,30357.883207724095,30374.741188775275,30444.727238145028,30304.755139405523,27.24452818393713,4982,4355.230289055822,6062.768150375599,207.8684321660046,0,0,1,0
1781784900,30433.25,30442,30420,30439.75,1,0,0,0,30482.304878541912,30379.695121458088,30375.125479958682,30445.045660574084,30305.20529934328,26.86991902794162,4155,4288.486859370548,6532.845433583733,286.05792468249075,0,0,0,0
1781785200,30439.25,30463.5,30438.25,30463.5,1,0,0,0,30503.63131578892,30398.11868421108,30375.85189895994,30445.865981293333,30305.837816626547,26.754210525945787,5866,4814.324572913699,6432.730289055822,762.323075360921,0,0,0,0
1781785500,30463.5,30474,30459.75,30470.5,1,0,0,0,30512.791578946853,30420.958421053147,30376.43287789081,30446.60652316492,30306.2592326167,25.861052631235374,4093,4573.883048609133,7221.486859370549,804.4765981526268,0,0,0,0
1781785800,30469.5,30483.25,30457.25,30461,0,1,0,0,30522.056466164933,30418.443533835067,30377.091765415258,30447.433291645466,30306.75023918505,25.87097744328999,4753,4633.588699072755,6860.8245729137,497.9069323420378,0,0,0,0
1781786100,30461.75,30488,30458.25,30469.5,1,0,0,0,30527.22207572458,30419.02792427542,30377.759115853474,30448.299489269677,30307.21874243727,26.14805048305499,4639,4635.392466048504,6950.383048609132,504.3535517948689,0,0,0,0
1781786400,30469.5,30492,30463.25,30477.5,1,0,0,0,30531.50085602997,30423.74914397003,30378.616267993424,30449.454446928972,30307.778089057876,26.333904019979634,5709,4993.261644032335,6953.088699072756,541.8547152009011,0,0,0,0
1781786700,30476.5,30503,30473,30501,1,0,0,0,30542.89365202783,30433.10634797217,30379.54554685362,30450.83265764919,30308.25843605805,26.59576801855252,5478,5154.841096021557,7489.892466048503,840.0759523255801,0,0,0,0
1781787000,30501,30506,30487,30500,0,1,0,0,30545.079819740127,30447.920180259873,30380.658118622447,30452.52025804944,30308.795979195453,26.053213160084482,6374,5561.227397347705,7732.261644032335,624.9398290220792,0,0,0,0
1781787300,30500.75,30536.5,30498,30515.25,1,0,0,0,30576.913404044404,30457.586595955596,30382.62847385042,30455.79435803489,30309.462589665945,26.942269362935594,9954,7025.484931565136,8341.841096021557,829.4227534518196,0,0,0,0
1781787600,30515,30515.5,30469,30473.5,0,1,0,1,30558.00887518409,30426.49112481591,30384.366525586513,30458.122089974906,30310.61096119812,28.339250122725907,11743,8597.989954376757,10538.227397347704,-348.273404336617,0,0,0,1
1781787900,30473.75,30500,30468.25,30490.5,1,0,0,0,30542.87431267094,30425.37568732906,30385.905553918175,30460.149359033705,30311.661748802646,28.582875113959773,10712,9302.659969584505,12896.984931565135,211.54121067174674,0,0,1,0
1781788200,30491.25,30523.25,30482.25,30516,1,0,0,0,30567.454718908728,30438.045281091272,30387.58644543672,30462.664644815737,30312.5082460577,29.469812605819786,9968,9524.439979723003,13953.989954376757,700.9385698311077,0,0,0,0
1781788500,30516,30543.25,30513.75,30527.25,1,0,0,1,30587.45795327239,30469.54204672761,30389.47274954827,30465.778183191127,30313.16731590541,29.47196884826123,9786,9611.626653148669,14286.659969584505,880.0796453249832,0,0,0,0
1781788800,30527.5,30557,30525.75,30541,1,0,0,0,30601.398456610077,30481.351543389923,30391.31747294521,30468.95982913748,30313.675116752944,29.598971073385428,8968,9397.084435432445,14417.439979723003,1033.3861865259137,0,0,0,0
1781789100,30540.25,30612.5,30540.25,30594.5,1,0,0,0,30661.468209709357,30491.281790290643,30398.31496202723,30482.551802368223,30314.078121686238,32.64547313957218,28045,15613.056290288298,14095.626653148669,2767.77810994975,0,0,0,0
1781789400,30594.25,30615,30482.5,30485.25,0,1,0,0,30674.666909015832,30422.833090984168,30406.953412561958,30494.496064935433,30319.410760188483,39.777939343888455,54847,28691.037526858865,23419.584435432447,-2063.1571471440666,0,0,0,1
1781789700,30486.25,30502.5,30408.5,30451.25,0,1,0,0,30567.976415514702,30343.023584485298,30410.55790891952,30495.613668378788,30325.50214946025,43.650943676467854,67969,41783.69168457258,43036.556290288296,-4123.762027621656,0,0,0,0
1781790000,30452.25,30483.75,30392,30402,0,1,0,0,30554.379885835082,30321.370114164918,30411.510662447094,30493.969313942078,30329.05201095211,47.08659055672015,58776,47447.79445638172,62675.53752685887,-6422.635691471594,0,0,0,0
1781790300,30402.5,30502.5,30402,30496.5,1,0,0,0,30578.852751132574,30325.647248867426,30414.795626293497,30495.84124975572,30333.750002831275,50.90183408838299,59621,51505.52963758782,71171.69168457258,22.34557716251129,0,0,1,0
1781790600,30497,30540.5,30448.75,30463.25,0,1,0,0,30621.22934033739,30368.02065966261,30419.198575260256,30499.43292760682,30338.96422291369,53.81956022492706,68253,57088.01975839188,77258.29445638173,-2331.147041028814,0,0,0,1
1781790900,30463.5,30485.25,30405,30467,1,0,0,0,30568.811173170434,30321.438826829566,30420.904627806496,30499.39466159463,30342.414594018363,55.70744878028942,58220,57465.346505594585,85632.02963758781,-1632.9457967682672,0,0,0,0
1781791200,30468,30531.25,30448.75,30514.25,1,0,0,0,30617.68180365826,30362.31819634174,30424.42991273537,30502.781259971125,30346.078565499614,57.62120243884017,54257,56395.89767039639,86198.01975839188,1570.331292525397,0,0,1,0
1781791500,30514.5,30592,30506.5,30563.5,1,0,0,0,30681.418817682672,30417.081182317328,30429.73429093391,30510.646394283773,30348.822187584046,59.61254512178016,50704,54498.598446930926,84593.84650559459,4043.328433571578,0,0,0,0
1781791800,30564.5,30570.5,30501.5,30523,0,1,0,0,30660.924616419623,30411.075383580377,30433.016890015828,30514.624279407784,30351.40950062387,60.28307761308157,41213,50070.06563128728,81747.89767039639,965.8152844226447,0,0,0,0
1781792100,30522.5,30613.75,30500,30599.25,1,0,0,0,30709.90321524679,30403.84678475321,30437.75495214674,30521.79307662316,30353.716827670323,64.10214349786146,45507,48549.04375419152,75105.09844693092,3670.4183549045306,0,0,0,0
1781792400,30599,30643,30566,30623.75,1,0,0,0,30740.53512844345,30468.46487155655,30443.01682329772,30530.9444532849,30355.089193310538,65.02341896229993,41533,46210.36250279435,72823.56563128729,4217.302913984353,0,0,0,0
1781792700,30624.5,30627.75,30505,30521.25,0,1,0,1,30731.470119268917,30401.279880731083,30446.704625464517,30535.326830229933,30358.082420699102,69.14674617927851,48175,46865.24166852957,69315.54375419152,-434.27627704975066,0,0,0,1
1781793000,30520.75,30547,30463.25,30547,1,0,0,0,30652.28475360685,30357.96524639315,30449.078355619287,30537.183360977822,30360.973350260752,70.18983573790148,47979,47236.49444568638,70297.86250279435,1003.0852636182872,0,0,1,0
1781793300,30546.5,30606.75,30522.5,30596.75,1,0,0,0,30713.541199777792,30415.708800222208,30452.141655528365,30541.31298049104,30362.97033056569,71.19413318519422,36378,43616.99629712426,70854.74166852958,2794.4835898957103,0,0,0,0
1781793600,30597.25,30609.75,30551.25,30572.25,0,1,0,0,30715.181114079376,30445.818885920624,30454.833576779216,30544.900201187877,30364.766952370555,70.28740938625177,32836,40023.33086474951,65425.49444568639,874.2578092628146,0,0,0,0
1781793900,30572.5,30661,30570,30646.75,1,0,0,0,30768.650320216566,30462.349679783434,30458.538755718873,30551.03999294451,30366.037518493238,71.76688014437664,33917,37987.88724316634,60034.996297124264,3226.155106783748,0,0,0,0
1781794200,30646.5,30647.5,30595,30616,0,1,0,1,30753.086011629668,30489.413988370332,30461.586442952805,30555.797584271742,30367.375301633867,70.3906744197783,30225,35400.25816211089,56981.830864749514,865.8484729035031,0,0,0,0
1781794500,30616.25,30651.5,30602.25,30623.25,1,0,0,0,30754.820939370406,30498.929060629594,30464.022781679487,30559.614451520767,30368.431111838207,68.880626246937,24060,31620.172108073926,53100.38724316633,909.0158274555226,0,0,0,0
1781794800,30622.75,30634.25,30582.5,30622.75,0,0,0,0,30735.73551512966,30481.01448487034,30467.136567999314,30564.098921482102,30370.174214516526,67.6570100864415,34551,32597.11473871595,47430.25816211089,616.1634042334745,0,0,0,0
1781795100,30623,30652,30607.5,30636.5,1,0,0,0,30751.004406906115,30508.495593093885,30469.388088965836,30567.56865837605,30371.20751955562,66.00293793740997,22914,29369.409825810635,48895.67210807392,1027.0659596359885,0,0,0,0
1781795400,30636.5,30675.75,30627,30628.5,0,1,0,1,30772.905877841393,30529.844122158607,30471.986296063616,30571.696188242615,30372.276403884618,64.77058522759498,25380,28039.606550540422,44054.11473871595,309.1402384923374,0,0,0,0
1781795700,30629,30646.25,30597,30609.5,0,1,0,0,30741.74295799558,30501.50704200442,30474.162016674247,30574.688325150248,30373.635708198246,63.66197199705248,25838,27305.73770036028,42059.40982581063,-848.9690780970561,0,0,0,1
1781796000,30608.75,30631.75,30580.5,30594.5,0,1,0,0,30725.913103853036,30486.336896146964,30476.13177848719,30577.119681828695,30375.143875145684,62.7754025686916,27005,27205.491800240186,40958.606550540426,-1531.2594618048593,0,0,0,0
1781796300,30594.5,30631,30570.5,30582.75,0,1,0,0,30724.919310720677,30476.580689279323,30477.73488591005,30578.96883506082,30376.50093675928,62.61287381378505,24058,26156.327866826792,40808.23770036028,-1810.0528950415273,0,0,0,0
1781796600,30582.75,30616.75,30565,30589.5,1,0,0,0,30709.505431383488,30472.244568616512,30479.418579749632,30580.819115881015,30378.01804361825,61.836954255657545,27002,26438.218577884527,39234.49180024019,-1253.8444676714437,0,0,0,0
1781796900,30590.25,30591,30501.5,30542.75,0,1,0,0,30686.719329141808,30405.780670858192,30480.57241796416,30581.44774176207,30379.697094166248,63.812886094539145,32322,28399.47905192302,39657.32786682679,-2736.7544055084963,0,0,0,0
1781797200,30542.5,30576.5,30517.5,30537,0,1,0,0,30671.703662774536,30422.296337225464,30481.4099579298,30581.873359789533,30380.94655607007,63.46910851635778,24746,27181.65270128201,42599.21857788453,-2529.9607622306467,0,0,0,0
1781797500,30537.25,30561.25,30496,30548.5,1,0,0,0,30656.644472576354,30400.605527423646,30482.15284516975,30582.118229710617,30382.18746062888,63.59631505090365,26082,26815.101800854674,40772.479051923016,-1703.653229964477,0,0,0,0
1781797800,30548.75,30624.75,30548.25,30601.75,1,0,0,0,30721.527010249472,30451.472989750528,30483.519854454644,30583.599662721368,30383.44004618792,64.51800683298195,23912,25847.401200569784,40222.652701282015,117.39944233859183,0,0,1,0
1781798100,30601.25,30651.5,30600.75,30640.5,1,0,0,0,30746.801866660226,30505.448133339774,30485.12538797543,30585.82762698693,30384.423148963928,63.53457777348324,21080,24258.267467046524,38771.101800854674,1576.5780069214716,0,0,0,0
1781798400,30640.5,30666.25,30632,30638.25,0,1,0,0,30758.414233327352,30539.835766672648,30486.762908154426,30588.238674198077,30385.287142110774,61.44282221823444,19964,22826.844978031015,36387.40120056979,1098.1677491330056,0,0,0,0
1781798700,30638.25,30673.75,30628.75,30652,1,0,0,0,30764.152502375397,30538.347497624603,30488.395600524473,30590.677439644085,30386.11376140486,60.26833491693198,19572,21741.896652020678,34240.26746704652,1386.4439097507511,0,0,0,0
1781799000,30651.75,30664.25,30638.5,30652.75,1,0,0,0,30750.954109348582,30551.795890651418,30489.431870012213,30592.210929933368,30386.65281009106,57.802739565722554,12601,18694.93110134712,32612.84497803102,1095.2503065077638,0,0,0,0
1781799300,30653,30656.75,30629.75,30652,0,1,0,0,30740.153815823684,30546.346184176316,30490.617936738356,30593.9043752773,30387.33149819941,55.60254388245666,15154,17514.620734231412,28042.39665202068,751.3600565892025,0,0,0,0
1781799600,30652,30690.75,30648.5,30671.75,1,0,0,1,30772.72318612199,30566.52681387801,30492.425047984107,30596.743390048803,30388.10670591941,54.64879074799547,20341,18456.747156154273,26271.931101347116,1413.0703498869577,0,0,0,0
1781799900,30671.5,30688.75,30659.25,30682.25,1,0,0,0,30768.028672827564,30579.971327172436,30493.491410821676,30598.442732401094,30388.54008924226,52.85244855171008,11771,16228.164770769516,27685.12073423141,1451.7422668405068,0,0,0,0
1781800200,30682.5,30686.75,30663.75,30677,0,1,0,0,30762.830196197025,30587.669803802975,30494.40521099288,30599.882074646426,30388.928347339337,50.720130798016505,10248,14234.776513846344,24342.247156154273,839.0755301228678,0,0,0,0
1781800500,30678.25,30707.5,30663,30695.75,1,0,0,0,30782.913753611523,30587.586246388477,30495.9026018271,30602.337641985894,30389.467561668305,50.27583574101533,15878,14782.517675897563,21352.164770769516,1151.676602792051,0,0,0,0
1781800800,30696,30708.5,30684.75,30692,0,1,0,0,30781.07169978213,30612.17830021787,30496.946747212805,30604.0724459756,30389.821048450012,48.381133188085656,10860,13475.011783931708,22173.776513846344,639.0237645456943,0,0,0,0
1781801100,30692,30699.75,30680.25,30691.75,0,1,0,0,30769.227292654832,30610.772707345168,30497.88982179421,30605.60123327574,30390.178410312685,46.3181951032224,10139,12363.007855954473,20212.51767589756,376.43126847732196,0,0,0,0
1781801400,30691.75,30692,30659.25,30664.25,0,1,0,0,30760.023557465203,30591.226442534797,30499.129730968893,30607.44955845842,30390.809903479367,45.349038310135086,14946,13224.005237302981,18544.51178393171,-1008.7321589542352,0,0,0,1
1781801700,30664.5,30686.75,30651.25,30685,1,0,0,0,30753.718303360547,30584.281696639453,30500.260806302373,30609.138385933464,30391.38322667128,44.64553557369686,13624,13357.336824868655,19836.00785595447,-210.26339713196535,0,0,0,0
1781802000,30685,30700,30657.25,30698.25,1,0,0,0,30766.765210263362,30590.484789736638,30501.50738887043,30611.067214111,30391.947563629856,44.51014017557566,14324,13679.55788324577,20036.005237302983,119.74432339980444,0,0,1,0
1781802300,30697.5,30726,30694.25,30706.75,1,0,0,1,30791.39805238741,30628.85194761259,30502.87191846441,30613.351263790537,30392.392573138284,43.598701591605966,14065,13808.038588830514,20519.336824868657,355.8082174194117,0,0,0,0
1781802600,30706.75,30722.5,30698.5,30712.5,1,0,0,0,30785.798191502596,30635.201808497404,30503.813890364105,30614.92558383899,30392.70219688922,42.198794335062686,9716,12444.02572588701,20712.05788324577,379.2940263638561,0,0,0,0
1781802900,30712.25,30734.75,30703.25,30725.25,1,0,0,0,30796.901892109552,30641.098107890448,30504.856747459075,30616.713995925507,30392.99949899264,41.43459473970107,10362,11750.01715059134,18666.038588830514,579.1163291786793,0,0,0,0
1781803200,30726.25,30734.75,30704.5,30705,0,1,0,0,30795.703542673156,30643.546457326844,30505.71734626924,30618.147928108217,30393.286764430264,40.635695115436704,8888,10796.01143372756,17625.02572588701,-251.68601261175513,0,0,0,1
1781803500,30705.25,30710.25,30692,30709.25,1,0,0,0,30768.805075339358,30633.444924660642,30506.562320375735,30619.493324613413,30393.631316138057,39.03671689290551,9285,10292.340955818374,16194.017150591342,-148.47818475149802,0,0,0,0
1781803800,30709.75,30737.75,30709,30726.25,1,0,0,0,30795.202927100832,30651.547072899168,30507.767806578853,30621.538985255334,30393.996627902372,38.30195140055512,12118,10900.893970545583,15438.51143372756,399.5254678500669,0,0,1,0
1781804100,30726.25,30730.25,30710.75,30713.25,0,1,0,0,30785.688432307918,30655.311567692082,30508.436648452564,30622.642329868195,30394.230967036932,36.95895487194404,6984,9595.26264703039,16351.340955818374,-248.74803839485799,0,0,0,1
1781804400,30713.5,30732,30708.25,30724,1,0,0,0,30786.023187143066,30654.226812856934,30509.24481635378,30623.983283257687,30394.506349449875,36.01545809537661,8365,9185.17509802026,14392.893970545585,10.364049322749679,0,0,1,0
1781804700,30724.5,30732,30715,30721.75,0,1,0,0,30783.985816632845,30663.014183367155,30509.817857767073,30624.933988513672,30394.701727020474,34.65721108856399,5928,8099.45006534684,13777.76264703039,-216.57528803143873,0,0,0,1
1781805000,30722.25,30734,30714.75,30716.5,0,1,0,0,30784.335044016214,30664.414955983786,30510.434388122085,30625.948264120972,30394.920512123197,33.55669601080942,6449,7549.30004356456,12149.17509802026,-491.104931428804,0,0,0,0
1781805300,30716,30718,30702.5,30708.5,0,1,0,0,30766.400398015056,30654.099601984944,30511.24451302616,30627.218409548655,30395.27061650366,32.266932010037316,9051,8049.866695709707,11323.95006534684,-942.3031579627914,0,0,0,0
1781805600,30708.5,30722.75,30688.75,30697.5,0,1,0,0,30771.336083871123,30640.163916128877,30512.340983552614,30628.883203352198,30395.79876375303,32.390722580748935,12801,9633.577797139804,12074.800043564559,-1281.220745242068,0,0,0,0
1781805900,30698,30716.25,30693,30703,1,0,0,0,30763.856720737473,30645.393279262527,30513.142634705655,30630.09720616519,30396.18806324612,31.737813824981153,9399,9555.385198093203,14450.366695709705,-968.8477168773718,0,0,0,0
1781806200,30703,30719,30698,30698,0,1,0,0,30765.456240684794,30651.543759315206,30513.8748822768,30631.203981292634,30396.545783260965,30.970827123196784,8613,9241.256798728802,14333.077797139806,-1090.4893035287032,0,0,0,0
1781806500,30698,30701.25,30679.5,30689.75,0,1,0,0,30746.718294921597,30634.031705078403,30514.95409011956,30632.72902816539,30397.17915207373,30.312196614397013,13900,10794.171199152535,13861.885198093203,-1485.1549323106856,0,0,0,0
1781806800,30690,30710.75,30682.75,30696.25,1,0,0,0,30755.970559570054,30637.529440429946,30515.793701512972,30633.940256083777,30397.647146942167,30.147039713368656,10545,10711.114132768356,16191.256798728802,-1079.1403968201705,0,0,0,0
1781807100,30696.5,30708.25,30689.25,30693,0,1,0,0,30752.276233886478,30645.223766113522,30516.39296750261,30634.80130853074,30397.984626474477,29.35082259098518,7576,9666.076088512238,16066.671199152534,-1093.3125242931594,0,0,0,0
1781807400,30694,30694.5,30671,30677.75,0,1,0,0,30737.899360037445,30627.600639962555,30517.207717637077,30635.886658597647,30398.528776676507,28.932906691629096,11379,10237.050725674826,14499.114132768358,-1706.1953298952903,0,0,0,0
1781807700,30677.75,30685,30666,30671.5,0,1,0,0,30727.335120034768,30623.664879965232,30517.907387269046,30636.782263235666,30399.032511302426,28.223413356512733,10299,10257.700483783217,15355.57608851224,-1772.4852971158393,0,0,0,0
1781808000,30671.5,30684.75,30666.75,30677,1,0,0,0,30725.989754318,30625.510245682,30518.435795467212,30637.46268305311,30399.408907881316,27.493169545333252,7740,9418.466989188812,15386.550725674826,-1272.9748738343492,0,0,0,0
1781808300,30676.25,30704,30672.5,30702.5,1,0,0,0,30745.669057581,30630.830942419,30519.222841311657,30638.555548307973,30399.89013431534,27.779371720666592,10499,9778.644659459207,14127.700483783217,-256.23659911744403,0,0,0,0
1781808600,30703,30719.75,30689.25,30703.5,1,0,0,0,30761.71055346807,30647.28944653193,30520.15245664432,30639.901272577637,30400.403640711,27.97370231204755,11764,10440.429772972804,14667.966989188812,-230.42212802337798,0,0,0,0
1781808900,30704,30712,30678.5,30690.5,0,1,0,0,30754.55265679178,30635.94734320822,30521.007193364447,30641.07683601127,30400.937550717623,28.368437861187008,11586,10822.286515315203,15660.644659459205,-665.1544589729441,0,0,0,0
1781809200,30690.25,30702.5,30660,30675,0,1,1,0,30746.566752735223,30615.933247264777,30521.91101450765,30642.229192730865,30401.59283628443,29.377835156816506,13518,11720.857676876802,16233.429772972806,-1032.053500424963,0,0,0,0
1781809500,30675,30683.75,30665.75,30672,0,1,0,0,30726.597698968424,30622.902301031576,30522.45043533798,30642.894291334855,30402.00657934111,28.56513264561533,8429,10623.571784584534,17581.2865153152,-999.8416710428476,0,0,0,0
1781809800,30671.75,30672.25,30645,30653.25,0,1,0,0,30714.95679189925,30602.29320810075,30523.30220958466,30643.836483665043,30402.76793550428,28.471194599499945,15143,12130.047856389689,15935.3576768768,-1801.6103062402794,0,0,0,0
1781810100,30652.5,30682,30647.25,30681,1,0,0,0,30725.379521049304,30603.870478950696,30524.092876851453,30644.781236830502,30403.404516872404,28.919680699535665,12939,12399.698570926459,18195.071784584532,-477.27432727955295,0,0,0,0
1781810400,30680.75,30698.25,30674.25,30677.5,0,1,0,0,30741.102412402925,30631.397587597075,30524.85221976203,30645.751205943667,30403.953233580392,28.568274935283117,11509,12102.799047284307,18599.54785638969,-539.1221674845704,0,0,0,0
1781810700,30677,30700.25,30673,30688.25,1,0,0,0,30742.96116865986,30630.28883134014,30525.45617214287,30646.534014178545,30404.378330107193,28.474112439905753,9014,11073.199364856204,18154.19857092646,-89.07763264227518,0,0,0,0
1781811000,30688,30691,30659.25,30683,0,1,0,0,30734.062156612727,30616.187843387273,30526.211379994165,30647.461495382802,30404.96126460553,28.708104408483912,12073,11406.46624323747,16609.799047284305,-250.48038521683372,0,0,0,0
1781811300,30683,30721.75,30681,30720.75,1,0,0,0,30766.10235971182,30636.64764028818,30527.102777177184,30648.71913321786,30405.48642113651,29.56823980787792,12008,11606.977495491647,17109.699364856206,845.0389905741954,0,0,1,0
1781811600,30720.25,30749.25,30712.25,30746.5,1,0,0,0,30794.3986197324,30667.1013802676,30528.314699970695,30650.611179501408,30406.018220439983,30.099079821600924,14277,12496.984996994432,17410.466243237468,1638.752723963399,0,0,0,0
1781811900,30746.75,30783.25,30742,30764,1,0,0,0,30829.593361180087,30695.656638819913,30530.100999103957,30653.62753515555,30406.574463052366,30.895574120058,18868,14620.656664662954,18745.477495491647,2063.8630380620543,0,0,0,0
1781812200,30764.25,30773.75,30716.5,30749,0,1,0,0,30822.917049667223,30667.332950332777,30532.526034599385,30657.451759030053,30407.600310168717,32.77803311148243,28115,19118.7711097753,21930.984996994433,949.2435769421745,0,0,0,0
1781812500,30748.75,30774,30693,30693,0,1,0,1,30828.33368897671,30638.66631102329,30534.633454489354,30660.41758596351,30408.849323015198,36.22245931780511,28512,22249.847406516867,28678.15666466295,-1107.7614032424199,0,0,0,1
1781812800,30693.25,30719.75,30682,30718.25,1,0,0,0,30774.2473540498,30627.5026459502,30535.57002079116,30661.64839492483,30409.491646657494,36.331569366533316,13884,19461.23160434458,33374.7711097753,-66.01472042709776,0,0,0,0
1781813100,30717.25,30722.75,30697.5,30699.5,0,1,0,0,30776.060043046244,30644.189956953756,30535.98509710066,30662.19122294285,30409.77897125847,35.540028697495224,6205,15042.48773622972,29191.84740651687,-491.5489291205829,0,0,0,0
1781813400,30699,30726.75,30693.75,30714.5,1,0,0,0,30779.78789711437,30640.71210288563,30536.345342451354,30662.67223437476,30410.018450527947,35.35859807624556,5253,11779.32515748648,22563.73160434458,-192.60187001615623,0,0,0,0
1781813700,30714.25,30729,30705.5,30728.25,1,0,0,0,30780.76733303477,30653.73266696523,30536.615850308903,30663.047451096467,30410.18424952134,34.51155535651374,3760,9106.216771657655,17668.98773622972,31.09577495414044,0,0,1,0
1781814000,30728.25,30743.75,30727,30729.75,1,0,0,0,30793.61430924657,30677.13569075343,30536.885845007033,30663.44063033506,30410.331059679007,33.24287283104847,3523,7245.144514438437,13659.325157486483,32.215489050536405,0,0,0,0
1781814300,30730,30737,30723,30730.25,1,0,0,0,30784.802572871817,30675.197427128183,30537.054227329096,30663.682255219675,30410.426199438516,31.86838191454501,2241,5577.096342958958,10867.716771657655,6.9881935356509075,0,0,0,0
1781814600,30730.5,30747.75,30729.25,30733.75,1,0,0,0,30794.120246238115,30682.879753761885,30537.283653527415,30664.019804559193,30410.547502495636,30.91349749207751,2955,4703.064228639306,8365.644514438438,31.443376193882614,0,0,0,0
1781814900,30733.75,30740.25,30729,30730.25,0,1,0,0,30784.513442935393,30684.736557064607,30537.409356394255,30664.2019106958,30410.61680209271,29.508961956929117,1653,3686.376152426204,7054.596342958959,-46.05437921471844,0,0,0,1
1781815200,30730.75,30732,30713.5,30719.25,0,1,0,0,30775.08391129715,30670.41608870285,30537.613975259737,30664.484517399953,30410.74343311952,28.722607531434182,2865,3412.5841016174695,5529.564228639306,-228.0847108619149,0,0,0,0
1781815500,30719.25,30721.5,30710,30712.75,0,1,0,0,30762.738631918783,30668.761368081217,30537.749536110114,30664.66608565095,30410.832986569276,27.492421279188882,1975,2933.389401078313,5118.8761524262045,-312.38298616788694,0,0,0,0
1781815800,30712.75,30715.75,30706.75,30713.5,1,0,0,0,30755.007301067442,30667.492698932558,30537.862356923288,30664.815213049525,30410.90950079705,26.171534044961106,1672,2512.926267385542,4400.084101617469,-260.81091681891667,0,0,0,0
1781816100,30713,30729.25,30711,30726.5,1,0,0,0,30767.65856527691,30672.59143472309,30537.964690670415,30664.95658590959,30410.97279543124,25.605710184606743,1434,2153.284178257028,3769.389401078313,-130.25970692794127,0,0,0,0
1781820000,30740,30771,30725.5,30735.5,0,0,0,0,30811.54009632856,30684.95990367144,30744,30744,30744,27.02673088570626,5845,3383.8561188380186,3229.926267385542,-177.08648327327666,0,0,0,0
1781820300,30735.5,30738.25,30712.25,30719.5,0,1,0,0,30778.68008944795,30671.81991055205,30736.05680780844,30746.109916937294,30726.003698679586,26.95339296529867,3649,3472.237412558679,5075.784178257028,-370.9009510358302,0,0,0,0
1781820600,30719,30729.5,30715,30726,1,0,0,0,30768.595797344522,30675.904202655478,30733.692743958047,30743.99487207701,30723.390615839082,26.063864896348765,2202,3048.824941705786,5208.356118838018,-215.07976068632945,0,0,0,0
1781820900,30725.25,30726.75,30692,30694.5,0,1,0,0,30766.776454677056,30651.973545322944,30727.656316456265,30742.640794850515,30712.671838062015,26.68430311803814,3038,3045.216627803857,4573.237412558679,-439.4482874337584,0,0,0,0
1781821200,30694.5,30697.5,30675.5,30684.25,0,1,0,0,30737.02456505727,30635.97543494273,30719.006903299938,30740.59031407161,30697.423492528265,26.349710038178273,3832,3307.477751869238,4567.824941705786,-534.3751114410492,0,0,0,0
1781821500,30684,30693.5,30674.25,30687.25,1,0,0,0,30732.26388183889,30635.48611816111,30714.19640077071,30737.442826383543,30690.949975157877,25.84258789259411,3059,3224.651834579492,4961.216627803857,-391.50068148020875,0,0,0,0
1781821800,30686.75,30688.75,30673.25,30675.75,0,1,0,0,30726.405747421828,30635.594252578172,30710.719805807723,30735.13380759964,30686.305804015807,25.103831614551673,2389,2946.1012230529946,4836.977751869238,-480.36818550958895,0,0,0,0
1781822100,30676.75,30677.25,30653.25,30655.5,0,1,0,0,30714.78747974884,30615.71252025116,30704.056055813173,30732.247711883774,30675.86439974257,25.024986499226554,3805,3232.400815368663,4419.151834579492,-706.9229499847982,0,0,0,0
1781822400,30656.25,30664.25,30650.75,30661.25,1,0,0,0,30700.55265976678,30614.44734023322,30699.513581185245,30729.517778367946,30669.509384002544,24.201773177853227,3100,3188.2672102457755,4848.601223052995,-461.7546357815298,0,0,0,0
1781822700,30661.5,30679.25,30650,30677.5,1,0,0,0,30716.09354121201,30613.15645878799,30696.280602799954,30726.17366324635,30666.387542353557,24.562360808006567,3653,3343.1781401638505,4782.400815368663,-178.67137708149082,1,0,0,0
1781823000,30676.75,30679.5,30667.25,30674.25,0,1,0,0,30715.024359696865,30631.725640303135,30695.03924731183,30724.553202921594,30665.525291702066,23.682906464577524,2008,2898.118760109234,5014.7672102457755,-173.158003416717,0,0,0,0
1781823300,30674.5,30674.75,30660,30663.25,0,1,0,0,30709.317262575663,30625.432737424337,30693.542409942613,30722.994070608864,30664.09074927636,23.044841717107698,1988,2594.7458400728224,4347.178140163851,-271.54958850823596,0,0,0,0
1781823600,30663.25,30683.75,30657,30675.75,1,0,0,0,30718.714243820257,30622.035756179743,30691.562038300475,30720.292673732813,30662.831402868138,23.309495880171433,3938,3042.4972267152148,3892.1187601092333,-34.11463242621727,0,0,0,0
1781823900,30674.75,30677,30660,30674.25,0,1,0,0,30711.288226404526,30625.711773595474,30690.532715248093,30718.922392251654,30662.143038244532,22.85881760301633,2175,2753.3314844768097,4563.745840072822,-19.425578991704697,0,0,0,0
1781824200,30674.75,30689.5,30667,30668,0,1,0,0,30723.749781661343,30632.750218338657,30689.41860557797,30717.077731912723,30661.759479243214,22.83318777422945,3413,2973.2209896512063,4129.997226715214,-97.6207125419071,0,0,0,0
1781824500,30668.25,30680.25,30667,30673,1,0,0,0,30713.473011542676,30633.776988457324,30688.85771419782,30716.186685901364,30661.528742494276,22.14867436178449,1747,2564.480659767471,4459.831484476809,-5.4516561694639165,0,0,0,0
1781824800,30672.75,30698.5,30672.75,30684.75,1,0,0,0,30732.108867861058,30639.141132138942,30688.6138522641,30714.995558853745,30662.232145674458,22.405911907371312,3705,2944.653773178314,3846.7209896512068,173.24894622434408,0,0,1,0
1781825100,30684.5,30689.5,30674.25,30683.75,0,1,0,0,30722.34216301384,30641.40783698616,30688.410955029132,30714.37431678176,30662.447593276505,21.894775342559075,1838,2575.769182118876,4416.9806597674715,146.8049380715796,0,0,0,0
1781825400,30683,30691.75,30671,30682.25,0,1,0,0,30724.46950851285,30638.28049148715,30688.14002403152,30713.610992829595,30662.669055233444,21.813005675233427,2318,2489.846121412584,3863.6537731783137,124.84316294124697,0,0,0,0
1781825700,30682,30698.25,30677.25,30689.5,1,0,0,0,30730.882400761933,30644.617599238067,30688.14654989562,30713.183919012692,30663.10918077855,21.75493384128818,2016,2331.8974142750562,3734.7691821188764,181.68428432521796,0,0,0,0
1781826000,30690.25,30693.5,30676.25,30686.75,0,1,0,0,30725.649729278935,30644.100270721065,30688.05863148238,30712.681185789013,30663.43607717575,21.43315285262474,2052,2238.5982761833707,3497.8461214125846,119.8587237267511,0,0,0,0
1781826300,30686.75,30704,30680,30689,1,0,0,1,30736.424748616155,30647.575251383845,30688.189444917112,30712.26588117236,30664.113008661865,21.616499077437258,2875,2450.732184122247,3357.897414275056,133.14038042346056,0,0,0,0
1781826600,30689,30698.75,30687,30697,1,0,0,0,30730.117623715003,30655.632376284997,30688.341799624002,30712.13260944925,30664.550989798754,20.911749143334596,1667,2189.4881227481646,3676.09827618337,224.45991485999235,0,0,0,0
1781826900,30697,30703.5,30690.25,30691.25,0,1,0,0,30734.046722021074,30659.703277978926,30688.521560873734,30712.013814858725,30665.029306888744,20.364481347382128,1840,2072.9920818321098,3284.232184122247,115.45707391449906,0,0,0,0
1781827200,30691,30694.25,30660,30675,0,1,0,0,30726.284456162426,30627.965543837574,30687.336371096902,30709.93709631798,30664.735645875826,21.356304108283407,7397,3847.661387888073,3109.4881227481646,-224.18654772456904,0,0,0,1
1781827500,30675,30685,30653.75,30664.5,0,1,0,0,30718.094495007965,30620.655504992035,30685.8287883786,30708.16109265436,30663.496484102838,22.06299667197745,6300,4665.107591925382,5771.49208183211,-373.602744246985,0,0,0,0
1781827800,30664.5,30673.25,30634,30645.5,0,1,0,0,30708.185959650255,30599.064040349745,30683.282585591092,30706.62286438746,30659.942306794725,23.290639766836204,6439,5256.405061283588,6997.661387888073,-586.9153725044716,0,0,0,0
1781828100,30646.25,30655.5,30636.5,30648.75,1,0,0,0,30689.976248246665,30602.023751753335,30681.39555680842,30705.511178506633,30657.279935110208,22.984165497776473,4832,5114.936707522392,7884.607591925382,-403.69889653941027,0,0,0,0
1781828400,30648.75,30654.25,30627,30649.25,1,0,0,0,30689.183301943332,30592.066698056668,30679.46447462291,30704.391934622738,30654.53701462308,23.288867962221012,5000,5076.6244716815945,7672.405061283587,-302.68564771640735,0,0,0,0
1781828700,30649.5,30663,30643,30646.5,0,1,0,0,30697.580923233094,30608.419076766906,30678.28359846005,30703.346822725987,30653.220374194112,23.05394882206237,4221,4791.416314454396,7614.936707522392,-286.41262247081187,0,0,0,0
1781829000,30646.75,30662.5,30643.75,30658.5,1,0,1,0,30696.6197858593,30609.6302141407,30677.7222661962,30702.73979258493,30652.704739807472,22.74652390620077,2519,4033.9442096362645,7187.1244716815945,-63.07729137494772,0,0,0,0
1781829300,30658.25,30658.5,30637,30648.75,0,1,0,0,30692.486229726495,30603.013770273505,30676.798591156738,30701.95599999006,30651.641182323416,22.65748648432929,3373,3813.629473090843,6050.916314454396,-169.26380083354655,0,0,0,0
1781829600,30648.25,30655.5,30641.75,30646.5,0,1,0,0,30688.531856174603,30608.718143825397,30676.236296074843,30701.465198677342,30651.007393472344,22.02123744973434,2149,3258.7529820605623,5720.4442096362645,-140.18083213031548,0,0,0,0
1781829900,30647.25,30659.25,30645.75,30651.25,1,0,0,0,30691.368866447843,30613.631133552157,30675.81638477174,30701.0234765508,30650.60929299268,21.412577631896173,1953,2823.5019880403747,4888.129473090843,-35.32187707471775,0,0,0,0
1781830200,30651.75,30655.75,30646.25,30653.75,1,0,0,0,30686.592518844427,30615.407481155573,30675.56586141085,30700.758355180416,30650.373367641285,20.561679229617877,1190,2279.00132536025,4235.252982060562,19.548681144049738,0,0,1,0
1781830500,30652.5,30652.75,30638.5,30642.75,0,1,0,0,30683.023410355538,30608.226589644462,30675.067768051886,30700.357560773627,30649.777975330144,20.182273570359456,1860,2139.3342169068333,3418.501988040375,-79.14346789311884,0,0,0,1
1781830800,30642.75,30664.75,30631,30657,1,0,0,0,30696.477095330145,30599.272904669855,30674.09761758198,30699.324011195116,30648.871223968847,21.151396886762353,4829,3035.889477937889,3209.00132536025,152.48013019133106,0,0,1,0
1781831100,30656.25,30657,30622.5,30623.75,0,1,0,0,30690.15730280656,30589.34269719344,30672.64222646933,30698.500758744023,30646.783694194633,22.104868537707898,4577,3549.5929852919257,4553.834216906833,-257.1736443840864,0,0,0,1
1781831400,30623.75,30629.5,30611.75,30621.25,0,1,0,0,30662.19070974895,30579.05929025105,30670.984467275855,30698.010502403602,30643.95843214811,21.79380649930019,4125,3741.3953235279505,5324.389477937889,-238.41496205232306,0,0,0,0
1781831700,30621.75,30632.25,30621.5,30630,1,0,1,0,30663.784230481167,30589.965769518833,30670.21086493391,30697.59709484549,30642.82463502233,21.02282032077875,2358,3280.2635490186335,5612.092985291925,3.441934698737896,0,0,1,0
1781832000,30630.25,30638,30622,30628.75,0,1,0,0,30668.996071161084,30591.003928838916,30669.583472708688,30697.21532706135,30641.951618356026,20.664047440723124,2059,2873.1756993457557,4920.3953235279505,12.207919377589633,0,0,0,0
1781832300,30628.5,30636.75,30624.75,30629.5,1,0,0,0,30666.817780363865,30594.682219636135,30669.17216841689,30696.947931134535,30641.396405699248,20.045186909242904,1412,2386.1171328971704,4309.763549018633,48.49944458876013,0,0,0,0
1781832600,30629.75,30630,30609.25,30621,0,1,1,0,30660.14329605216,30579.10670394784,30667.931098693098,30696.415663471038,30639.446533915157,20.095530701439838,3495,2755.7447552647805,3579.1756993457557,-71.96832435487198,0,0,0,1
1781832900,30621.25,30624,30611.25,30614.25,0,1,0,0,30653.356274905578,30581.893725094422,30667.38193887824,30696.20292553046,30638.56095222602,19.570849937051275,1492,2334.4965035098535,4133.61713289717,-108.09988348379488,0,0,0,0
1781833200,30614.25,30615.25,30601.5,30610.5,0,1,0,0,30643.98261241232,30572.76738758768,30666.24269502352,30695.899659922936,30636.585730124105,19.155074941547614,2785,2484.6643356732357,3501.74475526478,-131.19955840625897,0,0,0,0
1781833500,30611,30617.5,30600.25,30607.5,0,1,0,0,30646.02849724001,30571.72150275999,30665.469669015838,30695.667040987333,30635.272297044343,19.0189981600085,1931,2300.1095571154906,3726.9965035098535,-114.52262516469318,0,0,0,0
1781833800,30606.75,30613,30595.5,30598,0,1,0,0,30641.365747437154,30567.134252562846,30664.140925932203,30695.367334084036,30632.91451778037,18.91049829143646,3097,2565.7397047436602,3450.1643356732357,-208.94607065649535,0,0,0,0
1781834100,30598.5,30601.25,30592.25,30595,0,1,0,0,30628.5539083345,30564.9460916655,30663.214807721026,30695.213212903134,30631.216402538917,18.202605556333857,2038,2389.826469829107,3848.60955711549,-213.35963900219735,0,0,0,0
1781834400,30595,30598.75,30586.5,30594.25,0,1,0,0,30625.416129167752,30559.833870832248,30661.97962200419,30695.007487954368,30628.95175605401,17.77741944516715,2685,2488.2176465527377,3584.7397047436602,-156.375412932467,0,0,0,0
1781834700,30594,30596.25,30578.5,30589.5,0,1,0,0,30622.913191370055,30551.836808629945,30660.446977248714,30694.785339772454,30626.108614724973,17.775460913369496,3225,2733.811764368492,3732.326469829107,-170.2772321567923,0,0,0,0
1781835000,30589.25,30596,30578.75,30588.5,0,1,0,0,30622.606891986477,30552.143108013523,30659.247331364146,30694.53807695256,30623.956585775733,17.73792799098596,2609,2692.207842912328,4100.717646552737,-114.17918100023803,0,0,0,0
1781835300,30588,30591.75,30575,30581.25,0,1,0,0,30618.251042558873,30548.498957441127,30657.865609880322,30694.291832387284,30621.43938737336,17.667361705915532,2905,2763.138561941552,4038.311764368492,-167.10632788451198,0,0,0,0
1781835600,30581.75,30606.5,30581.75,30601.5,1,0,0,0,30633.813468090382,30554.436531909618,30656.59169884953,30693.682568049902,30619.500829649158,18.208978726921565,3418,2981.4257079610347,4144.707842912328,157.63148879517144,0,0,1,0
1781835900,30601.5,30609.25,30599.25,30605.5,1,0,0,0,30635.683934655353,30572.816065344647,30655.931037743787,30693.24185396424,30618.620221523335,17.622623103570024,2119,2693.950471974023,4472.138561941552,244.4475974224226,0,0,0,0
1781836200,30605.75,30613.5,30601.5,30602.75,0,1,0,0,30639.331510751403,30575.668489248597,30655.326996579275,30692.812060734017,30617.841932424533,17.22100716760074,2036,2474.633647982682,4040.9257079610343,185.90361713566858,0,0,0,0
1781836500,30603.25,30611,30600,30607,1,0,0,0,30636.16497426916,30574.83502573084,30654.917273067756,30692.51383139024,30617.320714745274,16.776649512772114,1412,2120.4224319884547,3711.9504719740225,230.0454890299811,0,0,0,0
1781836800,30607,30619.75,30604,30618.25,1,0,0,0,30644.804976107076,30578.945023892924,30654.42266657756,30692.0578650036,30616.78746815152,16.703317404716962,2080,2106.948287992303,3180.6336479826823,358.91856642463927,0,0,0,0
1781837100,30618.25,30619,30602.75,30605,0,1,0,0,30644.006406385142,30577.743593614858,30653.9070622946,30691.637114421592,30616.177010167605,16.670937590094322,1972,2061.965525328202,3160.4224319884543,170.4511239865439,0,0,0,0
1781837400,30605,30606.25,30583.75,30597.5,0,1,0,0,30631.8809487862,30558.1190512138,30652.784363525385,30690.9939834744,30614.57474357637,17.08729919080187,3431,2518.3103502188014,3092.9482879923034,59.27709396493955,0,0,0,0
1781837700,30598,30600.75,30592,30593.75,0,1,0,0,30625.487666730045,30567.262333269955,30652.32235670345,30690.720956408848,30613.923756998054,16.491777820030304,1443,2159.873566812534,3777.465525328202,9.875732611745434,0,0,0,0
1781838000,30593.5,30606,30585.75,30587,0,1,0,0,30631.140333392184,30560.609666607816,30651.57388848112,30690.300862335203,30612.84691462704,16.76022226145671,2283,2200.9157112083562,3239.8103502188014,-33.47533680220255,0,0,0,1
1781838300,30587.25,30593.5,30582,30586.5,0,1,0,0,30618.076738149884,30557.423261850116,30651.030427312082,30690.03949805513,30612.021356569036,16.38449209992409,1546,1982.6104741389042,3301.3735668125346,-9.132147455337702,0,0,0,0
1781838600,30586.25,30590,30575.5,30576.25,0,1,0,0,30614.374828282038,30551.125171717962,30650.339911734114,30689.77289252495,30610.906930943278,16.249885521358085,1809,1924.7403160926028,2973.9157112083562,-97.1041005909978,0,0,0,0
1781838900,30576.75,30580,30546,30555.5,0,1,0,0,30606.276626261893,30519.723373738107,30647.41900077586,30689.350935603266,30605.48706594845,17.51775084126108,6202,3350.4935440617355,2887.1104741389045,-415.44957268594055,0,0,0,0
1781839200,30555.5,30564.25,30541.75,30549,0,1,0,0,30591.060438671757,30514.939561328243,30646.13243835206,30689.216058196856,30603.04881850726,17.873625781171004,2598,3099.662362707824,5025.740316092603,-378.05442809501085,0,0,0,0
1781839500,30548,30550.75,30536,30539.75,0,1,0,0,30577.225764480918,30509.524235519082,30644.591478782942,30689.161856823473,30600.02110074241,17.650509653944503,2909,3036.108241805216,4649.4935440617355,-427.39190454199957,0,0,0,0
1781839800,30539.25,30546.5,30521.25,30522.25,0,1,0,0,30573.789995589425,30493.960004410575,30642.417757589392,30689.249376989002,30595.58613818978,18.193330392948468,3795,3289.072161203477,4554.162362707824,-551.9413541968054,0,0,0,0
1781840100,30522.5,30544,30511.75,30540.25,1,0,0,0,30572.796067333034,30482.953932666966,30639.31252803431,30688.95879882422,30589.666257244397,19.19737822202358,5789,4122.381440802318,4933.608241805216,-109.52715461029356,0,0,0,0
1781840400,30540,30546.5,30521,30528.5,0,1,0,0,30575.971348237817,30491.528651762183,30637.418217226288,30688.613320266206,30586.22311418637,19.647565491879043,3699,3981.2542938682122,6183.572161203478,-204.73278463726956,0,0,0,0
1781840700,30527.75,30533.75,30521.25,30526.75,0,1,0,0,30562.455537649403,30492.544462350597,30636.501652027553,30688.456146021188,30584.547158033918,19.137025099601967,1758,3240.169529245475,5971.881440802318,-137.22466133997875,0,0,0,0
1781841000,30527,30536,30519,30526.25,0,1,0,0,30564.476570674444,30490.523429325556,30635.023329831936,30688.149316103783,30581.89734356009,18.9843804496304,2894,3124.7796861636502,4860.254293868213,-80.00736040840542,0,0,0,0
1781841300,30526,30529.5,30505.5,30519,0,1,1,0,30558.513958483414,30476.486041516586,30633.104386029365,30687.848957908758,30578.35981414997,19.342638988942515,3571,3273.519790775767,4687.169529245475,-118.77215548282572,0,0,0,0
1781841600,30518.75,30527,30466.5,30474,0,1,0,0,30560.423675734597,30433.076324265403,30627.621407642986,30687.969977235567,30567.272838050405,22.282450489732334,8624,5057.013193850511,4910.279686163651,-651.6722827160752,0,0,0,0
1781841900,30475,30501.5,30475,30493,1,0,0,0,30535.482698896412,30441.017301103588,30625.35743471329,30687.718740635166,30562.996128791412,22.655132597608596,3782,4632.00879590034,7585.5197907757665,-239.8405488713904,0,0,0,0
1781842200,30494.75,30514.25,30494.75,30512.75,1,0,0,0,30548.08214897524,30460.91785102476,30623.746963905403,30687.178181308434,30560.315746502372,22.554765983493695,3182,4148.672530600227,6948.013193850511,132.26078669265797,0,0,1,0
1781842500,30511.75,30519.5,30486,30502.25,0,1,0,0,30554.504852619866,30450.995147380134,30621.11434115027,30686.292132043716,30555.936550256825,23.336568413244144,5183,4493.4483537334845,6223.008795900341,20.12560981773038,0,0,0,0
1781842800,30501.75,30513,30485.75,30502,0,0,0,0,30548.424148861304,30450.325851138696,30619.694281030865,30685.78399398931,30553.60456807242,23.616099240869563,2836,3940.9655691556563,6740.172530600226,69.28021883552145,0,0,0,0
1781843100,30501.25,30506.25,30487.25,30502.75,1,0,0,0,30541.179566799783,30452.320433200217,30618.74428114986,30685.434129544472,30552.054432755245,23.28637786652174,1911,3264.3103794371045,5911.4483537334845,120.62018343293181,0,0,0,0
1781843400,30503,30505.25,30470.5,30476,0,1,0,0,30541.40781202837,30434.34218797163,30616.69332657349,30684.900366406724,30548.48628674026,24.105208018913043,3758,3428.873586291403,4896.465569155656,-127.24750166373849,0,0,0,1
1781843700,30476.75,30485.25,30459.75,30481,1,0,1,0,30521.557254026342,30423.442745973658,30614.283257139297,30684.33868612795,30544.227828150644,24.204836017562112,4285,3714.249057527602,5143.3103794371045,13.424434754984873,0,0,1,0
1781844000,30480.5,30485.75,30468.25,30479,0,1,0,0,30521.33887873875,30432.66112126125,30613.16672355892,30684.011226245006,30542.322220872833,23.725919159164818,2071,3166.499371685068,5571.373586291403,44.13871896488462,0,0,0,0
1781844300,30478.5,30479.75,30447.25,30466.25,0,1,0,0,30516.278958828836,30410.721041171164,30610.268146770937,30683.370164676777,30537.166128865098,24.352639219224475,5036,3789.6662477900454,4749.749057527602,-93.00146406939405,0,0,0,1
1781844600,30466.25,30472.5,30426,30439.25,0,1,0,0,30511.40189034106,30387.09810965894,30606.9348750327,30682.910139407395,30530.959610658007,25.93459356070844,5350,4309.777498526697,5684.499371685068,-317.83773099654434,0,0,0,0
1781844900,30439,30448.25,30409.5,30433.25,0,1,0,0,30488.524969602415,30369.225030397585,30602.943986950148,30682.50948186939,30523.378492030904,26.849979734943553,6099,4906.184999017798,6464.666247790045,-291.834828595242,0,0,0,0
1781845200,30433.75,30453.5,30429.75,30445.5,1,0,0,0,30493.44282891653,30389.80717108347,30600.480878513383,30681.852405159592,30519.109351867173,26.628552611019014,4219,4677.123332678532,7359.277498526697,12.906119479373956,0,0,1,0
1781845500,30444.5,30449,30428.5,30434.5,0,1,0,0,30488.286198279635,30389.213801720365,30598.991140488186,30681.46351328905,30516.51876768732,26.190798853089085,2526,3960.0822217856885,7015.684999017798,-51.005561987883425,0,0,0,1
1781845800,30433.5,30440.25,30412,30437.5,1,0,0,0,30479.756826973946,30372.493173026054,30596.720919609514,30680.917392938278,30512.52444628075,26.337884649297006,3765,3895.054814523792,5940.123332678533,63.31350470028565,0,0,1,0
1781846100,30437.75,30450.25,30418.5,30422.5,0,1,0,0,30490.336696475806,30378.413303524194,30594.204503651723,30680.19251016683,30508.216497136615,26.72446431720436,4308,4032.7032096825283,5842.5822217856885,-88.73494970543607,0,0,0,1
1781846400,30423.75,30428.5,30403.5,30420.75,0,1,1,0,30468.40193244182,30363.59806755818,30591.850387163035,30679.632112072548,30504.06866225352,26.601288294546908,3846,3970.4688064550187,6049.054814523793,-60.841551559402774,0,0,0,0
1781846700,30421.25,30436,30413.25,30432,1,0,0,0,30475.48929441026,30373.76070558974,30590.47385070606,30679.16527080154,30501.782430610583,26.326196273507843,2431,3457.3125376366793,5955.703209682528,113.81023283720185,0,0,1,0
1781847000,30432.5,30442.75,30418,30419,0,1,0,0,30482.0704162381,30378.6795837619,30588.68009786894,30678.517927912573,30498.842267825305,26.21361082540014,3220,3378.208358424453,5185.968806455019,-17.88385613015214,0,0,0,1
1781847300,30418.5,30430,30401.75,30408,0,1,0,0,30469.538600792523,30362.211399207477,30586.533221923048,30677.879180399214,30495.187263446882,26.35906719501441,3645,3467.138905616302,5067.312537636679,-87.35374495996109,0,0,0,0
1781847600,30408.25,30426,30388,30408.25,0,0,0,0,30466.785843593058,30347.214156406942,30583.48067650787,30676.965037341906,30489.99631567383,27.190562395370527,5164,4032.759270410868,5200.708358424453,-15.932913052001368,0,0,0,0
1781847900,30408.75,30441.25,30408.5,30436,1,0,0,0,30482.65828333641,30367.09171666359,30581.67147869217,30676.086611548173,30487.256345836166,27.60552222427263,3581,3882.1728469405784,6049.138905616302,322.7215349818385,0,0,1,0
1781848200,30437,30471,30433.75,30470.25,1,0,0,0,30513.441620240952,30391.308379759048,30579.69349251688,30674.62140113508,30484.76558389868,28.294413493967443,4997,4253.781897960385,5823.259270410867,735.8966643722085,0,0,0,0
1781848500,30470.5,30483.5,30465.25,30482.25,1,0,0,0,30524.865433080882,30423.884566919118,30578.500916201167,30673.515164540284,30483.48666786205,27.576955387255484,3661,4056.1879319735904,6380.672846940578,869.768971624012,0,0,0,0
1781848800,30481.5,30509.75,30478.75,30504.75,1,0,0,0,30551.48218786082,30437.01781213918,30577.151906643754,30671.93590393998,30482.36790934753,27.82145857388009,5356,4489.458621315727,6084.281897960385,1129.0176223700205,0,0,0,0
1781849100,30504.25,30514,30497.25,30509,1,0,0,0,30554.545960156476,30456.704039843524,30576.335392202505,30670.8691321834,30481.80165222161,27.030640104317225,3762,4246.972414210485,6734.187931973591,1054.9817964919953,0,0,0,0
1781849400,30509.5,30519.5,30497.5,30513,1,0,0,0,30559.50696300244,30457.49303699756,30575.70220868512,30670.004529933263,30481.39988743698,26.671308668294564,3126,3873.31494280699,6370.458621315727,933.6879916341574,0,1,0,0
1781849700,30513.25,30517.75,30501.25,30505.75,0,1,0,0,30556.66717993084,30462.33282006916,30575.14761389217,30669.25877608082,30481.036451703523,25.94478662055924,2715,3487.209961871327,5809.972414210485,665.4016879938039,0,0,0,0
1781850000,30506.25,30520,30496.5,30513.75,1,0,0,0,30558.655238507206,30457.844761492794,30574.47485788927,30668.329273627674,30480.620442150863,25.770159004805006,3450,3474.8066412475514,5230.81494280699,661.7061348140343,0,0,0,0
1781850300,30513.75,30535.5,30513.5,30524,1,0,0,0,30573.75129289955,30475.24870710045,30573.862827367477,30667.30503398254,30480.420620752415,25.500861933033217,4123,3690.8710941650343,5212.209961871327,731.2133463076663,0,0,0,0
1781850600,30523.5,30532.75,30517.75,30524.25,1,0,0,0,30569.87620054958,30480.62379945042,30573.479680695244,30666.655340962985,30480.304020427502,24.750800366387985,2665,3348.9140627766897,5536.306641247551,614.6089804730834,0,0,0,0
1781850900,30524.75,30528.5,30503.5,30507.5,0,1,0,0,30565.652900510326,30466.347099489674,30572.858822520488,30665.753360285034,30479.96428475594,24.768600340217414,3541,3412.942708517793,5023.371094165034,272.8625808645976,0,0,0,0
1781851200,30507.25,30522.25,30501.75,30516.5,1,0,0,0,30558.945550473873,30465.054449526127,30572.346635137743,30665.002317599756,30479.69095267573,24.463700315916167,2994,3273.295139011862,5119.41406277669,349.2741691526105,0,0,0,0
1781851500,30515.75,30531.25,30506.5,30524.25,1,0,0,0,30567.976225440027,30469.773774559973,30572.000594962054,30664.441683800327,30479.55950612378,24.484150293350726,2339,2961.863426007908,4909.942708517793,357.61908339704144,0,0,0,0
1781851800,30524,30547.25,30523.25,30545.75,1,0,0,0,30583.92435219431,30486.57564780569,30571.758316140265,30663.905409498027,30479.611222782503,24.44956812953996,2564,2829.242284005272,4442.7951390118615,504.9585814379303,0,0,0,0
1781852100,30545.75,30563,30545.75,30554.75,1,0,0,0,30598.902969894716,30509.847030105284,30571.607073674804,30663.36361501403,30479.85053233558,23.93531326314425,3111,2923.161522670181,4243.863426007908,555.669982801515,0,0,0,0
1781852400,30554.25,30571,30552.25,30567.75,1,0,0,0,30606.347400616523,30516.902599383477,30571.526263057178,30662.818179553167,30480.23434656119,23.56493374434823,3650,3165.441015113454,4384.742284005271,687.6790593540493,0,0,0,0
1781852700,30566.75,30576.75,30563.5,30572.75,1,0,0,0,30610.992229143914,30529.257770856086,30571.52295600534,30662.52758946928,30480.518322541404,22.828152762609072,2268,2866.294010075636,4748.161522670181,639.9030207480354,0,0,0,0
1781853000,30572.5,30587,30564.75,30586.5,1,0,0,0,30621.180284205064,30530.569715794936,30571.586114195616,30662.228677077277,30480.943551313954,22.786856136708423,2911,2881.1960067170908,4299.441015113454,672.186586935123,0,0,0,0
1781853300,30586,30602.25,30581.5,30585,0,1,0,0,30636.212049618985,30547.537950381015,30571.781054303403,30661.950620689266,30481.61148791754,22.64136641265782,3984,3248.797337811394,4321.794010075636,503.4468365921713,0,0,0,0
1781853600,30584.75,30599.25,30582.5,30588.5,1,0,0,0,30632.58083178906,30549.16916821094,30571.898034313406,30661.790810235194,30482.00525839162,22.220554526039404,2366,2954.5315585409294,4873.196006717091,430.2550036353558,0,0,0,0
1781853900,30587.75,30604.5,30585.5,30603.5,1,0,0,0,30637.485772375556,30552.514227624444,30572.039553931012,30661.70709515006,30482.372012711963,21.990514917036588,2031,2646.687705693953,4431.797337811394,476.13530358590117,0,0,0,0
1781854200,30604,30627.75,30593.5,30611.25,1,0,0,0,30662.049288634444,30559.200711365556,30572.639136137193,30661.739647485727,30483.53862478866,22.866192422962545,5843,3712.125137129302,3970.0315585409294,468.1959251544497,0,0,0,0
1781854500,30610.5,30614,30598,30611.75,1,0,0,0,30647.563625160554,30564.436374839446,30572.803717925766,30661.72864342806,30483.87879242347,22.375750107036648,1772,3065.4167580862013,5568.187705693953,355.12603875921695,0,0,0,0
1781854800,30611.75,30616.25,30598.75,30605,0,1,0,0,30649.291223363372,30565.708776636628,30572.982505015218,30661.706315145442,30484.258694884993,22.027482242248315,2016,2715.6111720574677,4598.125137129302,174.28416920986513,0,0,0,0
1781855100,30606,30612.75,30598,30600.5,0,1,0,0,30645.011493123133,30565.738506876867,30573.1652105207,30661.65677502156,30484.673646019837,21.507662082087723,2281,2570.740781371645,4073.4167580862013,18.761487943086706,0,0,0,0
1781855400,30600.75,30633.5,30594.25,30617.5,1,0,0,1,30667.66245790005,30560.08754209995,30573.712132073644,30661.75310520949,30485.6711589378,22.774971933367173,5078,3406.493854247763,3856.1111720574672,175.71275780200529,0,0,0,0
1781855700,30618.25,30633.5,30614.5,30630,1,0,0,0,30667.257996621476,30580.742003378524,30574.024229483686,30661.894410884957,30486.154048082415,22.505331080983805,2337,3049.995902831842,5109.7407813716445,234.551493853073,0,0,0,0
1781856000,30630.25,30632,30607.25,30625.25,0,1,0,0,30665.998496862798,30573.251503137202,30574.42401000526,30662.030921750462,30486.817098260057,22.665664575199248,3325,3141.6639352212283,4574.993854247763,81.73285412637836,0,0,0,0
1781856300,30625,30629.75,30617,30619,0,1,0,0,30662.686104229742,30584.063895770258,30574.638215958057,30662.105249281103,30487.17118263501,21.957402819827873,1789,2690.7759568141523,4712.495902831843,-59.443056143030105,0,0,0,1
1781856600,30618.5,30645,30618.5,30631,1,0,0,0,30678.422811070475,30585.077188929525,30575.124724319765,30662.374088677123,30487.875359962407,22.281874046983027,3423,2934.8506378761017,4036.1639352212287,56.9658446636397,0,0,1,0
1781856900,30631.25,30644.75,30625.25,30641,1,0,0,0,30677.874753136868,30592.125246863132,30575.487430319143,30662.60883533885,30488.366025299434,22.08316875791281,2359,2742.9004252507343,4402.275956814153,110.54577424765421,0,0,0,0
1781857200,30640.25,30649.5,30636.5,30640,0,1,0,0,30681.651556484234,30604.348443515766,30575.76148327332,30662.807553171268,30488.715413375372,21.434370989490468,1665,2383.6002835004897,4114.350637876101,39.485127707759034,0,0,0,0
1781857500,30640.5,30645,30630.25,30644.25,1,0,0,0,30676.43537387822,30598.81462612178,30576.138204976807,30663.066124608744,30489.21028534487,20.956915918812577,2390,2385.73352233366,3575.4004252507348,41.44780613856062,0,0,0,0
1781857800,30643.75,30647,30623.75,30629.75,0,1,0,0,30678.681061458345,30592.068938541655,30576.566934483544,30663.310199980813,30489.823668986275,21.120707638897393,3061,2610.82234822244,3578.60028350049,-187.80478373598135,0,0,0,1
1781858100,30630.25,30649.5,30627.25,30642.75,1,0,0,0,30681.302057068464,30595.447942931536,30576.89992927921,30663.535643021012,30490.26421553741,21.20137137897615,2167,2462.8815654816267,3916.2335223336595,-85.48192616797587,0,0,0,0
1781858400,30642.75,30658.5,30639,30648.5,1,0,0,0,30690.119767277858,30607.380232722142,30577.345305595514,30663.89547554281,30490.79513564822,21.079844851906426,2571,2498.9210436544176,3694.3223482224403,-44.66867314923468,0,0,0,0
1781858700,30649.25,30658.5,30630.5,30657,1,0,0,0,30690.861212472297,30598.138787527703,30577.875702982994,30664.320895188077,30491.43051077791,21.574141648198825,3104,2700.614029102945,3748.3815654816262,-1.5767549186957126,0,0,0,0
1781859000,30657.25,30660,30646,30648.5,0,1,0,0,30691.549697295704,30614.450302704296,30578.191497131742,30664.585182968112,30491.79781129537,21.03313153047034,1798,2399.74268606863,4050.9210436544176,-152.97550673535937,0,0,0,0
1781859300,30648.5,30654.25,30644.75,30649.5,1,0,0,0,30684.564004631728,30614.435995368272,30578.42074893747,30664.76985540084,30492.071642474104,20.20933642115103,1352,2050.4951240457535,3599.614029102945,-156.24234704040302,0,0,0,0
1781859600,30649.5,30667.25,30637.5,30637.5,0,1,0,0,30698.586218586603,30606.163781413397,30579.025399955055,30665.235482510612,30492.815317399498,20.890812391068813,3718,2606.330082697169,3075.74268606863,-312.29221610073625,0,0,0,0
1781859900,30638,30644.5,30626.25,30628.75,0,1,0,0,30675.553274401846,30595.196725598154,30579.37848883362,30665.41743631486,30493.33954135238,20.702182934563897,2785,2665.886721798113,3909.4951240457535,-429.05802277122666,0,0,0,0
1781860200,30629.25,30639.75,30621.5,30623.75,0,1,0,0,30670.540540515998,30590.709459484002,30579.703039258784,30665.54828732607,30493.857791191498,20.527027010666476,2850,2727.2578145320754,3998.830082697169,-469.27739644834026,0,0,0,0
1781860500,30624.5,30642.75,30623,30633.25,1,0,0,0,30673.457287622,30592.292712378,30579.884173086324,30665.63953555862,30494.128810614027,20.47152508133316,1466,2306.8385430213834,4090.8867217981133,-356.8942631150388,0,0,0,0
1781860800,30634,30638.75,30611,30620.5,0,1,0,0,30670.237124220428,30579.512875779572,30580.141901307285,30665.708232695495,30494.575569919074,20.99141614695222,2569,2394.225695347589,3460.257814532075,-441.4554040416676,0,0,0,0
1781861100,30620.5,30624.5,30613.5,30614.75,0,1,0,0,30654.91661534754,30583.08338465246,30580.271397523986,30665.717907668695,30494.824887379276,20.277743565027063,1506,2098.1504635650595,3591.3385430213834,-463.8086084108064,0,0,0,0
1781861400,30615.25,30636.25,30614,30635.75,1,0,0,0,30666.877928537004,30583.372071462996,30580.47691381824,30665.799858304883,30495.153969331594,20.418619024667986,1857,2017.7669757100396,3147.225695347589,-243.78218717157097,0,0,0,0
1781861700,30635.25,30643,30630,30638,1,0,0,0,30672.833076498646,30600.166923501354,30580.762033206975,30665.963657978897,30495.560408435053,19.888717665763128,2217,2084.177983806693,3026.6504635650595,-179.52871793933377,0,0,0,0
1781862000,30639.25,30646.25,30625.75,30628.5,0,1,0,0,30676.148571034457,30595.851428965543,30581.063405288904,30666.114191820227,30496.01261875758,19.932380689637192,2526,2231.4519892044623,3126.26697571004,-294.62478842364715,0,0,0,0
1781862300,30628,30641.75,30617.75,30621.5,0,1,0,0,30672.08438738914,30587.41561261086,30581.33243184687,30666.206211437646,30496.458652256093,20.22292492609168,2604,2355.6346594696415,3347.177983806693,-328.14575864333204,0,0,0,0
1781862600,30622,30647.75,30622,30636.5,1,0,0,0,30678.73014543277,30591.01985456723,30581.72943884825,30666.41706913273,30497.041808563772,20.6534302885137,3288,2666.423106313094,3533.4519892044623,-112.65969354528488,0,0,0,0
1781862900,30636.5,30643.75,30624,30626,0,1,0,0,30674.63334933043,30593.11665066957,30581.951210978965,30666.5136664086,30497.38875554933,20.588899553619864,2015,2449.282070875396,3999.6346594696415,-211.14570093659637,0,0,0,0
1781863200,30626.25,30634.5,30612.5,30615.5,0,1,0,0,30665.53453866397,30581.46546133603,30582.204820086266,30666.549139248767,30497.860500923765,20.689692442647015,2954,2617.5213805835974,3673.923106313094,-324.98512914720163,0,0,0,0
1781863500,30616,30623.5,30601.25,30619.75,1,0,1,0,30654.701714473686,30570.048285526314,30582.44411353844,30666.524680708884,30498.363546367997,20.801142982457943,3346,2860.3475870557318,3926.282070875396,-226.69112055000414,0,0,0,0
1781863800,30620.25,30627,30612.75,30615,0,1,0,0,30657.499806296993,30582.250193703007,30582.594242549905,30666.53024883907,30498.65823626074,20.33320419799666,1921,2547.2317247038213,4290.521380583597,-264.603637044712,0,0,0,0
1781864100,30614.5,30617.5,30603,30607.25,0,1,0,0,30647.374820132925,30573.125179867075,30582.731937830813,30666.472674609413,30498.991201052213,19.916546755282614,2379,2491.154483135881,3820.847587055732,-338.99362301988344,0,0,0,0
1781864400,30607.75,30610.25,30580,30581.5,0,1,0,0,30641.231975837716,30549.018024162284,30582.797649858814,30666.190285032088,30499.40501468554,20.65465055847671,3887,2956.4363220905875,3736.731724703822,-602.7016890737049,0,0,0,0
1781864700,30582,30587.5,30567,30578,0,1,0,0,30618.465406135023,30536.034593864977,30582.75991288942,30665.856194484237,30499.663631294607,20.64360409001409,3332,3081.624214727058,4434.6544831358815,-557.3525293918347,0,0,0,0
1781865000,30578.25,30579.25,30553.75,30566.25,0,1,0,0,30610.735734268234,30522.264265731766,30582.61608597807,30665.360000057375,30499.87217189876,20.99048951215594,4153,3438.7494764847056,4622.436322090587,-639.189353624889,0,0,0,0
1781865300,30565.25,30572.75,30539.5,30548,0,1,0,0,30605.549253249075,30506.700746750925,30582.361787033897,30664.78926484839,30499.934309219403,21.86616883271623,4146,3674.4996509898037,5158.124214727059,-719.9527055640676,0,0,0,0
1781865600,30547.5,30572,30546,30566,1,0,0,0,30605.242163731284,30512.757836268716,30582.257705143606,30664.494181901144,30500.021228386067,22.161442487522212,2368,3238.9997673265357,5511.749476484705,-419.92004504049663,0,0,0,0
1781865900,30565,30588.25,30551.5,30569,1,0,0,0,30623.055223464762,30516.694776535238,30582.158220484842,30664.07894879177,30500.237492177916,23.203482309842055,3785,3420.999844884357,4858.499650989804,-292.1227407587899,0,0,0,0
1781866200,30569.75,30591.25,30567.5,30574.75,1,0,0,0,30626.113778931565,30532.636221068435,30582.13829416111,30663.870610113856,30500.40597820836,23.24251928771048,2232,3024.666563256238,5131.499767326535,-180.44083469422856,0,0,0,0
1781866500,30574.75,30581.5,30569.5,30574.75,0,0,0,0,30615.1592232936,30535.8407767064,30582.118600398073,30663.734824294817,30500.50237650133,22.43948219573116,1389,2479.444375504159,4536.999844884357,-132.33180916128404,0,0,0,0
1781866800,30573.5,30574.75,30553.75,30571.25,0,1,0,0,30608.25499305834,30520.24500694166,30581.989788076164,30663.279150409715,30500.700425742612,22.33666203889322,4062,3006.9629170027724,3719.166563256238,-133.12835815672977,0,0,0,0
1781867100,30571,30578,30535.75,30557.75,0,1,1,0,30613.638564982743,30500.111435017257,30581.712757507732,30662.589295519938,30500.836219495526,23.759043321829417,5529,3847.641944668515,4510.444375504158,-255.03048922289543,0,0,0,0
1781867400,30557.25,30565,30551,30558.75,1,0,0,0,30599.592953198262,30516.407046801738,30581.609168862113,30662.321964673207,30500.89637305102,23.0619687988416,2197,3297.4279631123436,5771.462917002773,-167.37498392693215,0,0,0,0
1781867700,30559.5,30580.25,30558,30575.25,1,0,0,0,30614.755956541245,30523.494043458755,30581.558963621,30662.0807408856,30501.037186356396,23.003971027495773,2404,2999.618642074896,4946.141944668516,43.205649567077955,0,0,1,0
1781868000,30574.5,30580.25,30556.25,30562.75,0,1,0,0,30614.862673931155,30521.637326068845,30581.489481142456,30661.832821350785,30501.14614093413,23.075115954103218,2305,2768.0790947165974,4499.427963112344,-51.65801188428759,0,0,0,1
1781868300,30562.25,30565.5,30550.75,30559.25,0,1,0,0,30599.220697221786,30517.029302778214,30581.39504378138,30661.58667720335,30501.20341035941,22.480464814524417,2072,2536.052729811065,4152.118642074896,-62.12492192591873,0,0,0,0
1781868600,30559,30585.75,30557.25,30580.75,1,0,0,0,30620.11564742023,30522.88435257977,30581.36135523872,30661.35586902122,30501.366841456223,22.91043161348696,2507,2526.36848654071,3804.079094716598,149.41105620982546,0,0,1,0
1781868900,30580.5,30588.5,30577.25,30586,1,0,0,0,30621.616315461644,30544.133684538356,30581.371787642718,30661.20300649638,30501.540568789056,22.077543641095037,2078,2376.912324360473,3789.5527298110646,236.42430153685007,0,0,0,0
1781869200,30586.25,30601,30585.75,30593.75,1,0,0,0,30633.384792928668,30553.365207071332,30581.459174909305,30661.008884192368,30501.909465626242,21.589861952445393,3694,2815.941549573649,3565.3684865407095,381.05888493400187,0,0,0,0
1781869500,30593,30595.5,30583.25,30586.75,0,1,0,0,30626.884093433764,30551.865906566236,30581.478649785407,30660.9191265471,30502.038173023713,20.922728955842153,1422,2351.2943663824326,4223.912324360474,257.16386277581006,0,0,0,0
1781869800,30587,30596.5,30575.25,30576.25,0,1,0,0,30627.919158188495,30543.830841811505,30581.48405789243,30660.74355372958,30502.224562055282,20.946105458996282,2351,2351.196244254955,3526.941549573649,110.72176658784085,0,0,0,0
1781870100,30576.5,30592,30567,30592,1,0,0,0,30623.853504032173,30535.146495967827,30581.494865342887,30660.558034621903,30502.43169606387,21.23566935478226,2570,2424.1308295033036,3526.7943663824326,252.34126778807342,0,0,0,0
1781870400,30591,30594,30581,30592,0,0,0,0,30624.971110887018,30550.028889112982,30581.522971439972,30660.43929088744,30502.606651992504,20.647407258012098,1951,2266.4205530022023,3636.1962442549557,230.2665607411359,0,0,0,0
1781870700,30591.5,30593.75,30570.25,30584,0,1,0,0,30625.02674582366,30538.97325417634,30581.529011587827,30660.236710158057,30502.821313017597,20.851163882439806,2766,2432.9470353348015,3399.630829503303,113.49732374229791,0,0,0,0
1781871000,30584.75,30587.5,30572,30573.75,0,1,0,0,30618.203406836255,30541.296593163745,30581.517035938054,30660.1002106332,30502.933861242906,20.468937890836962,1665,2176.964690223201,3649.4205530022023,-10.613695760120265,0,0,0,1
1781871300,30572.75,30576.75,30561.75,30575.75,1,0,0,0,30606.867449205096,30531.632550794904,30581.46372231435,30659.842643633023,30503.08480099568,20.07829947006289,2788,2380.6431268154674,3265.4470353348015,51.88802602760765,0,0,1,0
1781871600,30575.5,30576.75,30567,30571.75,0,1,0,0,30605.760845690445,30537.989154309555,30581.433079721486,30659.689085638915,30503.177073804058,19.340563793629826,1686,2149.0954178769784,3570.964690223201,-10.976196595280939,0,0,0,1
1781871900,30572,30579.75,30562,30563.75,0,1,0,0,30608.590428141128,30533.159571858872,30581.384544867135,30659.49757737795,30503.271512356318,19.22695209408484,1996,2098.063611917986,3223.6431268154674,-88.42640186658198,0,0,0,0
1781872200,30563.5,30563.5,30544,30556.25,0,1,0,0,30592.39646898819,30515.10353101181,30581.204857064768,30659.086312726853,30503.323401402682,19.264312658793067,3590,2595.375741278657,3147.095417876979,-189.24931946136132,0,0,0,0
1781872500,30556,30561,30522.25,30549.75,0,1,1,0,30591.984221203318,30491.265778796682,30580.709617217613,30658.182625924605,30503.236608510622,20.656147468879276,7290,4160.2504941857715,3893.063611917986,-255.18228941802323,0,0,0,0
1781872800,30549.75,30562.25,30540,30559.5,1,0,0,0,30593.404991117368,30508.845008882632,30580.5207066429,30657.752654359887,30503.28875892591,20.76999407824504,3854,4058.1669961238476,6240.375741278657,-37.66566791249079,0,0,0,0
1781873100,30559.5,30566.75,30542.25,30546.5,0,1,0,0,30598.304634608983,30510.695365391017,30580.35477750817,30657.3937660198,30503.315788996544,21.03642307265611,3180,3765.444664082565,6087.2504941857715,-177.67469964812807,0,0,0,0
1781873400,30546.25,30661.5,30545.75,30636.25,1,0,0,0,30703.2025178512,30504.0474821488,30581.55324343424,30657.488597972664,30505.617888895813,27.801678567466386,19999,9176.629776055042,5648.166996123848,1331.039637216033,0,0,1,0
1781873700,30636.25,30669.75,30626.75,30653.25,1,0,0,0,30713.080909433258,30583.419090566742,30582.82943696401,30658.619624970266,30507.039248957753,28.8872729555045,10839,9730.753184036696,13764.944664082563,1492.1117030608207,0,0,0,0
1781874000,30653.25,30660.25,30626.75,30634.25,0,1,0,0,30704.075130188023,30582.924869811977,30583.657423973906,30659.21243244424,30508.10241550357,29.21675345868275,8470,9310.50212269113,14596.129776055044,757.9717977953992,0,0,0,0
1781874300,30634.75,30660.5,30634.5,30658.5,1,0,0,0,30704.00726374602,30590.99273625398,30584.46261114009,30659.922416286954,30509.002805993227,29.004842497348267,7111,8577.334748460753,13965.753184036696,1217.142386905026,0,0,0,0
1781874600,30658,30664.5,30641,30642.75,0,1,0,0,30707.417459192737,30598.082540807263,30585.059008135402,30660.426653071063,30509.69136319974,28.61163946182339,5525,7559.889832307169,12866.00212269113,634.65010729239,0,0,0,0
1781874900,30642.75,30654.5,30626.5,30634,0,1,0,0,30697.351926393254,30583.648073606746,30585.585928180168,30660.765005311063,30510.406851049273,28.567950928836005,6011,7043.593221538113,11339.834748460753,315.88615168101154,0,0,0,0
1781875200,30634.25,30645.5,30629.75,30644,1,0,0,0,30686.978574508023,30588.271425491977,30585.924516732455,30660.98973777959,30510.85929568532,27.65238300534772,3823,5970.062147692075,10565.38983230717,453.14741649243433,0,0,0,0
1781875500,30644.5,30648.5,30636.75,30645.25,1,0,0,0,30688.27474775745,30596.97525224255,30586.198205169516,30661.18943770391,30511.206972635122,26.51649850496574,2921,4953.708098461383,8955.093221538113,356.79966145965057,0,0,0,0
1781875800,30646,30678.25,30633.75,30646,0,0,0,1,30719.95155148906,30592.04844851094,30588.03189406887,30662.77854911692,30513.28523902082,27.801034326039616,17433,9113.472065640923,7430.562147692075,258.21764960617674,0,1,0,0
1781876100,30646.75,30675.75,30644.5,30663.5,1,0,0,0,30717.821083525556,30602.428916474444,30589.636156582197,30664.332429588943,30514.93988357545,28.047389017036785,14156,10794.314710427281,13670.208098461384,889.8587623984232,0,0,0,0
1781876400,30663.75,30672.75,30647,30650.75,0,1,0,0,30714.5749347023,30605.1750652977,30590.756668624967,30665.325658537513,30516.18767871242,27.883289801534158,10956,10848.209806951521,16191.472065640923,164.48141968571565,0,0,0,0
1781876700,30650,30681,30642.5,30670.5,1,0,0,0,30723.962439366423,30599.537560633577,30592.234564319642,30666.775784827536,30517.69334381175,28.641626244281717,13406,11700.806537967681,16272.314710427283,763.8114605555822,0,0,0,0
1781877000,30670.5,30681.75,30664,30671,1,0,0,0,30723.545479411678,30622.204520588322,30593.26959196573,30667.87700826354,30518.662175667923,27.863652941118737,8786,10729.20435864512,17551.20980695152,598.880826911553,0,0,0,0
1781877300,30671,30696,30669,30681.75,1,0,0,0,30737.70294516799,30627.29705483201,30594.822431943463,30669.6882318083,30519.956632078625,27.80196344532454,12064,11174.136239096746,16093.806537967681,888.82562059632,0,0,0,0
1781877600,30681.25,30684.75,30653,30678.5,0,1,0,0,30726.87594908456,30610.87405091544,30596.460178088582,30671.359639457947,30521.560716719217,28.083966056372788,14971,12439.757492731163,16761.20435864512,545.168878879127,0,0,0,0
1781877900,30678.5,30683.25,30661.5,30671.5,0,1,0,0,30724.697309864234,30620.052690135766,30597.38092314205,30672.283578905186,30522.478267378912,27.631539909489018,8705,11194.838328487442,18659.636239096744,119.59905323296812,0,0,0,0
1781878200,30671.5,30673.25,30656,30663.5,0,1,0,0,30713.58500201679,30615.66499798321,30598.088928521178,30672.90769358998,30523.270163452376,26.89000134452552,7651,10013.558885658294,16792.25749273116,-298.45987722966754,0,0,0,1
1781878500,30664.25,30678,30647.5,30673.25,1,0,0,0,30718.72178758702,30606.77821241298,30598.91554292677,30673.652549021437,30524.178536832103,27.147858391345125,8871,9632.705923772197,15020.338328487442,-57.16337624355401,0,0,0,0
1781878800,30673.75,30677.5,30659.5,30662.25,0,1,0,0,30717.24165990223,30619.75834009777,30599.36889171935,30674.058262802526,30524.679520636175,26.494439934820473,4946,8070.470615848131,14449.058885658294,-403.5673222384879,0,0,0,0
1781879100,30662,30674.25,30659.75,30668.5,1,0,0,0,30712.706541337786,30621.293458662214,30599.735488788283,30674.39021301035,30525.080764566217,25.63769422519044,3984,6708.313743898754,12105.705923772197,-217.89749245711528,0,0,0,0
1781879400,30668.75,30669.25,30657,30663.5,0,1,0,0,30706.272145527942,30619.977854472058,30600.096625484006,30674.69183649316,30525.501414474853,24.68143035196255,4234,5883.542495932503,10062.470615848131,-403.71987581501725,0,0,0,0
1781879700,30663.75,30674.5,30658.75,30669.5,1,0,0,0,30710.565206561663,30622.684793438337,30600.58794598399,30675.132235677804,30526.043656290174,24.043471041108084,5461,5742.694997288335,8825.313743898754,-194.1439861183797,0,0,0,0
1781880000,30669,30679.75,30661.25,30676.5,1,0,0,0,30715.221263235828,30625.778736764172,30600.994892825893,30675.523437365497,30526.46634828629,23.647508823886078,4269,5251.463331525557,8614.042495932503,-46.661640635614276,0,0,0,0
1781880300,30677,30684.75,30675,30679.75,1,0,0,0,30718.73224443327,30641.01775556673,30601.50635745009,30676.06191101285,30526.95080388733,22.65482962217993,4926,5142.975554350372,7877.194997288336,41.802931401683054,0,0,1,0
1781880600,30679.25,30690,30675.25,30687.25,1,0,0,0,30723.13529840232,30642.11470159768,30602.007123106614,30676.61274640492,30527.401499808308,22.09019893488136,4628,4971.317036233581,7714.463331525558,219.07284218222514,0,0,0,0
1781880900,30687.75,30698.25,30684.75,30690,1,0,0,1,30730.464919945014,30652.535080054986,30602.620855915167,30677.332666939434,30527.9090448909,21.47661329667555,5305,5082.544690822388,7456.9755543503725,209.11733870487137,0,0,0,0
1781881200,30689.75,30696.75,30683.25,30692.25,1,0,0,0,30728.110282806083,30651.889717193917,30603.19847094761,30678.003826754088,30528.39311514113,20.906855204055866,5075,5080.029793881592,7623.817036233581,204.77823556059673,0,0,0,0
1781881500,30692.75,30705,30685.25,30701.75,1,0,0,0,30736.23633403422,30654.01366596578,30603.819709977954,30678.76639804922,30528.873021906686,20.824222689480447,5144,5101.353195921061,7620.044690822388,331.9239716071794,0,0,0,0
1781881800,30701,30704.25,30692.5,30694.25,0,1,0,0,30734.51409588892,30662.23590411108,30604.310118787816,30679.362764494457,30529.257473081176,20.176063925946128,4124,4775.568797280707,7652.029793881592,-10.12600601462259,0,0,0,1
1781882100,30694.25,30696.25,30679.75,30685.25,0,1,0,0,30726.120231896854,30649.879768103146,30604.825971216083,30679.9274185592,30529.724523872967,19.91348793123569,4914,4821.712531520471,7163.353195921061,-318.2214403376864,0,0,0,0
1781882400,30685.75,30694.25,30684.25,30689.5,1,0,0,0,30723.05807247565,30655.44192752435,30605.21376598904,30680.36006431961,30530.067467658468,19.20538165043314,3635,4426.141687680314,7232.568797280706,-186.80577356273807,0,0,0,0
1781882700,30689.25,30698.5,30687,30697.75,1,0,0,0,30726.482495870245,30659.017504129755,30605.55222518323,30680.75606198747,30530.34838837899,18.65499724683077,3017,3956.4277917868762,6639.212531520471,3.1918818529670716,0,0,1,0
1781883000,30696.5,30701,30668.5,30671.5,0,1,0,0,30730.465889022373,30639.034110977627,30606.501644683056,30681.69413573405,30531.30915363206,19.64392601491429,10225,6045.95186119125,5934.641687680314,-791.6552656345,0,0,0,1
1781883300,30671.25,30676,30653,30662.75,0,1,0,0,30705.825468377916,30623.174531622084,30607.06516683141,30682.101526523056,30532.028807139763,19.883645585277552,7983,6691.6345741275,9068.927791786875,-971.8015964991275,0,0,0,0
1781883600,30662.5,30671,30657.75,30659.25,0,1,0,0,30700.114720636637,30628.635279363363,30607.331245684287,30682.28612899815,30532.376362370425,19.409813757757725,3911,5764.756382751667,10037.45186119125,-924.6076388667306,0,0,0,0
1781883900,30658.75,30683,30658.5,30682,1,0,0,0,30712.66009773402,30628.83990226598,30607.708652873163,30682.62109764558,30532.796208100746,19.773398489346455,4618,5382.504255167778,8647.1345741275,-377.15741269776896,0,0,0,0
1781884200,30682,30692,30677.25,30683.75,1,0,0,0,30721.121876467303,30648.128123532697,30608.09758380362,30683.017808818702,30533.17735878854,19.414584311535997,4193,4986.002836778519,8073.756382751667,-293.65561534781034,0,0,0,0
1781884500,30683.5,30691,30681.75,30683.75,0,0,0,0,30719.032813862497,30653.717186137503,30608.32879530136,30683.256200670006,30533.401389932715,18.68854257499771,2475,4149.00189118568,7479.004255167778,-264.0354061222898,0,0,0,0
1781884800,30684.25,30686,30674.5,30677.75,0,1,0,0,30713.262612872317,30647.237387127683,30608.592584242273,30683.505641406653,30533.679527077893,18.17507524821216,3086,3794.6679274571197,6223.50283677852,-408.43234165487786,0,0,0,0
1781885100,30677.25,30678.25,30664.75,30664.75,0,1,0,0,30705.011711952866,30637.988288047134,30608.785036446327,30683.656908702593,30533.91316419006,17.84114130191129,2647,3412.11195163808,5692.00189118568,-589.7981045344052,0,0,0,0
1781885400,30665.25,30673.75,30657.5,30669.25,1,0,0,0,30700.341232527662,30630.908767472338,30609.042098499947,30683.847368246777,30534.236828753117,17.72748835177477,3711,3511.741301092053,5118.16792745712,-417.04940000929054,0,0,0,0
1781885700,30669.25,30675.75,30666.5,30673,1,0,0,0,30701.432930204257,30640.817069795743,30609.199371347666,30683.976583332173,30534.42215936316,17.121953469505144,2107,3043.4942007280356,5267.6119516380795,-278.8733516873573,0,0,0,0
1781886000,30673,30683,30669.25,30681.25,1,0,0,0,30708.321649475383,30643.928350524617,30609.394398166714,30684.154614598534,30534.634181734895,16.881099650254775,2394,2826.9961338186904,4565.241301092054,-109.49832180812163,0,0,0,0
1781886300,30681.25,30686,30677.75,30684,1,0,0,0,30710.39688879857,30653.35311120143,30609.55735267064,30684.313929737495,30534.800775603784,16.264592532379435,1880,2511.330755879127,4240.494200728035,-46.815553846394735,0,0,0,0
1781886600,30683,30704,30676.75,30697.75,1,0,0,0,30729.573896741527,30651.176103258473,30609.87919638594,30684.669874665542,30535.08851810634,17.049264494352332,3276,2766.220503919418,3766.9961338186904,112.48440147785928,0,0,1,0
1781886900,30698,30699,30690,30696,0,1,0,0,30723.711475545704,30665.288524454296,30610.104341833914,30684.923885908058,30535.28479775977,16.474317030470022,2248,2593.480335946279,4149.3307558791275,27.765014457549313,0,0,0,0
1781887200,30695.5,30700,30686.25,30689,0,1,0,0,30724.419584435298,30661.830415564702,30610.28875302389,30685.124189459995,30535.453316587787,16.279722956865022,1924,2370.320223964186,3890.2205039194187,-80.07158020443603,0,0,0,1
1781887500,30689,30700.75,30680,30684.5,0,1,0,0,30725.64854268992,30655.10145731008,30610.54991587524,30685.3961438966,30535.70368785388,16.59902845994609,2857,2532.546815976124,3555.480335946279,-140.15981841231843,0,1,0,0
1781887800,30685.25,30686.25,30655,30660,0,1,0,0,30712.718289640638,30628.531710359362,30610.738592435377,30685.530922359223,30535.94626251153,17.645526427092797,2862,2642.3645439840825,3798.820223964186,-347.4377945551796,0,0,0,0
1781888100,30659.5,30671.25,30636.5,30651,0,1,0,0,30699.550911809165,30608.199088190835,30610.89959633966,30685.59433703346,30536.204855645858,18.86727453944331,3286,2856.909695989388,3963.546815976124,-372.0808759993111,0,0,0,0