time,open,high,low,close,Shapes,Shapes,Bullish Sweep,Bearish Sweep,ATR Short Stop Loss,ATR Long Stop Loss,VWAP,Upper Band #1,Lower Band #1,ATR,Volume,Volume EMA,Spike Threshold,CVD Oscillator,Bullish Divergence,Bearish Divergence,Bullish Cross,Bearish Cross
1774222200,4485.6,4494.5,4453.3,4466.5,0,1,0,0,4551.451380060925,4396.348619939075,4490.745593510631,4503.820053461361,4477.671133559901,37.96758670728322,17664,14321.859517406003,18976.183914163506,-593.6730498215388,0,0,0,0
1774224000,4466.6,4474.9,4406.4,4429,0,1,0,0,4535.122710056573,4346.177289943426,4472.951460958215,4500.491753767998,4445.411168148432,40.148473371048695,29382,19341.906344937335,21482.789276109004,-1769.6517741287494,0,0,0,0
1774225800,4429.5,4438.8,4321.5,4357.1,0,1,0,0,4507.288945052533,4253.0110549474675,4440.256901154019,4492.487718688819,4388.026083619219,45.65929670168809,42987,27223.604229958222,29012.859517406003,-3694.956011210814,0,0,0,0
1774227600,4356.9,4445,4331.1,4423.5,1,0,0,0,4520.800448977351,4255.299551022649,4431.203995262843,4480.196812001169,4382.211178524517,50.53363265156749,38167,30871.402819972147,40835.406344937335,-643.3595508422686,0,0,0,0
1774229400,4424.1,4455.2,4382.7,4389,0,1,0,0,4533.353988336112,4304.546011663888,4428.414279037758,4474.819317422593,4382.009240652924,52.10265889074124,24427,28723.268546648098,46307.10422995822,-1362.8908194505107,0,0,0,0
1774231200,4389.1,4423.8,4384,4402.2,1,0,0,0,4500.635846312104,4307.164153687896,4426.031734913626,4470.786001986185,4381.277467841067,51.22389754140259,20438,25961.512364432067,43084.90281997215,-194.63426130311154,0,0,0,0
1774233000,4402.2,4403.6,4356,4362.4,0,1,0,0,4480.047571575526,4279.552428424475,4421.540419264242,4466.74630096353,4376.334537564953,50.965047717016716,20326,24083.00824295471,38942.2685466481,-1472.4813485003065,0,0,0,0
1774234800,4362.7,4379.5,4349,4353.9,0,1,0,0,4453.754887891559,4274.745112108441,4417.275876152156,4463.546145016341,4371.0056072879715,49.50325859437266,17781,21982.338828636475,36124.51236443207,-1387.867777836941,0,0,0,0
1774236600,4353.7,4367.1,4337.2,4355.6,1,0,0,0,4439.254538756448,4265.045461243552,4413.787859250382,4461.065705898943,4366.5100126018215,48.10302583763179,14604,19522.892552424317,32973.50824295471,-739.2664822501329,1,0,0,0
1774238400,4355.6,4375,4355.5,4371.7,1,0,0,0,4444.089928845273,4286.410071154727,4412.040156806108,4459.252439226988,4364.827874385228,46.05995256351524,10487,16510.92836828288,29284.338828636475,521.9679935210634,0,0,1,0
1774240200,4371.2,4385,4353,4370.9,0,1,0,0,4452.583505356325,4285.416494643675,4410.133777663407,4457.101906929476,4363.165648397338,45.05567023754986,13102,15374.618912188585,24766.392552424317,720.5361778991819,0,0,0,0
1774242000,4370.6,4383.6,4354.8,4359.5,0,1,0,0,4449.441826402302,4288.958173597699,4408.588595637317,4455.436081503067,4361.741109771567,43.894550934867745,10566,13771.745941459058,23061.92836828288,505.8598460275248,0,0,0,0
1774243800,4359.4,4359.5,4305.5,4314,0,1,0,0,4426.424553087852,4238.575446912148,4401.456501325011,4451.856680596233,4351.05632205379,44.61636872523434,28673,18738.83062763937,20657.618912188587,-1557.4524731868587,0,0,0,1
1774245600,4314,4316.9,4244.1,4249.3,0,1,0,0,4386.84422786729,4174.15577213271,4388.634492350234,4450.376502322352,4326.892482378115,46.629485244860405,35771,24416.220418426245,28108.245941459056,-3951.806724216257,0,0,0,0
1774247400,4248.9,4255.8,4166,4225.1,0,1,0,0,4330.369640162485,4091.430359837516,4367.346392154704,4448.4184335034715,4286.274350805936,49.713093441656106,51421,33417.81361228416,36624.33062763937,-4167.773044507303,0,0,0,0
1774249200,4224.7,4227,4100,4137.5,0,1,0,0,4309.850380150878,4017.149619849122,4339.336335557075,4443.616299606495,4235.056371507654,55.2335867672521,63440,43425.2090748561,50126.72041842624,-7130.576583756365,0,0,0,0
1774251000,4137.5,4234,4130.6,4206,1,0,0,0,4322.011067282958,4042.588932717042,4327.174770189955,4435.125569774696,4219.223970605214,58.674044855305496,42735,43195.1393832374,65137.81361228415,-2735.290143815282,0,0,0,0
1774252800,4206.5,4258.3,4203.8,4228.9,1,0,0,0,4345.8638481913185,4116.236151808682,4321.883756146164,4429.126833634242,4214.6406786580865,58.37589879421224,30287,38892.4262554916,64792.7090748561,-624.9224265671874,0,0,0,0
1774254600,4228.4,4272.6,4219.7,4252.1,1,0,0,0,4359.5771447490815,4132.722855250919,4318.660350239817,4424.611932892192,4212.708767587441,57.984763166054265,25336,34373.617503661066,58338.6393832374,996.8481341037423,0,0,1,0
1774256400,4252.3,4305.7,4247,4305.2,1,0,0,0,4392.753777267004,4159.946222732996,4317.5908078084285,4421.957095486758,4213.224520130099,58.03585151133609,19605,29450.74500244071,51560.4262554916,2906.460488470721,0,0,0,0
1774258200,4305.3,4310.1,4223.9,4254.2,0,1,0,0,4400.171364605076,4133.828635394924,4315.3174261388085,4418.081575695158,4212.553276582459,60.047576403383566,25909,28270.163334960474,44176.117503661066,1336.1098418426677,0,0,0,0
1774260000,4254.6,4275.9,4244,4269.7,1,0,0,0,4362.955552847569,4156.94444715243,4314.162523519576,4416.070870190947,4212.254176848205,58.03703523171328,14168,23569.442223306985,42405.245002440715,2122.2946405314133,0,0,0,0
1774261800,4270,4283.3,4241.7,4270.5,1,0,0,0,4368.594441929887,4156.405558070113,4313.23773434347,4414.3997113532305,4212.07575733371,56.86296128659093,12300,19812.961482204657,35354.16333496048,2131.490498539053,0,0,0,0
1774263600,4270.4,4465.9,4270,4401.5,1,0,0,0,4566.091267506323,4169.808732493677,4318.187224878639,4417.013992262246,4219.360457495033,66.7941783375487,52922,30849.307654803102,29719.442223306985,5442.083728230793,0,0,0,0
1774265400,4402,4434.9,4363.2,4381,0,1,0,0,4535.616891255871,4262.483108744128,4320.493004612237,4418.641406976623,4222.344602247851,67.14459417058092,22396,28031.5384365354,46273.96148220466,4154.4363890654095,0,0,0,0
1774267200,4380,4407.5,4338.5,4392.3,1,0,0,0,4508.415684737595,4237.584315262405,4322.435305747994,4419.524799343933,4225.345812152054,67.27712315839656,24773,26945.358957690267,42047.3076548031,4108.170240147801,0,0,0,0
1774269000,4391.4,4495.6,4375.8,4481.2,1,0,0,0,4602.143135827767,4269.256864172234,4327.716143401854,4426.149442840799,4229.28284396291,71.0287572185111,32236,28708.905971793512,40418.0384365354,5899.597384517549,0,0,0,0
1774270800,4482,4489,4406.7,4412.4,0,1,0,0,4596.750768982926,4298.9492310170735,4332.324636858136,4431.0911266956045,4233.558147020667,71.83384598861747,34838,30751.93731452901,43063.35895769027,2274.1768646892106,0,0,0,0
1774272600,4412.1,4470,4403.7,4457.3,1,0,0,0,4577.157856912717,4296.542143087283,4336.642081700627,4435.831976950891,4237.452186450364,71.43857127514481,33032,31511.958209686007,46127.905971793516,4192.664297600132,0,0,0,0
1774274400,4457.5,4516,4455.3,4489.2,1,0,0,0,4622.007295704666,4349.292704295334,4342.527586742326,4444.028342929122,4241.02683055553,70.67153046977731,34743,32588.972139790672,47267.93731452901,5316.031047685197,0,0,0,0
1774276200,4489.1,4507.4,4459.3,4463.7,0,1,0,0,4610.988917440047,4355.711082559953,4346.168497433737,4448.63147956382,4243.705515303654,69.0592782933646,24711,29962.981426527116,48883.45820968601,3260.3442822635893,0,0,0,0
1774278000,4464.2,4488.9,4428.9,4448.5,0,1,0,0,4591.518280480043,4326.281719519956,4349.13757768296,4451.7483987145815,4246.5267566513385,68.4121869866957,25455,28460.32095101808,44944.472139790676,2162.551363537904,0,0,0,0
1774279800,4448.1,4458,4351,4364.9,0,1,0,0,4564.752689017183,4244.247310982817,4350.502731637044,4451.714208533395,4249.291254740693,71.16845934478887,31346,29422.213967345386,42690.48142652712,-413.96186152560676,0,0,0,1
1774281600,4364.6,4392.2,4354,4357.3,0,1,0,0,4495.420354087384,4250.779645912616,4350.912046152197,4450.955795446317,4250.868296858077,68.81356939158965,23418,27420.80931156359,44133.320951018075,-639.7997341804285,0,0,0,0
1774283400,4357.5,4394.3,4355.9,4377.2,1,0,0,0,4494.261757366858,4255.938242633142,4351.283235423955,4450.623949410801,4251.9425214371095,66.64117157790471,15012,23284.539541042395,41131.213967345386,326.0633616354919,0,0,1,0
1774285200,4377.7,4416.4,4372.6,4407.2,1,0,0,0,4513.91448898351,4275.08551101649,4352.017521841537,4450.760444653068,4253.274599030006,65.00965932234004,15821,20796.693027361598,34926.80931156359,1389.2131235311099,0,0,0,0
1774287000,4406.9,4441.3,4405.9,4428.2,1,0,0,0,4535.642025484688,4311.557974515312,4352.988588732055,4451.430084721704,4254.547092742407,62.894683656458646,13761,18451.462018241065,31195.039541042395,2022.8464252662773,0,0,0,0
1774288800,4428.3,4433.3,4403,4428.6,1,0,0,0,4524.149737950068,4312.150262049932,4353.690752233962,4451.870734828047,4255.510769639876,60.56649196671162,10708,15870.30801216071,27677.193027361598,1756.3972961782003,0,0,0,0
1774290600,4428.4,4469.8,4427.7,4451,1,0,0,0,4558.671185239348,4338.828814760652,4354.8513103934665,4452.996056838274,4256.706563948659,59.24745682623224,12836,14858.87200810714,23805.462018241065,2165.1824771712036,0,0,0,0
1774292400,4450.8,4453,4393.9,4412.2,0,1,0,0,4541.855386293681,4305.044613706319,4355.660037252036,4453.456032630254,4257.864041873818,59.236924195787104,13382,14366.581338738093,22288.308012160713,1012.8984435014409,0,0,0,0
1774294200,4412.2,4430,4399.3,4400.2,0,1,0,0,4515.797858701275,4313.502141298725,4356.192372243242,4453.653288899952,4258.731455586532,57.19857246751658,10649,13127.38755915873,21549.87200810714,497.00302629757846,0,0,0,0
1774296000,4400.4,4416.1,4385.4,4410,1,0,0,0,4499.058725936899,4302.441274063101,4356.45107926302,4453.710050700133,4259.1921078259065,55.30581729126544,5917,10723.925039439153,19691.081338738095,638.5727585306325,0,0,0,0
1774297800,4409.8,4416.5,4398.5,4409.6,0,1,0,0,4495.461674084263,4319.538325915737,4356.592599551836,4453.7560813294995,4259.429117774173,52.64111605617505,2988,8145.2833596261025,16085.88755915873,572.3586880642904,0,0,0,0
1774303200,4409.9,4424.8,4363.5,4416.5,1,0,0,0,4504.689411649672,4283.610588350328,4401.599999999999,4401.599999999999,4401.599999999999,53.25960776644827,11130,9140.188906417401,12217.925039439153,630.2425311534705,0,0,0,0
1774305000,4416.4,4433.7,4400.7,4428.8,1,0,0,0,4511.4187393889815,4322.981260611018,4409.780319841641,4419.388957980189,4400.171681703094,51.81249292598768,8067,8782.459270944933,13710.2833596261,845.4782129548507,0,0,0,0
1774306800,4428.8,4450.7,4425.5,4444.4,1,0,0,0,4525.567400861197,4350.632599138803,4418.492011449388,4434.460687511346,4402.52333538743,49.9116005741314,7704,8422.972847296622,13173.6889064174,1178.5711251868647,0,0,0,0
1774308600,4444.2,4448.4,4423.8,4443.1,0,1,0,0,4520.555443656825,4351.644556343174,4423.252172477549,4439.573724921052,4406.930620034045,48.10362910455054,8435,8426.981898197748,12634.459270944932,957.7907352239442,0,0,0,0
1774310400,4442.6,4448.3,4370.2,4380.4,0,1,0,0,4523.669340538481,4294.830659461519,4416.360030864197,4433.793919975401,4398.926141752993,50.2462270256541,14560,10471.321265465165,12640.472847296622,-284.3036080825948,0,0,0,1
1774312200,4380,4389.4,4333.2,4366.7,0,1,0,0,4465.4072447857325,4257.192755214267,4401.467707145229,4429.580664469341,4373.3547498211165,50.67149652382165,19367,13436.547510310109,15706.981898197748,-635.3272703002564,0,0,0,0
1774314000,4366.7,4377,4330,4357.5,0,1,0,0,4452.61387015818,4254.38612984182,4389.748118802605,4421.385232703542,4358.111004901668,50.409246772120106,23249,16707.365006873406,20154.821265465165,-914.0498948910107,0,0,0,0
1774315800,4356.9,4370.3,4309.1,4323.7,0,1,0,0,4447.0700222897385,4232.329977710262,4379.525089830035,4415.2714520570535,4343.778727603016,51.1800148598258,20943,18119.243337915603,25061.04751031011,-1775.6279667020876,0,0,0,0
1774317600,4323.3,4354.6,4306,4352.9,1,0,0,0,4431.093592126186,4229.506407873814,4373.256854712888,4409.419424764814,4337.094284660961,50.99572808412399,20076,18771.4955586104,27178.865006873406,-246.589656833935,0,0,0,0
1774319400,4352.4,4380.1,4345.3,4366.7,1,0,0,0,4454.858335545745,4270.541664454256,4372.167173204772,4406.256721285711,4338.077625123832,49.83889036382943,17889,18477.330372406934,28157.2433379156,543.0439631503007,0,0,1,0
1774321200,4366.3,4369.6,4349.6,4365.7,0,1,0,0,4441.161311578191,4278.03868842181,4371.505853856802,4404.606747666176,4338.404960047428,47.707541052127326,10143,15699.22024827129,27715.9955586104,462.89408361878645,0,0,0,0
1774323000,4365.2,4365.9,4335.4,4347.9,0,1,0,0,4435.617646465463,4265.682353534537,4370.193375870766,4402.696822710734,4337.689929030799,46.47843097697537,10364,13920.813498847527,23548.830372406934,-130.09245526555628,0,0,0,1
1774324800,4347.9,4357.8,4326.8,4339.7,0,1,0,0,4425.859243146501,4258.740756853499,4368.695387615277,4400.979827440162,4336.410947790391,45.372828764334265,9447,12429.542332565017,20881.22024827129,-294.714132118091,0,0,0,0
1774326600,4339.6,4350.2,4332.1,4334,0,1,0,0,4415.337154350323,4266.962845649678,4367.690869047047,4399.883368356245,4335.498369737849,43.42476956688178,6299,10386.028221710012,18644.313498847525,-375.1373014235676,0,0,0,0
1774328400,4333.9,4347.8,4319.9,4336.4,1,0,0,0,4411.273786182443,4256.426213817557,4365.991671889109,4398.180957170522,4333.8023866076965,42.315857454961694,10191,10321.018814473342,15579.042332565019,-168.8440433258819,0,0,0,0
1774330200,4336,4375.4,4321.9,4349.8,1,0,0,0,4440.07208716941,4257.227912830589,4364.627794896105,4395.838153493418,4333.417436298792,43.114724779607286,17305,12649.012542982227,15481.528221710014,334.5534962481968,0,0,1,0
1774332000,4349.2,4399.6,4345.2,4388.6,1,0,0,0,4465.481223800168,4279.318776199832,4365.5529979604535,4395.834981818526,4335.271014102381,43.920815866778234,16255,13851.008361988152,18973.51881447334,1430.2831102273317,0,0,0,0
1774333800,4388.7,4406.9,4375.5,4403.7,1,0,0,0,4471.439707814441,4310.9602921855585,4367.171666598559,4397.385081775698,4336.958251421419,43.02647187629405,13286,13662.672241325434,20776.51254298223,1803.2282709732094,0,0,0,0
1774335600,4403.3,4427.4,4401.4,4414,1,0,0,0,4490.115442970552,4338.684557029447,4369.995021947683,4401.349757810841,4338.6402860845255,41.810295313701616,15606,14310.448160883623,20494.00836198815,2101.853240842426,0,0,0,0
1774337400,4413.7,4436.9,4400.7,4419.7,1,0,0,0,4499.014339901227,4338.585660098773,4372.447573670655,4404.827119315694,4340.0680280256165,41.40955993415149,13685,14101.965440589081,21465.672241325436,1939.867656898272,0,0,0,0
1774339200,4419.8,4423.5,4392.6,4398.1,0,1,0,0,4484.488315622568,4331.6116843774325,4373.872569855074,4406.216606160082,4341.528533550067,40.65887708171207,12652,13618.643627059388,21152.94816088362,745.0130301078412,0,0,0,0
1774341000,4398,4416.3,4393.1,4413.8,1,0,0,0,4475.417721649527,4333.982278350473,4375.017415274613,4407.393657649185,4342.641172900041,39.411814433018336,10031,12422.762418039592,20427.965440589083,1244.1766954662085,0,0,0,0
1774342800,4414.4,4420.9,4397,4408.7,0,1,0,0,4478.355741531704,4339.544258468296,4376.031197277043,4408.436674474986,4343.625720079101,38.303827687802716,9160,11335.174945359728,18634.143627059388,794.2894157866356,0,0,0,0
1774344600,4408,4432.4,4405.8,4427.6,1,0,0,0,4488.601759993725,4349.598240006275,4377.228751070734,4410.035066756669,4344.4224353847985,37.46783999581677,8193,10287.783296906486,17002.76241803959,1195.4031295758969,0,0,0,0
1774346400,4428,4434.5,4416.4,4423.3,0,1,0,0,4488.626634279888,4362.2733657201115,4378.61906462033,4411.918748925102,4345.319380315559,36.08442285325845,9468,10014.522197937657,15431.67494535973,714.8861080804254,0,0,0,0
1774348200,4423,4442.9,4415.3,4439.9,1,0,0,0,4496.117588974181,4362.082411025819,4380.278852906983,4414.364698678002,4346.193007135964,35.47839264945424,10243,10090.681465291771,15021.783296906484,1139.462291372825,0,0,0,0
1774350000,4439.7,4443.3,4373.7,4414,0,1,0,1,4500.1734754760255,4316.8265245239745,4382.079808950806,4415.889673664021,4348.2699442375915,37.9156503173504,21274,13818.454310194513,15136.022197937657,148.6270598472811,0,0,0,0
1774351800,4413.7,4432.4,4390.6,4408.3,0,1,0,0,4489.689655799166,4333.310344200834,4383.170411818661,4416.769087182332,4349.571736454989,38.19310386611103,14202,13946.302873463008,20727.681465291767,-93.85275794790846,0,0,0,1
1774353600,4408.6,4428.1,4396,4401.9,0,1,0,0,4484.736823242084,4339.363176757916,4384.149826463944,4417.459263888741,4350.840389039147,37.75788216138884,14750,14214.201915642005,20919.454310194513,-407.9269133563972,0,0,0,0
1774355400,4401.9,4407.1,4362,4379.4,0,1,0,0,4464.523478724792,4304.5765212752085,4384.078374424274,4416.472648391058,4351.684100457491,38.282319149861095,22036,16821.467943761338,21321.302873463006,-1405.7668038807387,0,0,0,0
1774357200,4379.4,4390.8,4356,4357.7,0,1,0,0,4447.850373101593,4298.949626898408,4383.346828298588,4415.162672811074,4351.530983786101,38.033582067728176,19566,17736.31196250756,25232.201915642006,-2323.0972436683865,0,0,0,0
1774359000,4357.7,4384.5,4350.5,4381.4,1,0,0,0,4441.118203594336,4293.881796405664,4382.6794560084145,4413.64786106846,4351.711050948369,37.74546906289044,26931,20801.20797500504,26604.467943761338,-140.98806908275026,0,0,0,0
1774360800,4380.6,4415.6,4380.3,4409.7,1,0,0,0,4471.9561890518835,4323.943810948117,4383.573445057565,4414.081008635708,4353.0658814794215,37.57079270125543,22114,21238.805316670027,31201.81196250756,1588.0956883891376,0,0,1,0
1774362600,4409.5,4434.7,4400.2,4416.1,1,0,0,0,4490.727175548177,4344.172824451823,4385.246993944925,4415.861602016704,4354.632385873146,37.35145036545147,25015,22497.536877780018,31858.20797500504,1721.99309225537,0,0,0,0
1774364400,4416.1,4421.4,4396.1,4413.7,0,1,0,0,4476.135948723307,4341.364051276693,4386.089292454868,4416.525213262517,4355.653371647219,36.49063248220488,17311,20768.691251853346,33746.30531667003,1214.4740798455148,0,0,0,0
1774366200,4414.1,4431.7,4409.9,4412.7,0,1,0,0,4484.861952385928,4356.738047614072,4386.872417946914,4417.337772538079,4356.4070633557485,35.44130159061883,12964,18167.127501235565,31153.036877780018,868.3792894821044,0,0,0,0
1774368000,4412.8,4427.3,4402.8,4422.1,1,0,0,0,4479.289670072648,4350.8103299273525,4387.503730110769,4417.963831311237,4357.0436289103,34.65978004843177,11190,15841.418334157044,27250.69125185335,1058.0726650283686,0,0,0,0
1774369800,4422.1,4428.8,4409.5,4422.2,1,0,0,0,4479.143979353173,4359.1560206468275,4388.082326330332,4418.577344584933,4357.587308075731,33.56265290211523,9758,13813.612222771362,23762.127501235565,810.5156487695879,0,0,0,0
1774371600,4422.5,4427.7,4388.3,4400.5,0,1,0,0,4478.669409399375,4337.330590600625,4388.6011406007,4418.784141133404,4358.418140067996,33.97960626624983,16912,14846.408148514241,20720.418334157042,-290.119163440959,0,0,0,1
1774373400,4400.9,4400.9,4371.4,4389,0,1,0,0,4451.389451585133,4320.910548414866,4388.562402219588,4418.354357335465,4358.770447103711,33.65963439008913,15040,14910.938765676161,22269.612222771364,-867.851342136601,0,0,0,0
1774375200,4388.7,4410.4,4383.6,4407.4,1,0,0,0,4460.1544907576235,4333.8455092423765,4388.780146770653,4418.3414495628,4359.218843978506,33.16966050508271,10859,13560.292510450774,22366.40814851424,-49.26737064809265,0,0,0,0
1774377000,4407.4,4424.4,4384.3,4390.4,0,1,0,0,4474.8970271320795,4333.802972867921,4389.0191775570775,4418.298778381091,4359.739576733064,33.66468475471962,13286,13468.86167363385,20340.43876567616,-624.2086968492728,0,0,0,0
1774378800,4390.1,4412,4389.3,4407.8,1,0,0,0,4461.322239479788,4339.9777605202125,4389.17968157901,4418.329295602133,4360.030067555887,32.88149298652535,7032,11323.2411157559,20203.292510450774,-42.910680175500204,0,0,0,0
1774380600,4408.1,4408.1,4394.9,4400.7,0,1,0,0,4455.313508088375,4347.686491911625,4389.30933333763,4418.328402984023,4360.290263691237,31.475672058916448,6676,9774.160743837267,16984.86167363385,-436.58499334654766,0,0,0,0
1774382400,4400.8,4485.8,4397.7,4456.4,1,0,0,0,4539.080400367777,4344.419599632223,4390.640095633038,4420.591235904181,4360.688955361895,35.52026691185101,14751,11433.107162558177,14661.2411157559,473.36885821811984,0,0,1,0
1774384200,4456.4,4483.4,4448.4,4478.5,1,0,0,0,4536.6246574843635,4395.175342515636,4392.269548041933,4423.97910416576,4360.559991918107,35.48310498957594,13303,12056.404775038785,17149.660743837267,1126.423158116068,0,0,0,0
1774389600,4476,4489.7,4467,4472.4,0,1,0,0,4541.555039092624,4415.144960907376,4476.366666666667,4476.366666666667,4476.366666666667,34.570026061749076,8642,10918.269850025858,18084.60716255818,731.8594342221699,0,0,0,0
1774391400,4471.9,4487.7,4458.2,4487.6,1,0,0,0,4539.011822014579,4406.888177985421,4477.129717627031,4477.862448572257,4476.396986681805,34.20788134305271,9372,10402.846566683906,16377.404775038787,1003.2313824263927,0,0,0,0
1774393200,4486.9,4513.7,4474.6,4513.7,1,0,0,0,4565.535977584966,4422.764022415035,4487.077531703044,4498.717641924028,4475.43742148206,34.55731838997748,13187,11330.897711122603,15604.26985002586,1598.5885696006962,0,0,0,0
1774395000,4513.4,4555,4506.9,4549.7,1,0,0,0,4608.28697918604,4453.613020813959,4507.11340477244,4533.269512154373,4480.957297390507,35.5246527906934,20778,14479.931807415069,16996.346566683904,2697.7221399248324,0,0,0,0
1774396800,4549.8,4559.6,4540,4555.9,1,0,0,0,4611.180766387038,4488.419233612963,4517.953473740466,4547.711944747235,4488.195002733696,34.38717759135819,16631,15196.954538276712,21719.897711122605,2586.831462683055,0,0,0,0
1774398600,4556.1,4572.9,4548.4,4564.3,1,0,0,0,4623.42142593082,4497.878574069179,4525.326927819215,4557.049087273638,4493.604768364791,33.68095062054689,13845,14746.303025517807,22795.43180741507,2427.3896551423127,0,1,0,0
1774400400,4564.8,4579.4,4553.3,4575.9,1,0,0,0,4629.109181221475,4503.590818778524,4532.599103252609,4565.905963813821,4499.292242691397,33.139454147650646,16235,15242.535350345204,22119.45453827671,2494.0963800879235,0,0,0,0
1774402200,4575.8,4600.3,4574.4,4593.4,1,0,0,0,4649.233525419942,4525.466474580057,4540.932825571376,4577.676862376718,4504.188788766034,32.62235027996135,16981,15822.023566896803,22863.803025517806,2967.1184127508377,0,0,0,0
1774404000,4593.5,4595,4577.5,4585.5,0,1,0,0,4642.313273604232,4530.186726395768,4545.659466249819,4583.065328828776,4508.2536036708625,31.542182402821254,13553,15065.682377931202,23733.035350345206,1663.6740362981122,0,0,0,0
1774405800,4585.6,4601.6,4579.5,4581.7,0,1,0,0,4647.90161120393,4533.1983887960705,4549.089867244586,4586.731074399961,4511.4486600892105,30.86774080261976,11511,13880.788251954134,22598.5235668968,981.1056537391132,0,0,0,0
1774407600,4582,4584.5,4570.1,4573.8,0,1,0,0,4629.037210403649,4525.562789596352,4550.801458516369,4587.822326315841,4513.780590716898,29.69147360243261,9509,12423.525501302756,20821.182377931204,99.44171386657536,0,0,0,0
1774409400,4573.9,4576.4,4565.9,4568.8,0,1,0,0,4618.8809810891025,4523.419018910897,4551.615437871307,4588.067988346423,4515.162887396192,28.320654059401708,6522,10456.350334201838,18635.288251954134,-408.7072192116914,0,0,0,1
1774411200,4568.8,4573.6,4564,4572.6,1,0,0,0,4614.075196725596,4523.524803274405,4552.147305666206,4588.203040845499,4516.091570486913,26.983464483730184,4653,8521.900222801225,15684.525501302756,-348.87843976663726,0,0,0,0
1774413000,4572.6,4572.8,4564.4,4571.1,0,1,0,0,4611.284111245196,4525.915888754804,4552.5074880399225,4588.270939935106,4516.744036144739,25.65607416346378,3435,6826.266815200817,12782.850334201838,-528.6444544755707,0,0,0,0
1774414800,4571.2,4572,4552.2,4553.6,0,1,0,0,4609.856674727682,4514.343325272318,4552.755791812989,4587.879219747992,4517.632363877986,25.237783151787813,6287,6646.511210133878,10239.400222801225,-1139.5655197755395,0,0,0,0
1774416600,4553.7,4566.2,4548,4554.5,1,0,0,0,4603.302626532847,4510.897373467153,4552.93730898028,4587.14053103453,4518.734086926031,24.73508435523153,9425,7572.674140089252,9969.766815200817,-1065.0104402986622,0,0,0,0
1774418400,4554.6,4556,4532.1,4549.6,0,1,0,0,4593.013153209073,4495.086846790928,4552.522672177313,4585.744328781789,4519.301015572838,24.675435472714963,11305,8816.782760059501,11359.011210133878,-1258.2734928483935,0,0,0,0
1774420200,4550.1,4556.3,4541.7,4544,0,1,0,0,4592.233642265567,4505.766357734433,4552.337824901068,4584.976603423802,4519.699046378335,23.955761510378206,7087,8240.188506706334,13225.174140089252,-1463.1428129800083,0,0,0,0
1774422000,4543.9,4562.1,4543.1,4559.6,1,0,0,0,4597.5026678180275,4507.697332181973,4552.449006392061,4584.385399398854,4520.512613385268,23.60177854535119,8904,8461.45900447089,12360.282760059501,-649.2509661813338,0,0,0,0
1774423800,4559.7,4559.9,4536.5,4539.1,0,1,0,0,4595.281048688167,4501.1189513118325,4552.155934736369,4583.475819767138,4520.8360497056,23.587365792111793,8716,8546.306002980593,12692.188506706334,-1395.1615177778926,0,0,0,0
1774425600,4539.2,4568.1,4535.6,4565.2,1,0,0,0,4604.43597378187,4499.26402621813,4552.354175184685,4582.9285473674845,4521.779803001886,24.223982521246665,10881,9324.537335320396,12819.45900447089,-452.82892801704224,0,0,0,0
1774427400,4565,4567.3,4552.1,4555.7,0,1,0,0,4602.669118511737,4516.730881488264,4552.568061203001,4582.614334549243,4522.521787856759,23.579412341157603,8390,9013.024890213597,13986.806002980593,-983.2076454214158,0,0,0,0
1774429200,4555.7,4567,4553.1,4557.2,1,0,0,0,4601.332038618041,4518.767961381959,4552.733191302359,4582.414958111187,4523.051424493531,22.888025745360604,6117,8047.6832601423985,13519.537335320396,-863.7606391779705,0,0,0,0
1774431000,4556.9,4559.2,4525.9,4550.2,0,1,1,0,4594.647607288181,4490.452392711819,4552.399075910981,4581.465948832846,4523.332202989116,23.631738192120572,11076,9057.122173428266,12071.524890213597,-1032.1035362589578,0,0,0,0
1774432800,4550.5,4559.5,4549.6,4554.1,1,0,0,0,4593.47634962474,4515.623650375261,4552.445278475913,4581.176177267897,4523.714379683929,22.65089974982622,5981,8031.748115618844,13585.6832601424,-747.9079665959787,0,0,0,0
1774434600,4553.8,4561.3,4549.5,4557,1,0,0,0,4594.113753222972,4516.686246777028,4552.511502850621,4580.9723328636255,4524.050672837616,21.875835481981504,5013,7025.498743745896,12047.622173428266,-587.697539651997,0,0,0,0
1774436400,4557.5,4581.5,4554.5,4578.1,1,0,0,0,4614.8627708499025,4521.1372291500975,4553.061753924102,4581.283240904646,4524.840266943558,22.24184723326854,7937,7329.3324958305975,10538.248115618844,-11.17671697957826,0,0,0,0
1774438200,4578.3,4585.7,4570.7,4577.5,0,1,0,0,4618.286858646338,4538.113141353661,4553.798856451682,4581.918140640369,4525.679572262995,21.724572430892216,8295,7651.221663887065,10993.998743745897,-152.35709052920777,0,0,0,0
1774440000,4577.7,4582.8,4538.5,4543.3,0,1,0,0,4617.805654457315,4503.494345542686,4553.855783294094,4581.216309475278,4526.495257112911,23.337102971542784,15783,10361.814442591376,11476.832495830597,-1377.7761618309391,0,0,0,0
1774441800,4543.7,4553.5,4520,4542.2,0,1,1,0,4589.594536281792,4483.905463718208,4552.948430872274,4579.729416302572,4526.167445441976,24.063024187861156,18678,13133.876295060916,15542.721663887063,-1292.9845099870527,0,0,0,0
1774443600,4542.5,4569.8,4539.8,4567.5,1,0,0,0,4606.530640833093,4503.069359166908,4553.228290421599,4579.417200683792,4527.039380159406,24.487093888728218,15173,13813.584196707277,19700.814442591374,53.358936595804266,0,0,1,0
1774445400,4567.7,4576.3,4539.2,4543.2,0,1,0,0,4614.382023630729,4501.117976369271,4553.207209583782,4578.541450301039,4527.872968866525,25.388015753819083,22638,16755.056131138186,20720.376295060916,-1445.228660735294,0,0,0,1
1774447200,4543.5,4561.4,4531.2,4561.1,1,0,0,0,4599.99759337139,4492.602406628609,4553.105522732327,4577.78242951571,4528.428615948944,25.731728914260565,19148,17552.704087425456,25132.584196707277,-200.78116202623198,0,0,0,0
1774449000,4561.1,4577.8,4555.7,4565.4,1,0,0,0,4616.008479559149,4517.491520440851,4553.591056299582,4577.936734924512,4529.245377674652,25.47231970609912,14200,16435.13605828364,26329.056131138183,25.367937448294242,0,0,1,0
1774450800,4565.3,4567.7,4522.5,4559,0,1,0,0,4608.022159590638,4482.177840409362,4553.379328772927,4577.063787312944,4529.694870232909,26.881439727092026,22409,18426.42403885576,24652.70408742546,-344.1834423553531,0,0,0,1
1774452600,4559.3,4564.4,4552.1,4557.2,0,1,0,0,4603.15986247702,4513.34013752298,4553.496192846167,4576.883518201784,4530.10886749055,25.839908318013972,10835,15895.949359237173,27639.63605828364,-523.2849981382176,0,0,0,0
1774454400,4557.2,4563.3,4543.3,4553.7,0,1,0,0,4601.434158014376,4505.165841985624,4553.4945060898535,4576.5659151558775,4530.4230970238295,25.422772009584403,11557,14449.632906158115,23843.92403885576,-681.9028137138116,0,0,0,0
1774456200,4553.6,4559.5,4547.9,4553.4,0,1,0,0,4596.153146727635,4511.246853272364,4553.4962368845145,4576.377605655785,4530.614868113244,24.435431151756973,7184,12027.755270772077,21674.449359237173,-627.861756297031,0,0,0,0
1774458000,4553.4,4556.4,4540.5,4551.2,0,1,0,0,4592.138636247089,4504.76136375291,4553.408626457798,4576.053795699278,4530.763457216318,23.82575749806002,9491,11182.170180514719,18041.632906158116,-691.3158839776088,0,0,0,0
1774459800,4551.4,4562,4543.1,4548.2,0,1,0,0,4597.210876515155,4507.889123484845,4553.36308292814,4575.786071165239,4530.940094691041,23.473917676769993,9003,10455.780120343146,16773.25527077208,-758.0938010300325,0,0,0,0
1774461600,4548.1,4566.8,4542.7,4549.2,1,0,0,0,4602.077956764073,4507.422043235927,4553.351817368115,4575.500495784448,4531.203138951782,23.51863784271502,11379,10763.520080228764,15683.67018051472,-614.9934293629922,0,0,0,0
1774463400,4549.4,4555.6,4528.4,4536.2,0,1,0,0,4591.272388423782,4492.727611576218,4553.096265131818,4575.106654597471,4531.085875666165,23.78159228252114,9174,10233.680053485843,16145.280120343145,-961.7320583192457,0,0,0,0
1774465200,4535.6,4537.3,4484.4,4510.3,0,1,0,0,4576.0922178220835,4445.607782177916,4551.33806216087,4574.48737777412,4528.18874654762,25.86147854805538,20617,13694.786702323894,15350.520080228765,-1746.5237289958127,0,0,0,0
1774467000,4511.1,4531.5,4503.6,4528.4,1,0,1,0,4570.510630834791,4464.589369165209,4550.663625085885,4573.983265015984,4527.343985155785,26.007087223194254,11376,12921.857801549262,20542.18005348584,-782.982752980375,0,0,0,0
1774468800,4528.5,4539.8,4519.2,4521,0,1,0,0,4578.231300060878,4480.768699939122,4550.307740549595,4573.6348544604425,4526.980626638748,25.62086670725183,7661,11168.238534366175,19382.786702323894,-917.9307232772696,0,0,0,0
1774470600,4521,4522.5,4492.6,4503.9,0,1,0,0,4561.389778627958,4453.710221372043,4549.623741144753,4573.399796657676,4525.847685631829,25.926519085305245,8162,10166.159022910784,16752.357801549264,-1198.303128249403,0,0,0,0
1774476000,4499.9,4529,4496.6,4508.5,1,0,0,0,4568.583365868818,4457.016634131182,4511.366666666667,4511.366666666667,4511.366666666667,26.388910579211988,7176,9169.43934860719,15249.238534366177,-800.2168959829148,0,0,0,0
1774477800,4508.5,4531.7,4504.6,4514.1,1,0,0,0,4571.359554021045,4464.940445978955,4514.191651056997,4516.906157467316,4511.477144646678,26.439702680696804,7772,8703.626232404793,13754.159022910784,-498.17086840280655,0,0,0,0
1774479600,4514.1,4515.6,4492.7,4502.3,0,1,0,0,4554.880300162399,4453.419699837601,4510.453994179227,4515.990382952737,4504.917605405718,26.186866774932785,8073,8493.417488269863,13055.43934860719,-790.8691735891516,0,0,0,0
1774481400,4502,4508.3,4484.5,4495.4,0,1,0,0,4547.324564436513,4445.475435563487,4506.835643993584,4514.70385775139,4498.967430235778,26.016376291009028,7735,8240.611658846576,12740.126232404793,-834.4501249476175,0,0,0,0
1774483200,4495.4,4533.1,4495.1,4522.6,1,0,0,0,4573.40852411962,4454.791475880381,4509.888497716481,4517.9320440875235,4501.844951345438,26.87234941307981,13328,9936.407772564384,12360.917488269864,235.12160070490899,0,0,1,0
1774485000,4523,4536.5,4521.5,4532.9,1,0,0,0,4575.536486682504,4482.463513317496,4512.828093305631,4523.159661377183,4502.49652523408,26.02432445500268,7417,9096.605181709589,14904.611658846576,668.5687844199603,0,0,0,0
1774486800,4532.7,4541.6,4522.8,4530.3,0,1,0,0,4579.862451919468,4484.537548080532,4515.902982151456,4527.624320514243,4504.181643788669,25.50830127964536,10110,9434.403454473058,13644.907772564384,435.3678786461309,0,0,0,0
1774488600,4531.1,4534.6,4518.4,4532,1,0,0,0,4571.865133925221,4481.134866074779,4517.152931186343,4528.881073011905,4505.424789360782,24.843422616813598,6888,8585.602302982039,14151.605181709587,399.6169512691994,0,0,0,0
1774490400,4532.4,4532.4,4521.1,4524.2,0,1,0,0,4568.214052930562,4485.285947069438,4517.755734525865,4529.287408499477,4506.224060552252,23.876035287041145,5070,7413.734868654693,12878.403454473058,-14.435479653613726,0,0,0,1
1774492200,4524.2,4526.9,4501.6,4505.1,0,1,0,0,4562.866620578378,4465.633379421622,4517.070096070365,4528.164980727789,4505.9752114129415,23.977747052252436,8593,7806.823245769795,11120.602302982039,-616.1004376910766,0,0,0,0
1774494000,4505,4509.6,4495.7,4502.8,0,1,0,0,4544.486861965638,4460.813138034362,4515.834381628325,4527.1808123262035,4504.4879509304465,23.257907977091584,7730,7781.215497179864,11710.234868654692,-607.1669598337603,0,0,0,0
1774495800,4503,4514.9,4502.4,4512.4,1,0,0,0,4548.6342289680915,4468.665771031908,4515.524179581796,4526.648771501491,4504.3995876621,22.489485978727902,4958,6840.143664786576,11671.823245769796,-129.79683189482662,0,0,0,0
1774497600,4513,4518.8,4507.6,4517,1,0,0,0,4551.324641184657,4475.075358815344,4515.48436230693,4526.399370752491,4504.569353861369,21.683094123104468,3711,5797.095776524384,10260.215497179863,34.25062217126492,0,0,1,0
1774499400,4517.3,4520.8,4512.9,4516.9,0,1,0,0,4551.847881100039,4481.852118899961,4515.52499589677,4526.280915996771,4504.769075796768,20.698587400025616,2985,4859.730517682922,8695.643664786576,28.861090352143535,0,0,0,0
1774501200,4517,4518.9,4485.4,4490.4,0,1,0,0,4551.319461021464,4452.980538978535,4514.316383487365,4525.58766440169,4503.04510257304,21.612974014309504,7631,5783.487011788615,7289.595776524384,-531.548795096977,0,0,0,1
1774503000,4490.5,4492.7,4434.7,4435.1,0,1,0,0,4529.018070948502,4398.3819290514975,4504.992607097248,4529.101501669058,4480.883712525438,24.212047299001682,20028,10531.658007859076,8675.230517682921,-2214.4355442883434,0,0,0,0
1774504800,4434.9,4446.7,4411.8,4437.4,1,0,0,0,4484.163208737895,4374.336791262105,4494.983047259029,4528.633239978562,4461.332854539496,24.97547249193011,20523,13862.105338572717,15797.487011788613,-1633.1043355654458,0,0,0,0
1774506600,4436.8,4455.7,4427,4452.6,1,0,0,0,4493.562265256617,4389.137734743383,4491.017747052097,4526.009197129821,4456.026296974373,25.241510171077945,12930,13551.403559048478,20793.158007859078,-616.3894008959747,0,0,0,0
1774508400,4452.4,4456.7,4434.3,4444.6,0,1,0,0,4494.257817738287,4396.742182261713,4488.031413398928,4523.703612209991,4452.359214587865,25.038545158858064,11341,12814.602372698986,20327.105338572717,-824.3145872619785,0,0,0,0
1774510200,4444.2,4461.8,4443.8,4449.2,1,0,0,0,4498.603687899838,4406.996312100162,4486.061922987012,4521.721230980367,4450.402614993656,24.535791933225344,9944,11857.734915132658,19221.90355904848,-356.7195404076981,0,0,0,0
1774512000,4448.9,4455.7,4421.2,4424.5,0,1,0,0,4493.571281621278,4383.3287183787215,4482.410758043881,4519.292129361469,4445.5293867262935,25.247521080852103,13816,12510.489943421771,17786.602372698988,-1152.1022532983318,0,0,0,0
1774513800,4424.7,4437.1,4409.2,4424.8,1,0,1,0,4475.255475791188,4371.044524208813,4477.989806090814,4516.691507593055,4439.288104588574,25.43698386079128,16104,13708.326628947847,18765.734915132656,-867.8910197272489,0,0,0,0
1774515600,4424.4,4434.5,4415.5,4429.7,1,0,0,0,4471.96579894896,4378.03420105104,4475.791455026691,4515.059799047394,4436.5231110059885,24.97719929930619,9551,12322.551085965231,20562.48994342177,-384.90542433230064,0,0,0,0
1774517400,4429.1,4429.2,4411.7,4421,0,1,0,0,4465.918241881176,4374.981758118824,4473.4811065224,4513.474998717287,4433.487214327513,24.47882792078432,9767,11470.70072397682,18483.82662894785,-664.3662392455979,0,0,0,0
1774519200,4421.5,4445.4,4414.5,4439,1,0,0,0,4482.806224603949,4377.093775396051,4472.004511964826,4511.990240435015,4432.018783494636,24.9374830692997,8820,10587.133815984547,17206.05108596523,7.631728607406103,0,0,1,0
1774521000,4439.2,4444.1,4419.9,4440.6,1,0,0,0,4481.427208560811,4382.572791439189,4470.274090985496,4510.094062717793,4430.454119253198,24.884805707206915,11827,11000.422543989698,15880.70072397682,149.92061744111402,0,0,0,0
1774522800,4440.3,4453.4,4436.1,4439.6,0,1,0,0,4489.914550806467,4399.585449193533,4469.458014448388,4508.9509571614235,4429.9650717353525,24.3430338709778,7839,9946.615029326465,16500.633815984547,170.6808518611498,0,0,0,0
1774524600,4439.8,4449,4415.6,4420,0,1,0,0,4486.4849400345765,4378.115059965424,4467.783846776223,4507.314509797999,4428.2531837544475,24.989960023050788,11067,10320.076686217644,14919.922543989698,-400.9488947672535,0,0,0,1
1774526400,4420,4442.6,4413.2,4437.3,1,0,0,0,4480.557444317821,4375.242555682179,4466.047724364236,4505.413200394598,4426.682248333875,25.3049628785472,13523,11387.717790811763,15480.115029326465,501.59084799615493,0,0,1,0
1774528200,4436,4442.6,4425.4,4426.4,0,1,0,0,4479.689055437977,4388.310944562023,4464.713247936446,4503.882204300287,4425.544291572605,24.726036958651026,11490,11421.811860541175,17081.576686217646,-117.95829718309835,0,0,0,1
1774530000,4426.3,4451.3,4417.5,4445.2,1,0,0,0,4489.361265763836,4379.438734236164,4463.434464494521,4502.077557732388,4424.791371256654,25.374177175890253,14970,12604.541240360782,17132.717790811763,768.5385523745374,0,0,1,0
1774531800,4444.9,4458,4425.9,4450,1,0,0,0,4496.781889637848,4387.118110362152,4462.1423815394755,4499.736097815024,4424.548665263927,25.85459309189812,23077,16095.360826907188,18906.811860541173,1043.400855720558,0,0,0,0
1774533600,4449.9,4467,4433.8,4455.9,1,0,0,0,4506.568897520858,4394.2311024791425,4461.635660415212,4498.320538428495,4424.95078240193,26.379265013905385,18097,16762.573884604793,24143.041240360784,1222.9888572425007,0,0,0,0
1774535400,4456,4477,4442.3,4461.9,1,0,0,0,4517.460404840796,4401.839595159204,4461.559773449994,4497.10155744969,4426.017989450299,26.973603227197845,23156,18893.715923069863,25143.860826907192,1423.6056980807396,0,0,0,0
1774537200,4461.7,4466.8,4445.5,4451.2,0,1,0,0,4506.65251878074,4405.64748121926,4461.3144303188255,4496.257105949293,4426.371754688358,26.56834585382658,13575,17120.81061537991,28340.573884604797,577.3051588512843,0,0,0,0
1774539000,4450.6,4450.6,4429.7,4434.1,0,1,0,0,4489.909481724973,4390.390518275027,4460.462968013671,4495.033986984938,4425.891949042405,26.206321149981825,14895,16378.873743586606,25681.215923069863,-593.4484159609568,0,0,0,1
1774540800,4434.1,4439.4,4381.8,4392.6,0,1,0,0,4482.073090173189,4339.126909826811,4457.642606168883,4493.481338178023,4421.803874159742,28.44872678212594,21562,18106.582495724404,24568.31061537991,-1899.0896864238987,0,0,0,0
1774542600,4391.9,4392,4362.2,4385.2,0,1,0,0,4434.882155160818,4319.317844839182,4453.945893142302,4492.643625375773,4415.248160908832,28.588103440545556,21293,19168.721663816268,27159.873743586606,-1939.2712649355549,0,0,0,0
1774544400,4384.9,4398.5,4372.6,4378.9,0,1,0,0,4441.0941440779025,4330.005855922098,4451.472575955511,4491.642111851014,4411.303040060008,28.39609605193513,16275,18204.14777587751,28753.082495724404,-1862.8347880138724,0,0,0,0
1774546200,4378.7,4388.8,4373.3,4377.8,0,1,0,0,4430.01241950091,4332.08758049909,4449.922001027486,4490.995989883694,4408.848012171277,27.474946333939766,10299,15569.098517251674,27306.221663816264,-1489.0963720182297,0,0,0,0
1774548000,4377.5,4387.7,4364,4370.7,0,1,0,0,4428.50796096513,4323.19203903487,4448.480135231616,4490.458396494759,4406.501873968474,27.205307310086912,9211,13449.73234483445,23353.64777587751,-1366.3679504717115,0,0,0,0
1774549800,4370.8,4394.6,4369.9,4390.6,1,0,0,0,4435.139535181907,4329.360464818093,4447.694407908158,4489.997907881118,4405.390907935197,27.026356787937896,6071,10990.154896556302,20174.598517251674,-550.3180128075135,0,0,0,0
1774551600,4391.3,4396.4,4374.4,4377.2,0,1,0,0,4436.400996954628,4334.3990030453715,4446.87553617467,4489.532649328875,4404.218423020465,26.667331303085188,6252,9410.769931037534,16485.232344834454,-715.9303442950513,0,0,0,0
1774553400,4377.5,4384.8,4356.2,4361.4,0,1,0,0,4425.008068600726,4315.991931399274,4445.59366672876,4489.072446394321,4402.114887063199,26.805379067150557,8146,8989.179954025023,14116.154896556302,-900.4143539907693,0,0,0,0
1774555200,4361.4,4412.8,4348.4,4400.6,1,0,1,0,4457.036063700674,4304.1639362993255,4443.354279111898,4487.438591821153,4399.269966402643,29.4907091337827,20148,12708.78663601668,13483.769931037536,540.606776548635,0,0,1,0
1774557000,4400.6,4416.9,4368.4,4374.6,0,1,0,0,4463.172773436339,4322.12722656366,4442.460552539036,4486.762913562065,4398.158191516008,30.848515624226795,8401,11272.857757344455,19063.17995402502,134.30628616741774,0,0,0,0
1774562400,4375,4402.7,4370.5,4393,1,0,0,0,4449.117575333744,4324.082424666256,4388.733333333334,4388.733333333334,4388.733333333334,30.945050222496295,2124,8223.238504896304,16909.28663601668,337.4872504736902,0,0,0,0
1774564200,4392.6,4410,4389.4,4405.2,1,0,0,0,4455.30917709562,4344.09082290438,4394.283413333333,4400.626727608709,4387.940099057956,30.206118063746583,1626,6024.159003264203,12334.857757344456,482.6585475178357,0,0,0,0
1774566000,4405.2,4408.7,4383.8,4392.6,0,1,0,0,4453.440664445932,4339.059335554068,4394.506210559201,4399.835440407789,4389.176980710612,29.827109630621802,1585,4544.439335509469,9036.238504896304,428.6403864378557,0,0,0,0
1774567800,4393.5,4402.8,4390,4400.2,1,0,0,0,4445.716331271224,4347.0836687287765,4395.172061942102,4400.079017304775,4390.265106579429,28.61088751414883,1424,3504.292890339646,6816.659003264203,527.1870529788339,0,0,0,0
1774569600,4399.1,4406,4377.1,4386,0,1,0,0,4448.947307608993,4334.152692391008,4394.020250749523,4398.917812922261,4389.122688576786,28.631538405995315,1802,2936.8619268930975,5256.439335509469,456.8950247764336,0,0,0,0
1774571400,4386.4,4390.8,4369.4,4372.6,0,1,0,0,4432.972499922636,4327.227500077363,4391.574924611459,4398.963247740984,4384.186601481934,28.114999948424263,1498,2457.241284595398,4405.292890339646,382.36579516273576,0,0,0,0
1774573200,4372.6,4400.8,4371.9,4400.4,1,0,0,0,4443.05660707102,4329.64339292898,4391.502289747784,4398.379823359673,4384.624756135895,28.17107138067971,1558,2157.4941897302656,3685.861926893097,550.8058579969872,0,0,0,0
1774575000,4400,4414.7,4397.6,4410.8,1,0,0,0,4455.770420851661,4356.5295791483395,4393.449106331415,4401.777327097077,4385.120885565753,27.380280567773976,1587,1967.3294598201771,3236.2412845953986,637.6038271546872,0,0,0,0
1774576800,4412.1,4433.9,4411.6,4425.8,1,0,0,0,4474.511819362257,4370.988180637743,4397.646800643786,4410.662143999419,4384.631457288154,27.07454624150437,2122,2018.8863065467847,2950.9941897302656,732.278206495479,0,0,0,0
1774578600,4425.6,4435.4,4418.7,4426.1,1,0,0,0,4474.900260836381,4379.199739163619,4399.581414707435,4414.095563233763,4385.067266181108,26.333507224254046,1092,1709.9242043645231,3028.329459820177,684.7989323334962,0,0,0,0
1774580400,4425.8,4431.3,4415.1,4429.1,1,0,0,0,4469.7145279194965,4376.685472080504,4401.396936773805,4416.85224550573,4385.941628041879,25.609685279664458,1254,1557.9494695763487,2564.886306546785,662.271047725588,0,0,0,0
1774582200,4429.5,4440.5,4425.2,4431.6,1,0,0,0,4477.80991878239,4387.89008121761,4403.2777305266145,4419.987817929735,4386.567643123494,24.873279188259865,1140,1418.6329797175658,2336.924204364523,629.977106743942,0,0,0,0
1774584000,4432.3,4434.1,4426.1,4428.5,0,1,0,0,4469.602067440791,4390.59793255921,4403.898557118389,4420.885857608187,4386.911256628592,23.66804496052702,455,1097.4219864783772,2127.9494695763487,564.2042277195497,0,0,0,0
1774585800,4429,4444.3,4428.9,4440,1,0,0,0,4478.959062623591,4394.2409373764085,4404.981392349947,4422.72394294387,4387.238841756024,23.106041749060815,637,943.9479909855849,1646.1329797175658,569.7830128265321,0,0,0,0
1774587600,4439.5,4442.4,4434.8,4437.1,0,1,0,0,4475.39770100762,4401.80229899238,4405.758092107415,4423.993644961347,4387.522539253483,21.998467338413576,478,788.6319939903899,1415.9219864783772,513.3554590843743,0,0,0,0
1774589400,4438,4469.2,4438,4447.6,1,0,0,0,4503.280008078505,4403.919991921495,4409.6010892854465,4431.189515203456,4388.012663367437,22.720005385669708,1865,1147.4213293269265,1182.947990985585,531.9570812952568,0,0,0,0
1774591200,4448.2,4466.6,4445.8,4456.5,1,0,0,0,4500.474293215754,4411.925706784246,4411.34886350525,4434.309298978171,4388.388428032329,22.58286214383617,865,1053.280886217951,1721.1319939903897,521.9032924404928,0,0,0,0
1774593000,4456.4,4462.8,4448,4453.5,0,1,0,0,4495.840415128915,4414.959584871085,4412.741695284362,4436.59129622226,4388.892094346465,22.026943419276456,766,957.5205908119674,1579.9213293269268,463.4764987878657,0,0,0,0
1774594800,4452.8,4456.5,4441.3,4445.3,0,1,0,0,4488.808956905421,4408.991043094579,4413.686129334583,4437.884487133351,4389.487771535814,21.53930460361384,663,859.3470605413116,1436.280886217951,395.9538555331076,0,0,0,0
1774596600,4446,4450.3,4437.3,4442.1,0,1,0,0,4481.694031412177,4405.905968587824,4414.418791972978,4438.75296748579,4390.084616460167,20.92935427478428,624,780.8980403608745,1289.0205908119674,351.3062034013244,0,0,0,0
1774598400,4440.9,4445.7,4425.5,4428.7,0,1,0,0,4477.0158863113065,4394.184113688693,4415.079131035011,4439.234348026956,4390.923914043067,20.877257540871106,912,824.5986935739163,1171.3470605413117,278.24807291252364,0,0,0,0
1774600200,4428.8,4435.1,4419.3,4419.3,0,1,0,0,4465.871894431928,4388.5281055680725,4415.307789129648,4439.21446952881,4391.401108730486,20.514596287951754,644,764.3991290492776,1236.8980403608743,232.13313183501728,0,0,0,0
1774602000,4419.6,4431.2,4416.3,4430,1,0,0,0,4461.370330543932,4386.129669456068,4415.69224057114,4439.241183069153,4392.143298073128,20.113553695955176,1013,847.2660860328517,1146.5986935739163,295.86231852599826,0,0,0,0
1774603800,4430.3,4433.3,4422.7,4424.5,0,1,0,0,4462.451021219366,4393.548978780634,4415.903476005188,4439.277545637614,4392.529406372762,19.434014146244117,536,743.5107240219012,1270.8991290492777,251.65198645287103,0,0,0,0
1774605600,4424.8,4428.8,4419.2,4424,0,1,0,0,4456.897376846555,4391.102623153445,4416.0197777932735,4439.245351871173,4392.794203715374,18.731584564369566,412,633.0071493479342,1115.2660860328517,238.2133773272165,0,0,0,0
1774607400,4423.9,4424.9,4406,4410.1,0,1,0,0,4453.015421357514,4377.884578642485,4415.963326187316,4438.911440988021,4393.015211386611,18.743614238343145,705,657.0047662319561,949.5107240219013,180.39932826862156,0,0,0,0
1774609200,4409.4,4412.4,4399,4410.3,1,0,0,0,4439.942891260549,4371.457108739451,4415.753419016306,4438.463378310066,4393.043459722546,18.361927507032895,724,679.336510821304,985.507149347934,185.00633116793875,0,0,0,0
1774611000,4410,4420.8,4408.4,4414.9,1,0,0,0,4447.704113313367,4381.495886686633,4415.732233395164,4438.213155858474,4393.251310931854,17.936075542244872,618,658.8910072142027,1019.0047662319561,205.87309597464142,0,0,0,0
1774612800,4414.3,4428.8,4407.6,4423.6,1,0,0,0,4456.0538195052695,4380.346180494731,4415.867000724844,4438.002710056731,4393.731291392956,18.169213003513082,1002,773.2606714761351,988.336510821304,239.82934599665768,0,0,0,0
1774614600,4424.1,4439.3,4419.4,4432.6,1,0,0,0,4466.739260969179,4391.960739030821,4416.406740106822,4438.30204342509,4394.511436788554,18.292840646119334,1221,922.5071143174234,1159.8910072142028,273.55567795841466,0,0,0,0
1774616400,4433,4438.2,4413,4417.7,0,1,0,0,4466.379313757095,4384.820686242905,4416.717564299,4438.133245858718,4395.301882739282,18.78620917139651,1639,1161.3380762116155,1383.760671476135,156.46709722753266,0,0,0,0
1774618200,4416.4,4436.8,4408.2,4426.9,1,0,0,0,4466.030791345874,4378.969208654126,4417.48540067375,4437.857661330452,4397.113140017047,19.4871942305825,4098,2140.225384141077,1742.0071143174232,295.0664404397849,0,0,0,0
1774620000,4426.2,4465.9,4426.2,4450,1,0,0,0,4497.296449106882,4394.803550893117,4419.619725589024,4440.7054025892785,4398.534048588769,20.930966071255163,2976,2418.816922760718,3210.3380762116158,432.3174886070386,0,0,0,0
1774621800,4448.9,4511.6,4447.3,4506.9,1,0,0,0,4547.6431313135345,4411.256868686466,4424.696428386141,4451.831347070529,4397.561509701753,24.02875420902266,3310,2715.8779485071454,3628.2253841410775,654.2515502730505,0,0,0,0
1774623600,4507.8,4552.5,4488.2,4540.1,1,0,0,0,4592.857907648282,4447.842092351718,4431.821120856087,4468.735040795731,4394.907200916443,26.905271765521057,3369,2933.585299004764,4073.816922760718,708.9696055666732,0,0,0,0
1774625400,4540.8,4549.8,4518.4,4521.3,0,1,0,0,4590.639485673404,4477.560514326596,4435.960950418681,4477.115515315618,4394.806385521744,27.226323782269592,2132,2666.3901993365093,4400.377948507145,464.87219714565055,0,0,0,0
1774627200,4522.1,4531.3,4515.1,4526.4,1,0,0,0,4570.95809383959,4475.44190616041,4437.887857059804,4480.586617729856,4395.189096389753,26.43872922639318,1126,2152.926799557673,3999.5852990047642,415.28847245676184,0,0,0,0
1774629000,4526.6,4526.6,4504.2,4515.5,0,1,0,0,4565.825372851048,4464.974627148952,4440.2750593214505,4484.393947206369,4396.156171436532,26.150248567365136,1639,1981.617866371782,3229.3901993365093,267.4425641781324,0,0,0,0
1774630800,4515.1,4521,4485.1,4492.5,0,1,0,0,4561.269989075973,4444.830010924027,4441.599333431268,4486.093129532437,4397.105537330099,26.846659383981887,1217,1726.7452442478545,2972.426799557673,149.3676647638637,0,0,0,0
1774632600,4490.9,4499,4484.1,4485.8,0,1,0,0,4537.989989856261,4445.11001014374,4442.279322350953,4486.820008048415,4397.738636653492,25.9933265708403,782,1411.8301628319032,2590.117866371782,98.95096980533722,0,0,0,0
1774634400,4486.4,4508.8,4486.2,4507,1,0,0,0,4547.469276295099,4447.530723704901,4443.128232985461,4487.892879380589,4398.363586590333,25.77951753006599,815,1212.8867752212689,2117.7452442478548,152.22338977791338,0,0,0,0
1774636200,4506.2,4526.2,4506.2,4513.6,1,0,0,0,4564.25004227402,4468.149957725979,4444.2492450985565,4489.553204953929,4398.945285243184,25.36669484934699,884,1103.2578501475125,1819.3301628319032,155.48055031003818,0,0,0,0
1774638000,4514,4520.9,4503.9,4519,1,0,0,0,4558.053610683019,4466.746389316981,4445.367873047697,4491.163706361,4399.572039734394,24.76907378867935,920,1042.1719000983417,1654.8867752212686,151.73816992201682,0,0,0,0
1774639800,4520,4523.2,4497.9,4510.1,0,1,0,0,4560.410495634232,4460.689504365768,4446.18472850357,4492.264764351913,4400.104692655227,24.806997089487982,736,940.1146000655611,1563.2578501475125,95.07937212943025,0,0,0,0
1774641600,4511.8,4516.5,4500.2,4500.9,0,1,0,0,4552.799031660358,4463.900968339642,4446.578331411909,4492.759519389803,4400.397143434015,24.199354440238857,389,756.4097333770408,1410.1719000983417,50.843149718992514,0,0,0,0
1774643400,4504.4,4508.4,4487.1,4488.9,0,1,0,0,4544.388386541761,4451.111613458239,4446.968386445809,4493.1647943300695,4400.771978561549,23.992257694507458,481,664.6064889180271,1134.6146000655613,5.964691161896603,0,0,0,0
1774821600,4517.8,4539.6,4491.1,4535,1,0,0,0,4578.449930360207,4452.250069639794,4521.900000000001,4521.900000000001,4521.900000000001,25.89995357347126,15070,5466.404325945351,996.9097333770408,505.04579123095056,0,0,0,0
1774823400,4535.4,4539,4508.4,4511.9,0,1,0,0,4578.353506763049,4469.0464932369505,4521.147177373182,4522.166628058269,4520.127726688094,26.2356711753662,8218,6383.602883963567,8199.606488918027,-188.07924954183056,0,0,0,1
1774825200,4512.3,4521.6,4493.1,4500.2,0,1,0,0,4561.196113422832,4453.5038865771685,4517.0296603387005,4524.1320819059265,4509.927238771475,26.39740894855433,7949,6905.401922642378,9575.40432594535,-475.6510211783808,0,0,0,0
1774827000,4500.1,4500.8,4470.5,4476.8,0,1,0,0,4540.814248178343,4430.485751821657,4507.827837660512,4524.202972346322,4491.452702974702,26.676165452229036,11439,8416.601281761585,10358.102883963567,-1216.8380161484627,0,0,0,0
1774828800,4477.3,4494.3,4445.4,4477.1,0,0,0,0,4536.695373308462,4403.004626691538,4496.107818710236,4517.536544676174,4474.679092744297,28.263582205641285,20979,12604.06752117439,12624.901922642377,-993.2142049497132,0,0,0,0
1774830600,4476.9,4486.9,4458.9,4461,0,1,0,0,4529.267132357857,4416.532867642142,4491.933743756123,4513.948803456553,4469.918684055692,28.244754905238334,11552,12253.378347449592,18906.101281761585,-1413.0253840109497,0,0,0,0
1774832400,4460.6,4496,4460.5,4477.4,1,0,0,0,4539.1444800465815,4417.3555199534185,4489.40356542726,4510.038538234596,4468.768592619925,28.76298669772131,16638,13714.918898299728,18380.067521174387,-387.59473594743866,0,0,0,0
1774834200,4477.8,4505.7,4474.3,4498.6,1,0,0,0,4549.1270171861115,4430.8729828138885,4489.833889858279,4509.178064083861,4470.489715632697,28.95134479074119,13032,13487.279265533152,20572.37834744959,522.5668873266419,0,0,1,0
1774836000,4498.9,4504,4494.2,4501.8,1,0,0,0,4545.375087387104,4452.824912612896,4490.505782479511,4509.369635645688,4471.641929313335,27.583391591402545,7422,11465.519510355434,20230.91889829973,655.4974357560279,0,0,0,0
1774837800,4501.9,4528.6,4487.8,4510.6,1,0,0,0,4571.391152573739,4445.008847426261,4492.432260397638,4511.159118568757,4473.705402226519,28.52743504915952,13058,11996.346340236956,17198.27926553315,814.6403175300061,0,0,0,0
1774839600,4510.6,4547.9,4508.1,4537,1,0,0,1,4591.898927389901,4464.101072610099,4495.679533223263,4516.556866899926,4474.802199546601,29.33261825993379,11525,11839.230893491304,17994.519510355436,1395.957994669804,0,0,0,0
1774841400,4537.3,4537.7,4522.9,4526.2,0,1,0,0,4580.141861147765,4480.458138852235,4497.200764061236,4518.745986270401,4475.655541852072,28.294574098509962,6562,10080.153928994203,17758.846340236956,678.0081582149528,0,0,0,0
1774843200,4526.1,4528.7,4516.3,4520.7,0,1,0,0,4569.438871065781,4475.561128934219,4498.220296751771,4519.880808493381,4476.55978501016,27.159247377187796,6176,8778.769285996135,15120.230893491305,297.8911281779422,0,0,0,0
1774845000,4520.4,4528.7,4515,4526.7,1,0,0,0,4567.996808846797,4475.703191153203,4499.009649355666,4520.776910884761,4477.242387826571,26.19787256453151,4829,7462.1795239974235,13168.153928994203,447.82762615460433,0,0,0,0
1774846800,4526.7,4545.4,4526.5,4534.3,1,0,0,0,4583.914893929168,4487.9851060708315,4500.400135338501,4522.858450860203,4477.941819816799,25.676595952779234,6136,7020.119682664949,11193.269285996135,590.1682836872008,0,0,0,0
1774848600,4534.7,4557.9,4532.2,4551.3,1,0,0,0,4596.417401505656,4493.682598494343,4502.8188922350155,4527.0151099886525,4478.622674481378,25.678267670437844,8765,7601.7464551099665,10530.179523997424,1002.5962206076775,0,0,0,0
1774850400,4551.7,4563.8,4545.8,4556.6,1,0,0,0,4601.494729969539,4508.105270030462,4505.39179728523,4531.573387406278,4479.210207164181,25.129819979692282,8713,7972.164303406645,11402.61968266495,1022.4032784225061,0,0,0,0
1774852200,4556.7,4579.1,4554,4560,1,0,0,0,4616.791534971715,4516.308465028285,4508.425381199203,4537.059597548908,4479.791164849498,25.127689981142858,9656,8533.442868937764,11958.246455109967,927.7216535376233,0,0,0,0
1774854000,4559.8,4562.8,4548,4550.5,0,1,0,0,4599.384996759449,4511.415003240551,4510.347474778391,4539.819773196682,4480.8751763601,24.389997839632667,8310,8458.961912625176,12800.164303406646,233.37647622400704,0,0,0,0
1774855800,4550.1,4555.6,4543.4,4555,1,0,0,0,4590.878925562346,4508.121074437654,4511.6544574275085,4541.533831502404,4481.775083352613,23.519283708230383,6457,7791.641275083451,12688.442868937764,400.85772600275016,0,0,0,0
1774857600,4554.9,4565,4552.4,4556.5,1,0,0,0,4599.109002307892,4518.290997692107,4513.059645375806,4543.535726002318,4482.583564749294,22.73933487192824,6336,7306.4275167223,11687.461912625176,366.3313425313062,0,0,0,0
1774859400,4556.2,4569,4555.9,4566.8,1,0,0,0,4602.076216428757,4522.8237835712425,4514.193630980807,4545.2490855497335,4483.1381764118805,22.050810952504822,4764,6458.951677814867,10959.64127508345,622.5870935623344,0,0,0,0
1774861200,4567,4569.5,4551.4,4556.2,0,1,0,0,4602.152915255275,4518.747084744725,4515.500714245671,4547.0162409887525,4483.985187502589,21.768610170183077,6413,6443.634451876578,9688.4275167223,104.54317254166926,0,0,0,0
1774863000,4556,4567.4,4552.1,4562,1,0,0,0,4599.359849879897,4520.140150120103,4516.667656087654,4548.583504392651,4484.751807782657,21.306566586598517,5857,6248.089634584386,9665.451677814868,257.5067240290349,0,0,0,0
1774864800,4562,4569.4,4556.7,4560.4,0,1,0,0,4600.437717745619,4525.66228225438,4517.510340202272,4549.7188287110985,4485.301851693446,20.691811830412895,4262,5586.059756389591,9372.134451876578,113.83305457304732,0,0,0,0
1774866600,4560.5,4564.7,4557.2,4561.1,1,0,0,0,4594.324309335218,4527.575690664782,4518.139324039772,4550.532870461979,4485.745777617565,19.749539556811975,3377,4849.706504259727,8379.089634584387,71.8279149739958,0,0,0,0
1774868400,4561.4,4577.9,4553.9,4573.5,1,0,0,0,4607.979715811273,4523.820284188726,4520.034285784938,4553.223431958117,4486.84513961176,20.05314387418255,9142,6280.471002839818,7274.55975638959,445.27144212110807,0,0,0,0
1774870200,4573.5,4610.8,4567.6,4589.1,1,0,0,0,4643.3597361104685,4535.040263889532,4524.363372429939,4560.59983311373,4488.126911746148,21.706490740312354,16209,9589.980668559878,9420.706504259726,863.6948532539633,0,0,0,0
1774872000,4589.5,4598.4,4574.6,4596.2,1,0,0,0,4631.184040674006,4541.815959325994,4527.226396184735,4565.1015939227755,4489.351198446694,21.856027116004277,11856,10345.320445706586,14384.971002839817,962.1669835525674,0,0,0,0
1774873800,4595.9,4608.3,4593.5,4599.7,1,0,0,0,4640.328037768721,4561.47196223128,4529.832234470081,4569.4259584977835,4490.238510442378,21.352025179146843,9982,10224.213630471057,15517.980668559878,962.8712384265202,0,0,0,0
1774875600,4599.7,4609,4589.1,4597.9,0,1,0,0,4640.872463642383,4557.227536357617,4532.529475589148,4573.573633297614,4491.4853178806825,21.248309094922043,11447,10631.809086980704,15336.320445706584,618.2145441889757,0,0,0,0
1774877400,4598.1,4604,4546.5,4553.8,0,1,0,0,4639.756573382213,4510.743426617787,4535.271556535621,4575.827394072553,4494.715718998689,23.837715588141897,24401,15221.539391320468,15947.713630471055,-1338.2779111742354,0,0,0,1
1774879200,4553.4,4566.1,4542.1,4549.3,0,1,0,0,4601.873960997769,4506.3260390022315,4536.236479259118,4575.8388673816335,4496.634091136602,23.849307331846045,18780,16407.692927546977,22832.309086980702,-1457.379644376826,0,0,0,0
1774881000,4549.2,4572,4547.5,4569.3,1,0,0,0,4607.843678069357,4511.656321930643,4537.428609389765,4576.52746505948,4498.329753720051,23.895785379571326,15673,16162.795285031318,24611.539391320468,-32.84783672219089,0,0,0,0
1774882800,4569.4,4574.1,4554.4,4561.3,0,1,0,0,4609.494129635832,4519.005870364168,4538.187240852281,4576.954002099369,4499.420479605194,23.59608642388771,10617,14314.196856687546,24244.192927546977,-491.49470800965014,0,0,0,0
1774884600,4561.2,4587.3,4557.4,4578.2,1,0,0,0,4623.3695489475585,4521.330451052441,4539.439921586634,4578.0973788348065,4500.782464338462,24.046365965038625,12994,13874.131237791697,21471.29528503132,243.68852289141682,0,0,1,0
1774886400,4578.4,4579.9,4566.4,4566.6,0,1,0,0,4614.839581165589,4531.46041883441,4540.117120014072,4578.629330907852,4501.604909120291,23.293054110393008,8223,11990.420825194464,20811.196856687544,-529.7971577233848,0,0,0,1
1774888200,4566.5,4578.7,4561,4569.3,1,0,0,0,4613.040325368047,4526.659674631953,4540.665746554172,4579.026711934726,4502.304781173618,22.893550245364924,7242,10407.613883462976,17985.631237791695,-372.79833844681514,0,0,0,0
1774890000,4569.1,4572.2,4548.7,4557.2,0,1,0,0,4606.605302127472,4514.294697872528,4541.124078367233,4579.122222806544,4503.125933927921,22.936868084981715,9800,10205.075922308652,15611.420825194466,-816.831580735236,0,0,0,0
1774891800,4557,4559.6,4540.3,4545,0,1,1,0,4593.615637689796,4506.284362310204,4541.296032982001,4578.852184994696,4503.739880969306,22.67709179319732,9817,10075.7172815391,15307.613883462978,-1280.5413362839333,0,0,0,0
1774893600,4544.8,4553.4,4540.8,4543.9,0,1,0,0,4586.3359492833815,4507.864050716618,4541.367353304163,4578.6441920961815,4504.090514512144,21.957299522254612,6262,8804.478187692734,15113.57592230865,-1117.545512855577,0,0,0,0
1774895400,4544.3,4549.6,4528,4528.6,0,1,0,0,4582.497667191712,4495.102332808288,4541.266730012559,4578.235930964997,4504.29752906012,21.93177812780788,7134,8247.652125128488,13206.7172815391,-1422.6044553053875,0,0,0,0
1774897200,4528.5,4535,4522.6,4531.5,1,0,0,0,4566.876405249447,4490.723594750553,4541.041152922399,4577.683014131413,4504.3992917133855,21.250936832964435,8415,8303.434750085658,12371.478187692734,-982.0640125333479,0,0,0,0
1774899000,4531.8,4548.8,4527.9,4543.6,1,0,0,0,4580.638804874487,4496.061195125513,4541.022229110792,4577.294080360202,4504.750377861382,21.225869916324154,8854,8486.956500057106,12455.152125128487,-337.2828855283927,0,0,0,0
1774900800,4543.4,4547,4531.6,4536,0,1,0,0,4578.214604526309,4500.3853954736915,4540.998794751105,4577.120648437777,4504.876941064434,20.809736350872402,3687,6886.971000038071,12730.434750085658,-446.1763355857302,0,0,0,0
1774902600,4536,4540.9,4530.5,4540.7,1,0,0,0,4570.999275631571,4500.400724368428,4540.9775375914605,4576.994599524604,4504.960475658317,20.06618375438149,2614,5462.647333358715,10330.456500057106,-254.0427471746715,0,0,0,0
1774908000,4540.7,4553,4530.6,4543.5,1,0,0,0,4583.349327372174,4500.250672627826,4542.366666666667,4542.366666666667,4542.366666666667,20.23288491478279,4961,5295.431555572476,8193.971000038073,-148.41593331092332,0,0,0,0
1774909800,4543.6,4548,4536.1,4539.3,0,1,0,0,4577.456518274162,4506.643481725839,4541.94859871197,4542.532410609115,4541.364786814825,19.637678849441137,2544,4378.287703714984,7943.147333358715,-206.08108825698827,0,0,0,0
1774911600,4539.2,4539.2,4520.2,4533.5,0,1,1,0,4568.598909826007,4490.801090173993,4536.933034119975,4542.42028061623,4531.445787623719,19.599273217338226,6309,5021.8584691433225,6567.431555572475,-343.2391017186858,0,0,0,0
1774913400,4533.3,4549.8,4531.8,4542.1,1,0,0,0,4579.02755912415,4502.572440875851,4538.307443891707,4543.257988338666,4533.356899444749,19.485039416099784,6489,5510.905646095548,7532.787703714984,23.831266243594342,0,0,1,0
1774915200,4541.6,4556.5,4510,4539,0,1,0,0,4588.6220191867105,4477.8779808132895,4536.971517930429,4541.032876713948,4532.910159146911,21.414679457806944,15028,8683.270430730365,8266.358469143323,-54.55000010094082,0,0,0,1
1774917000,4539,4577.3,4533.2,4576.3,1,0,0,0,4611.852589244802,4498.647410755198,4544.602459448419,4556.698455910257,4532.506462986581,23.035059496535045,15263,10876.513620486909,13024.905646095547,1175.4583245492681,0,0,1,0
1774918800,4576.7,4615.2,4560.6,4611,1,0,0,0,4653.134547155888,4522.665452844112,4559.168247625503,4584.371039796585,4533.96545545442,25.28969810392536,20228,13993.675746991272,16314.770430730363,2151.10972282922,0,0,0,0
1774920600,4611.3,4649.6,4608.2,4635,1,0,0,0,4689.260650930468,4568.539349069532,4576.184567794845,4613.81692968717,4538.55220590252,26.44043395364502,22012,16666.45049799418,20990.51362048691,2921.6015776700997,0,0,0,0
1774922400,4634.7,4637.2,4607.5,4612.5,0,1,0,0,4677.209890149719,4567.4901098502805,4580.529980381148,4618.47920777925,4542.580752983045,26.673260099813216,10468,14600.30033199612,24999.67574699127,1607.8722290978112,0,0,0,0
1774924200,4612.4,4618.3,4595.6,4597.8,0,1,0,1,4657.884183710455,4556.015816289546,4582.743857204618,4619.493741258145,4545.99397315109,26.3894558069694,10810,13336.866887997414,21900.45049799418,607.5666778558668,0,0,0,0
1774926000,4597.5,4607,4585.6,4590.9,0,1,0,0,4646.049599159707,4546.550400840293,4583.5731032591575,4619.130812580838,4548.015393937477,26.03306610647156,8660,11777.911258664943,20005.30033199612,190.5743696307968,0,0,0,0
1774927800,4591.5,4595.5,4578.4,4585.8,0,1,0,0,4633.592484934014,4540.307515065986,4583.714313025482,4618.429045092925,4548.999580958039,25.394989956009333,6078,9877.940839109962,17666.866887997414,-90.07593961781475,0,0,0,1
1774929600,4585.9,4598,4585.4,4589.9,1,0,0,0,4634.721593153013,4548.678406846987,4584.00816857815,4618.055908308674,4549.960428847626,24.48106210200869,5339,8364.960559406642,14816.911258664943,31.780610302024,0,0,1,0
1774931400,4589.7,4597.4,4588.1,4593.2,1,0,0,0,4632.49505078494,4553.00494921506,4584.254664589597,4617.858881105529,4550.650448073666,23.39670052329373,3826,6851.973706271095,12547.440839109962,106.92036829372773,0,0,0,0
1774933200,4592.9,4599.1,4575.5,4589.9,0,1,0,0,4634.216832871731,4540.38316712827,4584.454788389616,4617.199531764855,4551.710045014376,23.41122191448706,7441,7048.31580418073,10277.960559406642,-57.00734704410934,0,0,0,1
1774935000,4589.6,4610.1,4586.6,4597.2,1,0,0,0,4645.2263448094645,4551.473655190536,4585.289552184252,4617.173074212736,4553.406030155768,23.417563206309413,9578,7891.54386945382,10572.473706271096,190.12934612227787,0,0,1,0
1774936800,4597.7,4597.8,4581.5,4589.6,0,1,0,0,4632.1637487516455,4547.136251248355,4585.493151069523,4616.634031309862,4554.352270829185,22.909165834430183,7624,7802.36257963588,11837.31580418073,-257.52608218787947,0,0,0,1
1774938600,4589.5,4594.8,4583.3,4586.6,0,1,0,0,4627.941338126528,4550.158661873473,4585.579176442565,4616.231064547909,4554.9272883372205,22.09422541768517,5272,6958.90838642392,11703.54386945382,-389.3699855870501,0,0,0,0
1774940400,4586.7,4593.4,4572.1,4581.6,0,1,0,0,4626.456242546061,4539.043757453939,4585.45857844261,4615.535824744418,4555.3813321408015,22.037495030707607,6550,6822.60559094928,10438.36257963588,-516.6231468292096,0,0,0,0
1774942200,4581.5,4596.3,4581.4,4594.7,1,0,0,0,4628.591510935628,4549.1084890643715,4585.621231199525,4615.251210605016,4555.991251794034,21.527673957085675,5480,6375.070393966186,10233.90838642392,-12.515064274978954,0,0,0,0
1774944000,4594.6,4603.7,4590.6,4602.5,1,0,0,0,4635.088545868798,4559.211454131202,4586.048459700132,4615.29336803581,4556.8035513644545,20.92569724586523,5967,6239.046929310791,9562.605590949279,280.39434682823605,0,0,1,0
1774945800,4602.5,4605.5,4597.7,4598.9,0,1,0,0,4635.482221163884,4567.717778836116,4586.431257715039,4615.386073758407,4557.47644167167,19.988147442589156,4988,5822.031286207194,9358.570393966187,-37.84767698340846,0,0,0,1
1774947600,4599.3,4603,4591.2,4592.6,0,1,0,0,4632.104919652178,4562.095080347822,4586.636798895334,4615.2973847638805,4557.976213026788,19.403279768118516,4378,5340.687524138129,8733.04692931079,-314.33462037924977,0,0,0,0
1774949400,4592.5,4592.7,4580.3,4585,0,1,0,0,4621.054568248451,4551.945431751549,4586.615887000389,4614.8021793515745,4558.429594649204,18.903045498967167,6631,5770.791682758753,8011.031286207194,-681.0273535905045,0,0,0,0
1774951200,4584.9,4591.5,4584.5,4590.3,1,0,0,0,4618.57924194499,4557.42075805501,4586.651378552317,4614.60548527242,4558.697271832213,18.052827963326656,3388,4976.527788505836,8656.18752413813,-352.06692018875117,0,0,0,0
1774953000,4590.1,4590.6,4559,4576.8,0,1,1,0,4619.130724663205,4530.469275336795,4586.0946457965965,4613.452501817235,4558.736789775958,19.02048310880335,10755,6902.685192337223,7464.791682758754,-753.1307318941853,0,0,0,0
1774954800,4577,4614.1,4571,4605.5,1,0,0,0,4645.210672901548,4539.889327098453,4586.794404342545,4613.381627146984,4560.207181538106,20.740448601031712,15011,9605.456794891481,10354.027788505835,284.77916116760036,0,0,1,0
1774956600,4605.5,4623.9,4599.2,4613,1,0,0,0,4655.434910551437,4567.665089448563,4587.96263697259,4614.463226824204,4561.462047120976,21.023273700958008,11215,10141.97119659432,14408.185192337221,515.5888493250644,0,0,0,0
1774958400,4612.8,4628.4,4601.6,4609.3,0,1,0,0,4660.553845512049,4569.446154487951,4589.389053564267,4615.775642686667,4563.002464441866,21.435897008032384,14576,11619.980797729548,15212.956794891481,200.73428659285048,0,0,0,0
1774960200,4609.6,4620.3,4598.8,4604.7,0,1,0,0,4652.460713689759,4566.639286310241,4589.998857442623,4616.1578573915,4563.839857493746,21.44047579317293,8734,10657.987198486366,17429.97119659432,-65.55591094902758,0,0,0,1
1774962000,4605.4,4617.9,4597.3,4603.3,0,1,0,0,4649.970662711919,4565.22933728808,4590.585378379129,4616.442831210888,4564.72792554737,21.38044180794625,9998,10437.991465657577,15986.98079772955,-190.8346395734339,0,0,0,0
1774963800,4603.2,4640,4598.5,4638.9,1,0,0,0,4674.226329661068,4564.273670338932,4592.926252656156,4619.4048440935485,4566.447661218764,22.817553107378664,19625,13500.327643771718,15656.987198486364,1392.4593749726596,0,0,1,0
1774965600,4638.9,4655.9,4632.8,4649.2,1,0,0,1,4690.156591828134,4598.543408171866,4596.429929844429,4625.2112277695005,4567.648631919358,22.837727885423003,20881,15960.551762514478,20250.49146565758,1961.348732068949,0,0,0,0
1774967400,4649.6,4661.4,4625.2,4629.6,0,1,0,0,4697.08826384041,4589.511736159589,4598.792704951408,4628.397893804412,4569.187516098405,23.792175893607062,18700,16873.701175009654,23940.827643771718,563.6539898635205,0,0,0,0
1774969200,4629.5,4656.1,4629.3,4640.1,1,0,0,0,4692.110530708953,4593.289469291048,4600.575692766369,4630.803508050609,4570.347877482129,24.00702047263514,14469,16072.134116673102,25310.55176251448,930.4775013706285,0,0,0,0
1774971000,4640.4,4654.4,4637.1,4639.9,0,1,0,0,4689.691921372599,4601.808078627401,4601.668203226234,4632.273033100951,4571.063373351518,23.52794758173258,9057,13733.756077782069,24108.201175009654,660.0670101557628,0,0,0,0
1774972800,4640.1,4650.3,4637.3,4648.4,1,0,0,0,4684.463926988842,4603.136073011158,4602.514347014618,4633.413151186774,4571.615542842462,22.77595132589454,7081,11516.17071852138,20600.634116673104,884.9344266962732,0,0,0,0
1774974600,4648.6,4682.8,4645.6,4668.8,1,0,0,0,4718.509360775353,4609.890639224647,4605.849924998098,4639.078042946432,4572.621807049763,23.806240516902058,20354,14462.113812347587,17274.25607778207,1676.5701934446379,0,0,0,0
1774976400,4668.9,4689,4666.7,4679.6,1,0,0,0,4724.547977862828,4631.152022137172,4608.689622599994,4644.171485612352,4573.207759587637,23.698651908551927,15707,14877.075874898392,21693.17071852138,1979.5680154920992,0,0,0,0
1774978200,4679.7,4698.6,4676.4,4685.4,1,0,0,0,4733.987408015483,4641.012591984517,4612.133425954144,4650.3511349458195,4573.915716962468,23.591605343655413,18517,16090.383916598928,22315.613812347587,1951.0786733243767,0,0,0,0
1774980000,4685.1,4700.9,4684.2,4694.8,1,0,0,0,4735.549021728662,4649.550978271337,4613.931718695188,4653.567061377487,4574.296376012888,23.099347819108583,9516,13898.922611065953,24135.575874898394,1986.9652035565005,0,0,0,0
1774981800,4695.1,4702.5,4690.7,4698.6,1,0,0,0,4735.938377319472,4657.261622680528,4615.176334036663,4655.792449492245,4574.560218581081,22.292251546315125,6512,11436.61507404397,20848.38391659893,1664.1037280469754,0,0,0,0
1774983600,4698.2,4712.3,4692.2,4703.4,1,0,0,0,4745.503493225225,4658.996506774775,4617.135056766416,4659.327349834812,4574.94276369802,22.135662150149784,9989,10954.076716029313,17154.922611065955,1450.6714361654795,0,1,0,0
1774985400,4703.7,4716.5,4703,4712.8,1,0,0,0,4748.778243709137,4670.721756290863,4618.951559363544,4662.682959507496,4575.2201592195925,21.5188291394248,8824,10244.051144019542,16431.11507404397,1583.0002931512913,0,0,0,0
1774987200,4713.2,4718,4698.5,4699.5,0,1,0,0,4750.061940587056,4666.438059412944,4620.143530711024,4664.725923030075,4575.561138391973,21.374627058037312,6364,8950.700762679695,15366.076716029314,699.6622632552107,0,0,0,0
1774989000,4699.5,4706,4694.7,4699,0,1,0,0,4736.982516259409,4663.717483740591,4620.894193538223,4665.929616915585,4575.85877016086,20.65501083960609,4382,7427.8005084531305,13426.051144019542,376.9605999183973,0,0,0,0
1774994400,4697.7,4714.7,4688.4,4702.7,1,0,0,0,4746.287336526594,4656.812663473405,4701.933333333333,4701.933333333333,4701.933333333333,21.05822435106281,7782,7545.86700563542,11141.700762679695,268.6492679219032,0,0,0,0
1774996200,4702.4,4726.3,4689.1,4709.6,1,0,0,0,4759.616812488981,4655.78318751102,4705.867016605593,4708.981773235041,4702.752259976144,22.211208325986885,12412,9167.91133709028,11318.80050845313,265.28666113863164,0,1,0,0
1774998000,4709.3,4712.8,4700,4711.3,1,0,0,0,4745.108468739768,4667.691531260232,4706.27869672175,4709.207924467607,4703.349468975893,21.538979159844978,4738,7691.274224726853,13751.86700563542,104.33998760216946,0,0,0,0
1774999800,4710.5,4728.8,4710.4,4724.1,1,0,0,0,4760.77214954407,4678.42785045593,4709.647550569227,4716.371515223112,4702.923585915342,21.314766362713232,7334,7572.182816484569,11536.91133709028,412.7110153346907,0,0,0,0
1775001600,4724,4750,4721.3,4749.5,1,0,0,0,4782.763424576637,4688.5365754233635,4718.849879326541,4733.972974451866,4703.726784201215,21.842283051090845,13864,9669.455210989712,11358.274224726854,1310.1442715340054,0,0,0,0
1775003400,4749.3,4750.7,4727.3,4738.4,0,1,0,0,4783.630322821162,4694.369677178838,4722.853316236651,4738.558544135601,4707.148088337702,21.95354854744147,11581,10306.636807326475,14504.182816484568,366.3626859151259,0,0,0,0
1775005200,4738.3,4752,4716.7,4735.4,0,1,0,0,4786.360299762508,4682.339700237492,4725.377502943034,4740.129825214544,4710.6251806715245,22.90686650833852,15626,12079.757871550983,15459.955210989712,-18.950135495007544,0,1,0,1
1775007000,4734.8,4735,4708,4719.5,0,1,0,0,4769.841706922329,4673.158293077671,4724.7953340545855,4738.653765540749,4710.936902568422,23.22780461488574,10776,11645.171914367322,18119.636807326475,-786.676931889325,0,0,0,0
1775008800,4719.7,4727.7,4710.2,4714.3,0,1,0,0,4761.928013570733,4675.9719864292665,4724.19383719237,4737.629676526112,4710.757997858627,22.818675713822472,7447,10245.781276244881,17467.75787155098,-1048.858352185263,0,0,0,0
1775010600,4714,4717.2,4704.6,4711.1,0,1,0,0,4750.333155458538,4671.466844541462,4723.273762173331,4736.663617655952,4709.88390669071,22.088770305692258,6845,9112.187517496588,15368.671914367322,-1187.3439722451283,0,0,0,0
1775012400,4710.8,4720.4,4708.7,4713.7,1,0,0,0,4752.4200729257855,4676.679927074214,4722.769575658736,4735.9430086856,4709.596142631873,21.346715283857083,5835,8019.791678331059,13668.281276244881,-1007.7082675905419,0,0,0,0
1775014200,4713.5,4715.3,4705.5,4707.7,0,1,0,0,4746.082924859658,4674.717075140342,4722.348403417025,4735.518165886017,4709.178640948033,20.52194990643873,3417,6485.52778555404,12029.68751749659,-1180.5364918314724,0,0,0,0
1775016000,4707.7,4708.1,4693.2,4698.7,0,1,0,0,4738.280573083969,4663.019426916031,4721.06262040871,4734.866454360001,4707.25878645742,20.12038205597886,6572,6514.351857036027,9728.29167833106,-1496.422917469839,0,0,0,0
1775017800,4698.8,4708,4695.1,4702.4,1,0,0,0,4737.406960720828,4665.693039279173,4720.250966910665,4734.302720348152,4706.199213473177,19.604640480551776,5034,6020.901238024017,9771.52778555404,-1237.9317803606973,0,0,0,0
1775019600,4702.7,4718,4700.8,4712.9,1,0,0,0,4747.14932066934,4671.65067933066,4719.760892904526,4733.616057250547,4705.905728558506,19.432880446226637,6357,6132.934158682679,9031.351857036027,-796.0568653073038,0,0,0,0
1775021400,4713,4730.1,4710.1,4710.5,0,1,0,0,4759.310083478673,4680.889916521328,4719.590715132456,4733.044509035288,4706.136921229625,19.473388985781874,7945,6736.956105788452,9199.401238024018,-878.3197311367024,0,0,0,0
1775023200,4710.6,4737.3,4709,4734.9,1,0,0,0,4767.455791801625,4678.844208198375,4720.052874984195,4733.20796695741,4706.897783010981,20.103861201083184,8801,7424.970737192301,10105.434158682678,-134.89938206390048,0,0,0,0
1775025000,4734.9,4759.9,4728.1,4757.4,1,0,0,0,4791.30894953008,4696.69105046992,4722.128259888182,4736.793814115775,4707.462705660589,20.939299686720044,11218,8689.313824794868,11137.456105788453,507.9443395982423,0,0,1,0
1775026800,4757.5,4759.3,4739.4,4749.7,0,1,0,1,4790.597595992217,4708.102404007783,4723.614891800478,4739.165288182552,4708.0644954184045,20.86506399481151,8832,8736.875883196579,13033.970737192303,-43.849667221211575,0,0,0,1
1775028600,4749.5,4774.3,4735.6,4739.3,0,1,0,0,4807.508481992773,4702.391518007227,4725.582733845715,4742.048465999128,4709.1170016923015,22.138987995182106,13234,10235.917255464386,13105.313824794868,-495.9076331670757,0,0,0,0
1775030400,4739.4,4763.3,4736.4,4757.9,1,0,0,0,4797.018590421861,4702.681409578139,4726.780570848293,4743.807544352913,4709.7535973436725,22.479060281240567,8170,9547.278170309592,15353.875883196579,-4.291055834150939,0,0,0,0
1775032200,4757.6,4767.7,4753.1,4756,0,1,0,0,4800.574405391728,4720.225594608272,4727.802296162468,4745.480316802239,4710.124275522698,21.916270261151915,6033,8375.852113539728,14320.917255464388,-194.22512463785552,0,0,0,0
1775034000,4756.1,4757.8,4741.2,4747,0,1,0,0,4790.104805006605,4708.895194993395,4728.327245279917,4746.084687083722,4710.569803476113,21.536536671069662,4900,7217.2347423598185,12563.778170309592,-538.2354167136068,0,0,0,0
1775035800,4746.7,4755.4,4740.2,4750,1,0,0,0,4787.025890363275,4708.574109636725,4728.83233172796,4746.647923381483,4711.016740074437,21.08392690885039,4993,6475.823161573212,10825.852113539728,-460.28371831927404,0,0,0,0
1775037600,4750.5,4756.6,4742.3,4755.5,1,0,0,0,4787.499041051614,4711.400958948387,4729.293346215527,4747.214084019273,4711.372608411781,20.599360701075376,4153,5701.548774382141,9713.734742359818,-358.8909316649565,0,0,0,0
1775039400,4755.5,4766.1,4753.2,4758.5,1,0,0,0,4796.1741095479265,4723.125890452074,4730.11764290654,4748.457442757406,4711.777843055674,20.049406365284316,5766,5723.032516254761,8552.323161573211,-284.1795490935601,0,0,0,0
1775041200,4758.6,4774,4755.3,4772.3,1,0,0,0,4803.929530294503,4725.370469705497,4731.2117182545735,4750.337579130308,4712.085857378839,19.953020196335423,6374,5940.021677503174,8584.548774382141,91.87687733032067,0,0,1,0
1775043000,4772.7,4791.3,4771.8,4780.5,1,0,0,0,4821.180992416324,4741.919007583676,4733.3908467102865,4754.698935846087,4712.082757574486,19.920661610882892,9847,7242.347785002115,8910.032516254762,329.0844011581148,0,0,0,0
1775044800,4780.3,4782.1,4751.8,4763.3,0,1,0,1,4813.093064386588,4720.806935613413,4734.904410010577,4756.800717481551,4713.008102539602,20.66204292439127,11090,8524.898523334743,10863.521677503173,-435.710814630753,0,0,0,1
1775046600,4763.2,4782.5,4751.5,4752.2,0,1,0,0,4814.600702644688,4719.399297355312,4736.986291936654,4759.232972659507,4714.739611213801,21.400468429791893,19671,12240.265682223162,12787.347785002115,-1127.5383393526336,0,0,0,0
1775048400,4752.6,4769.7,4743.2,4763.5,1,0,0,0,4802.34708102721,4710.5529189727895,4738.128722585918,4760.323554303226,4715.9338908686095,21.764720684806758,14184,12888.177121482107,18360.39852333474,-478.231783149359,0,0,0,0
1775050200,4763.3,4776.8,4757.8,4765.5,1,0,0,0,4809.150860953838,4725.449139046163,4739.78769421432,4762.341057880878,4717.2343305477625,21.567240635891988,16695,14157.118080988072,19332.265682223162,-312.4988346201458,0,0,0,0
1775052000,4765.2,4783.1,4751,4769.8,1,0,0,0,4816.579370885707,4717.520629114293,4741.661461806603,4764.555150196549,4718.767773416657,22.31958059047116,20481,16265.078720658714,21235.677121482106,-80.94166113982101,0,0,0,0
1775053800,4769.8,4796.9,4762.6,4788.6,1,0,0,1,4831.662987251013,4727.837012748987,4743.641360134313,4767.644838292778,4719.637881975847,23.17532483400888,15613,16047.719147105809,24397.61808098807,637.3726492373305,0,0,1,0
1775055600,4788.6,4803.8,4785.3,4800,1,0,0,0,4838.062059590226,4751.037940409774,4745.908411107167,4771.711215625102,4720.105606589232,22.841373060151103,14540,15545.14609807054,24071.578720658712,1256.4345542266483,0,0,0,0
1775057400,4800.2,4816.1,4796.8,4813.8,1,0,0,0,4849.982626762354,4762.917373237647,4748.141401017718,4776.03148250822,4720.251319527216,22.588417841568894,12428,14506.097398713693,23317.71914710581,1733.3942205463482,0,0,0,0
1775059200,4814.2,4818.6,4801.9,4804.8,0,1,0,0,4851.851724850757,4768.648275149243,4749.867855470557,4779.137180973987,4720.5985299671265,22.16781656717117,10335,13115.731599142462,21759.146098070538,739.0408432416477,0,0,0,0
1775061000,4804.6,4816.4,4803.1,4815,1,0,0,0,4848.701601647131,4770.798398352869,4750.806700299585,4780.8171145293845,4720.796286069785,21.534401098087464,5583,10604.821066094975,19673.597398713693,881.1422959228125,0,0,0,0
1775062800,4815.2,4821,4809.8,4812.2,0,1,0,0,4852.194344386622,4778.605655613378,4752.190935578864,4783.28788375991,4721.093987397818,20.796229591081204,8164,9791.214044063317,15907.231599142462,374.4300782573582,0,0,0,0
1775064600,4812.1,4813.6,4800.4,4800.6,0,1,0,0,4843.98046264472,4770.01953735528,4753.054132100502,4784.611984349091,4721.496279851914,20.253641763146884,6242,8608.142696042212,14686.821066094977,-347.190697314727,0,0,0,1
1775066400,4801.1,4802.7,4779.4,4780.9,0,1,0,0,4833.406858170098,4748.693141829902,4754.210524058688,4785.854067922455,4722.566980194921,20.471238780064976,13166,10127.428464028142,12912.21404406332,-1495.3514148666472,0,0,0,0
1775068200,4781,4793.5,4768.4,4779.4,0,1,0,0,4824.702796872233,4737.197203127766,4754.900928758146,4786.406143643608,4723.395713872684,20.801864581488932,10656,10303.61897601876,15191.142696042214,-1411.1458857967132,0,0,0,0
1775070000,4780,4795.6,4777.5,4792.6,1,0,0,0,4826.51331138136,4746.58668861864,4755.394252182373,4786.928336430471,4723.860167934275,20.608874254239748,6019,8875.412650679174,15455.42846402814,-874.5703371926501,0,0,0,0
1775071800,4792.1,4804.5,4783.2,4791.9,0,1,0,0,4835.487360568405,4752.212639431595,4756.222382716754,4787.896324369841,4724.548441063666,20.65824037893692,9199,8983.275100452784,13313.118976018763,-833.2982539962306,0,0,0,0
1775073600,4791.8,4797.3,4786.4,4788,0,1,0,0,4827.24183481352,4756.45816518648,4756.493618949746,4788.188370605655,4724.798867293836,19.961223209012893,3343,7103.183400301856,13474.912650679176,-895.3565467357513,0,0,0,0
1775075400,4788,4789.9,4779.8,4784.6,0,1,0,0,4818.785275183982,4750.914724816018,4756.68540699757,4788.357612404182,4725.013201590958,19.25685012265479,2891,5699.122266867904,10654.775100452784,-921.6297311940464,0,0,0,0
1775080800,4784,4799.7,4775,4798.1,1,0,0,0,4829.168469813698,4745.531530186302,4790.933333333333,4790.933333333333,4790.933333333333,19.64564654246515,5607,5668.414844578602,8548.683400301856,-543.9559215925362,0,0,0,0
1775082600,4797.8,4808.6,4796.1,4801.8,1,0,0,0,4837.302864827006,4767.397135172995,4796.579891786411,4802.196478910707,4790.963304662116,19.135243218003357,5667,5667.943229719068,8502.622266867904,-362.7502715013792,0,0,0,0
1775084400,4802,4824.6,4798.4,4820,1,0,0,1,4854.059803053648,4768.940196946352,4803.675596379127,4813.399888755585,4793.951304002668,19.639868702431745,7506,6280.628819812712,8501.914844578601,102.05173679691518,0,0,1,0
1775086200,4819.7,4825.7,4803.1,4809.3,0,1,0,0,4855.476959978387,4773.323040021613,4806.301936652951,4815.45864726789,4797.145226038011,19.85130665225801,7709,6756.752546541808,9420.943229719069,-338.5631710877417,0,0,0,1
1775088000,4808.9,4824.4,4800.1,4815,1,0,0,0,4854.653605694216,4769.846394305784,4808.171066849817,4816.558756974345,4799.78337672529,20.169070462810957,9911,7808.168364361205,10135.128819812713,-127.6558333901836,0,0,0,0
1775089800,4814.8,4821.6,4809.5,4811.3,0,1,0,0,4850.989062430344,4780.110937569656,4809.3248408443005,4817.217051990857,4801.432629697744,19.592708286895913,8734,8116.778909574136,11712.252546541808,-426.5364488872009,0,0,0,0
1775091600,4810.5,4812.9,4715,4724.3,0,1,0,0,4850.679129399605,4677.220870600395,4781.719332349082,4811.524107302451,4751.914557395713,25.186086266403322,40210,18814.519273049424,12175.168364361205,-3760.317176126362,0,0,0,0
1775093400,4724.6,4739.5,4677.5,4723.7,0,1,1,0,4781.2234772996335,4635.7765227003665,4763.134353703815,4802.723445577325,4723.545261830304,27.8156515330888,31999,23209.346182032947,28221.778909574135,-3165.2081483710826,0,0,0,0
1775095200,4723.5,4732.4,4706.2,4718.8,0,1,0,0,4773.950371778231,4664.649628221769,4759.057028565832,4798.867148225712,4719.246908905952,27.700247852153872,11984,19467.5641213553,34814.01927304942,-2816.4874754384655,0,0,0,0
1775097000,4718.3,4719.8,4683.7,4714.9,0,1,0,0,4762.250345222643,4641.249654777357,4753.524783046216,4794.529159723287,4712.520406369144,28.30023014842862,15097,18010.709414236866,29201.346182032947,-2444.057010821002,0,0,0,0
1775098800,4714.7,4727,4705.6,4719,1,0,0,0,4768.711034849597,4663.888965150403,4751.6868260573265,4792.425886117706,4710.947765996947,27.807356566397978,7697,14572.806276157911,27016.0641213553,-1844.1072817856962,0,0,0,0
1775100600,4718.9,4720.2,4702.7,4703.2,0,1,0,0,4760.806675217483,4662.093324782517,4750.01098834222,4790.805588416321,4709.216388268119,27.071116811655266,6171,11772.204184105274,21859.209414236866,-2008.4306725252243,0,0,0,0
1775102400,4703.6,4708.7,4688.6,4692.8,0,1,0,0,4748.5597698448055,4648.740230155195,4747.755776522026,4789.095109487647,4706.416443556405,26.573179896536995,6992,10178.802789403517,17658.306276157913,-1961.0151438109624,0,0,0,0
1775104200,4692.9,4699.6,4683.5,4698.9,1,0,0,0,4738.33764342732,4644.762356572681,4745.787474013888,4787.6001503895395,4703.974797638236,25.82509561821295,6282,8879.86852626901,15268.204184105274,-1335.0094975601976,1,0,0,0
1775106000,4699,4706.8,4692.3,4703.1,1,0,0,0,4744.324240325368,4654.775759674632,4744.469767542743,4786.360086825025,4702.5794482604615,25.016160216912024,5169,7642.912350846007,13319.802789403515,-898.0485342631664,0,0,0,0
1775107800,4703,4705.1,4612.3,4621.6,0,1,0,0,4749.886794587842,4567.513205412159,4731.66904818135,4782.838032435498,4680.500063927203,29.85786305856118,26511,13932.274900564003,11464.36852626901,-2860.706061650643,0,0,0,0
1775109600,4621.7,4625.6,4580.3,4618,0,1,0,0,4672.041309260139,4533.858690739861,4718.59529066655,4780.1410434034815,4657.049537929618,30.960872840092538,24019,17294.516600376002,20898.412350846003,-2437.8644829527975,0,0,0,0
1775111400,4617.9,4635.3,4608.3,4625,1,0,0,0,4681.316930027272,4562.283069972728,4713.371260308203,4777.042047237164,4649.700473379242,30.6779533515145,13118,15902.344400250668,25941.774900564003,-1567.0369333273857,0,0,0,0
1775113200,4624.7,4653.1,4623.2,4646.7,1,0,0,0,4699.033577882467,4577.266422117533,4710.166748833758,4774.167607593266,4646.16589007425,30.62238525497779,11137,14313.896266833779,23853.516600376002,-399.71980139944253,0,0,0,0
1775115000,4646.7,4677,4644.9,4668.4,1,0,0,0,4723.091893748005,4598.808106251995,4708.3575970097345,4771.75172481975,4644.963469199719,30.727929165336544,10129,12918.930844555853,21470.84440025067,428.0832148638765,0,0,1,0
1775116800,4668.1,4674.6,4654.5,4660,0,1,0,0,4719.553187051719,4609.5468129482815,4706.833903845231,4769.686518135833,4643.98128955463,29.968791367812532,9102,11646.620563037235,19378.396266833777,110.78927808599838,0,0,0,0
1775118600,4660,4669.5,4641.3,4646.4,0,1,0,0,4714.263673690882,4596.5363263091185,4705.254426162487,4767.858783138409,4642.650069186565,29.84244912725448,8091,10461.41370869149,17469.930844555853,-170.70311166885017,0,0,0,1
1775120400,4646,4657.7,4637.9,4646.6,1,0,0,0,4701.387696998676,4594.212303001324,4703.912754412147,4766.396644443176,4641.428864381117,29.1251313324506,6620,9180.942472460994,15692.120563037235,-13.059573049714572,0,0,0,0
1775122200,4646.3,4654.2,4640.5,4647.5,1,0,0,0,4696.235004355913,4598.464995644086,4702.929431668372,4765.306559645999,4640.552303690744,28.023336237275544,5055,7805.628314973997,13771.413708691493,138.3454215791761,0,0,1,0
1775124000,4647.9,4661.1,4629.3,4644.2,0,1,0,0,4703.53964690192,4586.860353098081,4701.615399357655,4763.884330112907,4639.346468602404,28.29309793461302,6727,7446.085543315998,11708.442472460994,145.53794758603726,0,0,0,0
1775125800,4644.1,4657.7,4639.2,4646.9,1,0,0,0,4699.090386408925,4597.809613591075,4700.620308857618,4762.732894737715,4638.507722977521,27.59359093928352,5614,6835.390362210665,11169.128314973997,303.95760745776204,0,0,0,0
1775127600,4646.9,4656.7,4639.5,4640.8,0,1,0,0,4696.976787379716,4599.223212620283,4699.790556236674,4761.795642259861,4637.785470213487,26.85119158647754,4643,6104.593574807111,10253.085543315998,196.15736169563934,0,0,0,0
1775129400,4640.8,4643.6,4618.7,4626.4,0,1,0,0,4683.667731138308,4578.632268861692,4697.669733955265,4759.902796058713,4635.436671851817,26.71182075887204,9576,7261.7290498714065,9156.890362210666,-259.1812884289907,0,0,0,1
1775131200,4626.5,4657,4620.5,4653.3,1,0,0,0,4698.116464628429,4579.383535371571,4696.106512779836,4758.098944115371,4634.114081444301,27.410976418952608,9440,7987.819366580938,10892.59357480711,544.4351667331055,0,0,1,0
1775133000,4653.1,4653.6,4626.4,4627.7,0,1,0,0,4694.693860012113,4585.306139987887,4694.5269882359025,4756.453082604187,4632.600893867618,27.39590667474176,8797,8257.546244387291,11981.729049871406,-229.0428978992311,0,0,0,1
1775134800,4628,4639.8,4605.4,4622.6,0,1,0,0,4681.644298582676,4563.555701417324,4690.680105157874,4753.063098996244,4628.297111319504,27.89619905511739,18947,11820.697496258193,12386.319366580938,-365.0686550850578,0,0,0,0
1775136600,4623.1,4678.4,4611.4,4673.1,1,0,0,0,4724.4339915410565,4565.366008458943,4687.914108148241,4748.649034899967,4627.179181396516,30.689327694037576,29151,17597.464997505464,17731.04624438729,1852.9642041359132,0,0,1,0
1775138400,4672.9,4702.7,4658.1,4692,1,0,0,0,4750.224420716695,4610.575579283305,4687.656156096474,4746.211544636899,4629.100767556049,31.682947144463423,29179,21457.976665003644,26396.197496258195,2777.470238281674,0,0,0,0
1775140200,4691.6,4726.5,4686.1,4707.4,1,0,0,0,4774.9583906655025,4637.641609334498,4689.109524299843,4745.608384425601,4632.610664174084,32.305593777001725,34154,25689.98444333576,32186.964997505464,3592.923392203782,0,0,0,0
1775142000,4708.3,4710.3,4683.9,4698.4,0,1,0,0,4758.12564847511,4636.07435152489,4689.473661377498,4744.764436258954,4634.182886496041,31.88376565007307,20184,23854.656295557175,38534.97666500364,2264.0775991941114,0,0,0,0
1775143800,4698.7,4702.5,4678.4,4687,0,1,0,0,4749.491673584031,4631.408326415969,4689.468810325314,4743.981877582854,4634.955743067773,31.32778238935359,13418,20375.770863704784,35781.984443335765,1264.0892498285675,0,0,0,0
1775145600,4687.1,4694.4,4668.6,4676.5,0,1,0,0,4740.79941118517,4622.20058881483,4689.223588920608,4743.059901343745,4635.38727649747,30.932940790113996,12544,17765.180575803188,30563.656295557175,567.94028531831,0,0,0,0
1775147400,4676.6,4697.8,4676.3,4686.1,1,0,0,0,4743.188738957659,4630.911261042342,4689.1577607514255,4742.279247076406,4636.036274426445,30.25915930510585,13383,16304.453717202125,26647.770863704784,1037.5515569590252,0,0,0,0
1775149200,4685.8,4695.5,4677.5,4679.1,0,1,0,0,4739.57525760354,4633.42474239646,4689.068519111546,4741.729686476244,4636.407351746849,29.38350506902686,8973,13860.635811468084,24456.680575803188,542.6839421872774,0,0,0,0
1775151000,4679.4,4686,4672.7,4675.8,0,1,0,0,4728.3520249175735,4630.347975082426,4688.890136968693,4741.137001127953,4636.643272809432,28.2346832783821,8571,12097.423874312057,20790.953717202126,231.3775728106496,0,0,0,0
1775152800,4676.2,4686.2,4674.3,4678.4,1,0,0,0,4726.801880280604,4633.698119719396,4688.792377412045,4740.771237780943,4636.813517043148,27.067920187069067,5591,9928.615916208038,18146.135811468084,291.442911284375,0,0,0,0
1775154600,4678.6,4699,4678.6,4695.4,1,0,0,0,4738.908888831989,4638.691111168011,4688.8208816396755,4740.463684636233,4637.178078643118,26.60592588799273,6925,8927.410610805358,14892.923874312059,777.6582183765873,0,0,0,0
1775156400,4695.7,4708.6,4690.9,4692,0,1,0,0,4747.554682486847,4651.945317513153,4688.944384356803,4740.213556835995,4637.675211877611,25.96978832456473,8056,8636.940407203572,13391.115916208037,473.72460724590127,0,0,0,0
1775158200,4691.8,4702.9,4687.8,4698.3,1,0,0,0,4740.690062309215,4650.009937690785,4689.024947234481,4740.019629063917,4638.030265405046,25.193374872810065,6001,7758.293604802381,12955.410610805358,624.0640170608367,0,0,0,0
1775160000,4698.4,4702.9,4690.4,4694,0,1,0,0,4739.330057858557,4653.9699421414425,4689.0700987062555,4739.89670424685,4638.243493165661,24.286705239037918,3711,6409.195736534921,11637.440407203572,376.38191061067687,0,0,0,0
1775161800,4693.8,4703.4,4692.4,4702.7,1,0,0,0,4738.406482297231,4657.393517702768,4689.13655097387,4739.807777405606,4638.465324542133,23.337654864820927,3553,5457.13049102328,9613.79360480238,565.1479642406654,0,0,0,0
1775426400,4675.8,4692.2,4640,4663.6,0,1,0,0,4731.423876418858,4600.776123581142,4665.266666666667,4665.266666666667,4665.266666666667,26.14925094590513,12314,7742.753660682187,8185.695736534921,173.92316618748555,0,0,0,0
1775428200,4662.7,4681.8,4635.5,4673.2,1,0,0,0,4723.182885246082,4594.117114753918,4664.401078297367,4665.284233376374,4663.517923218361,27.58859016405478,11829,9104.835773788125,11614.13049102328,376.85488763520914,0,0,0,0
1775430000,4673.2,4678.8,4635.6,4636.6,0,1,0,0,4721.855536299933,4592.544463700067,4661.3899635392945,4667.212832161078,4655.567094917511,28.70369086662228,6575,8261.557182525417,13657.253660682189,-236.7377147654198,0,0,0,1
1775431800,4637,4646.4,4630.6,4636.1,0,1,0,0,4688.072997992795,4588.927002007205,4657.195493878427,4667.668115496582,4646.722872260273,27.781998661863497,6609,7710.704788350278,12392.335773788127,-246.73264875145202,0,0,0,0
1775433600,4637.2,4655.7,4625.6,4629.5,0,1,0,0,4697.621355279024,4583.678644720976,4652.656379020021,4665.165376501917,4640.147381538124,27.947570186016065,10776,8732.469858900185,11566.057182525417,-477.08266316822557,0,0,0,0
1775435400,4629.5,4652.5,4628.6,4648.4,1,0,0,0,4693.987687044808,4587.1123129551925,4651.561459195371,4663.711052099503,4639.411866291239,27.658458029872033,6274,7912.979905933457,13098.704788350278,64.5233407918513,0,0,1,0
1775437200,4648.2,4669.1,4645.9,4667.6,1,0,0,0,4710.109995113036,4604.890004886964,4652.991837602847,4664.661707783158,4641.3219674225365,27.339996742024084,9877,8567.653270622304,11869.469858900185,815.9048228038631,0,0,0,0
1775439000,4667.1,4668,4647,4651.3,0,1,0,0,4708.330709747819,4606.669290252181,4653.241625568736,4664.323152424139,4642.160098713332,26.887139831879505,7323,8152.7688470815365,12851.479905933456,127.51158444103925,0,0,0,0
1775440800,4651.7,4697.7,4649.1,4686.5,1,0,0,0,4740.357087622975,4606.442912377025,4656.56583494364,4669.856112205767,4643.2755576815125,28.438058415316643,11223,9176.17923138769,12229.153270622304,839.7083154218324,0,0,0,0
1775442600,4687.1,4692.5,4669.6,4673.7,0,1,0,0,4734.563724221334,4627.536275778666,4658.388528845906,4672.490288209725,4644.286769482087,28.042482814222573,7467,8606.452820925128,13764.268847081536,247.4593587396662,0,0,0,0
1775444400,4673,4673.5,4650.8,4655.8,0,1,0,0,4715.01274391981,4609.28725608019,4658.523463230758,4672.041952696643,4645.004973764873,27.67516261320665,8067,8426.635213950085,12909.67923138769,-401.1294500858472,0,0,0,1
1775446200,4656,4667.9,4650.6,4666,1,0,0,0,4708.301119354109,4610.198880645891,4658.673069146916,4671.863488865137,4645.4826494286945,26.934079569406123,5204,7352.423475966723,12639.952820925128,-69.11949519753739,0,0,0,0
1775448000,4665.6,4674.1,4665.1,4672,1,0,0,0,4712.579610828816,4626.620389171185,4659.114722867677,4672.245554537863,4645.983891197491,25.653073885877113,4052,6252.282317311149,11028.635213950085,190.14345732814218,0,0,1,0
1775449800,4672,4685.3,4668.1,4684.1,1,0,0,0,4722.873924341044,4630.526075658957,4659.749625289508,4673.139449483211,4646.359801095805,25.04928289402873,3518,5340.854878207433,9378.423475966723,361.9566811862608,0,0,0,0
1775451600,4684.1,4704.4,4683.2,4693.1,1,0,0,0,4741.5615011738255,4646.038498826174,4661.891200191086,4677.245965401051,4646.536434981121,24.77433411588381,7512,6064.569918804956,8011.28231731115,566.7070736396524,0,0,0,0
1775453400,4693.2,4694.8,4677,4678.7,0,1,0,0,4731.214251089981,4640.585748910019,4662.733956338339,4678.356837010235,4647.111075666444,24.276167393320694,4814,5647.7132792033035,9096.854878207434,60.75830826909578,0,0,0,0
1775455200,4678.5,4688.6,4669.2,4682.9,1,0,0,0,4724.491804583554,4633.308195416446,4663.535088953482,4679.228336778457,4647.841841128507,23.927869722369255,5922,5739.142186135536,8471.569918804955,143.09990437344823,0,0,0,0
1775457000,4682.3,4693.3,4677.1,4691.3,1,0,0,0,4728.363818541871,4642.036181458129,4664.458200531454,4680.511512085209,4648.4048889777,23.375879027914294,5243,5573.76145742369,8608.713279203304,356.9051731457697,0,0,0,0
1775458800,4691.7,4692.3,4670.2,4676.1,0,1,0,0,4727.227117217452,4635.272882782548,4665.017381579198,4681.025713115477,4649.009050042919,23.284744811634727,5185,5444.174304949127,8360.642186135536,-89.60482032963728,0,0,0,1
1775460600,4676.1,4714.3,4675.4,4710.4,1,0,0,0,4750.900180273348,4638.799819726652,4666.751881769782,4684.1098569499245,4649.393906589639,24.400120182232286,7285,6057.782869966085,8166.26145742369,495.59134432336043,0,0,1,0
1775462400,4710.4,4722.2,4704.6,4717.3,1,0,0,0,4758.071595968109,4668.728404031891,4668.909858441559,4688.570807923776,4649.248908959342,23.914397312072797,6931,6348.855246644057,9086.674304949127,620.5930632759972,0,0,0,0
1775464200,4717,4724.6,4715.8,4722.7,1,0,0,0,4758.852196256102,4681.547803743899,4670.267674978972,4691.372500989205,4649.162848968738,22.83479750406761,4119,5605.570164429371,9523.282869966086,713.5501888702821,0,0,0,0
1775466000,4722.6,4730.2,4722.5,4729.1,1,0,0,0,4762.8306108092365,4689.869389190763,4672.016867024266,4695.003543193593,4649.030190854938,21.75374053949134,5006,5405.713442952914,8408.355246644056,930.9263540454831,0,0,0,0
1775467800,4728.9,4733.3,4717,4720.1,0,1,0,0,4765.3462814657205,4684.95371853428,4673.621684473928,4697.950637815856,4649.292731132001,21.364187643813402,5252,5354.475628635276,8108.570164429371,437.3710805735276,0,0,0,0
1775469600,4720.1,4724.2,4712.4,4716.1,0,1,0,0,4755.221547075312,4681.378452924688,4674.8350327446615,4699.883059692716,4649.7870057966065,20.68103138354103,4781,5163.31708575685,8031.713442952914,146.19260848104136,0,0,0,0
1775471400,4715.9,4723.3,4708.9,4716,0,0,0,0,4753.648579427076,4678.551420572924,4675.994446814243,4701.611270487379,4650.377623141107,20.23238628471671,5010,5112.211390504567,7744.975628635275,63.50803922870557,0,0,0,0
1775473200,4716.1,4723.3,4711.4,4714.8,0,1,0,0,4752.755823753713,4681.944176246287,4676.736957491942,4702.693014295402,4650.780900688483,19.637215835808412,3327,4517.140927003044,7668.317085756851,-41.81541545586333,0,0,0,1
1775475000,4714.9,4721,4703.3,4704.4,0,1,0,0,4750.248264914162,4674.051735085838,4677.628950565668,4703.78043266378,4651.477468467556,19.4988432761078,5069,4701.093951335363,6775.711390504566,-376.0966592060954,0,0,0,0
1775476800,4704.6,4713.5,4685.8,4692.2,0,1,0,0,4743.6269602774355,4655.673039722565,4678.411762052507,4704.318903253735,4652.504620851279,20.08464018495723,7787,5729.729300890242,7051.640927003045,-691.073626365331,0,0,0,0
1775478600,4692.4,4707.1,4691.8,4701.5,1,0,0,0,4736.714320257619,4662.185679742382,4679.064265608624,4704.84731711984,4653.281214097407,19.742880171746013,6019,5826.152867260161,8594.593951335362,-278.3409714305648,0,0,0,0
1775480400,4701.8,4703.7,4684.7,4694.2,0,1,0,0,4733.234725953504,4655.165274046496,4679.672287742628,4705.106406782691,4654.238168702565,19.68981730233558,8386,6679.435244840107,8739.229300890242,-592.2459349902915,0,0,0,0
1775482200,4694.3,4708,4686.2,4706.9,1,0,0,0,4737.760816956825,4656.439183043175,4681.078030837463,4706.179157413763,4655.976904261163,19.840544637883053,15214,9524.290163226739,10019.15286726016,298.77030726854105,0,0,1,0
1775484000,4707,4717.2,4685.8,4712.1,1,0,0,0,4748.199330031337,4654.800669968663,4682.770805947442,4707.73536176806,4657.806250126823,20.66622002089138,17030,12026.193442151158,14286.435244840108,456.12444566966997,0,0,0,0
1775485800,4712.4,4723.9,4700.6,4708.7,0,1,0,0,4755.181520743384,4669.318479256616,4684.528182187301,4709.651083055103,4659.405281319499,20.85434716225623,15959,13337.128961434106,18039.29016322674,82.60890635450346,0,0,0,0
1775487600,4709,4709.9,4679,4692.3,0,1,1,0,4742.257840690285,4646.642159309715,4685.014929937402,4709.551218939584,4660.478640935219,21.571893793523618,14346,13673.419307622737,20005.693442151158,-713.4989551860833,0,0,0,1
1775489400,4692.7,4696.3,4677.1,4693.5,1,0,0,0,4728.403709212408,4644.996290787592,4685.132085333258,4709.311221328512,4660.952949338004,21.402472808271916,8289,11878.612871748492,20510.128961434104,-595.7182903543325,0,0,0,0
1775491200,4693.6,4698,4687.7,4690.5,0,1,0,0,4728.914158554378,4656.785841445621,4685.267941178878,4709.228340312561,4661.307542045194,20.609439036252507,5587,9781.408581165662,17817.91930762274,-686.2206014864296,0,0,0,0
1775493000,4690.7,4696.7,4683.2,4685.6,0,1,0,0,4726.852432943351,4653.047567056648,4685.321649080461,4709.085728251637,4661.557569909284,20.10162196223447,4819,8127.272387443775,14672.112871748493,-768.3033367790397,0,0,0,0
1775494800,4685.7,4688,4670.1,4683.3,0,1,0,0,4717.9165448759695,4640.183455124031,4685.144069078548,4708.4872901427725,4661.800848014323,19.94436325064627,11010,9088.181591629183,12190.908581165662,-797.4823784754174,0,0,0,0
1775496600,4683.3,4688.7,4678.1,4680.6,0,1,0,0,4717.615363099114,4649.184636900886,4685.098412859097,4708.24434455066,4661.952481167535,19.276908732742925,5222,7799.454394419456,13632.272387443776,-801.9738966243523,0,0,0,0
1775498400,4680.7,4694.1,4677.3,4687.5,1,0,0,0,4722.749980020607,4648.650019979394,4685.124451117892,4708.018892888626,4662.230009347158,19.099986680404157,6783,7460.636262946304,11699.181591629183,-416.6254966813141,0,0,0,0
1775500200,4687.6,4690.9,4675.3,4685,0,1,0,0,4719.174981447705,4647.025018552295,4685.1016756487825,4707.808615599663,4662.3947356979015,18.849987631803824,5210,6710.424175297536,11190.954394419456,-439.5130141192121,0,0,0,0
1775502000,4685.4,4686.6,4672.6,4677.1,0,1,0,0,4714.355339915727,4644.8446600842735,4685.025404503116,4707.605811710505,4662.444997295727,18.503559943817834,3878,5766.28278353169,10065.636262946304,-589.7128403252275,0,0,0,0
1775503800,4677.1,4685.2,4675.3,4682.6,1,0,0,0,4712.033529921746,4648.466470078254,4684.982092377176,4707.44347953675,4662.520705217602,17.88901994783082,3533,5021.8551890211265,8649.424175297536,-307.1227477766863,0,0,0,0
1775505600,4682.7,4685.3,4679.1,4683.3,1,0,0,0,4710.881134927336,4653.518865072665,4684.967443067186,4707.3613988935185,4662.573487240853,17.054089951557177,1987,4010.236792680751,7532.782783531689,-241.13957573059804,0,0,0,0
1775507400,4683.3,4685.6,4675,4676.5,0,1,0,0,4710.48962528967,4650.110374710331,4684.927503691152,4707.251244556513,4662.603762825792,16.593083526445977,2220,3413.491195120501,6015.3551890211265,-337.7304060657392,0,0,0,0
1775512800,4678,4695,4675.5,4688.8,1,0,0,0,4720.201080626121,4650.298919373879,4686.433333333333,4686.433333333333,4686.433333333333,16.80072041741412,3847,3557.994130080334,5120.236792680751,-79.70698599056797,0,0,0,0
1775514600,4688.6,4690,4683.1,4685.3,0,1,0,0,4714.140289152827,4658.9597108471735,4686.326520477626,4686.470168880073,4686.182872075179,16.093526101884514,2127,3080.9960867202226,5336.991195120501,-164.92157982969348,0,0,0,0
1775516400,4685.1,4688.2,4679.6,4680.9,0,1,0,0,4711.537411356196,4656.2625886438045,4685.310791818789,4686.880259367321,4683.741324270257,15.558274237464152,2517,2892.997391146815,4621.494130080334,-253.1919892776895,0,0,0,0
1775518200,4680.8,4687.4,4678,4685.7,1,0,0,0,4710.077596259324,4655.322403740675,4684.849830460978,4686.3625604772205,4683.337100444736,15.118397506216686,3404,3063.331594097877,4339.496086720223,-40.82311247201578,0,0,0,0
1775520000,4685.7,4688.7,4675.7,4685.8,1,0,0,0,4711.150625097945,4653.249374902055,4684.354754655004,4685.761744694339,4682.94776461567,14.96708339862978,6168,4098.221062731918,4594.997391146815,-29.856125754825143,1,0,0,0
1775521800,4685.8,4689.7,4681.2,4681.8,0,1,0,0,4711.457723305234,4659.4422766947655,4684.332971409534,4685.608370627798,4683.057572191271,14.505148870156225,3949,4048.4807084879453,6147.331594097877,-199.99752791767702,0,0,0,0
1775523600,4681.6,4692.2,4653,4681.1,0,1,1,0,4716.603600212003,4628.596399787997,4679.860825837364,4684.400609071624,4675.321042603105,16.269066808002197,22234,10110.320472325297,6072.721062731918,-189.1776209250437,0,0,0,0
1775525400,4681,4689,4641.1,4651.8,0,1,0,0,4716.7926287682885,4613.307371231712,4674.08525106863,4683.682721840963,4664.487780296297,18.52841917885916,18997,13072.546981550197,15165.480708487945,-1241.825002604268,0,0,0,0
1775527200,4651.8,4660.4,4644,4659.6,1,0,0,0,4687.964583856267,4616.435416143732,4671.892614983239,4682.823350580707,4660.961879385771,18.37638923751205,8050,11398.364654366798,19608.820472325293,-641.7725076618689,0,0,0,0
1775529000,4659.4,4679.9,4658.6,4675.5,1,0,0,0,4707.777827866535,4630.722172133465,4671.83156978391,4682.15000622085,4661.51313334697,18.58521857768971,8735,10510.576436244532,17097.546981550197,112.89600515817403,0,0,1,0
1775530800,4675.9,4679.6,4664.3,4667.5,0,1,0,0,4707.125840161782,4636.774159838218,4671.736980396262,4681.697491614355,4661.776469178169,18.35056010785474,5959,8993.384290829688,15765.864654366796,-201.51017788621587,0,0,0,1
1775532600,4667.4,4676.5,4666.9,4674.9,1,0,0,0,4703.088280150227,4640.311719849773,4671.7753701236425,4681.550385864752,4662.000354382533,17.725520100150856,3330,7105.589527219792,13490.076436244533,96.0771381338696,0,0,1,0
1775534400,4674.7,4677,4670.7,4675.3,1,0,0,0,4702.364117282353,4645.335882717647,4671.85761056449,4681.484785795528,4662.230435333451,16.909411521568664,2967,5726.059684813195,10658.384290829688,119.87687628627884,0,0,0,0
1775536200,4675.2,4690.8,4674.8,4686.5,1,0,0,0,4716.0666803336135,4649.533319666387,4672.602537182853,4682.376337400545,4662.828736965161,16.84445355574233,6014,5822.039789875464,8589.089527219792,511.4427750570603,0,0,0,0
1775538000,4686.6,4687.5,4656.1,4658,0,1,0,0,4714.3262031669265,4629.273796833074,4672.255919342709,4681.80321097106,4662.708627714357,17.88413544461785,6739,6127.693193250309,8733.059684813195,-149.89453160523288,0,0,0,1
1775539800,4658.2,4671.8,4647.7,4667.9,1,0,0,0,4699.292188655004,4620.207811344996,4671.383560107418,4680.912815247396,4661.85430496744,18.328125770002316,10276,7510.462128833539,9191.539789875464,278.48976449081897,0,0,1,0
1775541600,4668.2,4674.2,4662.7,4666.3,0,1,0,0,4700.960603751075,4635.939396248925,4671.186457743686,4680.491510476365,4661.881405011008,17.840402500716436,6582,7200.974752555693,11265.693193250308,134.41993034052643,0,0,0,0
1775543400,4666.6,4681.7,4666,4678.6,1,0,0,0,4708.231274911712,4639.468725088288,4671.359830976606,4680.511637462298,4662.208024490914,17.687516607808107,5188,6529.983168370462,10801.46212883354,491.3701451578521,0,0,0,0
1775545200,4678.8,4682.7,4663.7,4664.9,0,1,0,0,4709.371898132304,4637.028101867696,4671.3224830905465,4680.28978557587,4662.355180605223,17.781265421536098,5338,6132.655445580308,9794.974752555694,38.54650884644934,0,0,0,0
1775547000,4664.4,4672.8,4661.6,4671,1,0,0,0,4698.766762551425,4635.6332374485755,4671.241127186289,4680.09253710992,4662.389717262658,17.311175034283504,3883,5382.770297053538,9198.983168370461,251.72774912401073,0,0,0,0
1775548800,4671,4717.9,4669.7,4705.1,1,0,0,0,4747.176279512038,4640.423720487962,4673.660124631348,4685.016979021511,4662.303270241184,19.517519674691812,13792,8185.846864702358,8074.155445580307,1126.4655278417708,0,0,0,0
1775550600,4705.2,4714.2,4703.1,4709.5,1,0,0,0,4742.574402404035,4674.725597595965,4675.017038541287,4688.056901058785,4661.977176023788,18.916268269356642,6005,7458.8979098015725,12278.770297053537,1132.7187394770244,0,0,0,0
1775552400,4709.3,4721.4,4707.6,4713.4,1,0,0,0,4749.226230803746,4679.773769196254,4676.525208640006,4691.364395551676,4661.686021728336,18.550820535831114,6260,7059.265273201048,11188.346864702358,1086.0457393577892,0,0,0,0
1775554200,4713.2,4714,4684,4696.6,0,1,0,0,4743.052928603479,4654.947071396521,4677.865433197351,4693.157214115085,4662.573652279618,19.368619068986032,10701,8273.176848800698,10588.897909801573,308.4060477369367,0,0,0,0
1775556000,4696.9,4706.7,4683.4,4694.1,0,1,0,0,4736.174147988944,4653.925852011055,4678.727408772064,4694.079469556017,4663.375347988112,19.6494319926299,9320,8622.117899200466,12409.765273201047,123.90582485890769,0,0,0,0
1775557800,4694.1,4697.8,4674.4,4677.4,0,1,0,0,4727.675994561163,4644.524005438837,4678.920183773442,4693.965196973344,4663.875170573539,19.91732970744209,8215,8486.41193280031,12933.1768488007,-473.57706401027497,0,0,0,1
1775559600,4677.7,4681.8,4653.9,4672.5,0,1,0,0,4712.531280663938,4623.168719336062,4678.410778393553,4693.2037128676475,4663.617843919459,20.487520442624835,10775,9249.274621866874,12729.617899200466,-594.7955189393628,0,0,0,0
1775561400,4672.8,4689.4,4671.9,4684.4,1,0,0,0,4719.811189187942,4641.488810812058,4678.514117650838,4693.098347276191,4663.929888025485,20.27412612529449,6146,8214.84974791125,13873.91193280031,-117.29417747355266,0,0,0,0
1775563200,4685.1,4696.5,4676,4691.8,1,0,0,0,4726.935389960232,4645.564610039768,4678.910579092195,4693.317035262152,4664.504122922238,20.29025997348774,8953,8460.899831940833,12322.274621866876,164.86202650970034,0,0,1,0
1775565000,4691.6,4694.1,4671.1,4676,0,1,0,0,4724.825719248787,4640.3742807512135,4678.961276786896,4693.122998425833,4664.799555147958,20.48381283252433,7628,8183.266554627222,12691.349747911248,-368.24537383636414,0,0,0,1
1775566800,4677.2,4688.6,4672.9,4683.5,1,0,0,0,4718.813167873874,4642.686832126126,4679.04483417733,4692.993999252268,4665.095669102392,20.1421119159155,7142,7836.177703084814,12274.899831940833,-43.99278803727657,0,0,0,0
1775568600,4683.5,4689,4660,4668.7,0,1,0,0,4720.1622273114535,4628.8377726885465,4678.631221964925,4692.220344904566,4665.042099025284,20.77481820763582,15771,10481.118468723209,11754.266554627222,-806.1169998166367,0,0,0,0
1775570400,4668.7,4674.8,4631.6,4670.5,1,0,1,0,4708.364925360635,4598.035074639365,4676.803700793185,4690.949374573802,4662.658027012569,22.37661690709039,25308,15423.412312482138,15721.677703084813,-565.489251597427,0,0,0,0
1775572200,4670.5,4687.5,4655,4658.7,0,1,0,0,4722.149573549162,4620.350426450838,4676.303142932119,4690.247202814806,4662.359083049432,23.099715699441077,14758,15201.608208321426,23135.11846872321,-968.6510374292052,0,0,0,0
1775574000,4658.2,4679.4,4649.9,4678.8,1,0,0,0,4714.735318295649,4614.56468170435,4675.994931547431,4689.700412927079,4662.289450167784,23.556878863766713,13349,14584.07213888095,22802.412312482138,90.43068381510358,0,0,1,0
1775575800,4679,4685.4,4666,4681.2,1,0,0,0,4720.289938417389,4631.110061582611,4676.042000608782,4689.5387869455335,4662.54521427203,23.259958944926208,9482,12883.381425920634,21876.108208321428,177.50932612628065,0,0,0,0
1775577600,4681.4,4695,4678.2,4688.4,1,0,0,0,4729.197799959004,4644.002200040995,4676.384431321892,4689.811134928903,4662.957727714882,22.79853330600292,9812,11859.587617280422,19325.07213888095,530.7283613549636,0,0,0,0
1775579400,4688.2,4689.9,4681.5,4682.3,0,1,0,0,4722.555099961933,4648.844900038067,4676.500856930263,4689.866868723864,4663.134845136661,21.7700666412884,4615,9444.725078186948,17789.381425920634,125.45531584617987,0,0,0,0
1775581200,4682.8,4699,4679.5,4686,1,0,0,0,4731.411878536081,4647.088121463919,4676.767785373065,4690.094645968883,4663.440924777246,21.607919024053512,7595,8828.150052124633,14167.087617280422,216.35097944748392,0,0,0,0
1775583000,4686,4712.7,4686,4701.7,1,0,0,0,4745.657458640646,4653.042541359354,4677.4608072646415,4691.173939714785,4663.747674814498,21.97163909376396,10146,9267.433368083088,13242.225078186948,732.961386098401,0,0,0,0
1775584800,4701.8,4712.2,4701.8,4706.5,1,0,0,0,4743.9283544520285,4670.0716455479715,4677.896454576786,4691.962980651177,4663.829928502395,21.15223630135225,5150,7894.955578722059,13901.15005212463,806.7551708405887,0,0,0,0
1775586600,4706.9,4712.6,4683.3,4688,0,1,0,0,4745.201329134026,4650.698670865974,4678.233633023485,4692.354914184545,4664.1123518624245,21.734219422684244,7139,7642.970385814706,11842.433368083088,209.1202887034749,0,0,0,0
1775588400,4688.4,4729.3,4686.6,4714.3,1,0,0,1,4764.14766276731,4651.7523372326905,4679.23817792754,4694.207695177066,4664.268660678014,23.231775178206785,11547,8944.313590543137,11464.45557872206,812.5228256948997,0,0,0,0
1775590200,4713.9,4745.5,4708,4727,1,0,0,0,4781.876401141074,4671.623598858926,4681.128509256514,4698.494674400533,4663.762344112495,24.25093409404916,15134,11007.542393695425,13416.470385814706,1137.2937307177572,0,0,0,0
1775592000,4726.8,4739.8,4723.2,4737.4,1,0,0,0,4775.356658202426,4687.643341797574,4681.9915898367735,4700.458792535527,4663.52438713802,23.704438801617105,6389,9468.028262463617,16511.313590543137,1280.6053389303017,0,0,0,0
1775593800,4737.7,4743.4,4728.8,4733.1,0,1,0,0,4777.981182616538,4694.218817383462,4682.771048582554,4702.182913816161,4663.359183348946,23.0541217443587,5771,8235.685508309078,14202.042393695425,833.6651653155524,0,0,0,0
1775599200,4745.6,4779.6,4742.6,4762.4,1,0,0,0,4816.693241001071,4705.506758998929,4761.533333333334,4761.533333333334,4761.533333333334,24.728827334047363,12081,9517.457005539385,12353.528262463617,1150.557913765316,0,0,0,0
1775601000,4762.5,4847,4739.5,4844.9,1,0,0,0,4892.961580929566,4693.538419070434,4796.1448021900815,4818.409140633041,4773.880463747122,30.64105395304398,29196,16076.971337026256,14276.185508309078,2990.2103184626094,0,0,0,0
1775602800,4845.8,4858,4828.7,4842.6,0,1,0,0,4903.817896577454,4782.882103422546,4810.807935688104,4839.345744951149,4782.27012642506,30.54526438496942,18743,16965.647558017503,24115.457005539385,2171.3734008057036,0,0,0,0
1775604600,4843,4863.6,4831.6,4860.8,1,0,0,0,4909.5737611076365,4785.626238892364,4817.521048447828,4847.739304177108,4787.3027927185485,30.649174071757322,11686,15205.765038678335,25448.471337026254,2292.7252487030373,0,0,0,0
1775606400,4860.8,4887.3,4847.2,4850.7,0,1,0,0,4934.286349599948,4800.213650400052,4827.651931284334,4860.042955323903,4795.260907244765,31.324233066631823,21315,17242.176692452224,22808.647558017503,1259.0985852441852,0,0,0,0
1775608200,4851,4856,4836.8,4846,0,1,0,0,4901.687324628523,4791.112675371477,4830.08959590675,4860.931436480428,4799.247755333073,30.45821641901525,14017,16167.11779496815,25863.265038678335,569.2336541335101,0,0,0,0
1775610000,4846.7,4853.8,4821.1,4823.5,0,1,0,0,4899.727515726486,4775.172484273515,4830.537938033939,4858.731681537088,4802.34419453079,30.618343817657006,21215,17849.745196645432,24250.676692452224,-1069.8032243030339,0,0,0,1
1775611800,4823,4843.3,4817.1,4839,1,0,0,0,4888.754121746022,4771.6458782539785,4830.734428525443,4857.848626577653,4803.620230473233,30.30274783068149,10505,15401.496797763622,26774.617794968148,-379.1727955096311,0,0,0,0
1775613600,4838.5,4854,4836.3,4840.1,1,0,0,0,4898.103827335592,4792.196172664409,4831.344644339694,4857.940545366751,4804.748743312637,29.402551557061372,6985,12595.997865175748,23102.245196645432,-357.563759170181,0,0,0,0
1775615400,4840.1,4849.7,4827.6,4833.3,0,1,0,0,4893.021411097336,4784.2785889026645,4831.642549798556,4857.5411622220445,4805.743937375067,28.88094073155695,8311,11167.6652434505,18893.996797763622,-637.4303802618085,0,0,0,0
1775617200,4833.8,4835.7,4825.8,4832.3,0,1,0,0,4876.987738876097,4784.512261123903,4831.630440837113,4857.108566837302,4806.152314836925,27.52515925073143,5128,9154.443495633666,16751.49786517575,-693.6912883770556,0,0,0,0
1775619000,4831.8,4834.8,4824.3,4827.2,0,1,0,0,4874.263614670662,4784.836385329339,4831.545021209684,4856.6450225581675,4806.4450198612,26.30907644710776,4894,7734.295663755778,13731.6652434505,-863.3376761165398,0,0,0,0
1775620800,4827.2,4833.4,4819.5,4832,1,0,0,0,4871.534070765614,4781.3659292343855,4831.432347127276,4856.099890659833,4806.7648035947195,25.422713843742894,5902,7123.530442503852,11601.443495633666,-602.1977487822187,0,0,0,0
1775622600,4831.5,4836.1,4826.9,4832.7,1,0,0,0,4872.4959228537855,4790.5040771462145,4831.444356234739,4855.793226755359,4807.095485714119,24.263948569189882,4480,6242.353628335902,10685.295663755778,-521.8499696266697,0,0,0,0
1775624400,4832.8,4844.8,4829.5,4844.1,1,0,0,0,4880.2354997928005,4794.0645002072,4831.653591060497,4855.716826926873,4807.590355194121,23.623666528533477,4672,5718.902418890601,9363.530442503852,-183.05951299390642,0,0,0,0
1775626200,4843.8,4872.1,4841.6,4855.7,1,0,0,0,4908.272249807601,4805.4277501924,4832.9112476637665,4856.980215314478,4808.842280013055,24.114833205066798,9564,7000.601612593734,8578.353628335903,120.87485861719551,0,0,1,0
1775628000,4855.3,4863.9,4848.9,4863.4,1,0,0,0,4899.095660535629,4813.704339464371,4834.086172220003,4858.2090757722535,4809.963268667753,23.46377369041917,8995,7665.401075062489,10500.9024188906,473.7485009200582,0,0,0,0
1775629800,4863.3,4867.3,4846.2,4846.5,0,1,0,0,4902.2423990687985,4811.2576009312015,4834.885617711324,4858.812426066446,4810.9588093562015,23.294932712532113,8567,7965.934050041659,11498.101612593735,-340.51054536394315,0,0,0,1
1775631600,4846.6,4847.5,4835.1,4844.2,0,1,0,0,4881.275084849598,4801.324915150402,4835.170356403707,4858.674137477557,4811.666575329857,22.516723233065505,8276,8069.289366694439,11948.90107506249,-511.0129011890214,0,0,0,0
1775633400,4844.2,4846.5,4831.2,4839.9,0,1,0,0,4879.501864503199,4798.198135496801,4835.280843684832,4858.4695032799455,4812.092184089718,22.001243002132266,6048,7395.52624446296,12103.934050041658,-655.683280332489,0,0,0,0
1775635200,4839.8,4846.4,4825.1,4835.4,0,1,0,0,4879.326731324398,4792.173268675602,4835.291090188277,4858.140305972489,4812.441874404065,21.951154216265625,6604,7131.684162975306,11093.28936669444,-737.5001229637949,0,0,0,0
1775637000,4835,4835.3,4817.7,4821.6,0,1,0,0,4867.771250515513,4785.228749484487,4834.881307369194,4857.368355342436,4812.394259395951,21.64750034367521,9296,7853.1227753168705,10697.526244462959,-1336.5688900533942,0,0,0,0
1775638800,4822,4834,4820.8,4825.5,1,0,0,0,4865.566161192976,4789.233838807024,4834.697294534655,4856.96071351996,4812.43387554935,21.044107461984108,5487,7064.41518354458,11779.684162975305,-1012.9830151967567,0,0,0,0
1775640600,4825.5,4830.8,4803,4810.4,0,1,0,0,4863.09000682205,4770.70999317795,4833.874128109321,4856.032163476531,4811.71609274211,21.526671214699544,10406,8178.27678902972,10596.62277531687,-1410.70328948601,0,0,0,0
1775642400,4810.4,4818.2,4797.9,4810.1,0,1,0,0,4850.358577763332,4765.741422236668,4833.183369749098,4855.41797498159,4810.948764516606,21.439051842221016,7130,7828.85119268648,12267.415183544581,-1203.3209278429235,0,0,0,0
1775644200,4809.8,4823.2,4807.1,4810.2,1,0,0,0,4854.786536494522,4775.513463505478,4832.731961188883,4854.906751638001,4810.557170739766,21.057690996348047,6091,7249.567461790987,11743.27678902972,-1001.7007966427667,0,0,0,0
1775646000,4809.6,4825.4,4807.3,4818.8,1,0,0,0,4856.669641030628,4776.030358969372,4832.249591980192,4854.244100454905,4810.25508350548,20.846427353751718,8494,7664.378307860658,10874.351192686481,-438.4039009317439,0,0,0,0
1775647800,4818.8,4830.4,4806.3,4826.2,1,0,0,0,4862.018238099868,4774.681761900132,4831.888683418979,4853.619449685043,4810.157917152915,21.07882539991227,9057,8128.585538573772,11496.567461790988,-120.61519896967758,0,0,0,0
1775649600,4826.4,4835,4793.7,4810.7,0,1,1,0,4868.784792521306,4759.915207478693,4830.847049706189,4852.39817336585,4809.295926046528,22.523195014204266,16650,10969.057025715847,12192.878307860658,-717.748230040069,0,0,0,0
1775651400,4810.6,4829.7,4809.9,4826.8,1,0,0,0,4863.1930216269275,4776.406978373072,4830.609085737523,4851.911294688766,4809.30687678628,22.32868108461826,8417,10118.371350477231,16453.58553857377,43.714645940420894,0,0,1,0
1775653200,4826.4,4833.7,4816.6,4817.9,0,1,0,0,4866.632805796432,4783.667194203568,4830.35165004849,4851.3495650837,4809.35373501328,21.955203864288343,10415,10217.24756698482,15177.557025715847,-470.65658654519643,0,0,0,1
1775655000,4817.6,4822.6,4794.1,4804,0,1,0,0,4856.2340339538305,4760.46596604617,4828.8932860443565,4850.001769588702,4807.784802500011,22.42268930255346,21128,13854.165044656547,15325.871350477231,-1348.2136969753067,0,0,0,0
1775656800,4803.9,4818.9,4787.7,4794.4,0,1,1,0,4853.474460099985,4753.125539900015,4827.495580164112,4848.983416071243,4806.007744256981,23.04964006665677,17483,15063.776696437699,20781.24756698482,-1606.6275439570013,0,0,0,0
1775658600,4794.8,4797.4,4758.3,4762.2,0,1,0,0,4833.694141521414,4722.005858478586,4823.796391840941,4848.6933008576,4798.899482824283,24.196094347609822,25829,18652.1844642918,22595.665044656547,-3331.2787873552516,0,0,0,0
1775660400,4761.8,4783.4,4760,4776.2,1,0,0,0,4819.608845698456,4723.791154301543,4822.020675146937,4848.189233999009,4795.852116294865,24.139230465637667,13933,17079.122976194532,27978.2766964377,-1881.6409462142176,0,0,0,0
1775662200,4776.7,4788.9,4776,4782.1,1,0,0,0,4823.9046424342805,4740.995357565719,4821.310640176929,4847.772259129765,4794.849021224093,23.33642828952066,7232,13796.748650796355,25618.6844642918,-1208.4186290195012,0,0,0,0
1775664000,4782,4788.3,4770.7,4775.5,0,1,0,0,4822.690025117547,4736.309974882453,4820.477880724331,4847.3467630386385,4793.608998410024,22.926683411697784,7956,11849.832433864236,20695.122976194532,-1212.3263835556045,0,0,0,0
1775665800,4775.7,4791.6,4773.1,4786,1,0,0,0,4825.515737609151,4739.18426239085,4819.950903007955,4846.98428049749,4792.917525518421,22.610491739433655,5970,9889.888289242825,17774.748650796355,-617.9437084984845,0,0,0,0
1775667600,4786,4790.1,4771.4,4776.7,0,1,0,0,4823.596756351354,4737.903243648646,4819.19106661379,4846.528669268919,4791.853463958661,22.33117090090273,7985,9254.925526161884,14834.832433864238,-815.3068459105232,0,0,0,0
1775669400,4777,4780.1,4755.7,4759.6,0,1,1,0,4813.818416611972,4721.981583388028,4817.9742728624005,4846.166806490349,4789.781739234452,22.478944407981146,9813,9440.950350774589,13882.388289242826,-1255.2782148486408,0,0,0,0
1775671200,4759.9,4769.9,4741.5,4747.7,0,1,0,0,4804.252815425402,4707.147184574597,4815.793844777161,4845.876684515711,4785.711005038612,22.901876950268182,15146,11342.633567183058,14161.425526161882,-1559.0222770513153,0,0,0,0
1775673000,4747.6,4750.3,4727.8,4730.1,0,1,0,0,4784.609757180731,4693.490242819269,4813.700779181347,4846.007315754782,4781.394242607911,22.873171453820454,12162,11615.755711455373,17013.950350774587,-2073.6138910935915,0,0,0,0
1775674800,4730,4743.5,4720,4733.3,1,0,0,0,4777.876917382107,4685.623082617893,4812.059499259367,4846.024760533259,4778.094237985475,22.917944921404708,9529,10920.170474303583,17423.63356718306,-1462.9383533397654,0,0,0,0
1775676600,4733.1,4756.5,4733.1,4755.4,1,0,0,0,4790.928566140528,4698.671433859472,4811.147432476197,4845.707791585661,4776.5870733667325,22.952377427018632,6865,9568.446982869054,16380.255711455375,-465.2499381089017,0,0,0,0
1775678400,4755.3,4757.4,4746.5,4748.1,0,1,0,0,4790.537239987632,4713.362760012367,4810.699493554234,4845.519936341587,4775.879050766882,22.091493325088702,3579,7571.964655246036,14352.67047430358,-486.4454112838457,0,0,0,0
1775680200,4748.3,4749.6,4742,4745,0,1,0,0,4781.184579988517,4710.415420011484,4810.351418117101,4845.4020761064185,4775.300760127784,21.056386659010965,2595,5912.9764368306915,11357.946982869054,-383.93265798298125,0,0,0,0
1775685600,4744.4,4757.6,4728.3,4737.9,0,1,0,0,4790.067824275051,4695.83217572495,4741.266666666667,4741.266666666667,4741.266666666667,21.645216183367335,6897,6240.984291220461,8869.464655246036,-335.61410303855996,1,0,0,0
1775687400,4738,4744.6,4729.9,4741.5,1,0,0,0,4776.323693969691,4698.176306030309,4740.154198811006,4741.440601427832,4738.867796194179,21.14912931312686,5158,5879.9895274803075,9361.476436830691,-34.40253482054163,0,0,0,0
1775689200,4741.2,4741.4,4728.5,4732.9,0,1,0,0,4772.250572971855,4697.649427028145,4738.188109840323,4741.156631618542,4735.219588062104,20.567048647903512,6044,5934.659684986872,8819.984291220462,-269.9536819755749,0,0,0,0
1775691000,4733.3,4743.2,4730.1,4738.9,1,0,0,0,4773.250532045294,4700.049467954706,4738.029201588001,4740.7003998564305,4735.358003319572,20.033688030196082,4571,5480.106456657914,8901.989527480308,89.54551387570928,0,0,1,0
1775692800,4738.9,4739.8,4717.8,4729.6,0,1,1,0,4770.061208327773,4687.5387916722275,4735.149555914815,4739.8781188380435,4730.420992991587,20.174138885182078,10732,7230.737637771943,8220.159684986871,-228.59325710577423,0,0,0,1
1775694600,4729.4,4742.4,4728.7,4729.7,1,0,0,0,4771.967550590075,4699.132449409924,4734.86880265405,4739.189034174184,4730.548571133917,19.711700393383346,7391,7284.158425181296,10846.106456657915,-44.364285028406584,0,0,0,0
1775696400,4730.3,4746.7,4722.5,4727.5,0,1,0,0,4776.748439833641,4692.451560166359,4734.163229037644,4738.039981511582,4730.286476563706,20.032293222427377,14914,9827.438950120864,10926.237637771943,-71.41095404830594,0,0,0,0
1775698200,4727.5,4752.3,4726.7,4751.3,1,0,0,0,4782.944979845524,4696.055020154476,4735.451730551263,4740.270913733032,4730.632547369493,20.429986563682593,8993,9549.29263341391,14741.158425181296,855.9168687809733,0,0,1,0
1775700000,4751.3,4753,4744.7,4749.1,0,1,0,0,4782.3453384279865,4715.354661572013,4736.508512456733,4742.385106053584,4730.631918859882,19.56355895199099,5503,8200.52842227594,14323.938950120864,682.2639877432645,0,0,0,0
1775701800,4749.1,4756.7,4740.9,4742,0,1,0,0,4785.642099968844,4711.957900031155,4737.3667643534445,4743.647289702722,4731.086239004167,19.294733312563075,6573,7658.01894818396,12300.79263341391,395.2743962609294,0,1,0,0
1775703600,4742.2,4743.6,4728,4735.5,0,1,0,0,4772.146235685356,4699.453764314644,4737.21683162449,4743.227170346955,4731.206492902024,19.030823790237168,7589,7635.01263212264,11487.02842227594,129.7702235718109,0,0,0,0
1775705400,4735.5,4737.7,4729.5,4734.4,0,1,0,0,4765.085790279259,4702.114209720741,4737.054933501789,4742.962101205468,4731.1477657981095,18.25719351950593,4284,6518.008421415094,11452.518948183959,164.95925461251227,0,0,0,0
1775707200,4734.4,4746.3,4732.7,4739.6,1,0,0,0,4773.186805259312,4705.813194740688,4737.159578061807,4742.96213678891,4731.357019334704,17.924536839541243,3908,5648.005614276729,9777.012632122642,387.1373098777774,0,0,0,0
1775709000,4739.5,4748.3,4736.9,4743.7,1,0,0,0,4774.48774774079,4710.71225225921,4737.40083601708,4743.198565509268,4731.603106524893,17.458498493859764,4012,5102.670409517819,8472.008421415094,564.0706859827112,0,0,0,0
1775710800,4744,4750,4733.6,4749.5,1,0,0,0,4776.074337187876,4707.525662812124,4737.743812477438,4743.594463288309,4731.893161666567,17.38289145858404,5001,5068.780273011879,7654.005614276729,723.1259904874903,0,0,0,0
1775712600,4749.3,4749.7,4729,4736.7,0,1,0,0,4776.129741674456,4702.570258325543,4737.79312300852,4743.443633740156,4732.1426122768835,17.61982778297088,7436,5857.853515341253,7603.170409517819,264.1720160551886,0,0,0,0
1775714400,4736.8,4749.8,4734.6,4742.1,1,0,0,0,4775.970474411995,4708.429525588005,4738.033407604566,4743.616173530527,4732.450641678604,17.446982941330088,6337,6017.569010227502,8786.78027301188,521.8200276825578,0,0,0,0
1775716200,4742,4746.8,4726.8,4736.2,0,1,0,0,4773.244011953996,4700.355988046004,4737.961229166495,4743.410643453139,4732.511814879852,17.629341302663654,6116,6050.379340151668,9026.353515341252,353.52107732706975,0,0,0,0
1775718000,4736.5,4754.2,4729.4,4732.1,0,1,0,0,4781.412296814424,4702.187703185576,4738.008125659859,4743.24473550178,4732.771515817937,18.141531209616264,10198,7432.9195601011115,9075.569010227502,210.48126325097655,0,0,0,0
1775719800,4732.9,4755.3,4732.7,4748.4,1,0,0,0,4783.054275613395,4704.945724386605,4738.502988613343,4743.892676459101,4733.113300767586,18.50285040892938,9356,8073.946373400741,11149.379340151667,866.2687682740848,0,0,0,0
1775721600,4748.6,4752,4744.1,4745.6,0,1,0,0,4778.618255926723,4717.481744073278,4738.762030391651,4744.273948302897,4733.250112480405,17.745503951148685,4312,6819.964248933828,12110.919560101112,637.2043550730227,0,0,0,0
1775723400,4745.8,4758.4,4744.6,4750.6,1,0,0,0,4784.595523360528,4718.404476639472,4739.1767727831075,4745.038062983462,4733.315482582753,17.4636822403523,5013,6217.642832622551,10229.94637340074,764.0850653802731,0,0,0,0
1775725200,4750.5,4759.9,4747.4,4754.2,1,0,0,0,4785.5637002633475,4721.736299736652,4739.63262956184,4745.938158052252,4733.327101071428,17.109133508898562,4826,5753.761888415034,9326.464248933828,832.5613709949762,0,0,0,0
1775727000,4754.3,4757.4,4748.2,4754.1,0,1,0,0,4782.21629310168,4723.383706898319,4740.005349680741,4746.608411988273,4733.40228737321,16.54419540112008,4372,5293.1745922766895,8630.64283262255,739.2609188113327,0,0,0,0
1775728800,4754,4764.8,4747.9,4763.1,1,0,0,0,4789.654415022989,4723.045584977011,4740.693824269129,4748.063631245005,4733.324017293254,16.56961001532583,6134,5573.44972818446,7939.761888415034,977.7078309562062,0,0,0,0
1775730600,4763.1,4771.4,4761,4765.5,1,0,0,0,4795.593385378489,4736.806614621511,4741.508315273161,4750.02211191909,4732.9945186272325,16.12892358565967,5517,5554.633152122973,8360.17459227669,974.353804896172,0,0,0,0
1775732400,4765.7,4772.4,4762.9,4770.5,1,0,0,0,4795.88314356574,4739.416856434259,4742.067068096176,4751.330713250763,4732.803422941588,15.655429043826837,3605,4904.755434748648,8331.94972818446,1016.4133311964488,0,0,0,0
1775734200,4770.1,4782.7,4767.4,4781.3,1,0,0,0,4806.145061882473,4743.954938117527,4743.398571384017,4754.689035360688,4732.108107407345,15.630041254982077,6899,5569.503623165766,7357.133152122973,1347.375056510567,0,0,0,0
1775736000,4781.7,4784.9,4759.7,4762.1,0,1,0,0,4809.370414605153,4735.229585394846,4744.607379639145,4756.887330748848,4732.327428529441,16.31360973676906,9041,6726.66908211051,8354.25543474865,471.18203969699937,0,0,0,0
1775737800,4762.7,4773.5,4760,4771.6,1,0,0,0,4797.668956419071,4735.831043580929,4745.804050492578,4758.850203388236,4732.757897596921,16.112637612714128,10116,7856.44605474034,10090.003623165765,1042.451200372747,0,0,0,0
1775739600,4771.3,4783.8,4763.6,4777.6,1,0,0,0,4808.406888103424,4738.993111896577,4747.859756889644,4762.4888522924,4733.230661486888,16.40459206894882,15213,10308.630703160226,11784.66908211051,1319.9173958244512,0,0,0,0
1775741400,4777.9,4802.7,4775.3,4789.8,1,0,0,0,4828.484967524607,4749.515032475393,4752.179531589195,4770.938312672882,4733.420750505508,17.189978349738162,25166,15261.08713544015,15462.94605474034,2118.820660511189,0,0,0,0
1775743200,4789.8,4801.6,4785.2,4791.2,1,0,0,0,4827.300326987136,4759.499673012864,4755.122496950314,4776.022363589276,4734.222630311351,17.133551324756905,18909,16477.058090293434,22891.630703160226,1879.0477455368803,0,0,0,0
1775745000,4791,4794.4,4772.2,4794,1,0,0,0,4820.643160773769,4745.956839226232,4756.884525192672,4778.457379404393,4735.311670980952,17.495440515845683,15288,16080.705393528957,24715.587135440153,1712.9593973346532,0,0,0,0
1775746800,4794.1,4812.4,4786.1,4804.4,1,0,0,0,4839.5865064327845,4758.9134935672155,4759.385944754384,4782.688104596952,4736.083784911815,18.124337621856654,16569,16243.470262352637,24121.058090293434,1981.7115333499391,0,0,0,0
1775748600,4804.5,4823.6,4803.5,4817.2,1,0,0,0,4850.998184544729,4776.101815455271,4762.650595153687,4788.748919451133,4736.552270856242,18.265456363152634,18291,16925.980174901757,24365.205393528955,2663.804104424007,0,0,0,0
1775750400,4817.5,4825.7,4811.9,4817.2,0,0,0,0,4852.619742791534,4784.980257208465,4764.416143403535,4791.885686479555,4736.946600327515,17.94649519435603,10173,14674.98678326784,25388.970262352635,2093.323131197021,0,0,0,0
1775752200,4817.4,4820,4808.6,4813.2,0,1,0,0,4846.218332592139,4782.381667407862,4765.797912975951,4794.08274167275,4737.513084279151,17.478888394759142,9199,12849.657855511892,22012.480174901757,1315.5742816744546,0,0,0,0
1775754000,4813.3,4822.8,4810.5,4817.1,1,0,0,0,4848.463451692701,4784.836548307299,4767.248286939479,4796.388450270587,4738.108123608371,17.108967795133502,9649,11782.771903674595,19274.48678326784,1271.5611411551947,0,0,0,0
1775755800,4817.3,4825.8,4811.5,4822.2,1,0,0,0,4851.162490857508,4786.1375091424925,4768.6828315955745,4798.672189922055,4738.693473269094,16.908327238338266,9516,11027.181269116396,17674.15785551189,1253.1313819183538,0,1,0,0
1775757600,4822.4,4822.7,4802.1,4806.3,0,1,0,0,4848.458027224828,4776.3419727751725,4769.968253037711,4800.358327382275,4739.5781786931475,17.172018149885496,11099,11051.120846077598,16540.771903674595,106.5498602488808,0,0,0,0
1775759400,4806,4806.4,4791.5,4796.7,0,1,0,0,4831.914596708769,4765.985403291231,4770.658026729261,4800.989355417187,4740.3266980413355,17.00973113917936,9014,10372.080564051732,16576.681269116398,-542.2647715793055,0,0,0,1
1775761200,4796.3,4807,4793.3,4797.8,1,0,0,0,4832.159982658142,4768.140017341858,4771.1036510465165,4801.407179351592,4740.800122741441,16.77332177209511,5817,8853.720376034487,15558.120846077598,-478.2744965044596,0,0,0,0
1775763000,4797.9,4802.4,4790.3,4792.9,0,1,0,0,4827.059269611132,4765.640730388868,4771.45886436813,4801.678062472651,4741.239666263609,16.439513074088275,5607,7771.4802506896585,13280.580564051732,-700.6556780608561,0,0,0,0
1775764800,4793,4797.6,4790.2,4794,1,0,0,0,4821.290750353195,4766.509249646805,4771.602177644142,4801.777947224005,4741.426408064279,15.793833568796293,2441,5994.653500459773,11657.220376034487,-628.0846053562889,0,0,0,0
1775766600,4794.1,4795.9,4784.9,4790.2,0,1,0,0,4819.077125327966,4761.722874672033,4771.764726142691,4801.859466613663,4741.669985671719,15.451416885310843,3351,5113.4356669731815,8991.98025068966,-707.3415952480018,0,0,0,0
1775772000,4792.5,4808.5,4787,4787.5,0,1,0,0,4832.32518780454,4763.17481219546,4794.333333333333,4794.333333333333,4794.333333333333,15.883458536360068,4234,4820.290444648787,7670.153500459772,-747.894997437068,0,0,0,0
1775773800,4788.5,4791.1,4781.8,4787.4,0,1,0,0,4814.2198172470735,4758.680182752927,4790.660828167417,4794.442537863202,4786.879118471632,15.413211498048648,3993,4544.526963099192,7230.435666973181,-727.5464374965567,0,0,0,0
1775775600,4787.5,4787.8,4779.8,4781.5,0,1,0,0,4810.125544586568,4757.474455413432,4788.393493921017,4793.105544317638,4783.681443524395,14.883696391045174,3480,4189.684642066128,6816.790444648787,-906.9941655511288,0,0,0,0
1775777400,4781.2,4787.4,4781.2,4787,1,0,0,0,4808.795148544669,4759.80485145533,4787.657195749808,4792.003847820303,4783.310543679313,14.263432363113363,3508,3962.456428044085,6284.526963099192,-492.7137223838958,0,0,0,0
1775779200,4787.1,4787.1,4773.8,4777.2,0,1,0,0,4808.391923648623,4752.508076351378,4784.761201157537,4790.04478051252,4779.477621802553,14.194615765748136,8168,5364.304285362723,5943.684642066128,-1032.214030685758,0,0,0,0
1775781000,4777.4,4786.6,4777.2,4786.2,1,0,0,0,4807.378214816578,4756.421785183422,4784.500209694895,4789.308340050732,4779.692079339057,13.85214321105188,5230,5319.536190241815,8046.4564280440845,-432.2966049120024,0,0,0,0
1775782800,4786.2,4790.5,4781.2,4785.6,0,1,0,0,4810.7904851868225,4760.909514813177,4784.772752041106,4789.06390197321,4780.481602109003,13.526990124548188,7846,6161.690793494544,7979.304285362723,-448.3890619753189,0,0,0,0
1775784600,4786,4800,4783.3,4787.3,1,0,0,0,4820.630450530621,4762.6695494693795,4785.832446014054,4790.242302065206,4781.422589962902,13.753633687080448,8846,7056.460528996363,9242.536190241815,-345.98189329021926,0,0,0,0
1775786400,4787.6,4788.5,4764.5,4766.9,0,1,0,0,4810.228275492719,4742.771724507281,4783.314329976308,4789.698424873391,4776.930235079225,14.48551699514613,11392,8501.640352664243,10584.690793494545,-1249.2168674782338,0,0,0,0
1775788200,4767,4776,4760.2,4775.2,1,0,1,0,4797.869112957525,4738.330887042474,4781.7718048205115,4789.072611081586,4774.470998559437,14.57940863834999,7736,8246.426901776162,12752.460528996364,-674.8804357328704,0,0,0,0
1775790000,4775.6,4785.2,4775.1,4779.4,1,0,0,0,4806.5891763177015,4753.710823682299,4781.629812684663,4788.665720886003,4774.593904483323,14.259450878467808,5289,7260.617934517441,12369.640352664243,-392.40508807895446,0,0,0,0
1775791800,4779.1,4793.2,4779,4790.3,1,0,0,0,4814.582806580723,4757.617193419277,4782.075464546058,4789.015437322775,4775.135491769342,14.255204387148666,5728,6749.745289678294,10890.926901776162,78.46032674137962,0,0,1,0
1775793600,4790.1,4794.5,4788.2,4789,0,1,0,0,4815.030463253528,4767.669536746472,4782.403193635666,4789.401743982555,4775.404643288777,13.686975502352345,3029,5509.4968597855295,10124.617934517442,-12.954904409509595,0,0,0,1
1775795400,4789.1,4789.5,4781.5,4782.3,0,1,0,0,4809.421144449705,4761.578855550295,4782.493842745323,4789.347199206509,4775.640486284136,13.280762966470034,3668,4895.664573190353,8264.245289678294,-330.95586118978895,0,0,0,0
1775797200,4782.5,4788,4781.1,4783.6,1,0,0,0,4807.237491274726,4761.862508725274,4782.560513612969,4789.289542034715,4775.831485191223,12.82499418315072,3274,4355.109715460235,7343.4968597855295,-245.51087842513624,0,0,0,0
1775799000,4783.6,4793,4783.1,4789.7,1,0,0,0,4811.924099040817,4764.175900959183,4782.849707784851,4789.541090293718,4776.158325275983,12.616066027211357,4296,4335.40647697349,6532.664573190352,25.787121387365687,0,0,1,0
1775800800,4789.8,4789.9,4775,4779.2,0,1,0,0,4809.068806252187,4755.831193747813,4782.7616551338515,4789.260811114536,4776.262499153167,12.779204168124805,5663,4777.937651315659,6503.109715460234,-381.2263071932598,0,0,0,1
1775802600,4779,4782,4766.5,4769.5,0,1,0,0,4801.460320091317,4747.039679908683,4782.133571924858,4788.883166964825,4775.383976884891,12.973546727544461,6328,5294.625100877106,7166.906476973489,-696.2844107211562,0,0,0,0
1775804400,4769.6,4779.5,4764.8,4777,1,0,0,0,4799.145297227651,4745.154702772349,4781.746086622222,4788.568045223801,4774.9241280206425,13.09686481843413,4939,5176.083400584737,7941.9376513156585,-349.5344579188276,0,0,0,0
1775806200,4777.2,4781.1,4771.6,4773,0,1,0,0,4800.359918854248,4752.340081145753,4781.56448750904,4788.375594042608,4774.753380975472,12.83994590283169,3059,4470.3889337231585,7764.125100877106,-425.5146507785203,0,0,0,0
1775808000,4773.2,4776.8,4765.4,4769.9,0,1,0,0,4795.905638936088,4746.294361063912,4781.164162196489,4788.154931761608,4774.17339263137,12.737092624058038,4197,4379.259289148772,6705.583400584737,-471.56484316487536,0,0,0,0
1775809800,4769.3,4775.3,4753.2,4763.5,0,1,1,0,4795.40880758351,4733.09119241649,4780.0790325410535,4788.03070193854,4772.127363143567,13.405871722339631,7687,5481.839526099181,6568.888933723158,-581.3196188684885,0,0,0,0
1775811600,4763.5,4783.6,4763.1,4771.7,1,0,0,0,4804.4688927561165,4742.231107243884,4779.645839908007,4787.547213325092,4771.744466490921,13.912595170743943,7694,6219.226350732787,8222.759289148771,-187.43429305617644,0,0,0,0
1775813400,4771.6,4776.4,4769,4774.6,1,0,0,0,4796.5711147021075,4748.828885297892,4779.493136033936,4787.358379947331,4771.627892120541,13.447409801405064,3205,5214.484233821858,9328.83952609918,-32.27543976140069,0,0,0,0
1775815200,4774.6,4784,4765.2,4781.4,1,0,0,0,4804.7446065091,4744.4553934909,4779.416014271377,4787.177599082976,4771.654429459779,13.829737672733286,4008,4812.322822547905,7821.726350732786,108.60235082850939,0,0,1,0
1775817000,4781.5,4783.8,4777.4,4780.8,0,1,0,0,4803.748563187021,4757.4514368129785,4779.442225951988,4787.124134111558,4771.7603177924175,13.299042124680948,2922,4182.215215031937,7218.484233821858,56.258145357728196,0,0,0,0
1775818800,4780.6,4786.7,4776.9,4785.6,1,0,0,0,4806.2736658165195,4757.32633418348,4779.529550868795,4787.138677066128,4771.920424671462,13.049110544346608,3442,3935.4768100212914,6273.322822547905,208.46466387683932,0,0,0,0
1775820600,4785.3,4792.7,4782.1,4792,1,0,0,0,4812.01126111534,4762.78873888466,4779.7655149745015,4787.4211830551085,4772.109846893894,12.87417407689324,3677,3849.3178733475274,5903.215215031937,384.5479724353838,0,0,0,0
1775822400,4792,4795.5,4783.7,4787.4,0,1,0,0,4814.696171035673,4764.503828964327,4780.127399752741,4787.837225267541,4772.417574237942,12.797447357115164,6068,4588.878582231685,5773.976810021291,84.2494276591218,0,0,0,0
1775824200,4787.4,4806.9,4785.2,4795.8,1,0,0,0,4827.050015961696,4765.049984038304,4781.491658332786,4790.098010095744,4772.885306569828,13.433343974464067,14383,7853.58572148779,6883.317873347527,585.1394935148005,0,0,0,0
1775826000,4795.4,4804.6,4790.1,4799.9,1,0,0,0,4824.864300535861,4769.83569946414,4782.388700936363,4791.568899442638,4773.208502430089,13.509533690573777,9474,8393.723814325193,11780.378582231684,742.2755063913323,0,0,0,0
1775827800,4800.1,4803.1,4788.5,4799.8,0,1,0,0,4823.481136211871,4768.11886378813,4783.362462708818,4792.960371438541,4773.764553979096,13.587424141247103,12478,9755.149209550129,12590.585721487789,564.4949130639974,0,0,0,0
1775829600,4799.3,4818,4792,4815.6,1,0,0,0,4839.71105505388,4770.28894494612,4785.184603098233,4796.498129657688,4773.871076538779,14.474036702586597,14745,11418.432806366753,14632.723814325193,1309.3748714550534,0,0,0,0
1775831400,4815.3,4819.8,4795.2,4799.1,0,1,0,0,4842.595979692888,4772.404020307112,4786.6248570666385,4798.649102050238,4774.600612083039,15.19731979525901,16230,13022.288537577835,17127.64920955013,32.435442913252814,0,0,0,0
1775833200,4799.4,4812,4793.8,4800.4,1,0,0,0,4835.11769542911,4770.68230457089,4787.333843530775,4799.51536898648,4775.15231807507,15.411796952740497,10583,12209.192358385224,19533.432806366753,51.28095601494357,0,0,0,0
1775835000,4800.7,4803.2,4779.4,4785.9,0,1,0,0,4827.216431469888,4755.383568530111,4787.470577045796,4799.273132346766,4775.668021744826,16.010954313259045,15530,13316.128238923482,18313.788537577835,-896.942562907917,0,0,0,1
1775836800,4786,4789.5,4770.9,4782.6,0,1,0,0,4813.79382922204,4746.60617077796,4787.145598153174,4798.734440583529,4775.55675572282,16.195886148026283,13010,13214.085492615655,19974.192358385222,-979.0111204306303,0,0,0,0
1775838600,4782.1,4790.5,4780.3,4788.3,1,0,0,0,4814.151412849036,4756.648587150964,4787.125322539812,4798.563013934588,4775.687631145037,15.767608566024393,6923,11117.056995077104,19821.128238923484,-419.4875754501991,0,0,0,0
1775840400,4788.1,4793.3,4782.4,4787.1,0,1,0,0,4816.4298833598195,4759.27011664018,4787.137771472159,4798.424738355369,4775.850804588949,15.419922239879833,7163,9799.037996718069,16675.585492615657,-418.07419783617473,0,0,0,0
1775842200,4787,4790,4782.2,4784.3,0,1,0,0,4812.313463119833,4759.886536880167,4787.10845562016,4798.2960564830855,4775.920854757235,14.875642079888431,4978,8192.02533114538,14698.556995077102,-514.2939181939341,0,0,0,0
1775844000,4784.6,4794.1,4775.1,4790.2,1,0,0,0,4816.855358611274,4752.344641388727,4787.091022779745,4798.126126991581,4776.0559185679085,15.170239074182115,7765,8049.68355409692,12288.03799671807,-211.74558880938235,0,0,0,0
1775845800,4790.3,4797.7,4787.3,4789.6,0,1,0,0,4819.944261567611,4765.055738432389,4787.170445685833,4798.122289422744,4776.218601948923,14.82950771174051,5204,7101.122369397946,12074.52533114538,-211.85192137773652,0,0,0,0
1775847600,4789.6,4794.7,4786.9,4787.6,0,1,0,0,4816.191100027067,4765.408899972933,4787.204656904286,4798.087134048925,4776.322179759647,14.327400018044772,3938,6046.748246265298,10651.683554096919,-272.50343038343505,0,0,0,0
1775849400,4787.7,4789.4,4781.9,4783.6,0,1,0,0,4810.159592882276,4761.140407117723,4787.176506743249,4797.993201561467,4776.359811925031,13.83972858818443,3758,5283.832164176865,9070.122369397946,-418.33076635209613,0,0,0,0
1775851200,4783.7,4783.8,4764.5,4769.3,0,1,0,0,4805.144621962114,4743.155378037886,4786.933253131017,4797.821783374282,4776.044722887753,14.229747974742697,5047,5204.8881094512435,7925.748246265298,-695.3031164064712,0,0,0,0
1775853000,4769.4,4776.6,4768.7,4771,1,0,1,0,4797.266434679106,4748.033565320894,4786.744969956552,4797.690862864302,4775.799077048802,13.777623119403971,3906,4771.925406300829,7807.332164176865,-487.6004404227486,0,0,0,0
1776031200,4711.8,4714.8,4625.1,4669.1,0,1,0,0,4749.6224036305985,4590.277596369402,4669.666666666667,4669.666666666667,4669.666666666667,23.21493575373223,17846,9129.950270867219,7157.8881094512435,-1188.4840392350466,0,0,0,0
1776033000,4668.8,4682.8,4666.6,4680.7,1,0,0,0,4716.87080337127,4632.5291966287305,4671.844039513051,4675.095690863739,4668.592388162363,22.713868914179915,8002,8753.966847244812,13694.925406300828,-399.46536428084573,0,0,0,0
1776034800,4681.1,4683,4664.6,4675,0,1,0,0,4716.608603130465,4630.9913968695355,4672.326480843383,4675.378032453238,4669.274929233528,22.405735420309895,6656,8054.644564829875,13130.950270867219,-513.9442995193618,0,0,0,0
1776036600,4675.2,4694.3,4671.7,4693.6,1,0,0,0,4727.929417192575,4638.070582807425,4674.8963308301,4681.022740403511,4668.769921256689,22.419611461716357,7178,7762.429709886584,12081.966847244812,153.67659967326443,0,0,1,0
1776038400,4693.9,4698.6,4686.4,4695.1,1,0,0,0,4731.134458821677,4653.865541178323,4677.781154797599,4686.535137155458,4669.02717243974,21.689639214450956,7345,7623.286473257723,11643.644564829876,215.11694909861095,0,0,0,0
1776040200,4695,4720.8,4692.9,4718,1,0,0,0,4753.999854620129,4659.700145379871,4682.940716717434,4697.332038702387,4668.549394732481,22.133236413418786,8783,8009.8576488384815,11434.929709886585,876.9043695231405,0,0,0,0
1776042000,4717.1,4743.3,4715.8,4738.8,1,0,0,0,4777.074865004405,4682.025134995595,4694.060008159709,4718.343231338477,4669.77678498094,22.516576669603158,16088,10702.57176589232,12014.786473257722,1923.5037223636648,0,0,0,0
1776043800,4738.8,4749.5,4731.2,4742.6,1,0,0,0,4782.823088932661,4697.876911067338,4700.454380736059,4728.192816327027,4672.715945145091,22.215392621774374,11311,10905.381177261546,16053.85764883848,1790.0921122006914,0,0,0,0
1776045600,4742.6,4747.4,4740.3,4741.1,0,1,0,0,4779.103582580328,4708.5964174196715,4703.412870368301,4732.2703581011665,4674.555382635435,21.13572172021902,6229,9346.587451507698,16358.07176589232,1324.078583479924,0,0,0,0
1776047400,4741.5,4749.8,4732.5,4742.2,1,0,0,0,4781.09261239602,4701.20738760398,4706.488214072811,4736.037954141849,4676.938474003774,20.861741597346246,7856,8849.724967671798,14019.881177261546,1088.6042204280925,0,0,0,0
1776049200,4742.3,4743.3,4733.7,4740.6,0,1,0,0,4773.385997224876,4703.614002775124,4708.00723204485,4737.6723940277625,4678.342070061937,20.057331483250113,4738,7479.149978447866,13274.587451507698,780.1919015670487,0,0,0,0
1776051000,4740.7,4745.9,4738.9,4739.7,0,1,0,0,4774.586997423098,4710.213002576901,4709.121404546016,4738.9009665821395,4679.341842509892,19.12466494873225,3511,6156.433318965244,11218.724967671798,555.0430063992311,0,0,0,0
1776052800,4739.7,4740.1,4729.1,4734.6,0,1,0,0,4767.916497607163,4701.283502392837,4710.21913595358,4739.8059184562,4680.63235345096,18.544331738108518,4752,5688.288879310163,9234.649978447866,207.52072264518506,0,0,0,0
1776054600,4734.4,4746.8,4730.4,4744.8,1,0,0,0,4774.38674777808,4702.81325222192,4711.476259434715,4741.072388963418,4681.8801299060115,18.39116518538652,4750,5375.525919540109,8532.433318965244,413.37578216429824,0,0,0,0
1776056400,4744.6,4747.8,4738,4742.4,0,1,0,0,4774.466265793932,4711.333734206069,4712.519159888868,4742.153862435658,4682.884457342077,17.777510529287493,3971,4907.350613026739,8063.288879310163,211.09337462634142,0,0,0,0
1776058200,4742,4752.6,4739.8,4751.2,1,0,0,0,4778.732961094365,4713.667038905635,4714.080767017088,4743.950106945137,4684.211427089039,17.42197406290983,5501,5105.2337420178255,7361.025919540109,500.52411605378984,0,0,0,0
1776060000,4751,4753.8,4744.8,4753.3,1,0,0,0,4779.030606730482,4719.5693932695185,4715.6974196404135,4745.850318996705,4685.544520284122,16.820404486987698,5762,5324.155828011883,7657.850613026738,499.5825409127717,0,0,0,0
1776061800,4753.9,4754.8,4742.8,4747.9,0,1,0,0,4779.514134821162,4718.0858651788385,4716.762726386043,4746.9865563425865,4686.5388964295,16.47608988077429,4373,5007.103885341256,7986.233742017825,151.1059404679304,0,1,0,0
1776063600,4747.8,4761,4747.3,4753.2,1,0,0,0,4785.41669661965,4722.88330338035,4718.434454049685,4748.954334475658,4687.914573623712,16.277797746433254,6359,5457.735923560837,7510.655828011883,307.4277763364904,0,0,0,0
1776065400,4753.6,4762.5,4749.9,4756.6,1,0,0,0,4786.522646861104,4725.877353138896,4719.8275210849415,4750.618427453273,4689.03661471661,16.015097907402332,5381,5432.157282373892,8186.603885341256,317.46953924023217,0,0,0,0
1776067200,4756.6,4761.5,4752.6,4755.1,0,1,0,0,4784.760314942453,4729.339685057547,4720.708162893434,4751.638447137096,4689.777878649772,15.50687662830214,3612,4825.438188249261,8148.235923560837,145.64398510291335,0,0,0,0
1776069000,4755,4759.2,4743.3,4746.2,0,1,0,0,4782.502435303706,4719.997564696294,4721.717035302393,4752.560742614266,4690.87332799052,15.534956869137675,5434,5028.292125499507,7238.157282373892,-221.13040604321918,0,0,0,1
1776070800,4746.3,4751.5,4736.9,4738.3,0,1,0,0,4774.702261353442,4713.697738646558,4722.406962102702,4752.952360071639,4691.861564133765,15.468174235627867,5409,5155.194750333005,7542.438188249261,-514.5244579303389,0,0,0,0
1776072600,4738,4744,4733,4737,0,1,0,0,4766.723528399624,4710.276471600376,4722.87560608893,4753.076063408813,4692.675148769047,15.149018933083019,4984,5098.1298335553365,7732.792125499507,-513.9497418895014,0,0,0,0
1776074400,4737.5,4741.6,4730.2,4734.8,0,1,0,0,4763.921847799652,4707.878152200348,4723.150910424458,4753.07814175378,4693.223679095136,14.881231866434272,3687,4627.753222370225,7647.194750333005,-549.4255474574096,0,0,0,0
1776076200,4734.9,4746.4,4733.9,4744.3,1,0,0,0,4768.466715813962,4711.833284186037,4723.546577045105,4753.269935423479,4693.82321866673,14.711143875974681,3729,4328.168814913483,6941.6298335553365,-228.55964082470246,0,0,0,0
1776078000,4744.8,4751.8,4740.4,4743.1,0,1,0,0,4773.511950398679,4718.688049601321,4724.078286953894,4753.622501576451,4694.5340723313375,14.474633599119386,4382,4346.112543275655,6492.253222370226,-290.64041696067636,0,0,0,0
1776079800,4742.8,4744.9,4725.5,4729,0,1,0,0,4767.139668227344,4703.260331772655,4724.459885643824,4753.432048362198,4695.487722925451,14.826445484896547,7815,5502.40836218377,6519.1688149134825,-800.7402044497034,0,0,0,0
1776081600,4729.2,4742.6,4725.7,4733,1,0,0,0,4765.061834782535,4703.238165217465,4724.848922497684,4753.270181984687,4696.427663010681,14.97455652168969,8090,6364.938908122514,8253.612543275654,-516.9461362637217,0,0,0,0
1776083400,4733,4747.9,4731.2,4746,1,0,0,0,4770.546703726639,4708.5532962733605,4725.433489451624,4753.527176221633,4697.339802681615,15.097802484426127,6955,6561.625938748342,9547.40836218377,56.24968474978442,0,0,1,0
1776085200,4745.9,4760.9,4745.3,4756.8,1,0,0,0,4783.600510603307,4722.599489396693,4726.894206975371,4754.991250026114,4698.797163924628,15.133673735538508,10673,7932.083959165561,9842.438908122513,715.4330592241355,0,0,0,0
1776087000,4757.2,4768.4,4743.4,4753.6,0,1,0,1,4792.157616988786,4719.6423830112135,4729.599666575317,4757.579859279444,4701.619473871191,15.838411325857185,22374,12746.055972777041,11898.125938748342,243.22991600189437,0,0,0,0
1776088800,4753.5,4755,4732,4738.7,0,1,0,0,4779.524930061016,4707.475069938984,4730.312194361076,4757.621476191932,4703.00291253022,16.349953374010244,14360,13284.037315184694,19119.08395916556,-709.6664856796814,0,0,0,1
1776090600,4738.7,4747,4731.8,4742.1,1,0,0,0,4771.401720770943,4707.398279229057,4730.733638181933,4757.535858886401,4703.931417477465,16.267813847295212,10921,12496.35821012313,19926.05597277704,-382.530446652331,0,0,0,0
1776092400,4742.3,4743.2,4722.5,4726,0,1,1,0,4768.076597858732,4697.623402141267,4730.725293068999,4756.849176869041,4704.6014092689575,16.5843985724884,13616,12869.572140082086,18744.537315184694,-1351.625149632703,0,0,0,0
1776094200,4726,4740.7,4724.2,4736.9,1,0,0,0,4765.567555154537,4699.332444845462,4730.811678191629,4756.5866654608335,4705.036690922424,16.578370103024945,7539,11092.714760054723,19304.35821012313,-655.1393896261452,0,0,0,0
1776096000,4736.9,4757.6,4731.1,4753.6,1,0,0,0,4783.530586929213,4705.169413070787,4731.561796678536,4756.9837175257135,4706.139875831358,17.287057952808876,13232,11805.809840036482,16639.072140082084,233.23457943918305,0,0,1,0
1776097800,4753.9,4770.8,4751.5,4756.6,1,0,0,1,4796.946259291412,4725.353740708588,4733.081874146477,4758.609085266668,4707.554663026286,17.430839527608253,16786,13465.873226690988,17708.71476005472,392.3754522648554,0,0,0,0
1776099600,4756.6,4774,4748.5,4766.5,1,0,0,0,4801.010812199169,4721.489187800831,4734.235372902715,4759.919890195785,4708.550855609646,18.00720813277909,12431,13120.915484460658,20198.809840036483,752.5016785154712,0,0,0,0
1776101400,4766.8,4771.1,4750.7,4753.5,0,1,0,0,4798.367182756371,4723.432817243629,4734.751865567066,4760.400352937023,4709.103378197108,18.178121837580623,7032,11091.276989640439,19681.373226690986,155.54883182137672,0,0,0,0
1776103200,4753.4,4756.5,4745.9,4750.2,0,1,0,0,4782.955241130916,4719.444758869084,4734.994202096967,4760.524549193636,4709.463855000297,17.636827420610604,5030,9070.851326426959,16636.91548446066,-43.80109472956593,0,0,0,1
1776105000,4750.5,4764.1,4749.9,4761.4,1,0,0,0,4790.187009621565,4723.812990378435,4735.315565404402,4760.816834246373,4709.814296562431,17.3913397477099,4643,7594.90088428464,13606.276989640439,272.11097451866283,0,0,1,0
1776106800,4761.4,4767.3,4753.7,4766.3,1,0,0,0,4792.980794648596,4728.019205351404,4735.63036352879,4761.149043402462,4710.111683655119,17.120529765730648,3983,6390.933922856427,11392.35132642696,327.5039571994776,0,0,0,0
1776108600,4766.3,4770.7,4762.5,4765.2,0,1,0,0,4795.425023602267,4737.774976397733,4736.0709054194185,4761.664688316285,4710.477122522552,16.483349068178445,5028,5936.6226152376175,9586.40088428464,171.92693512695354,0,0,0,0
1776110400,4765.4,4768.3,4762.4,4763.5,0,1,0,0,4791.891093344963,4738.8089066550365,4736.2897855285955,4761.907459810869,4710.672111246322,15.727395563308594,2679,4850.748410158412,8904.933922856426,26.172988986187875,0,0,0,0
1776112200,4763.3,4766.6,4762.1,4766.2,1,0,0,0,4788.988158106037,4739.7118418939635,4736.449031535681,4762.084207351432,4710.813855719929,14.92543873735798,1959,3886.8322734389417,7276.122615237618,107.08412859699138,0,0,0,0
1776117600,4766.6,4780.6,4765.6,4772.6,1,0,0,1,4802.996146812749,4743.203853187251,4772.933333333333,4772.933333333333,4772.933333333333,14.930764541832412,4332,4035.2215156259613,5830.248410158412,216.55466123635313,0,0,0,0
1776119400,4772.3,4783.5,4769.9,4781.7,1,0,0,0,4805.753564897553,4747.646435102447,4775.460121840783,4778.170144730321,4772.7500989512455,14.835709931701553,3766,3945.4810104173075,6052.832273438942,386.1630206400613,0,0,0,0
1776121200,4781.7,4789.9,4778.4,4778.9,0,1,0,0,4811.796167404869,4756.50383259513,4778.344643286669,4782.343318306495,4774.345968266844,14.597444936580015,5760,4550.320673611538,5918.221515625961,144.94383425238368,0,0,0,0
1776123000,4779.2,4786,4778.1,4781.5,1,0,0,0,4807.178584018808,4756.921415981193,4779.08826397981,4782.919656031944,4775.256871927676,14.11905601253856,3709,4269.880449074359,6825.481010417307,180.78394514435524,0,0,0,0
1776124800,4781.6,4791.8,4775.4,4786.2,1,0,0,0,4813.222970874607,4753.977029125393,4780.637282319405,4784.684939936025,4776.589624702785,14.281980583071558,7106,5215.253632716239,6404.820673611538,294.66691631189804,1,0,0,0
1776126600,4786.2,4799.4,4784.9,4793.3,1,0,0,0,4820.846330097849,4763.45366990215,4783.202778395906,4789.268070669833,4777.137486121978,14.297553398566448,6784,5738.169088477493,7822.880449074359,510.4630344920788,0,0,0,0
1776128400,4793.1,4802,4785.6,4793.5,1,0,0,0,4823.671592233717,4763.928407766283,4785.478840312703,4792.37254208118,4778.5851385442265,14.447728155811676,8709,6728.446058984995,8607.253632716238,390.3285673219808,0,0,0,0
1776130200,4793.1,4796.3,4783.5,4787.1,0,1,0,0,4817.795049931309,4762.004950068691,4785.969981532582,4792.474050315293,4779.465912749871,14.330033287539425,6583,6679.96403932333,10092.669088477493,-20.624061478073372,0,0,0,1
1776132000,4787.2,4794.9,4785,4791.4,1,0,0,0,4815.920403507644,4763.979596492356,4786.32331849459,4792.679910470809,4779.966726518372,14.01360233842944,4019,5792.976026215553,10019.946058984995,95.16072512962239,0,0,1,0
1776133800,4791.2,4800.2,4784.4,4797.5,1,0,0,0,4821.411803257098,4763.188196742902,4787.099004966311,4793.558102987607,4780.639906945016,14.141202171398778,5679,5754.984017477035,8689.46403932333,241.52521575533694,0,0,0,0
1776135600,4797.4,4798.4,4788,4790.4,0,1,0,0,4819.210960167305,4767.189039832695,4787.426474850386,4793.803089179792,4781.04986052098,13.873973444870268,3819,5109.6560116513565,8632.476026215552,-95.67282412737381,0,0,0,1
1776137400,4790.6,4794.3,4787.6,4790.3,0,1,0,0,4814.342320155355,4767.5576798446455,4787.555150490649,4793.839095613164,4781.271205368133,13.361546770236666,2440,4219.770674434238,7664.484017477034,-138.3901478013238,0,0,0,0
1776139200,4790.5,4799.2,4789,4798.2,1,0,0,0,4818.903583001401,4769.296416998599,4787.857661416074,4794.204304681299,4781.511018150849,13.135722000934035,2493,3644.180449622825,6329.6560116513565,15.073189350449866,0,0,1,0
1776141000,4798,4798.6,4793.5,4796.7,0,1,0,0,4817.442612787016,4774.657387212985,4788.121871626506,4794.53796299196,4781.705780261052,12.5617418580102,2115,3134.4536330818833,5466.270674434238,-87.67628800944465,0,0,0,1
1776142800,4796.7,4796.8,4783.6,4786.8,0,1,0,0,4815.710997587943,4764.689002412058,4788.178154367729,4794.40422113718,4781.952087598278,12.607331725295172,4264,3510.9690887212555,4701.680449622825,-420.97888371813366,0,0,0,0
1776144600,4786.6,4789.6,4780,4782.5,0,1,0,0,4808.1887834745185,4761.411216525482,4787.869356089992,4793.957087057048,4781.781625122936,12.392522316345543,5762,4261.31272581417,5266.453633081883,-620.4489594972761,0,0,0,0
1776146400,4782.6,4792.5,4782.3,4790.6,1,0,0,0,4810.853870369196,4763.9461296308045,4787.897617258553,4793.840938750342,4781.954295766764,12.235913579463707,3841,4121.208483876114,6391.9690887212555,-263.84000019223583,0,0,0,0
1776148200,4790.7,4806.5,4787,4805.5,1,0,0,0,4825.632165342824,4767.867834657176,4788.700420856097,4795.159315115022,4782.241526597171,12.754776895216299,5943,4728.472322584076,6181.81272581417,169.6831332318265,0,0,1,0
1776150000,4805.9,4820.6,4790.9,4795.4,0,1,0,1,4841.547724961195,4769.952275038805,4790.652537863148,4798.29886495968,4783.006210766615,13.965149974129472,14602,8019.648215056051,7092.708483876115,-388.0292500256559,0,0,0,1
1776151800,4795.9,4803.6,4794.5,4800.2,1,0,0,0,4824.026458892537,4774.073541107463,4791.1614115671455,4798.861241515868,4783.461581618423,13.617639261691679,6258,7432.432143370701,12029.472322584077,-76.1994536952148,0,0,0,0
1776153600,4799.8,4810,4796.8,4809,1,0,0,0,4830.381711828785,4776.418288171215,4791.803857270389,4799.880748357006,4783.726966183772,13.587807885856547,5153,6672.621428913801,11148.648215056051,238.25903641716218,0,0,1,0
1776155400,4809.5,4813.6,4804.8,4810.4,1,0,0,0,4833.468732412443,4784.931267587557,4792.506849477884,4801.148349877892,4783.865349077877,13.245821608295378,4653,5999.414285942534,10008.932143370701,199.88032070466636,0,0,0,0
1776157200,4810.5,4813.2,4801.9,4802.2,0,1,0,0,4832.86025152584,4782.23974847416,4792.977106585544,4801.811219787658,4784.14299338343,13.106834350560007,4331,5443.276190628356,8999.1214289138,-176.84711768584862,0,0,0,1
1776159000,4802.3,4805.5,4794.9,4801.4,0,1,0,0,4824.891662131137,4775.508337868862,4793.3655437085845,4802.133379877189,4784.59770753998,12.92777475409146,6557,5814.517460418904,8164.914285942534,-235.87278659688425,0,0,0,0
1776160800,4801.7,4811.3,4801.7,4807,1,0,0,0,4830.3672576931995,4782.6327423068005,4793.757012872731,4802.682602697584,4784.831423047878,12.711505128799251,3902,5177.011640279269,8721.776190628356,-27.31692499855143,0,0,0,0
1776162600,4807.2,4807.4,4773.1,4790.6,0,1,1,0,4828.780310715113,4751.719689284887,4793.484372355626,4802.093070046922,4784.87567466433,14.253540476742108,11594,7316.007760186179,7765.517460418903,-587.619753547559,0,0,0,0
1776164400,4790.5,4805.7,4789,4800.6,1,0,0,0,4827.342431378319,4767.357568621681,4793.679759049522,4802.171671992601,4785.1878461064425,14.42828758554623,5926,6852.67184012412,10974.01164027927,-175.3149302193067,0,0,0,0
1776166200,4801.1,4805.4,4792.1,4797.2,0,1,0,0,4826.921543422724,4770.578456577276,4793.87244021642,4802.233149281397,4785.511731151442,14.347695615150018,6632,6779.114560082747,10279.00776018618,-358.0508086404695,0,0,0,0
1776168000,4797.4,4800.5,4784.3,4791,0,1,0,0,4822.2200046068165,4762.579995393184,4793.790524814894,4801.982025277096,4785.599024352691,14.480003071210717,6913,6823.743040055165,10168.67184012412,-578.522137122287,0,0,0,0
1776169800,4791.3,4798.6,4783.9,4793.3,1,0,0,0,4820.34357570633,4762.15642429367,4793.691173975576,4801.671509691101,4785.710838260051,14.49571713755286,9249,7632.162026703443,10235.614560082748,-378.9356159360439,0,0,0,0
1776171600,4793.5,4815.8,4792.8,4805.6,1,0,0,0,4838.454748870163,4770.145251129838,4794.44056584107,4802.630617716323,4786.250513965816,15.103165913441941,12588,9284.108017802295,11448.243040055164,291.0627248098846,0,0,1,0
1776173400,4805.8,4828.4,4802.6,4818.4,1,0,0,1,4852.200838236579,4778.799161763421,4796.691525771033,4806.925540761201,4786.457510780866,15.86722549105318,21113,13227.072011868197,13926.162026703441,1182.3176127320285,0,0,0,0
1776175200,4818.4,4834.8,4816.5,4833.2,1,0,0,0,4858.861492648253,4792.438507351747,4799.4181124339975,4812.6108239662935,4786.2254009017015,16.040995098835108,19594,15349.381341245464,19840.608017802297,2421.5087793217917,0,0,0,0
1776177000,4833,4842.3,4819,4827.2,0,1,0,0,4867.1392431733775,4794.160756826623,4801.622421615302,4816.547057567826,4786.697785662778,16.559495448918327,17885,16194.587560830309,23024.072011868197,1505.3633186682791,0,0,0,0
1776178800,4827.2,4829.3,4814,4826,0,1,0,0,4854.004297232422,4789.295702767578,4802.671651663354,4817.94572092001,4787.397582406698,16.469531488281316,12536,14975.058373886872,24291.881341245462,1074.2484438737858,0,0,0,0
1776180600,4826.3,4840,4826,4832.2,1,0,0,0,4864.439704572963,4801.560295427037,4803.873462129375,4819.956201212865,4787.790723045885,16.293136381975508,10686,13545.372249257915,22462.587560830307,1231.4221365750693,0,0,0,0
1776182400,4831.9,4842.9,4828.7,4839.4,1,0,0,0,4867.1154399606085,4804.484560039391,4804.93197474036,4821.794179803257,4788.069769677462,16.143626640405817,8823,11971.248166171943,20318.058373886874,1365.726443411101,0,0,0,0
1776184200,4839.6,4843.7,4832.5,4833.7,0,1,0,0,4867.385765677708,4808.814234322292,4805.720145218765,4823.0876323594275,4788.352658078102,15.790510451805389,7040,10327.498777447961,17956.872249257915,678.4211940664243,0,0,0,0
1776186000,4833.7,4858.4,4832.7,4849.9,1,0,0,0,4883.147496700729,4807.952503299271,4807.768987772994,4826.927197448196,4788.610778097791,16.498331133819278,14788,11814.332518298641,15491.248166171943,1339.1488713603674,0,0,0,0
1776187800,4849.7,4866.2,4849.2,4859.7,1,0,0,0,4891.001246936391,4824.398753063609,4809.213490358208,4829.891024676465,4788.535956039951,16.534164624260757,8756,10794.888345532427,17721.49877744796,1476.1320017772416,0,0,0,0
1776189600,4859.7,4868,4857.5,4862.4,1,0,0,0,4892.154729298078,4833.345270701922,4810.3880189499505,4832.286041188469,4788.489996711432,16.10315286538499,6895,9494.925563688284,16192.332518298641,1259.7797710533837,0,0,0,0
1776191400,4862.5,4863.9,4855.4,4860.2,0,1,0,0,4887.240105776786,4832.059894223214,4811.115987503823,4833.653249863731,4788.578725143915,15.560070517857488,4686,7891.95037579219,14242.388345532427,788.5172705288562,0,0,0,0
1776193200,4860.3,4867.1,4860.2,4865.1,1,0,0,0,4889.512241078445,4837.787758921555,4811.784240895681,4834.946894202119,4788.621587589243,14.941494052296278,4063,6615.6335838614605,11837.925563688284,783.9759084552304,0,0,0,0
1776195000,4865,4870,4862.2,4868.6,1,0,0,0,4891.6470810014125,4840.552918998587,4812.744139077457,4836.810431106924,4788.677847047989,14.431387334275128,5710,6313.755722574307,9923.45037579219,756.8365944492937,0,1,0,0
1776196800,4868.8,4870.4,4863,4863.9,0,1,0,0,4891.29371807274,4842.106281927259,4813.17760286128,4837.616239632537,4788.7389660900235,13.92914538182688,2704,5110.503815049538,9470.63358386146,313.0638531200898,0,1,0,0
1776198600,4864,4866.9,4863.4,4864.3,1,0,0,0,4886.676309638973,4843.623690361026,4813.531466396029,4838.256430856481,4788.806501935577,13.184206425982103,2280,4167.002543366359,7665.755722574308,135.88876373331982,0,0,0,0
1776204000,4863.4,4875,4859.6,4863.6,0,0,0,0,4895.013716093332,4839.5862839066685,4866.066666666667,4866.066666666667,4866.066666666667,13.342477395554782,5480,4604.668362244239,6250.503815049538,-21.204476852621383,0,0,0,1
1776205800,4863.5,4867.4,4857,4859.4,0,1,0,0,4887.0984506580935,4837.301549341906,4863.916943744752,4866.30385836143,4861.530029128074,13.132300438729414,4445,4551.445574829492,6907.002543366358,-320.69077957055106,0,0,0,0
1776207600,4859.5,4868,4857.7,4860.5,1,0,0,0,4887.394989896802,4838.305010103198,4863.337267925921,4865.493413589354,4861.181122262488,12.92999326453447,4528,4543.630383219662,6827.168362244238,-356.4235274669828,0,0,0,0
1776209400,4860.1,4868.9,4859.1,4861.7,1,0,0,0,4887.959633475602,4840.040366524398,4863.311420699693,4865.1808707649,4861.441970634487,12.706422317067672,4784,4623.753588813108,6815.445574829493,-350.95132695911525,0,0,0,0
1776211200,4861.7,4864.3,4852.4,4858,0,1,0,0,4883.273231084488,4833.426768915512,4861.953757093346,4864.712661882557,4859.194852304136,12.648820722991449,7020,5422.502392542072,6935.630383219662,-622.8637082352418,0,0,0,0
1776213000,4858.1,4862,4851.3,4860.1,1,0,0,0,4880.764428864167,4832.535571135833,4861.31879980642,4864.265376668525,4858.372222944316,12.509619242777761,4738,5194.334928361382,8133.753588813108,-551.5667398659117,0,0,0,0
1776214800,4859.8,4895.6,4852.6,4874.3,1,0,0,1,4917.631255373869,4830.568744626132,4866.647129800974,4873.36636464869,4859.927894953257,14.68750358257935,21963,10783.88995224092,7791.502392542072,123.83630292753378,0,0,1,0
1776216600,4874.3,4875.5,4863.6,4870.8,0,1,0,0,4897.232594275735,4841.867405724265,4867.0888217704,4873.445857693261,4860.731785847538,14.488396183823655,8128,9898.593301493946,16175.834928361379,-247.99187253978846,0,0,0,1
1776218400,4870.5,4877.3,4856.1,4858.6,0,1,0,0,4899.751694684612,4833.648305315389,4866.744092010858,4872.81432112822,4860.673862893496,14.967796456407667,7674,9157.062200995964,14847.88995224092,-729.7704949618707,0,0,0,0
1776220200,4858.8,4859.3,4844.4,4848.1,0,1,0,0,4881.744430778568,4821.955569221432,4864.474806472848,4872.421762168511,4856.527850777185,14.962953852378588,11246,9853.374800663976,13735.593301493947,-1472.0135171103157,0,0,0,0
1776222000,4848.2,4852.2,4840.9,4850.9,1,0,0,0,4874.251971437241,4818.848028562758,4863.148120012718,4871.989229918277,4854.30701010716,14.701314291494416,7007,8904.58320044265,14780.062200995964,-1149.6607988940627,0,0,0,0
1776223800,4850.7,4853.8,4847.7,4848,0,1,0,0,4874.930402048867,4826.569597951133,4862.641323221604,4871.679082495377,4853.6035639478305,14.086934699244841,3443,7084.055466961767,13356.874800663976,-1179.700015104628,0,0,0,0
1776225600,4848,4851,4844.5,4848.6,1,0,0,0,4871.317516188234,4824.182483811766,4862.184813759719,4871.436234655524,4852.933392863914,13.545010792155923,2918,5695.3703113078445,10626.08320044265,-1027.2629365331009,0,0,0,0
1776227400,4848.6,4851.7,4845.1,4849.3,1,0,0,0,4871.273407889074,4825.526592110926,4861.861327075646,4871.231125176674,4852.491528974618,13.048938592716175,2295,4561.913540871897,8543.055466961767,-898.2584278561687,0,0,0,0
1776229200,4848.9,4854.3,4846.5,4849.9,1,0,0,0,4873.311021611284,4827.4889783887165,4861.395558610356,4870.854707960516,4851.936409260195,12.674014407522176,3992,4371.942360581264,6842.8703113078445,-761.5685770053036,0,0,0,0
1776231000,4849.9,4851.6,4835.9,4843.4,0,1,1,0,4870.935234353335,4816.564765646665,4859.986532776587,4870.2539450305785,4849.719120522596,12.890156235556358,8587,5776.961573720842,6557.913540871897,-1027.4164198285762,0,0,0,0
1776232800,4843.4,4848.6,4837.1,4838.4,0,1,0,0,4867.786289042382,4817.913710957619,4859.251783723028,4869.947619921955,4848.555947524101,12.790859361588046,4447,5333.641049147228,8665.442360581263,-1084.4513937256777,0,0,0,0
1776234600,4838.2,4847.6,4834,4835.1,0,1,0,0,4866.872982682213,4814.727017317788,4858.139367731725,4869.521371455917,4846.7573640075325,12.84865512147464,6516,5727.760699431486,8000.461573720842,-1081.230197595332,0,0,0,0
1776236400,4835.1,4839.9,4827.3,4835.7,1,0,0,0,4859.146341062054,4808.053658937946,4856.675696735401,4869.099329707508,4844.252063763294,12.830894041369268,7798,6417.840466287657,8591.641049147229,-896.406631030534,1,0,0,0
1776238200,4835.9,4838.9,4828.6,4834.1,0,1,0,0,4857.875173843336,4809.624826156664,4855.810946061276,4868.75201620796,4842.869875914592,12.650115895557125,5005,5946.893644191771,9626.760699431487,-856.6864021663024,0,0,0,0
1776240000,4833.9,4837.4,4826.8,4833.2,0,1,0,0,4856.155518568811,4808.044481431189,4854.849761892656,4868.343836937445,4841.355686847866,12.503679045874435,5669,5854.262429461181,8920.340466287656,-771.2655091356697,0,0,0,0
1776241800,4833.2,4845,4828.6,4841.4,1,0,0,0,4864.172981528182,4809.427018471818,4854.257811686659,4867.858930620216,4840.656692753102,12.781987685454807,5118,5608.841619640787,8781.39364419177,-420.2831091944319,0,0,0,0
1776243600,4841.6,4842.5,4815.2,4820.2,0,1,0,0,4863.228482847598,4794.471517152402,4852.3235132425625,4867.2675566239695,4837.3794698611555,13.818988565065192,10480,7232.561079760524,8413.262429461181,-1144.777925867028,0,0,0,0
1776245400,4820.2,4826.8,4808.6,4820.6,1,0,0,0,4847.997876929912,4787.402123070088,4850.500081862178,4866.909573134021,4834.0905905903355,14.131917953274808,8780,7748.374053173683,10848.841619640785,-936.5014702682299,0,0,0,0
1776247200,4820.8,4826,4812.8,4817.4,0,1,0,0,4847.098028577776,4791.701971422224,4849.472233699545,4866.564739455029,4832.3797279440605,14.065352385183738,5419,6971.916035449122,11622.561079760524,-909.6272368756484,0,0,0,0
1776249000,4817.8,4828.6,4815.6,4822.8,1,0,0,0,4849.583883679364,4794.616116320637,4848.5224331716145,4866.038238862828,4831.006627480401,13.989255786242042,6074,6672.610690299415,10457.874053173684,-530.28698236382,0,0,0,0
1776250800,4823.2,4830.3,4818.3,4827.4,1,0,0,0,4851.070749130838,4797.529250869163,4848.008832859114,4865.662569072857,4830.35509664537,13.847166087224753,3931,5758.74046019961,10008.916035449123,-307.64589723946716,0,0,0,0
1776252600,4827.6,4837.8,4824.9,4835.2,1,0,0,0,4858.4692670500635,4804.230732949936,4847.388003618937,4864.944501159847,4829.831506078026,13.779511366708737,7468,6328.493640133073,8638.110690299416,160.50271574320448,0,0,1,0
1776254400,4835,4838.7,4829.4,4835,0,0,0,0,4858.88931940363,4809.2106805963695,4846.887386057215,4864.284181222016,4829.490590892414,13.459546269086697,7395,6683.9957600887155,9492.74046019961,127.16639828562026,0,0,0,0
1776256200,4834.7,4838.6,4830.5,4833.7,0,1,0,0,4858.215082303371,4810.88491769663,4846.546782474971,4863.82866204721,4829.2649029027325,13.07672153558053,5335,6234.330506725811,10025.993640133074,37.137261632290986,0,0,0,0
1776258000,4833.8,4844.8,4830.9,4844.3,1,0,0,0,4864.503290710273,4811.196709289727,4846.251962996062,4863.194717668532,4829.3092083235915,13.13552714018196,9322,7263.55367115054,9351.495760088716,687.9065512158269,0,0,0,0
1776259800,4844.4,4853.4,4838.3,4852.2,1,0,0,0,4873.313769945253,4818.386230054747,4846.367321660297,4862.73586919006,4829.998774130535,13.275846630168925,14931,9819.36911410036,10895.33050672581,1276.821509539277,0,0,0,0
1776261600,4851.8,4854.2,4843.1,4848.3,0,1,0,0,4873.8806435205925,4823.419356479408,4846.46571109878,4862.464532707415,4830.466889490145,13.120429013728247,10561,10066.57940940024,14729.053671150541,709.2197996473735,0,0,0,0
1776263400,4848.5,4848.8,4836.1,4838.5,0,1,0,0,4868.435597554836,4816.4644024451645,4846.238553325481,4861.92989050647,4830.547216144492,13.090398369890503,10345,10159.386272933492,15099.869114100358,-211.54356323231275,0,0,0,1
1776265200,4838.6,4839.2,4818.9,4820.5,0,1,0,0,4859.608054872348,4798.491945127652,4844.985017261989,4860.933788026472,4829.036246497506,13.605369914898336,16205,12174.590848622329,15239.079409400238,-1553.7731131079315,0,0,0,0
1776267000,4820.5,4830,4808.9,4823.9,1,0,0,0,4851.211050952894,4787.688949047106,4843.861560928337,4860.239620006372,4827.483501850302,14.140700635262766,12693,12347.393899081553,18261.886272933494,-1085.5961201695998,0,0,0,0
1776268800,4823.8,4834.7,4822.5,4833.6,1,0,0,0,4855.7031187419725,4801.496881258027,4843.513498876458,4859.822512562913,4827.204485190002,14.002079161315411,7140,10611.595932721035,18521.09084862233,-349.160264329574,0,0,0,0
1776270600,4833.6,4834.2,4822.2,4826.1,0,1,0,0,4854.988610260403,4801.411389739596,4843.095156346941,4859.391149189295,4826.799163504586,13.85907350693574,7481,9568.063955147356,15917.393899081551,-725.7233534071906,0,0,0,0
1776272400,4826.2,4830.8,4819.9,4824,0,1,0,0,4851.271566670375,4799.428433329625,4842.67323284179,4859.010317309707,4826.336148373874,13.647711113583226,6798,8644.709303431571,14352.095932721033,-716.9025517004343,0,0,0,0
1776274200,4823.6,4824.7,4812.9,4814.8,0,1,0,0,4844.973597622491,4792.626402377508,4842.0414256702215,4858.646754108472,4825.436097231971,13.515731748327294,7537,8275.47286895438,12967.063955147358,-1104.4220718574857,0,0,0,0
1776276000,4814.8,4823.2,4812,4817,1,0,0,0,4843.225483506599,4791.974516493401,4841.526238968644,4858.3310455370765,4824.721432400212,13.350322337732475,6421,7657.3152459695875,12413.209303431571,-765.2392886875313,0,0,0,0
1776277800,4817.1,4824.6,4816.6,4822.2,1,0,0,0,4844.052234684699,4797.1477653153015,4841.266055474477,4858.119443784746,4824.412667164208,12.968156456465868,3969,6427.876830646392,11485.97286895438,-363.9799691847861,0,0,0,0
1776279600,4822.4,4826.3,4820.1,4825.6,1,0,0,0,4845.027075064363,4801.3729249356375,4841.097110177404,4857.953738697805,4824.240481657002,12.484716709575435,3074,5309.917887097595,9641.815245969588,-123.0604317226472,0,0,0,0
1776281400,4825.2,4825.4,4817.1,4818.6,0,1,0,0,4843.700141131194,4798.799858868806,4840.850258639308,4857.756435374795,4823.944081903821,12.200094087462904,3786,4801.945258065063,7964.876830646392,-358.2567102680564,0,0,0,0
1776283200,4818.7,4819.4,4815,4816.2,0,1,0,0,4836.86441676468,4797.53558323532,4840.707116662237,4857.663694151507,4823.750539172967,11.642944509786957,1909,3837.6301720433758,7202.917887097595,-366.341206768831,0,0,0,0
1776285000,4816.2,4816.2,4810.3,4813.5,0,1,0,0,4833.049101281489,4793.450898718511,4840.462924472373,4857.538797429869,4823.3870515148765,11.232734187659291,2879,3518.0867813622503,5756.445258065063,-392.28554040381664,0,0,0,0
1776290400,4813.6,4823.5,4812,4822.7,1,0,0,0,4840.37773690424,4795.12226309576,4819.400000000001,4819.400000000001,4819.400000000001,11.251824602826485,4267,3767.724520908167,5277.130172043376,30.89109540026476,0,0,1,0
1776292200,4822.6,4833.5,4820.6,4829.1,1,0,0,0,4850.5543271253655,4803.545672874635,4823.589005439006,4827.75561222279,4819.4223986552215,11.369551416910282,4313,3949.483013938778,5651.586781362251,262.5044466985667,0,0,0,0
1776294000,4829.3,4837.2,4829.1,4836.4,1,0,0,0,4853.904018044982,4812.395981955018,4826.799199565867,4832.798356547644,4820.800042584089,11.13601202998808,3705,3867.9886759591855,5924.2245209081675,550.5903302127581,0,0,0,0
1776295800,4836.3,4848.7,4836.1,4845.4,1,0,0,0,4865.560873898912,4819.239126101088,4832.277572353112,4841.499599897236,4823.055544808988,11.240582599274607,6051,4595.659117306123,5801.983013938778,887.2468373296896,0,0,0,0
1776297600,4845.1,4854,4844.1,4846.4,1,0,0,0,4870.71724004899,4827.3827599510105,4837.324000744325,4847.942461418813,4826.705540069836,11.144826699326396,8534,5908.439411537415,6893.488675959185,849.8445529742428,0,0,0,0
1776299400,4846.5,4859.7,4841.3,4854.8,1,0,0,0,4877.1945800454905,4823.8054199545095,4841.042400954389,4852.202630973875,4829.882170934904,11.663053363660199,9174,6996.95960769161,8862.659117306122,1097.3170310380046,0,0,0,0
1776301200,4854.9,4858.5,4844,4845.4,0,1,0,1,4876.29853861367,4826.20146138633,4842.487839879154,4853.098942592155,4831.876737166153,11.865692409113041,7648,7213.973071794407,10495.439411537414,430.73208850329473,0,0,0,0
1776303000,4845.4,4847.5,4833,4840.2,0,1,0,0,4865.58078585555,4814.91921414445,4842.099361597333,4851.790536386736,4832.40818680793,12.053857237033538,9096,7841.315381196271,10820.95960769161,48.759148985589945,0,0,0,0
1776304800,4840.2,4847.1,4839.3,4841.1,1,0,0,0,4864.725015437297,4821.674984562704,4842.136072823637,4851.373294920293,4832.8988507269805,11.750010291531156,5325,7002.543587464181,11761.973071794408,101.66716691125404,0,0,0,0
1776306600,4841.3,4843.8,4834.7,4842.1,1,0,0,0,4861.1410857632045,4817.3589142367955,4841.963992976075,4850.798354636229,4833.129631315921,11.560723842136099,5669,6558.029058309454,10503.815381196271,133.17869075828753,0,0,0,0
1776308400,4841.9,4849.6,4841.1,4846.4,1,0,0,0,4866.613151065832,4824.086848934168,4842.1858647082245,4850.799266339195,4833.572463077254,11.342100710554949,4027,5714.352705539636,9837.04358746418,311.6234913086285,0,0,0,0
1776310200,4846.5,4849.2,4841.3,4846.4,0,0,0,0,4865.84435456113,4824.65564543887,4842.355901224875,4850.787314368641,4833.924488081109,11.096236374086713,3518,4982.235137026424,8571.529058309454,250.18821979405317,0,0,0,0
1776312000,4846.3,4852.7,4845.2,4848.8,1,0,0,0,4868.959043521049,4828.94095647895,4842.632431005004,4850.988144401209,4834.276717608799,10.839362347366233,3147,4370.490091350949,7473.352705539636,301.2304515981967,0,0,0,0
1776313800,4848.8,4856.1,4847.1,4855.6,1,0,0,0,4872.161968983832,4831.038031016169,4842.99255947753,4851.416157649343,4834.5689613057175,10.70797932255436,2698,3812.9933942339662,6555.735137026424,433.8353958487478,0,0,0,0
1776315600,4855.8,4861.2,4854.4,4856.2,1,0,0,1,4876.8432569135575,4838.756743086442,4843.882122128934,4852.738834555387,4835.02540970248,10.428837942371919,5129,4251.662262822644,5719.490091350949,375.5383571866158,0,0,0,0
1776317400,4856.2,4856.9,4843.5,4843.9,0,1,0,0,4872.861595705446,4827.538404294553,4844.238432986633,4852.793597227986,4835.68326874528,10.641063803631042,7594,5365.774841881763,6377.493394233967,-358.76530040812304,0,0,0,1
1776319200,4843.8,4850.5,4836.3,4838.3,0,1,0,0,4866.842910297914,4819.957089702086,4844.053882522032,4852.318511215982,4835.789253828082,10.895273531943095,7048,5926.516561254509,8048.662262822644,-556.0099308125464,0,0,0,0
1776321000,4838.6,4852.1,4836.8,4847.9,1,0,0,0,4868.914845276636,4819.985154723365,4844.19164803087,4852.091770245392,4836.291525816348,11.209896851090031,9483,7112.011040836339,8889.774841881763,86.13544505262985,0,0,1,0
1776322800,4847.9,4852.9,4838.5,4849.6,1,0,0,0,4870.056642042589,4821.34335795741,4844.407836232966,4852.034619802068,4836.781052663863,11.437761361726432,8876,7700.007360557559,10668.016561254508,165.40109161648513,0,0,0,0
1776324600,4849.6,4851.7,4840.6,4842.5,0,1,0,0,4868.820453325262,4823.479546674738,4844.425382906485,4851.924348213466,4836.926417599503,11.413635550174504,3983,6461.004907038373,11550.011040836338,-109.38068264131041,0,0,0,1
1776326400,4842.7,4843.6,4828,4832.9,0,1,0,0,4861.1689923734575,4810.431007626543,4843.832622579479,4851.4545499949145,4836.2106951640435,11.712661582304921,7857,6926.336604692248,9691.50736055756,-557.3231658161603,0,0,0,0
1776328200,4832.9,4836,4827.4,4835,1,0,0,0,4853.23549291821,4810.164507081789,4843.448773581325,4851.205067115994,4835.692480046657,11.490328612140312,4583,6145.224403128165,10389.504907038372,-349.03492021960096,0,0,0,0
1776330000,4835,4839.4,4832.3,4834.4,0,1,0,0,4856.165100566909,4815.534899433091,4843.242439979484,4851.004479547389,4835.480400411579,11.176733711273107,3451,5247.149602085444,9217.836604692247,-309.4962941740589,0,0,0,0
1776331800,4834.3,4836.7,4827.6,4834.2,0,1,0,0,4853.242593383558,4811.057406616442,4842.811359940243,4850.688887421795,4834.9338324586915,11.028395589039274,5840,5444.766401390296,7870.724403128166,-253.70397505317047,0,0,0,0
1776333600,4834.1,4836.8,4826.2,4828.5,0,1,0,0,4853.296693856162,4809.703306143838,4842.483342536606,4850.504116291057,4834.462568782155,10.997795904107923,3860,4916.510934260197,8167.149602085444,-392.25470592589335,0,0,0,0
1776335400,4828.3,4838.6,4825.9,4838.4,1,0,0,0,4855.279072866437,4809.220927133563,4842.2557773005865,4850.277889288785,4834.2336653123875,11.11938191095741,4144,4659.007289506798,7374.766401390296,-0.599499988670857,0,0,0,0
1776337200,4838.7,4842.2,4836.2,4837.6,0,1,0,0,4858.33056766169,4820.0694323383095,4842.169350194613,4850.113362579174,4834.225337810052,10.753711774460452,3677,4331.6715263378655,6988.510934260197,-54.72639213612621,0,0,0,0
1776339000,4837.6,4844.5,4837.4,4843.8,1,0,0,0,4860.239098542998,4821.660901457001,4842.162831769809,4850.01023983864,4834.315423700978,10.492732361999018,3787,4150.11435089191,6497.507289506799,276.0497526980323,0,0,1,0
1776340800,4844,4845,4833,4836.4,0,1,0,0,4860.900591504213,4817.099408495787,4842.0014896745215,4849.730665509909,4834.272313839134,10.600394336141944,6527,4942.409567261274,6225.1715263378655,-156.18027828595166,0,0,0,1
1776342600,4836.4,4842.5,4832.8,4837.8,1,0,0,0,4858.304120682484,4816.9958793175165,4841.857689244131,4849.495810769238,4834.219567719023,10.536080454988936,5638,5174.273044840849,7413.61435089191,-42.058380631140494,0,0,0,0
1776344400,4837.9,4844.8,4835.9,4837.5,0,1,0,0,4860.42882634802,4820.27117365198,4841.762906229454,4849.267231253912,4834.258581204996,10.419217565346909,6765,5704.515363227233,7761.409567261274,-53.874869724682696,0,0,0,0
1776346200,4837.6,4846.5,4805.1,4816,0,1,0,0,4865.448195894591,4786.15180410541,4839.36006095888,4848.8315998207045,4829.888522097056,12.632130596393532,25049,12152.676908818154,8556.77304484085,-1264.022122468405,0,1,0,0
1776348000,4815.8,4828.2,4806.1,4821.2,1,0,0,0,4848.162610473548,4786.137389526452,4837.594995730457,4848.357113720583,4826.832877740332,13.308406982365383,18530,14278.451272545435,18229.01536322723,-586.4421947025974,0,0,0,0
1776349800,4821.4,4823.1,4792.5,4810.4,0,1,0,0,4844.915281154009,4770.6847188459915,4835.509293713376,4848.294369998569,4822.724217428183,14.543520769339311,17016,15190.96751503029,21417.676908818154,-1031.3076581518196,0,0,0,0
1776351600,4810.3,4834.9,4809.6,4823.3,1,0,0,0,4857.8677610715795,4786.6322389284205,4834.726255228877,4847.494913125183,4821.95759733257,15.31184071438645,15240,15207.31167668686,22786.451272545433,-74.68121808287583,0,0,0,0
1776353400,4823,4833,4819.2,4828.6,1,0,1,0,4855.805778137896,4796.394221862104,4834.442274174724,4847.060901195578,4821.82364715387,15.203852091930289,9502,13305.541117791241,22810.96751503029,331.8567914056716,0,0,1,0
1776355200,4828.9,4831.4,4817.7,4820.2,0,1,0,0,4854.044651128045,4795.055348871954,4834.2141943064435,4846.806364408271,4821.622024204616,15.096434085363827,5351,10654.027411860829,19958.311676686862,-21.421405701849324,0,0,0,1
1776357000,4820.4,4821,4806,4812.9,0,1,0,0,4843.634318904614,4783.365681095386,4833.417368054501,4846.400110009331,4820.434626099671,15.089545936409268,10540,10616.018274573886,15981.041117791243,-485.414731971856,0,0,0,0
1776358800,4812.8,4816.6,4805.2,4805.9,0,1,0,0,4838.839010411428,4782.960989588572,4832.887245175752,4846.206267515657,4819.568222835846,14.826006940951501,6200,9144.012183049257,15924.027411860829,-717.5912550136972,0,0,0,0
1776360600,4806.1,4811.9,4801.9,4810.3,1,0,0,0,4833.621938239182,4780.178061760817,4832.22714640859,4845.96232627189,4818.49196654529,14.481292159454966,7717,8668.341455366171,13716.018274573886,-243.94076333799387,0,0,0,0
1776362400,4810.3,4815.9,4806.7,4807.8,0,1,0,0,4837.056085507812,4785.5439144921875,4831.834586594099,4845.75659100943,4817.912582178768,14.10405700520817,5256,7530.894303577448,13002.512183049257,-295.340463535748,0,0,0,0
1776364200,4807.8,4813.6,4807.3,4810.5,1,0,0,0,4833.919936542969,4786.980063457032,4831.653029104519,4845.653811024444,4817.652247184595,13.54662436197903,2535,5865.596202384966,11296.341455366171,-98.61657106233037,0,0,0,0
1776366000,4810.5,4816.2,4810.2,4811.7,1,0,0,0,4835.711369647042,4790.688630352957,4831.488663720539,4845.538935947661,4817.438391493417,13.007579764694812,2610,4780.397468256644,8798.39430357745,9.366198482811626,0,0,1,0
1776367800,4811.6,4819.8,4811.4,4814.7,1,0,0,0,4838.817700386539,4792.38229961346,4831.3053488695505,4845.3804603532135,4817.230237385887,12.678466924359508,3447,4335.931645504429,7170.596202384966,167.91019428008897,0,0,0,0
1776369600,4814.8,4815.1,4809,4810,0,1,0,0,4833.412864644644,4790.687135355356,4831.192803610607,4845.307401107214,4817.078206114001,12.208576429762427,1728,3466.621097002953,6503.897468256644,48.41080001356471,0,0,0,0
1776371400,4810.1,4812.2,4805.6,4810.6,1,0,0,0,4829.9119457414545,4787.888054258546,4831.0463240248355,4845.22516988385,4816.867478165821,11.8079638276365,2078,3003.7473980019686,5199.931645504429,93.37137861052935,0,0,0,0
1776376800,4811.1,4819,4811.1,4815,1,0,0,0,4836.346806759922,4793.753193240078,4815.033333333334,4815.033333333334,4815.033333333334,11.564537839948153,3892,3299.831598667979,4505.621097002953,295.32428299634023,0,0,0,0
1776378600,4815.1,4817.8,4811.2,4815.6,1,0,0,0,4834.614891991357,4794.385108008643,4814.962213384397,4815.0446468482105,4814.879779920583,11.209927994237598,2897,3165.554399111986,4949.747398001969,297.81594555708,0,0,0,0
1776380400,4815.6,4818.6,4812.4,4815.3,0,1,0,0,4834.878113991974,4796.121886008026,4815.099815780327,4815.32498984995,4814.874641710704,10.852075994649251,2801,3044.0362660746573,4748.331598667979,264.3747115857393,0,0,0,0
1776382200,4814.9,4817.8,4812.3,4812.3,0,1,0,0,4833.504677278262,4796.595322721739,4814.869284315282,4815.3256494518655,4814.412919178699,10.469784852174303,3004,3030.6908440497714,4566.054399111986,114.42145562743534,0,0,0,0
1776384000,4812.2,4813.9,4806.4,4813.8,1,0,0,0,4829.2864860441,4791.0135139559,4813.89994448592,4815.514329295382,4812.285559676458,10.257657362733282,4819,3626.7938960331808,4546.036266074657,221.6740276086462,0,0,0,0
1776385800,4813.9,4822.5,4813.3,4816,1,0,0,0,4837.773165612379,4798.026834387621,4814.67700621374,4816.681258522826,4812.672753904654,10.182110408252319,5225,4159.5292640221205,5440.190844049771,323.06154037200554,0,0,0,0
1776387600,4815.8,4816.6,4787.8,4789.2,0,1,0,0,4833.867939497209,4770.532060502792,4807.981017940199,4816.356131079727,4799.605904800672,11.511959664805739,14987,7768.686176014748,6239.293896033181,-1010.9511540210578,0,0,0,1
1776389400,4789.1,4811.5,4787.5,4809.8,1,0,1,0,4830.105943818837,4768.894056181163,4806.929948092032,4814.658958161706,4799.200938022357,12.403962545891044,9895,8477.457450676498,11653.029264022121,13.547223128070186,0,0,1,0
1776391200,4809.6,4814.2,4808.3,4809.1,0,1,0,0,4832.109090688919,4790.390909311081,4807.260221096563,4814.699528149222,4799.820914043905,11.939393792613087,4795,7249.971633784333,12716.186176014748,7.638214758684057,0,0,0,0
1776393000,4809.3,4815.4,4804,4804.7,0,1,0,0,4833.251298496853,4786.148701503146,4807.322055935612,4814.460740702294,4800.1833711689305,11.900865664569269,4548,6349.314422522889,10874.957450676498,-131.64971168567195,0,1,0,1
1776394800,4804.4,4819.1,4804.4,4814.8,1,0,0,0,4837.251205747079,4786.248794252921,4807.805336901596,4814.79354782749,4800.817125975702,12.100803831385802,5539,6079.209615015259,9523.971633784333,297.0101500941139,0,0,1,0
1776396600,4814.7,4817.5,4812.2,4813.8,0,1,0,0,4834.922548193716,4794.777451806284,4808.08121248438,4815.05211402773,4801.11031094103,11.615032129143971,2682,4946.806410010173,9118.81442252289,232.93166860058545,0,0,0,0
1776398400,4813.8,4817.3,4813.2,4816.8,1,0,0,0,4833.9173661798795,4796.5826338201205,4808.302219038666,4815.2911948875435,4801.313243189789,11.078244119919429,1927,3940.2042733401154,7420.209615015259,354.5570252867807,0,0,0,0
1776400200,4816.9,4826.2,4816.3,4824,1,0,0,0,4842.691125738459,4799.808874261541,4809.128361658037,4816.6587469675915,4801.597976348482,10.994083825639445,4246,4042.1361822267436,5910.306410010173,605.0769569750131,0,0,0,0
1776402000,4823.9,4827.4,4820.7,4825,1,0,0,0,4843.431045328569,4804.668954671431,4809.809274254817,4817.814592294433,4801.803956215201,10.687363552379471,3333,3805.757454817829,6063.204273340116,570.1228036363955,0,0,0,0
1776403800,4824.6,4826.9,4815.1,4815.8,0,1,0,1,4843.0502563765285,4798.9497436234715,4810.481445550064,4818.570668498041,4802.392222602086,10.766837584352315,5707,4439.504969878552,5708.636182226744,85.77444877781022,0,0,0,0
1776405600,4815.7,4816.8,4804.5,4805,0,1,0,0,4833.114523778205,4788.185476221795,4810.34564445413,4818.121750123519,4802.569538784741,10.87634918547002,6906,5261.669979919035,6659.257454817829,-474.51130197026487,0,0,0,1
1776407400,4805,4808,4800,4805.7,1,0,0,0,4824.006343508333,4783.993656491667,4809.99353262762,4817.654759183604,4802.332306071636,10.67089567222216,5658,5393.77998661269,7892.5049698785515,-316.267582255048,0,0,0,0
1776409200,4806,4813.7,4804.9,4812.1,1,0,0,0,4829.505890400595,4789.094109599405,4810.005738221537,4817.469630626524,4802.54184581655,10.537260267063447,4980,5255.85332440846,8090.669979919035,93.13924328495617,0,0,1,0
1776411000,4812.3,4815.3,4800.4,4805.7,0,1,0,0,4831.573326800553,4784.1266731994465,4809.826541512141,4817.087176561269,4802.565906463014,10.84888453370181,6510,5673.902216272307,7883.77998661269,-169.74627976408146,0,0,0,1
1776412800,4805.8,4812.6,4802.4,4806.2,1,0,0,0,4828.803803457657,4786.196196542343,4809.716876938226,4816.852192944961,4802.581560931491,10.802535638437448,4318,5221.9348108482045,8510.853324408461,-95.69008867889158,0,0,0,0
1776414600,4806,4818.6,4805.9,4817.7,1,0,0,0,4835.007103210681,4789.492896789319,4809.897649811993,4816.936861256933,4802.858438367052,10.93806880712054,4712,5051.956540565469,7832.902216272307,357.8112434305201,0,0,1,0
1776416400,4817.7,4822.8,4813.5,4817.7,0,0,0,0,4839.03159583849,4797.26840416151,4810.236454574394,4817.31521430777,4803.157694841018,10.821063892326228,4948,5017.304360376979,7577.9348108482045,316.68697949627654,0,0,0,0
1776418200,4817.8,4820.7,4811.8,4812.5,0,1,0,0,4836.725767564311,4795.774232435689,4810.395566283827,4817.407536455857,4803.3835961117975,10.683845042874328,4089,4707.869573584653,7525.9565405654685,51.87147052750473,0,0,0,0
1776420000,4812.5,4816.1,4809,4811.6,0,1,0,0,4831.741784166861,4793.358215833139,4810.4482930531985,4817.365748515401,4803.530837590996,10.427856111240473,3616,4343.913049056436,7061.80436037698,21.5548912028664,0,0,0,0
1776421800,4811.3,4811.8,4803.9,4809,0,1,0,0,4827.170942440656,4788.5290575593435,4810.383697170442,4817.209720068155,4803.55767427273,10.247294960437623,3786,4157.942032704291,6515.869573584654,-63.888089422081066,0,0,0,1
1776423600,4809.1,4815.3,4805.4,4814.7,1,0,0,0,4830.633732266324,4790.066267733676,4810.418485123992,4817.163718150377,4803.673252097607,10.22248817754926,3269,3861.6280218028605,6236.913049056437,144.54916075179966,0,0,1,0
1776425400,4814.9,4834.1,4811.4,4821.8,1,0,0,1,4850.770608533016,4794.729391466984,4811.187031827305,4818.344623743534,4804.029439911076,11.11373902201008,9095,5606.085347868573,5792.442032704291,399.60762850916865,0,0,0,0
1776427200,4821.7,4842.1,4819.9,4839.6,1,0,0,0,4859.958422209229,4802.041577790771,4812.695116165066,4821.625568994497,4803.764663335634,11.905614806152268,10128,7113.390231912382,8409.128021802859,1112.954844972303,0,0,0,0
1776429000,4839.8,4870.5,4837.6,4869,1,0,0,0,4890.607820622855,4817.4921793771455,4819.341814289519,4837.566272039994,4801.117356539044,13.405213748569937,25506,13244.260154608255,10670.085347868573,3048.222172459295,0,0,0,0
1776430800,4868.9,4914,4856.9,4873.9,1,0,0,0,4938.789404864079,4832.11059513592,4830.178553468469,4859.015344961032,4801.341761975906,16.526269909386397,37474,21320.84010307217,19866.39023191238,2783.905835958495,0,0,0,0
1776432600,4874,4905.6,4870.7,4903.7,1,0,0,0,4932.35801880236,4843.94198119764,4837.448521366714,4871.243750113127,4803.653292620301,17.83867920157312,28007,23549.560068714778,31981.26015460825,4482.520401636835,0,0,0,0
1776434400,4903.5,4908.7,4883.5,4894.6,0,1,0,0,4936.246731745048,4855.953268254952,4841.7824756934415,4877.702381630445,4805.862569756438,18.36448783003217,19593,22230.70671247652,35324.340103072165,2943.0031113503414,0,0,0,0
1776436200,4894.6,4906.1,4892.1,4896.1,1,0,0,0,4933.179108048974,4865.020891951027,4844.815277392885,4881.995377916687,4807.635176869083,18.052738699315587,14963,19808.13780831768,33346.06006871478,2469.086765611538,0,0,0,0
1776438000,4896.2,4903.5,4884.9,4888.2,0,1,0,0,4930.637743188332,4857.762256811668,4847.479924663142,4885.213027441243,4809.746821885041,18.09182879222164,16556,18724.091872211786,29712.206712476516,1244.7535522298435,0,0,0,0
1776439800,4888.7,4896.9,4877,4889.4,1,0,0,0,4924.231475817737,4849.668524182262,4848.951776705119,4886.752565209233,4811.150988201006,18.2209838784915,11164,16204.061248141192,28086.13780831768,944.6933810660721,0,0,0,0
1776441600,4889.7,4895.9,4885.7,4890,1,0,0,0,4922.372084687899,4859.227915312101,4849.751727439721,4887.6203629213305,4811.883091958112,17.648056458599235,5994,12800.707498760796,24306.091872211786,673.1027171402882,0,0,0,0
1776443400,4889.9,4895.5,4887,4889.1,0,1,0,0,4920.991935781621,4861.508064218379,4850.357773393325,4888.266492045978,4812.449054740672,16.994623854413575,4700,10100.47166584053,19201.061248141195,388.7755759926938,0,0,0,0
1776445200,4889.3,4891.8,4875.5,4880.4,0,1,0,0,4917.217511797219,4850.082488202781,4851.280715337988,4889.026800859968,4813.534629816008,16.94500786481262,9330,9843.647777227021,15150.707498760796,-283.39347158828343,0,0,0,1
1776447000,4880.4,4885.5,4875.6,4884.7,1,0,0,0,4910.162689525989,4850.937310474012,4851.789350323525,4889.425202248467,4814.153498398582,16.441793017325978,5494,8393.765184818014,14765.47166584053,-125.7112341434165,0,0,0,0
1776448800,4884.7,4890.4,4880.7,4882.6,0,1,0,0,4914.340354559847,4856.759645440153,4852.36980080816,4889.920594719715,4814.819006896605,15.960236373231252,5969,7585.51012321201,12590.647777227021,-342.33673585451356,0,0,0,0
1776450600,4882.7,4888.5,4877,4879.9,0,1,0,0,4911.962472091286,4853.537527908714,4852.734390694132,4890.19358035394,4815.275201034325,15.641648060857591,4228,6466.34008214134,11378.265184818014,-491.8462853100183,0,0,0,0
1776452400,4879.8,4880.6,4875,4878.2,0,1,0,0,4902.986581227624,4852.6134187723765,4853.028759271487,4890.366812818196,4815.690705724777,14.924387485082075,4034,5655.560054760893,9699.51012321201,-621.9036479770816,0,0,0,0
1776454200,4878.2,4882.6,4873.6,4875.4,0,1,0,0,4904.3518254256505,4851.84817457435,4853.42708116165,4890.5838492238645,4816.270313099435,14.501216950433356,5786,5699.040036507262,8483.34008214134,-784.5259028672626,0,0,0,0
1776456000,4875.4,4876.3,4865.2,4867,0,1,0,0,4897.687409323818,4843.812590676182,4853.725842650567,4890.599616852187,4816.852068448947,14.258272882545285,6650,6016.026691004841,8548.560054760892,-1215.7378355273509,0,0,0,0
1776457800,4866.6,4867.9,4847.9,4848.1,0,1,0,0,4889.902594372116,4825.897405627883,4853.743028597859,4890.266187852067,4817.219869343651,14.668396248077764,6906,6312.684460669894,9024.040036507262,-1686.378234527087,0,0,0,0
1776636000,4812.5,4815.1,4777.6,4805.2,0,1,1,0,4843.084551916966,4749.615448083035,4799.3,4799.3,4799.3,18.65636794464364,15769,9464.789640446596,9469.026691004841,-1746.1748105221052,0,0,0,0
1776637800,4804.8,4810.7,4797.2,4799.5,0,1,0,0,4838.1320839228965,4769.767916077103,4799.996218605188,4801.3076955994175,4798.684741610959,18.288055948597666,4444,7791.193093631064,14197.184460669894,-1658.1071585451364,0,0,0,0
1776639600,4799.5,4799.6,4788.1,4789.3,0,1,0,0,4826.304792214119,4761.395207785882,4798.28285703311,4801.678307642772,4794.887406423449,17.80319480941212,5821,7134.462062420709,11686.789640446596,-1896.3296050262084,0,0,0,0
1776641400,4789.4,4793.7,4756.2,4774.7,0,1,0,0,4822.515164198824,4727.3848358011755,4790.089967952719,4801.588580545654,4778.591355359785,19.21010946588268,14011,9426.64137494714,10701.693093631064,-2108.3279666347257,0,0,0,0
1776643200,4774.9,4785.8,4763.7,4785.5,1,0,0,0,4814.92479532748,4734.57520467252,4787.819992477213,4799.143589778838,4776.496395175589,19.416530218319657,9582,9478.427583298093,14139.96206242071,-1317.4202257956117,0,0,0,0
1776645000,4785.3,4794,4778.9,4792.1,1,0,0,0,4822.662309946945,4750.237690053054,4787.886558168628,4798.451907802362,4777.321208534893,19.10820663129685,7394,8783.618388865396,14217.64137494714,-782.5024944587217,0,0,0,0
1776646800,4791.9,4823,4790.3,4821.9,1,0,0,0,4853.118573522163,4760.181426477837,4792.853187727654,4806.3494293771,4779.356946078207,20.07904901477563,15000,10855.74559257693,13175.427583298093,640.4667614382672,0,0,1,0
1776648600,4821.8,4834.3,4820.2,4827.7,1,0,0,0,4863.777961127724,4790.722038872276,4797.368666666667,4814.513533757752,4780.223799575582,19.651974085148826,10829,10846.830395051287,16283.618388865394,927.8496938065784,0,0,0,0
1776650400,4827.5,4829,4816.9,4819.7,0,1,0,0,4857.668821047172,4788.231178952828,4799.403998583397,4817.159108367884,4781.64888879891,19.11254736478108,7507,9733.553596700858,16270.245592576932,274.15018821047374,0,0,0,0
1776652200,4819.7,4821.3,4812,4816.8,0,1,0,0,4848.91747668666,4784.38252331334,4800.455874771329,4818.152168472788,4782.75958106987,18.41165112443959,5851,8439.369064467239,14600.330395051287,22.87279951667523,0,0,0,0
1776654000,4816.4,4818,4808.5,4814.9,0,1,0,0,4844.662656923327,4781.837343076673,4801.162815237721,4818.641434420319,4783.684196055123,17.775104615551047,5382,7420.2460429781595,12659.053596700858,-90.46283833465696,0,0,0,1
1776655800,4814.8,4816.8,4808.8,4810.8,0,1,0,0,4842.415324285947,4783.184675714054,4801.522834810591,4818.823021228148,4784.222648393034,17.076882857297402,3447,6095.830695318773,11130.369064467239,-264.43424735712335,0,0,0,0
1776657600,4810.9,4815.2,4810.6,4813.9,1,0,0,0,4839.478515408378,4786.321484591622,4801.819702016969,4818.998103071982,4784.641300961956,16.185676938918977,2732,4974.553796879182,9143.74604297816,-74.67466885413236,0,0,0,0
1776659400,4813.9,4813.9,4806.3,4808.3,0,1,0,0,4837.258621450636,4782.941378549363,4802.078230200646,4819.021749890783,4785.13471051051,15.572414300424725,3754,4567.7025312527885,7461.830695318773,-347.28333657055936,0,0,0,0
1776661200,4808.4,4812.3,4803.5,4807.1,0,1,0,0,4834.933005632734,4780.866994367266,4802.277762121291,4818.946290316155,4785.609233926427,15.088670421822972,4155,4430.135020835192,6851.553796879183,-364.648533441019,0,0,0,0
1776663000,4806.9,4815.4,4797.7,4809.8,1,0,0,0,4838.312790944681,4774.787209055318,4802.655015642913,4818.784073727589,4786.525957558237,15.27519396312132,8766,5875.423347223461,6645.2025312527885,-183.40453415313883,0,0,0,0
1776664800,4810.1,4813.1,4802.9,4805,0,1,0,0,4835.469020162919,4780.530979837081,4802.853662919395,4818.635823684898,4787.071502153892,14.912680108612706,5962,5904.282231482307,8813.13502083519,-449.9114742097471,0,0,0,0
1776666600,4805.5,4814.9,4804.6,4814.5,1,0,0,0,4836.7748044369955,4782.7251955630045,4803.143678901529,4818.729986317488,4787.55737148557,14.583202957997461,4618,5475.521487654872,8856.423347223461,-4.012127361074448,0,0,0,0
1776668400,4815,4825.5,4813.6,4817.4,1,0,0,0,4847.087318405782,4792.0126815942185,4803.907523449867,4819.4801559343305,4788.334890965403,14.39154560385476,6910,5953.680991769915,8213.282231482308,111.06491033669488,0,0,1,0
1776670200,4817.4,4818.3,4806,4809.1,0,1,0,0,4839.663224233941,4784.636775766059,4804.22571371482,4819.523621130206,4788.9278062994335,14.24214948929372,6538,6148.4539945132765,8930.521487654873,-342.0390057254359,0,0,0,1
1776672000,4808.4,4811.9,4805.1,4811.4,1,0,0,0,4832.465851074373,4784.534148925627,4804.38301146782,4819.4761142393145,4789.289908696326,13.710567382915544,4594,5630.302663008851,9222.680991769914,-103.36457467489522,0,0,0,0
1776673800,4811,4815.9,4807.9,4815.7,1,0,0,0,4835.854004569061,4787.945995430939,4804.539031062969,4819.542414180216,4789.535647945722,13.30266971270729,2768,4676.201775339234,8445.453994513276,54.27062224276281,0,0,1,0
1776675600,4815.8,4817.8,4811.1,4811.9,0,1,0,0,4837.046575671271,4791.8534243287295,4804.722579259297,4819.627982797825,4789.817175720769,12.8310504475139,3222,4191.467850226156,7014.302663008851,-147.01018133509362,0,0,0,1
1776677400,4811.7,4817,4803.2,4811.5,0,1,0,0,4836.350391694751,4783.849608305249,4804.952570281611,4819.6058572859565,4790.299283277265,12.900261129834348,6516,4966.31190015077,6287.201775339234,-142.54027078004032,0,0,0,0
1776679200,4811.5,4821.2,4809.8,4818.2,1,0,0,0,4840.38964943084,4790.61035056916,4805.2358347126265,4819.815548542262,4790.656120882991,12.79309962056044,4201,4711.207933433847,7449.467850226156,103.2576719083396,0,0,1,0
1776681000,4818.4,4820.1,4814.2,4815.9,0,1,0,0,4838.551103042924,4795.748896957076,4805.353339435422,4819.904380894604,4790.802297976239,12.30073536194902,1753,3725.1386222892315,7066.81190015077,0.7889164221870715,0,0,0,0
1776682800,4816.1,4816.3,4806,4808,0,1,0,0,4834.536738539858,4787.7632614601425,4805.464361683957,4819.862109137094,4791.066614230819,12.157825693238388,4108,3852.759081526154,5587.707933433847,-316.80326809453686,0,0,0,1
1776684600,4808.2,4831.5,4807.2,4831.1,1,0,0,0,4851.037685787011,4787.662314212989,4806.173175994212,4820.704439048008,4791.641912940417,13.025123858007088,7283,4996.172721017436,5779.1386222892315,376.0682024183417,0,0,1,0
1776686400,4830.9,4842.8,4822.8,4825.8,0,1,0,0,4863.084993945082,4802.515006054919,4807.891746510738,4823.221993844136,4792.56149917734,13.523329296720869,13925,7972.44848067829,7494.259081526154,-41.37330898939473,0,0,0,1
1776688200,4825.8,4829.7,4818.9,4823.6,0,1,0,0,4849.69320866329,4798.90679133671,4808.535580953682,4823.886842140359,4793.184319767006,13.328805775526535,8160,8034.965653785527,11958.672721017436,-203.759868883343,0,0,0,0
1776690000,4823.6,4846.6,4819.6,4844.9,1,0,0,0,4868.057979473055,4798.142020526946,4810.226979968217,4826.567558034132,4793.886401902302,14.30531964870321,12935,9668.310435857018,12052.448480678291,781.6218396976196,0,0,1,0
1776691800,4845.1,4847.3,4836.1,4838.6,0,1,0,0,4868.425266653551,4814.974733346449,4811.840520387945,4829.142913184414,4794.538127591475,14.083511102367252,12199,10511.87362390468,14502.465653785526,-46.43868230284886,0,0,0,1
1776693600,4838.7,4847.1,4826.7,4843.7,1,0,0,0,4868.902033321155,4804.8979666788455,4813.6772232107505,4831.734555536977,4795.6198908845245,14.53468888076963,16583,12535.582415936453,15767.81043585702,327.1540255734645,0,0,1,0
1776695400,4843.5,4848,4812,4825,0,1,0,0,4872.101888083929,4787.898111916071,4814.663823215866,4832.4852664687905,4796.842379962941,16.067925389286085,17807,14292.721610624301,18803.373623904678,-613.7733902523532,0,0,0,1
1776697200,4825,4829.9,4812.6,4828.4,1,0,0,0,4854.133896077934,4788.366103922066,4815.130180909854,4832.5960322458295,4797.664329573879,16.15593071862274,14508,14364.481073749534,21439.082415936453,-247.54589003281157,0,0,0,0
1776699000,4828.5,4829.7,4815.4,4819.7,0,1,0,0,4853.7350463580815,4791.364953641918,4815.282197250725,4832.569438437646,4797.994956063805,16.023364238721133,6714,11814.320715833022,21546.7216106243,-604.1591326252071,0,0,0,0
1776700800,4819.9,4822,4812.5,4821.4,1,0,0,0,4845.336114475362,4789.163885524638,4815.350935676123,4832.466553017109,4798.235318335138,15.557409650241052,5984,9870.880477222016,17721.481073749535,-413.12345958691077,0,0,0,0
1776702600,4821.5,4826.5,4818.5,4825.9,1,0,0,0,4849.0263920128355,4795.9736079871645,4815.482365052379,4832.493156945625,4798.471573159132,15.017594675223833,4704,8148.586984814678,14806.320715833022,-99.97972606229175,0,0,0,0
1776704400,4826,4831.4,4823.8,4830,1,0,0,0,4853.131649726204,4802.068350273796,4815.755402301129,4832.68771456509,4798.823090037168,14.487766484136378,6401,7566.057989876452,12222.880477222017,229.57695967790966,0,0,1,0
1776706200,4830.1,4832.6,4825.1,4827.4,0,1,0,0,4853.582960460048,4804.117039539953,4815.951487332857,4832.823945728657,4799.079028937057,13.988640306698064,4783,6638.3719932509675,11349.086984814678,17.746958855116134,0,0,0,0
1776708000,4827.6,4836.6,4827.6,4834.2,1,0,0,0,4857.069891855758,4807.1301081442425,4816.224300436332,4833.094165599641,4799.354435273022,13.646594570505398,5063,6113.247995500645,9957.557989876452,356.1944451003927,0,0,0,0
1776709800,4833.8,4837.2,4831.4,4835,1,0,0,0,4856.829185294632,4811.770814705367,4816.401224237281,4833.284656358476,4799.517792116086,13.086123529755026,3051,5092.4986636670965,9169.871993250967,339.7500142036688,0,0,0,0
1776711600,4834.6,4842.2,4834.4,4837.6,1,0,0,0,4861.262814916445,4815.337185083555,4816.641241870804,4833.583345326602,4799.699138415006,12.708543277629682,3537,4573.999109111398,7638.747995500645,392.57011436144137,0,0,0,0
1776713400,4837.6,4837.8,4830.1,4834.7,0,1,0,0,4856.326185279556,4811.573814720445,4816.878919745077,4833.827853687378,4799.929985802776,12.350790186370405,4381,4509.666072740932,6860.9986636670965,149.6946430612477,0,0,0,0
1776715200,4834.9,4837.7,4832.7,4836.6,1,0,0,0,4855.43860061673,4814.96139938327,4817.000266457104,4833.961282517107,4800.039250397101,11.825733744486806,2104,3707.777381827288,6764.499109111397,173.15147278838356,0,0,0,0
1776717000,4836.4,4842.6,4833.5,4841,1,0,0,0,4860.0465577155355,4816.053442284465,4817.150604584232,4834.150692096444,4800.150517072019,11.63103847702349,2238,3217.851587884859,5561.666072740933,230.19985852331718,0,0,0,0
1776722400,4840.3,4854.3,4840.2,4849.6,1,0,0,0,4872.011089307283,4822.488910692717,4848.033333333334,4848.033333333334,4848.033333333334,11.807392871521838,5684,4039.901058589906,4826.777381827288,521.375754696202,0,0,0,0
1776724200,4849.6,4852.9,4845.9,4848.8,0,1,0,0,4870.09601149962,4828.70398850038,4848.481934668833,4849.049495293212,4847.914374044453,11.464007666413135,3551,3876.9340390599373,6059.851587884859,364.2728663433073,0,0,0,0
1776726000,4848.4,4852.8,4844.6,4846.3,0,1,0,1,4869.646296392504,4827.753703607496,4848.324466208568,4848.8738292504795,4847.775103166657,11.230864261669327,3426,3726.622692706625,5815.401058589906,189.2805825787732,0,0,0,0
1776727800,4846.4,4846.7,4840.6,4842.6,0,1,0,0,4862.996560935896,4824.303439064104,4847.393877769913,4849.40773434771,4845.380021192116,10.864373957264336,2878,3443.748461804417,5589.934039059937,-40.83868685512357,0,0,0,1
1776729600,4843,4851.3,4839.1,4839.4,0,1,0,0,4867.73966372619,4822.660336273811,4846.09077751846,4848.631490388439,4843.550064648481,10.959775817459727,7170,4685.832307869611,5165.6226927066255,-258.5534484104638,0,0,0,0
1776731400,4839.7,4845.9,4836.2,4843.3,1,0,0,0,4862.204687745747,4819.8953122542525,4845.189191884059,4848.044797975514,4842.333585792605,10.869791830498304,6041,5137.554871913074,7028.748461804416,-24.297990209565626,0,0,0,0
1776733200,4843.6,4844.3,4832.5,4838.1,0,1,0,0,4860.704352906766,4816.095647093234,4843.845378017938,4847.589148626878,4840.101607408998,10.93623527117701,6967,5747.369914608716,7706.33230786961,-349.5526716012517,0,0,0,0
1776735000,4837.9,4838.8,4825.5,4829.9,0,1,0,0,4855.457613413425,4808.842386586575,4841.906808959905,4847.581384059167,4836.232233860643,11.105075608950093,6590,6028.246609739143,8621.054871913073,-679.7203707883959,0,0,0,0
1776736800,4830,4830.4,4822.1,4826.9,0,1,0,0,4846.75706959818,4805.74293040182,4840.258282661938,4847.434535265433,4833.082030058444,10.904713065453606,5057,5704.497739826095,9042.369914608715,-748.9563737055917,0,0,0,0
1776738600,4827,4827.4,4821.3,4826,0,1,0,0,4843.242278912596,4805.457721087404,4838.902227098613,4847.022531514022,4830.781922683204,10.561519275064025,4587,5331.998493217397,8556.746609739143,-693.241863354285,0,0,0,0
1776740400,4826.2,4827,4812.6,4817.8,0,1,0,0,4843.253544704554,4796.3464552954465,4836.535627626407,4846.4970425845395,4826.574212668275,10.835696469702283,7065,5909.665662144931,7997.997739826094,-959.9559807689859,0,0,0,0
1776742200,4817.7,4819.3,4811.1,4816.1,0,1,0,0,4835.271148654228,4795.128851345772,4834.935437964777,4846.0161292890925,4823.854746640461,10.647432436152107,4859,5559.443774763287,8864.498493217397,-872.2071315194956,0,0,0,0
1776744000,4816.1,4816.7,4809,4810.5,0,1,0,0,4832.355352321783,4793.3446476782165,4833.25742822741,4845.477528165726,4821.037328289094,10.436901547855514,5058,5392.295849842191,8339.165662144931,-1051.4560456727127,0,0,0,0
1776745800,4810.5,4812.8,4806.7,4807.5,0,1,0,0,4827.990684298799,4791.509315701201,4831.824385416526,4844.985587013694,4818.663183819357,10.12712286586586,4328,5037.530566561461,8088.443774763287,-1044.455258075679,0,0,0,0
1776747600,4807.6,4811.4,4804.2,4806.3,0,1,0,0,4826.277063991742,4789.322936008258,4829.930219288855,4844.167635192963,4815.692803384748,9.918042661161143,6132,5402.353711040973,7556.29584984219,-935.3829463028125,1,0,0,0
1776749400,4806,4815.8,4801.7,4802.7,0,1,0,0,4831.125130849475,4786.374869150525,4827.434399670284,4842.684338424556,4812.184460916012,10.216753899649659,9572,6792.235807360648,8103.53056656146,-946.5317498971881,0,0,0,0
1776751200,4802.8,4809.4,4793.6,4797.6,0,1,0,0,4825.3233357887975,4777.6766642112025,4824.139180194512,4840.970902283211,4807.307458105813,10.615557192531773,12246,8610.157204907098,10188.353711040972,-1117.4298209870713,0,0,0,0
1776753000,4797.6,4802.4,4793.2,4797,0,1,0,0,4818.17166894674,4777.428331053259,4822.2384138546895,4839.845955872885,4804.630871836494,10.514445964493776,7787,8335.771469938065,12915.235807360648,-917.5981123400763,0,0,0,0
1776754800,4796.6,4806.4,4790.7,4802.1,1,0,0,0,4822.7272640219735,4774.372735978026,4820.87886689769,4838.768669352695,4802.989064442686,10.884842681315636,7008,7893.18097995871,12503.657204907096,-469.5369224007251,1,0,0,0
1776756600,4802.4,4811.4,4799.5,4804.9,1,0,0,0,4827.836030877546,4783.063969122453,4820.284402450014,4838.082891539676,4802.485913360351,10.957353918364493,4592,6792.787319972474,11839.771469938065,-241.15157998006885,0,0,0,0
1776758400,4804.6,4808.1,4793.4,4806,1,0,0,0,4824.937028672008,4776.562971327992,4819.285600878636,4837.055250808595,4801.515950948677,11.22468578133851,7176,6920.524879981649,10189.18097995871,-79.72305445748839,0,0,0,0
1776760200,4806,4812,4803.6,4804.7,0,1,0,0,4828.534383766864,4787.065616233136,4818.925611458659,4836.562438548474,4801.288784368843,11.022922511242877,3783,5874.6832533211,10380.787319972475,-66.922994961075,0,0,0,0
1776762000,4804.9,4807,4799.7,4801.1,0,1,0,0,4823.135499212089,4783.564500787911,4818.4021444775535,4835.990656878427,4800.81363207668,10.756999474725543,4358,5369.122168880734,8812.02487998165,-214.3592053634925,0,0,0,0
1776763800,4800.9,4809.1,4800.8,4802.5,1,0,0,0,4824.972249268368,4784.927750731633,4818.009588818928,4835.51079294566,4800.508384692196,10.58149951224516,3845,4861.081445920489,8053.6832533211,-49.92729241605184,0,0,0,0
1776765600,4802.9,4805.5,4799.6,4802,0,1,0,0,4820.870660034913,4784.229339965087,4817.69901443055,4835.16248658934,4800.23554227176,10.247106689941907,2831,4184.38763061366,7291.6221688807345,-25.869748424701243,0,0,0,0
1776767400,4802.1,4809.6,4801.8,4809,1,0,0,0,4824.708470032419,4786.691529967581,4817.511144423308,4834.881470903609,4800.140817943007,10.07231335494607,2501,3623.2584204091067,6276.58144592049,242.68948359284173,0,0,1,0
1776769200,4809.1,4809.6,4794.5,4802.6,0,1,0,0,4825.24715074439,4778.852849255611,4816.911346104183,4834.193892426622,4799.628799781744,10.431433829592805,5929,4391.838946939404,5434.88763061366,11.721434142342446,0,0,0,0
1776771000,4802.5,4818,4802.2,4814.3,1,0,0,0,4834.222354262647,4785.977645737353,4816.686173831372,4833.639802010491,4799.732545652253,10.814902841764761,6557,5113.559297959603,6587.758420409106,524.121856757984,0,0,0,0
1776772800,4814.5,4816.9,4798.3,4800.4,0,1,0,0,4833.956471815315,4781.243528184685,4816.0872238296015,4832.789275238724,4799.385172420479,11.370981210210095,8669,6298.706198639735,7670.338946939404,-140.68783575901045,0,0,0,1
1776774600,4799.9,4809.2,4783.4,4797.5,0,1,1,0,4827.802438114221,4764.797561885778,4814.527885700378,4831.389713836158,4797.666057564597,12.401625409480815,14541,9046.137465759823,9448.059297959602,-190.76040390543892,0,0,0,0
1776776400,4797.6,4802.6,4778.1,4793.1,0,1,0,0,4822.498692534635,4758.201307465366,4812.621855809009,4829.992161660112,4795.251549957905,13.265795023089327,16136,11409.424977173214,13569.206198639735,-381.82404379254183,0,0,0,0
1776778200,4792.9,4813.9,4788.5,4798.6,1,0,0,0,4835.098785925017,4767.301214074982,4811.494536023196,4828.424686802114,4794.564385244278,14.13252395001149,19890,14236.283318115475,17114.13746575982,163.7882990558428,0,0,1,0
1776780000,4798.5,4802,4788.4,4792.8,0,1,0,0,4823.141729787516,4767.258270212484,4810.678057935751,4827.596406323471,4793.759709548031,14.094486525010696,10875,13115.855545410317,21354.424977173214,-241.20229326126412,0,0,0,1
1776781800,4792.7,4793.7,4741.1,4757.7,0,1,0,0,4818.967320516979,4715.832679483021,4803.674272127775,4826.474099090812,4780.874445164738,16.84488034465275,40364,22198.57036360688,19673.783318115475,-2667.6576681524593,0,0,0,0
1776783600,4757.8,4776.6,4745.9,4761.4,1,0,0,0,4803.3517976229095,4719.1482023770905,4800.30266380519,4825.000278157954,4775.605049452425,17.834531748606178,23172,22523.046909071254,33297.85554541032,-1845.0761905761829,0,0,0,0
1776785400,4760.9,4768.8,4755.1,4760,0,1,0,0,4795.108812078416,4728.791187921584,4799.029155027043,4824.289872574436,4773.76843747965,17.539208052277154,9830,18292.03127271417,33784.57036360688,-1477.9225035714605,0,0,0,0
1776787200,4760.4,4766.4,4737.6,4739.8,0,1,0,0,4793.915325501385,4710.084674498615,4796.918304737157,4823.660456843154,4770.17615263116,18.34355033425731,12973,16519.020848476113,27438.046909071258,-1980.4854090642748,0,0,0,0
1776789000,4739.7,4746.8,4726.4,4729.4,0,1,0,0,4774.535659394144,4698.664340605856,4794.307498443546,4823.32994029568,4765.285056591412,18.49043959609611,13640,15559.347232317408,24778.53127271417,-2151.366873416933,0,0,0,0
1776790800,4729.5,4737.3,4715.2,4719.1,0,1,0,0,4765.422398008848,4687.077601991152,4790.923236056032,4822.99770497505,4758.848767137014,18.748265339232127,16537,15885.231488211606,23339.020848476113,-2359.922311995403,0,0,0,0
1776792600,4718.9,4742.2,4716.2,4730.6,1,0,0,0,4771.099369579644,4687.300630420355,4788.535672478699,4822.139648255917,4754.931696701481,19.26624638642983,13960,15243.487658807737,23827.84723231741,-1190.4134881764576,0,0,0,0
1776794400,4730.8,4734.4,4711.9,4716.3,0,1,0,0,4763.645843181098,4682.654156818901,4786.466386981465,4821.54402253731,4751.388751425619,19.49722878739913,11298,13928.325105871825,22865.231488211604,-1504.5364602645745,0,0,0,0
1776796200,4716.4,4732.8,4716.4,4728.1,1,0,0,0,4761.724711525306,4687.475288474694,4785.213454649878,4820.983906144128,4749.4430031556285,19.283141016870623,7787,11881.216737247883,20892.48765880774,-542.5706310540866,0,0,0,0
1776798000,4728.4,4734.3,4722.6,4732.8,1,0,0,0,4762.412232130641,4694.487767869359,4784.148473354547,4820.379170085099,4747.9177766239945,18.741488087094133,7406,10389.477824831922,17821.825105871823,-15.079971761959996,0,0,0,0
1776799800,4732.8,4733.7,4686.4,4698.5,0,1,0,0,4764.872072692738,4655.227927307262,4780.482952174024,4819.511418986612,4741.454485361436,20.781381795158854,18981,13253.318549887947,15584.216737247883,-1141.8072618855635,0,0,0,0
1776801600,4698.5,4730.2,4688.4,4724.6,1,0,0,0,4763.6240675004,4654.975932499599,4778.557605692524,4818.587186485063,4738.528024899984,22.282711666933235,12113,12873.212366591964,19879.97782483192,-46.075476590793414,0,0,0,0
1776803400,4724.5,4739.5,4724.2,4738.7,1,0,0,0,4772.1759198218,4691.5240801782,4778.156499848245,4818.225908952494,4738.087090743997,21.783946547866588,3788,9844.808244394644,19309.818549887947,466.8337240641483,0,0,1,0
1776808800,4739.7,4748,4732.5,4736.8,0,1,0,0,4780.002639834528,4700.497360165472,4739.099999999999,4739.099999999999,4739.099999999999,21.335093223018976,4993,8227.53882959643,14767.212366591966,463.1458027446088,0,0,0,0
1776810600,4736.9,4738.4,4733.3,4737.4,1,0,0,0,4768.663165560633,4703.036834439366,4738.183430954916,4739.473853333211,4736.893008576621,20.175443707089013,2519,6324.692553064287,12341.308244394644,568.0286469024585,0,0,0,0
1776812400,4737.4,4750.9,4736,4747.8,1,0,0,0,4780.59793944916,4706.30206055084,4741.080555134999,4744.546436428913,4737.614673841084,19.79862629943977,5698,6115.795035376191,9487.03882959643,1000.506082847592,0,0,0,0
1776814200,4747.8,4758.5,4746.2,4755.9,1,0,0,0,4787.394515202791,4717.305484797209,4745.104290496687,4751.588668021625,4738.619912971749,19.263010135194087,6306,6179.196690250794,9173.692553064286,1362.6664280779491,0,0,0,0
1776816000,4756.3,4765.7,4756.3,4760.6,1,0,0,0,4793.5806212597345,4728.4193787402655,4749.239992944794,4758.133775192599,4740.346210696988,18.587080839823095,6942,6433.464460167196,9268.795035376192,1556.525372088216,0,0,0,0
1776817800,4760.5,4765.4,4756.2,4757.7,0,1,0,0,4792.274862598325,4729.3251374016745,4751.084244653657,4760.098338491872,4742.0701508154425,17.916575065550003,5620,6162.309640111464,9650.196690250794,1244.0763548705927,0,0,0,0
1776819600,4757.6,4767.2,4753.3,4764,1,0,0,0,4793.644515269873,4726.855484730127,4753.374398696466,4762.429626309934,4744.319171082999,17.629676846582118,9041,7121.873093407643,9243.464460167197,1533.1881779163518,0,0,0,0
1776821400,4764.2,4772.9,4763.9,4770,1,0,0,0,4798.41990703631,4738.380092963689,4755.745506953606,4765.783979579063,4745.707034328149,17.01327135754054,7393,7212.248728938429,10682.809640111464,1814.8236974342415,0,0,0,0
1776823200,4769.7,4775.7,4767.4,4773.3,1,0,0,0,4800.286342248003,4742.813657751996,4757.217644152595,4767.879562616849,4746.555725688341,16.39089483200194,4788,6404.165819292286,10818.373093407643,1778.957459741333,0,0,0,0
1776825000,4773.1,4776.3,4768.3,4773.3,0,0,0,0,4799.987317801717,4744.612682198283,4758.457069818265,4769.507287362586,4747.406852273944,15.79154520114466,4660,5822.777212861524,9606.24872893843,1552.906497199509,0,1,0,0
1776826800,4773.1,4780.9,4770.5,4780.6,1,0,0,0,4804.009652244451,4747.390347755549,4759.863181902861,4771.592478606696,4748.133885199025,15.406434829634302,4665,5436.8514752410165,8734.165819292286,1663.3095847339357,0,0,0,0
1776828600,4780.5,4782.7,4774.6,4776,0,1,0,0,4805.026819941276,4752.273180058724,4760.91124590969,4773.043363799725,4748.779128019654,14.884546627517526,3894,4922.567650160678,8155.277212861525,1221.7234752089125,0,0,0,0
1776830400,4776,4777.4,4772.3,4773.9,0,1,0,0,4798.678475659756,4751.021524340244,4761.385805281486,4773.5636497685855,4749.207960794386,14.185650439837664,2401,4082.0451001071187,7383.8514752410165,963.6814224402383,0,0,0,0
1776832200,4773.6,4777.3,4769.5,4772.2,0,1,0,0,4797.894298826917,4748.905701173083,4762.019434270272,4774.150666209289,4749.888202331254,13.729532551277844,3977,4047.0300667380793,6123.067650160678,772.4309373748573,0,0,0,0
1776834000,4772.4,4789.8,4770,4784.1,1,0,0,0,4811.044706053566,4748.755293946434,4763.987532026015,4776.8800534323345,4751.095010619696,14.163137369043724,8287,5460.353377825386,6070.545100107119,1138.9500575821023,0,0,0,0
1776835800,4784.1,4790,4781.6,4786,1,0,0,0,4810.627227049739,4760.972772950261,4765.2142044353495,4778.713530692198,4751.714878178501,13.75148469982629,4822,5247.568918550257,8190.530066738079,1071.775499604385,0,0,0,0
1776837600,4786,4786.4,4777.4,4785.5,0,1,0,0,4806.518139403329,4757.28186059667,4766.1059354021445,4779.828195542293,4752.383675261996,13.412092935552986,4513,5002.712612366838,7871.353377825386,883.3415756839105,0,0,0,0
1776839400,4785.2,4786.3,4781.8,4785.9,1,0,0,0,4805.463272303092,4762.636727696909,4766.651646097154,4780.529510655209,4752.773781539099,12.775514868727772,2742,4249.1417415778915,7504.068918550256,787.2637894116881,0,0,0,0
1776841200,4785.9,4790.9,4780.8,4784.7,0,1,0,0,4809.776609995728,4761.923390004272,4767.4962062867835,4781.607447787795,4753.384964785772,12.584406663818607,4383,4293.761161051928,6373.712612366837,614.3249655549203,0,0,0,0
1776843000,4784.6,4785.3,4778.3,4779.3,0,1,0,0,4803.578280710319,4760.021719289682,4767.90279656612,4781.989256618249,4753.816336513991,12.18552047354585,3039,3875.5074407012853,6440.641741577892,301.5658949763558,0,0,0,0
1776844800,4779.5,4781.4,4772.7,4773.1,0,1,0,0,4799.304832088153,4754.795167911847,4768.230174349994,4782.107813360075,4754.352535339913,11.93655472543542,4393,4048.0049604675237,5813.261161051928,-43.092569342887685,0,0,0,1
1776846600,4773.1,4777,4770.2,4775.7,1,0,0,0,4794.354486939,4752.845513061,4768.430217105202,4782.120211127696,4754.740223082708,11.569657959332902,3581,3892.3366403116825,6072.007440701285,109.02839515628798,0,0,1,0
1776848400,4775.5,4780.6,4774.9,4775.1,0,1,0,0,4797.325595014786,4758.174404985214,4768.685025124731,4782.243790471828,4755.126259777633,11.15039667652346,3384,3722.891093541122,5838.504960467524,81.14653859434871,0,0,0,0
1776850200,4775,4781.2,4770.9,4773.6,0,1,0,0,4797.834481085158,4754.265518914842,4768.878438183009,4782.281395811977,4755.4754805540415,11.089654056771797,3410,3618.594062360748,5584.3366403116825,36.58477245871009,0,1,0,0
1776852000,4773.7,4776.3,4764.1,4773.4,0,1,0,0,4793.053446721932,4747.346553278068,4768.9889400147595,4782.087763238083,4755.8901167914355,11.168964481288084,5601,4279.396041573832,5427.891093541122,30.644174827660436,0,0,0,0
1776853800,4773.5,4779.2,4772.3,4778.1,1,0,0,0,4795.496057670365,4756.003942329635,4769.173999430548,4782.163701134757,4756.1842977263395,10.864038446910339,3044,3867.5973610492215,6419.094062360748,229.45706779044957,0,0,0,0
1776855600,4778.3,4779.8,4774.9,4775.9,0,1,0,0,4795.457053551054,4759.242946448946,4769.348894733941,4782.241178792329,4756.456610675553,10.438035700702496,2887,3540.7315740328145,5801.396041573832,66.01531346781567,0,0,0,0
1776857400,4776.3,4778.7,4766.2,4769,0,1,0,0,4794.577978297407,4750.322021702593,4769.426783756607,4782.064887722814,4756.788679790399,10.585318864938031,5280,4120.487716021877,5311.097361049222,-224.76287548292476,0,0,0,1
1776859200,4768.8,4779.2,4765.6,4771.7,1,0,0,0,4795.400979847592,4749.399020152408,4769.569910356639,4781.888585662485,4757.251235050794,10.800653231728132,7290,5176.991810681251,6180.731574032815,-23.949068057298973,0,0,0,0
1776861000,4771.7,4773,4761.1,4762.8,0,1,0,0,4789.318767001336,4744.781232998665,4769.353779854621,4781.363039718065,4757.344519991178,10.879178000890382,8107,6153.661207120834,7765.487716021877,-576.7004833330225,0,0,0,0
1776862800,4763,4770,4754.6,4768.7,1,0,1,0,4786.803140786955,4737.7968592130455,4768.929441735358,4780.491988790229,4757.366894680486,11.202093857969615,13936,8747.774138080556,9230.491810681251,32.30980462850806,0,0,1,0
1776864600,4768.6,4779.5,4760.1,4771.9,1,0,0,0,4797.1814878736,4742.4185121264,4769.04899129076,4780.170565064896,4757.927417516623,11.78765858240033,13314,10269.849425387038,13121.661207120835,256.4303856715434,0,0,0,0
1776866400,4771.6,4776.4,4761,4762.9,0,1,0,0,4794.468524454057,4742.931475545943,4768.889615385298,4779.631610324417,4758.14762044618,12.04568296937171,13131,11223.566283591359,15404.774138080556,-473.5603159101663,0,0,0,1
1776868200,4763.1,4763.6,4747.3,4754.3,0,1,0,0,4782.124344135911,4728.7756558640895,4767.889704692558,4778.838008137064,4756.941401248051,12.349562757273743,14663,12370.044189060905,16835.349425387038,-1112.2999796895797,0,0,0,0
1776870000,4754.3,4758.3,4747.7,4753.1,0,1,0,0,4776.636890983345,4729.363109016655,4767.2820210489135,4778.400522819909,4756.163519277918,12.224593988897073,8645,11128.36279270727,18555.066283591357,-972.6723435130984,0,0,0,0
1776871800,4753.4,4753.7,4743.1,4746.3,0,1,0,0,4771.862827341678,4724.937172658322,4766.58505339594,4778.090852104078,4755.079254687802,12.108551561118672,7800,10018.908528471513,16692.544189060907,-1251.4866367572895,0,0,0,0
1776873600,4746.1,4753.8,4742.2,4745.4,0,1,0,0,4771.908339674415,4724.091660325585,4765.967140145241,4777.791509220861,4754.14277106962,12.072226449610222,7190,9075.93901898101,15028.36279270727,-1019.4032251610407,0,0,0,0
1776875400,4745.7,4751,4742.5,4747.6,1,0,0,0,4768.7256011262425,4724.7743988737575,4765.554955714221,4777.571871878018,4753.538039550424,11.817067417495206,5037,7729.626012654006,13613.908528471515,-676.3341031142528,0,0,0,0
1776877200,4747.7,4758.6,4747.3,4753.9,1,0,0,0,4776.270201045797,4729.629798954204,4765.250562198723,4777.270420881381,4753.230703516065,11.780134030531276,5877,7112.084008436004,11594.43901898101,-194.47390685767198,0,0,0,0
1776879000,4754,4757.5,4752.4,4756.2,1,0,0,0,4774.454472399669,4735.445527600331,4765.115335794423,4777.107775902693,4753.122895686153,11.302981599779068,3291,5838.389338957337,10668.126012654007,29.957766855194336,0,0,1,0
1776880800,4756.3,4757.7,4748.5,4748.9,0,1,0,0,4774.429152942549,4731.770847057451,4764.909513751304,4776.923294219255,4752.895733283353,11.152768628366264,3748,5141.592892638225,8757.584008436006,-204.43296735588524,0,0,0,1
1776882600,4749.2,4770.1,4748.7,4761,1,0,0,0,4787.927070589511,4730.87292941049,4764.76405349271,4776.630586998334,4752.8975199870865,11.884713726340141,7356,5879.72859509215,7712.389338957337,271.08351630406133,0,0,1,0
1776884400,4760.9,4764.4,4755.8,4763.4,1,0,0,0,4781.875136975973,4738.324863024027,4764.705778945216,4776.483576121458,4752.927981768973,11.650091317315807,4183,5314.1523967281,8819.592892638224,389.7084272895595,0,0,0,0
1776886200,4763.5,4763.8,4756,4759,0,1,0,0,4780.862627191976,4738.9373728080245,4764.646034664813,4776.367588051084,4752.924481278542,11.375084794650405,3029,4552.434931152066,7971.2285950921505,204.91621870485568,0,0,0,0
1776888000,4759.4,4759.6,4753.2,4755.7,0,1,0,0,4776.129582392549,4736.670417607451,4764.58509004068,4776.286387392505,4752.8837926888555,11.019721595032559,1874,3659.623287434711,6828.652396728099,115.29712645870285,0,0,0,0
1776889800,4755.8,4759.7,4754.6,4758.7,1,0,0,0,4775.595326507367,4738.704673492633,4764.531693573145,4776.203461865183,4752.859925281107,10.59688433824448,2028,3115.7488582898077,5489.434931152066,251.83462102905324,0,0,0,0
1776895200,4759.3,4767.4,4749.8,4750.4,0,1,0,0,4784.045660328268,4733.154339671732,4755.866666666667,4755.866666666667,4755.866666666667,11.097106885512693,3258,3163.1659055265386,4673.6232874347115,97.92361613643635,0,0,0,0
1776897000,4750.4,4752.3,4742.8,4743.1,0,1,0,0,4768.774541733393,4726.325458266608,4750.799604704022,4755.696755947152,4745.9024534608925,10.983027822261786,3488,3271.4439370176924,4744.748858289808,-125.40401982682647,0,0,0,1
1776898800,4743.2,4747.1,4740.6,4745.6,1,0,1,0,4763.0942173238645,4724.605782676136,4748.304512949943,4753.228118577434,4743.380907322453,10.662811549243086,4348,3630.295958011795,4907.165905526539,96.56519054004792,0,0,1,0
1776900600,4745.3,4746.4,4740.8,4744.8,0,1,0,0,4761.851773229302,4725.348226770698,4747.388750118271,4752.099147846037,4742.678352390504,10.30118215286854,2998,3419.53063867453,5445.443937017692,100.65625671012293,0,0,0,0
1776902400,4745.1,4759.4,4710.1,4758.6,1,0,0,0,4779.030217998637,4690.469782001363,4744.390128067393,4748.004818490765,4740.775437644021,13.086811999092163,25002,10613.687092449687,5129.295958011795,772.558098423702,0,0,0,0
1776904200,4758.6,4771.4,4757.9,4765.3,1,0,0,0,4791.074488141592,4738.225511858407,4749.178086558876,4758.404520458107,4739.951652659645,13.116325427728437,11931,11052.791394966458,15920.53063867453,1227.9685216225305,0,0,0,0
1776906000,4765.3,4767.6,4743.6,4745.1,0,1,0,0,4788.44059613148,4722.759403868521,4749.698411189863,4758.137459743101,4741.259362636624,13.893730754319263,11055,11053.527596644306,16579.187092449687,158.31642857588048,0,0,0,0
1776907800,4745,4753.5,4738.2,4739.4,0,1,0,0,4774.4912678363735,4717.208732163626,4748.9000581847295,4757.017347738025,4740.782768631434,13.994178557582186,9531,10546.018397762871,16580.291394966458,-167.74300635097165,0,0,0,1
1776909600,4739.1,4740.8,4721,4729.6,0,1,0,0,4762.413320133775,4699.386679866225,4746.317594883002,4756.196551435894,4736.43863833011,14.408880089183471,11667,10919.678931841914,15819.027596644308,-630.8593694825423,0,0,0,0
1776911400,4730,4731.7,4713.9,4714.8,0,1,0,0,4753.676654409934,4691.923345590066,4743.2927293647,4755.797671790156,4730.787786939244,14.651102939956093,10877,10905.452621227943,16379.518397762871,-1351.2387749733252,0,0,0,0
1776913200,4715,4725,4713.9,4719.3,1,0,0,0,4746.596179094939,4692.303820905061,4741.389129995633,4755.019000356586,4727.75925963468,14.397452729959255,8151,9987.301747485295,16358.178931841914,-758.3091709128066,0,0,0,0
1776915000,4719,4723.2,4716.7,4719.9,1,0,0,0,4743.9500234453,4695.9499765547,4740.608842044451,4754.578457398683,4726.639226690219,13.833348963533593,3861,7945.201164990197,14980.952621227942,-516.3534318956804,0,0,0,0
1776916800,4719.2,4722.7,4716.2,4721,1,0,0,0,4742.664307484922,4696.235692515078,4740.123744657628,4754.277974102021,4725.969515213234,13.309538323281194,2555,6148.467443326798,11917.801747485295,-299.21166347412804,0,0,0,0
1776918600,4721.1,4722.7,4714.3,4720,0,1,0,0,4742.1382855217125,4694.8617144782875,4739.62167898308,4753.972077853823,4725.271280112336,12.958857014475369,2647,4981.311628884532,9222.701164990198,-219.2568655126712,1,0,0,0
1776920400,4720.1,4726.2,4719.2,4721.4,1,0,0,0,4744.999836555876,4700.400163444124,4739.091122988135,4753.532892467142,4724.649353509128,12.53322437058427,3512,4491.5410859230215,7471.967443326798,-58.56996667313172,0,0,0,0
1776922200,4721.5,4731.3,4704.9,4729.4,1,0,1,0,4751.585562516171,4684.614437483829,4737.989691922854,4752.583741277156,4723.395642568552,13.523708344114002,7848,5610.360723948681,6737.311628884532,232.42646424817644,0,0,1,0
1776924000,4729.4,4734,4724.7,4728.7,0,1,0,0,4753.833022336445,4704.866977663555,4737.638012633928,4752.043555750234,4723.232469517622,13.222014890963015,5075,5431.907149299121,8415.541085923021,211.19417509568206,0,0,0,0
1776925800,4728.3,4738.4,4725.7,4729.9,1,0,0,0,4758.177092169555,4705.922907830444,4737.307038588427,4751.3996871193485,4723.214390057505,13.184728113037071,7081,5981.6047661994135,8147.860723948681,312.27262053490267,0,0,0,0
1776927600,4729.9,4733.3,4719.7,4723.2,0,1,0,0,4753.121585586016,4699.878414413984,4736.571415554334,4750.519566418622,4722.623264690045,13.214390390677307,8882,6948.403177466275,8972.40714929912,-103.06672221936276,0,0,0,1
1776929400,4723,4737.6,4720.2,4736.1,1,0,0,0,4757.870043758444,4699.929956241556,4736.400485244136,4750.1523671046525,4722.648603383619,13.513362505628967,4818,6238.268784977517,10422.604766199413,311.9112744140722,0,0,1,0
1776931200,4735.9,4741.9,4731.7,4732.2,0,1,0,0,4761.81504063284,4711.78495936716,4736.367609232659,4749.919986308227,4722.815232157091,13.276693755226885,4437,5637.845856651677,9357.403177466274,155.41729604351025,0,0,0,0
1776933000,4732.5,4733.4,4717.6,4719.4,0,1,0,0,4753.585394873351,4697.414605126649,4735.887722157205,4749.407915102111,4722.367529212299,13.45692991556777,5912,5729.230571101119,8456.768784977516,-282.9813186866277,0,0,0,1
1776934800,4719.4,4719.9,4710.4,4717,0,1,0,0,4739.661438096683,4690.638561903316,4735.1247692667785,4748.931784468221,4721.317754065336,13.174292064455786,6264,5907.487047400746,8593.845856651678,-326.18657917369353,0,0,0,0
1776936600,4716.9,4719.3,4710.9,4713.8,0,1,0,0,4738.5499068040635,4691.650093195936,4734.538004382353,4748.567468070901,4720.508540693806,12.833271202708984,4878,5564.3246982671635,8861.230571101118,-379.6234033440064,0,0,0,0
1776938400,4713.5,4717.8,4700,4702.5,0,1,0,0,4737.58205631806,4680.217943681941,4733.272228083367,4748.151909969721,4718.392546197013,13.18803754537264,8122,6416.883132178109,8346.487047400746,-723.3793146778835,0,0,0,0
1776940200,4702.7,4713.4,4700.2,4712.7,1,0,1,0,4733.183338009626,4680.4166619903735,4732.56481938654,4747.791394737039,4717.338244036041,13.188892006417438,5297,6043.588754785406,9625.324698267163,-148.90422452692223,0,0,0,0
1776942000,4712.9,4719.7,4711.4,4715.5,1,0,0,0,4738.959528151796,4692.140471848204,4732.132593627338,4747.401495404671,4716.863691850005,12.839685434530491,4778,5621.725836523604,9065.383132178109,83.80927262725015,0,0,1,0
1776943800,4715.7,4737.7,4712.8,4737.3,1,0,0,0,4758.251704712382,4692.248295287618,4731.9920628747195,4746.894759708266,4717.089366041173,13.701136474921144,9708,6983.817224349069,8432.588754785405,924.4139847997781,0,0,0,0
1776945600,4737.2,4756.1,4736.2,4750.8,1,0,0,0,4777.315868661498,4714.984131338502,4733.239240476898,4748.155405992598,4718.323074961198,14.143912440998244,17075,10347.544816232712,10475.725836523603,1908.899332698402,0,0,0,0
1776947400,4750.7,4761.4,4748.4,4757.6,1,0,0,0,4782.493306614248,4727.306693385752,4734.488558527296,4749.876739392838,4719.100377661754,14.062204409498369,12607,11100.696544155142,15521.317224349068,2229.970484480289,0,0,0,0
1776949200,4758,4758.5,4740.8,4744.3,0,1,0,0,4779.9830704275155,4719.316929572485,4735.101680232021,4750.391225078091,4719.812135385951,14.322046951677043,10935,11045.464362770095,16651.044816232712,1050.45745856539,0,0,0,0
1776951000,4744.3,4759,4741.1,4741.6,0,1,0,1,4780.866422539836,4719.233577460164,4735.818576955079,4750.922853947431,4720.714299962728,14.577615026557227,14985,12358.642908513397,16568.196544155144,665.0487391563133,0,0,0,0
1776952800,4741.5,4753.5,4733.7,4748.6,1,0,0,0,4775.92596378699,4711.27403621301,4736.416361605796,4751.214851288968,4721.617871922624,14.950642524660296,17128,13948.428605675597,18537.964362770093,1136.6261896889673,0,0,0,0
1776954600,4748.5,4754.1,4742.9,4750.7,1,0,0,0,4776.124109230777,4720.875890769223,4736.876472773937,4751.601254770314,4722.15169077756,14.68273948718461,10080,12658.952403783731,20922.642908513397,1121.6634469332666,0,0,0,0
1776956400,4750.7,4758.3,4743.6,4750.8,1,0,0,0,4780.325958571436,4721.574041428565,4737.332225449625,4752.027677642095,4722.636773257155,14.683972380957126,9432,11583.301602522488,18988.428605675595,921.4118933442141,0,1,0,0
1776958200,4750.8,4751.9,4733.2,4737.4,0,1,0,0,4774.356247244904,4710.743752755096,4737.451084252595,4751.908844912857,4722.993323592334,14.970831496603031,10199,11121.867735014992,17374.952403783733,58.135963826334944,0,0,0,0
1776960000,4737.4,4741.9,4732.2,4740,1,0,0,0,4763.79151529884,4710.30848470116,4737.461851072589,4751.785527927153,4723.138174218024,14.594343532559945,5660,9301.245156676661,16682.801602522486,184.1475129470024,0,0,0,0
1776961800,4739.9,4754.2,4739.5,4750,1,0,0,0,4776.102835634637,4717.597164365363,4737.695198367195,4751.941685951526,4723.4487107828645,14.601890423091364,6999,8533.830104451108,13951.867735014992,595.2796831203209,0,0,0,0
1776963600,4750.4,4751.5,4720.8,4723.2,0,1,0,0,4775.127633089306,4697.172366910694,4737.312458837262,4751.161914963712,4723.463002710812,15.751755392870539,21870,12979.220069634071,12800.745156676661,-1348.951991681421,0,0,0,1
1776965400,4723.3,4730.8,4680.3,4725.4,1,0,1,0,4758.150659297213,4652.949340702788,4734.835752683831,4749.970489054914,4719.701016312748,18.23377286480836,36595,20851.14671308938,19468.830104451106,-958.6878144357634,0,0,0,0
1776967200,4725.6,4738.8,4723.5,4733,1,0,0,0,4765.836326490269,4696.463673509731,4734.7420497312005,4749.653305800084,4719.830793662317,18.024217660179204,11701,17801.097808726252,31276.72006963407,-244.56716438884996,0,0,0,0
1776969000,4732.7,4736.7,4715,4716.9,0,1,0,0,4764.130160312392,4687.569839687608,4734.50592208793,4749.360983001648,4719.650861174213,18.28677354159496,7775,14459.065205817502,26701.64671308938,-725.600363548011,0,0,0,0
1776970800,4717.1,4720.6,4708.7,4716.7,0,1,0,0,4747.345863147222,4681.954136852778,4734.135525320292,4749.081224026978,4719.189826613606,17.830575431481073,7703,12207.043470545002,21688.597808726252,-604.5303802869164,0,0,0,0
1776972600,4716.7,4717.5,4705.5,4712.7,0,1,0,0,4743.621158636705,4679.378841363295,4733.791336250249,4748.872815281464,4718.709857219033,17.414105757803853,6269,10227.695647030001,18310.565205817504,-673.8356104571369,0,0,0,0
1776974400,4712.6,4714.7,4702.7,4705.5,0,1,0,0,4740.241075876941,4677.158924123059,4733.566895553396,4748.776102736167,4718.357688370625,17.02738391796072,3505,7986.797098020001,15341.543470545002,-724.1531284872376,0,0,0,0
1776976200,4705.8,4710.9,4704.3,4709.1,1,0,0,0,4735.323856171445,4679.876143828555,4733.447572417333,4748.7204471753375,4718.174697659328,16.282570780963486,1923,5965.531398680001,11980.195647030001,-474.5821408966524,0,0,0,0
1776981600,4711.1,4720.7,4707.2,4708.1,0,1,0,0,4744.82572358777,4683.07427641223,4712,4712,4712,16.08381572518038,3333,5088.020932453334,8948.29709802,-427.926110259968,0,0,0,0
1776983400,4708,4712,4705,4708.5,1,0,0,0,4735.152457617215,4681.847542382785,4710.440692064548,4712.180271479198,4708.701112649897,15.434971744810353,2678,4284.680621635556,7632.031398680001,-299.22898323533775,0,0,0,0
1776985200,4708.5,4711.1,4701.9,4710.2,1,0,0,0,4733.584424930272,4679.415575069728,4709.37733104354,4711.270934277802,4707.483727809278,14.989616620181094,3888,4152.4537477570375,6427.020932453334,-142.62058893457947,1,0,0,0
1776987000,4710.3,4716.2,4707.5,4710.8,1,0,0,0,4738.010537435252,4685.689462564747,4710.059617493831,4711.907840849055,4708.211394138607,14.540358290168145,4689,4331.302498504691,6228.680621635556,-56.174937127268834,0,0,0,0
1776988800,4711,4721.1,4706.2,4720.6,1,0,0,0,4742.949070475592,4684.3509295244085,4712.156105362459,4715.348654141483,4708.963556583435,14.566046983727603,8026,5562.86833233646,6496.9537477570375,475.82739707890016,0,0,1,0
1776990600,4720.8,4723.2,4712.2,4719.9,0,1,0,0,4744.666994013049,4690.733005986951,4713.818318757653,4717.712489043371,4709.924148471936,14.311329342032774,8145,6423.578888224307,8344.30249850469,357.0949107542391,0,0,0,0
1776992400,4719.9,4726.9,4710.8,4713.9,0,1,0,0,4748.5586372978305,4689.141362702169,4714.672981552564,4718.34608977254,4710.999873332588,14.439091531887538,10403,7750.052592149537,9635.36833233646,-44.23153652574979,0,1,0,1
1776994200,4713.8,4717.9,4705.5,4715.1,1,0,0,0,4739.340163205129,4684.0598367948705,4714.368219316914,4717.79231269509,4710.944125938739,14.293442136752688,8173,7891.035061433025,11625.078888224307,74.19730672774142,0,0,1,0
1776996000,4715.2,4716.4,4696.8,4699.2,0,1,0,0,4738.408722976191,4674.791277023809,4712.942902920017,4717.701903894683,4708.183901945352,14.672481984127456,7982,7921.356707622016,11836.552592149537,-523.3660844639533,0,0,0,1
1776997800,4699.1,4706.4,4687.7,4692.6,0,1,0,0,4728.840242763606,4665.259757236394,4710.594713281929,4718.002558867987,4703.186867695871,14.960161842404053,8956,8266.237805081344,11882.035061433024,-686.8002635511735,0,0,0,0
1776999600,4691.8,4693.5,4683.5,4689.3,0,1,0,0,4715.40879685192,4661.59120314808,4708.212703597656,4717.970182842349,4698.455224352964,14.605864567946622,8118,8216.825203387563,12399.356707622017,-713.3305664403424,0,0,0,0
1777001400,4689.4,4693.3,4686.3,4687,0,1,0,0,4714.393882791069,4665.206117208932,4707.2000556263265,4717.630304263915,4696.769806988738,14.062588527379006,4109,6847.5501355917095,12325.237805081346,-671.5972207570198,0,0,0,0
1777003200,4686.9,4689.6,4672,4674.8,0,1,0,0,4711.072891163136,4650.5271088368645,4704.726019777263,4717.510966967498,4691.941072587028,14.315260775423388,7491,7062.033423727807,10271.325203387565,-984.8560629237917,0,0,0,0
1777005000,4674.9,4691.6,4672.4,4689.6,1,0,1,0,4713.596256080054,4650.403743919946,4703.30450075493,4716.6698139290065,4689.939187580853,14.664170720036054,6512,6878.688949151871,10593.05013559171,-279.85931850936265,0,0,0,0
1777006800,4689.7,4693.8,4684.3,4691.6,1,0,0,0,4715.242952074336,4662.857047925664,4702.743833535319,4716.099024536153,4689.388642534485,14.295301382890623,4038,5931.792632767914,10318.033423727808,-96.1697312413263,0,0,0,0
1777008600,4691.8,4702.3,4691.6,4701.5,1,0,0,0,4723.357741211884,4670.542258788117,4702.469438762815,4715.431575728693,4689.507301796937,14.038494141255565,6618,6160.528421845276,8897.68894915187,542.7043589027303,0,0,1,0
1777010400,4701.7,4703,4685,4686.6,0,1,0,0,4724.482188268177,4663.517811731823,4701.815485174382,4714.648801992655,4688.9821683561095,14.321458845451597,6561,6294.0189478968505,9240.792632767914,-22.389271971937433,0,0,0,1
1777012200,4686.5,4691.7,4681.6,4687.4,1,0,0,0,4712.729889106165,4660.570110893836,4700.977409707646,4713.909465940865,4688.045353474427,14.019926070776444,6532,6373.345965264567,9441.028421845276,89.57976310726804,0,0,1,0
1777014000,4687,4700.1,4686.2,4699.5,1,0,0,0,4721.117039884296,4665.182960115704,4700.745353040205,4713.462023458475,4688.028682621935,14.01135992286388,4924,5890.230643509712,9560.01894789685,542.0659569522047,0,0,0,0
1777015800,4699.2,4710.7,4697,4709.7,1,0,0,0,4731.683679892561,4676.016320107439,4700.9655782345135,4713.444868539938,4688.486287929089,13.989119928373588,5520,5766.820429006474,8835.345965264567,888.6437303972627,0,0,0,0
1777017600,4709.9,4712.6,4701.5,4703,0,1,0,0,4733.274131328806,4680.825868671194,4701.181863649716,4713.412786110918,4688.950941188515,13.78275421920407,6065,5866.213619337649,8650.23064350971,412.33900272764186,0,0,0,0
1777019400,4703,4708.2,4700.1,4705.7,1,0,0,0,4728.26526480532,4680.03473519468,4701.260299812985,4713.363834113951,4689.156765512019,13.376843203546597,3057,4929.809079558433,8799.320429006473,471.66531562391003,0,0,0,0
1777021200,4705.9,4711.8,4697.8,4698.6,0,1,0,0,4731.93203160494,4677.667968395061,4701.325727204715,4713.1612998435985,4689.490154565831,13.421354403293268,6313,5390.872719705622,7394.71361933765,111.20543723719311,0,0,0,0
1777023000,4698.6,4704.7,4694.7,4697.8,0,1,0,0,4724.465457918873,4674.934542081127,4701.24745979135,4712.883534125547,4689.611385457152,13.176971945915179,5101,5294.2484798037485,8086.309079558434,87.82506708032963,0,0,0,0
1777024800,4697.5,4701.6,4695.3,4697.3,0,1,0,0,4720.628639496096,4676.271360503904,4701.169320259706,4712.672122781291,4689.666517738121,12.685759664064108,3708,4765.498986535832,7941.372719705623,95.46693794279261,0,0,0,0
1777026600,4697.4,4697.5,4689.6,4692.9,0,1,0,0,4716.0158795320895,4671.084120467911,4700.965249673068,4712.385673657566,4689.544825688569,12.343919688059502,4036,4522.332657690555,7148.248479803748,-104.17452984407032,0,0,0,1
1777028400,4692.7,4733.3,4692.7,4731.7,1,0,0,0,4754.843316708369,4671.156683291631,4703.07750792256,4715.303331593771,4690.851684251348,14.36221113891242,20262,9768.88843846037,6783.498986535832,1781.1192559466717,0,0,1,0
1777030200,4732,4733.7,4718.5,4722.9,0,1,0,0,4755.333079800628,4696.866920199372,4704.059543473087,4716.841651074563,4691.277435871611,14.422053200418661,8205,9247.592292306914,14653.332657690555,1012.6613777445241,0,0,0,0
1777032000,4722.9,4727.8,4717.3,4725.9,1,0,0,0,4749.012859814869,4696.087140185131,4704.921574707672,4718.050093052504,4691.793056362841,14.141906543245899,8436,8977.06152820461,13871.38843846037,1067.9322477318938,0,0,0,0
1777033800,4726.2,4727.5,4706.1,4716.8,0,1,0,0,4749.490512685235,4684.109487314765,4705.418239185294,4718.487448160284,4692.349030210304,14.66034179015688,8373,8775.707685469739,13465.592292306914,532.801936515046,0,0,0,0
1777035600,4717,4721.8,4709.4,4713,0,1,0,0,4743.548333207718,4687.6516667922815,4705.799758146396,4718.730995947408,4692.868520345384,14.498888805145713,8552,8701.138456979827,13163.56152820461,179.2512686814373,0,0,0,0
1777037400,4713,4734.1,4705.4,4728,1,0,0,1,4757.369880835739,4682.130119164261,4706.890950353849,4720.056186675552,4693.725714032145,15.513253890492498,14597,10666.425637986551,13051.70768546974,866.9910922546412,0,0,0,0
1777039200,4728.1,4757.5,4722.6,4741.8,1,0,0,0,4782.847032204614,4697.252967795386,4710.171882126488,4726.184762269856,4694.159001983119,16.898021469743007,24062,15131.617091991033,15999.638456979827,1592.5702494260704,0,0,0,0
1777041000,4742.1,4750.1,4740.2,4743.3,1,0,0,0,4774.69724419,4715.60275581,4711.2999709479955,4728.1962569463285,4694.403684949662,16.398162793332833,8400,12887.744727994022,22697.425637986547,1380.2415878380627,0,0,0,0
1777042800,4743.3,4744.6,4734.7,4738.7,0,1,0,0,4768.501012462142,4710.798987537858,4712.257140088887,4729.625312568064,4694.888967609711,15.934008308094814,9045,11606.829818662682,19331.617091991033,706.3394233677811,0,0,0,0
1777044600,4738.7,4750.6,4730.8,4743.8,1,0,0,0,4774.915225857704,4706.484774142296,4713.648106665516,4731.716979223924,4695.579234107108,16.21015057180234,13120,12111.219879108454,17410.244727994024,865.2644105603006,0,0,0,0
1777046400,4743.6,4746.5,4735.8,4740.1,0,1,0,0,4770.224852582153,4712.075147417847,4714.229633279717,4732.531082545722,4695.928184013712,15.81656838810216,6085,10102.479919405636,18166.82981866268,483.6370109398108,0,0,0,0
1777048200,4740.4,4744.6,4735.5,4743.8,1,0,0,0,4767.605220254857,4712.494779745143,4714.653740537357,4733.119828814711,4696.187652260004,15.336813503237746,4522,8242.319946270423,15153.719879108454,515.312265410841,0,0,0,0
1777050000,4743.8,4747,4738.9,4739.6,0,1,0,0,4769.22984737951,4716.67015262049,4715.117917815995,4733.761241439729,4696.47459419226,14.819898253006503,5015,7166.5466308469495,12363.479919405636,133.96683068846312,0,0,0,0
1777051800,4739.6,4744.7,4735.2,4740.1,1,0,0,0,4766.359858280973,4713.540141719027,4715.526380975669,4734.284428210051,4696.768333741286,14.439905520648896,4901,6411.364420564633,10749.819946270425,91.01144448614679,0,0,0,0
1777053600,4740.1,4741.6,4733.2,4733.4,0,1,0,0,4762.612725546618,4712.187274453382,4715.755043301801,4734.53246992427,4696.977616679333,14.008483697745444,3361,5394.576280376422,9617.04663084695,-221.11290593897382,0,0,0,1
1777055400,4733.7,4739.5,4733,4738.9,1,0,0,0,4759.708245150431,4712.791754849569,4715.949263817776,4734.750935446115,4697.147592189437,13.472163433620768,2768,4519.050853584281,8091.864420564632,-13.532955724470298,0,0,0,0
1777057200,4739,4742.7,4733.4,4735.1,0,1,0,0,4762.461227639686,4713.638772360314,4716.197558802701,4735.026475973117,4697.368641632284,13.174151759790727,3625,4221.03390238952,6778.576280376421,-195.52726570849006,0,0,0,0
1777059000,4735,4736.8,4729.3,4731.8,0,1,0,0,4755.95328280828,4710.14671719172,4716.425661135349,4735.222066239554,4697.629256031145,12.76885520551996,4339,4260.355934926347,6331.55085358428,-373.7033525196526,0,0,0,0
1777060800,4731.9,4733.4,4721,4723.7,0,1,0,0,4752.5137626076885,4701.886237392311,4716.546041146181,4735.254867059144,4697.837215233218,12.742508405125651,3967,4162.570623284231,6390.53390238952,-589.0018323895533,0,0,0,0
1777062600,4723.7,4726.4,4720.8,4724.7,1,0,0,0,4744.748493849996,4702.451506150004,4716.608488204332,4735.250755402136,4697.966221006529,12.232329233330924,2687,3670.7137488561543,6243.855934926347,-468.50191921042205,0,0,0,0
1777240800,4717.8,4721.8,4694.2,4701.6,0,1,0,0,4742.1057442892825,4673.8942557107175,4705.866666666667,4705.866666666667,4705.866666666667,13.537162859521572,7905,5082.142499237436,5506.070623284231,-848.6352063673289,0,0,0,0
1777242600,4701.3,4701.6,4696.1,4699.5,0,1,0,0,4721.044619697191,4676.65538030281,4704.0259802564815,4707.047327823896,4701.004632689067,12.963079798127174,2934,4366.094999491624,7623.213748856154,-806.4844896388038,0,0,0,0
1777244400,4699.2,4700,4690.9,4692.1,0,1,0,0,4719.030718290249,4671.869281709751,4701.409416043644,4706.4273124214615,4696.391519665827,12.687145526832401,4008,4246.729999661083,6549.142499237436,-970.3525438859662,0,0,0,0
1777246200,4691.6,4697.2,4689.2,4694.6,1,0,0,0,4715.728524126659,4670.671475873341,4699.595320611999,4705.075742295285,4694.114898928714,12.352349417772944,4543,4345.486666440722,6370.094999491625,-642.7368501501251,0,0,0,0
1777248000,4694.9,4697.4,4686.6,4695.8,1,0,0,0,4715.762200974755,4668.237799025245,4698.076473431845,4703.565746543833,4692.587200319858,12.241467316503394,6123,4937.991110960481,6518.229999661083,-483.411325729898,1,0,0,0
1777249800,4695.8,4713.3,4691.2,4712.6,1,0,0,0,4732.718472333701,4671.781527666299,4699.7109917066955,4705.495522918848,4693.926460494543,12.945648222467463,6963,5612.994073973654,7406.986666440722,99.81873526310636,0,0,1,0
1777251600,4712.8,4724.8,4705.5,4713,1,0,0,0,4744.899295738437,4685.400704261563,4704.648367885721,4713.047846078887,4696.248889692555,13.39953049229123,16387,9204.329382649103,8419.49111096048,92.66326289814444,0,0,0,0
1777253400,4713.1,4721.5,4710.2,4717.2,1,0,0,0,4741.374346042834,4690.325653957166,4706.110947259158,4714.862949241048,4697.358945277268,13.249564028556154,7014,8474.219588432736,13806.494073973654,309.6238728231101,0,0,0,0
1777255200,4717.3,4722.8,4710.7,4720.1,1,0,0,0,4742.551178468347,4690.948821531653,4707.37430450177,4716.4087606505955,4698.3398483529445,13.16745231223074,6728,7892.1463922884905,12711.329382649103,391.4122528775632,0,0,0,0
1777257000,4720.1,4738.5,4718.7,4733.2,1,0,0,0,4758.96180857775,4698.23819142225,4710.287536272256,4721.644868381301,4698.930204163211,13.641205718499986,9190,8324.764261525661,11838.219588432736,880.911802069361,0,0,0,0
1777258800,4733.1,4737.3,4729.4,4730.8,0,1,0,0,4757.146679393625,4709.553320606375,4711.576820302898,4723.761974022185,4699.391666583611,13.231119595750027,4424,7024.509507683774,12487.14639228849,580.6966989969208,0,0,0,0
1777260600,4731.3,4745,4730.8,4739.7,1,0,0,0,4764.950488008366,4710.849511991634,4713.876389438864,4727.747936924294,4700.004841953434,13.300325338910726,7118,7055.673005122516,10536.764261525661,849.1697060791953,0,0,0,0
1777262400,4739.7,4743.7,4738.9,4742.4,1,0,0,0,4762.7397388649115,4719.860261135088,4714.71654932992,4729.181851667021,4700.251246992819,12.693159243274257,2598,5569.782003415011,10583.509507683773,803.5041174843345,0,0,0,0
1777264200,4742.6,4745.8,4738.3,4740.7,0,1,0,0,4764.2833289459895,4719.816671054011,4715.975769944615,4731.197809808624,4700.753730080607,12.322219297326097,4223,5120.854668943341,8354.673005122517,522.5452711618186,0,0,0,0
1777266000,4741,4741.4,4731.9,4733.9,0,1,0,0,4759.58094830699,4713.7190516930095,4716.873394106872,4732.304291052094,4701.44249716165,12.120632204659946,4291,4844.236445962227,7681.282003415011,88.77524162680885,0,0,0,0
1777267800,4734.1,4734.3,4724,4725.5,0,1,0,0,4752.2858805707765,4706.014119429224,4717.632978352759,4732.784983579998,4702.48097312552,11.990587047184249,6965,5551.1576306414845,7266.354668943341,-510.90651524851774,0,0,0,1
1777269600,4725.5,4731.1,4724.6,4729.6,1,0,0,0,4748.49760338715,4707.202396612851,4718.069448202993,4733.063738499082,4703.075157906904,11.598402258099659,4271,5124.438420427657,8326.736445962226,-195.74460936722926,0,0,0,0
1777271400,4729.5,4730.6,4724.2,4727.6,0,1,0,0,4747.4406317166395,4707.359368283361,4718.385487169639,4733.222518747725,4703.548455591554,11.227087811092579,3678,4642.292280285104,7686.6576306414845,-293.58604888867603,0,0,0,0
1777273200,4727.6,4733.8,4725.5,4731.1,1,0,0,0,4750.327015165451,4708.97298483455,4718.834593556709,4733.558595847112,4704.110591266305,11.018010110300265,4347,4543.861520190069,6963.438420427657,-96.14115259078696,0,0,0,0
1777275000,4730.9,4732.4,4724.6,4728.2,0,1,0,0,4748.582228367918,4708.417771632082,4719.089165575235,4733.6972710260525,4704.481060124417,10.788152245278766,3109,4065.5743467933794,6815.792280285104,-208.18208077109063,0,0,0,0
1777276800,4728.1,4729.5,4724.1,4725.6,0,1,0,0,4745.104926341638,4708.495073658362,4719.276849573663,4733.742509512573,4704.811189634753,10.403284227758828,3078,3736.382897862253,6098.361520190069,-330.8964268520673,0,0,0,0
1777278600,4725.6,4730.4,4720,4721.9,0,1,0,0,4746.004574460092,4704.395425539908,4719.464478824316,4733.676609824737,4705.2523478238945,10.403049640061742,4853,4108.5885985748355,5604.574346793379,-457.01198381649374,0,0,0,0
1777280400,4722.3,4723.7,4716.7,4717.9,0,1,0,0,4738.939961998657,4701.460038001343,4719.463632629932,4733.481369797992,4705.445895461873,10.159974665771617,3484,3900.39239904989,6162.882897862253,-600.2477728876997,0,0,0,0
1777282200,4717.7,4721.2,4714.8,4719.2,1,0,0,0,4736.037107570181,4699.962892429819,4719.43080356918,4733.231742297228,4705.629864841132,9.891405046787906,4084,3961.5949326999266,5850.5885985748355,-416.7779887032965,0,0,0,0
1777284000,4719.2,4722.4,4714.4,4720.3,1,0,0,0,4737.034457029455,4699.765542970545,4719.421916991765,4733.067830516117,4705.776003467413,9.756304686303055,3026,3649.7299551332844,5942.39239904989,-315.1910527784171,1,0,0,0
1777285800,4720.5,4726.3,4719.9,4724.3,1,0,0,0,4740.574852955922,4705.6251470440775,4719.5221107531615,4733.014127976907,4706.030093529416,9.516568637281448,3409,3569.486636755523,5474.594932699927,-78.89061993144276,0,0,0,0
1777287600,4724.2,4724.6,4715.4,4720.2,0,1,0,0,4738.840934887642,4701.159065112358,4719.538542205447,4732.825772516819,4706.251311894075,9.493956591761398,4317,3818.657757837015,5354.229955133284,-252.67550063977956,0,0,0,0
1777289400,4720.3,4723.8,4714.8,4719.7,0,1,0,0,4737.988010967097,4700.611989032904,4719.535728085332,4732.64406193868,4706.427394231984,9.458673978064155,3932,3856.4385052246766,5727.986636755522,-240.68975053379302,0,0,0,0
1777291200,4720,4728.1,4716.7,4722.3,1,0,0,0,4742.496010183732,4702.303989816268,4719.687887936214,4732.455050096627,4706.920725775801,9.597340122488182,8350,5354.292336816451,5784.657757837015,-46.09335135154356,0,0,0,0
1777293000,4722.1,4723,4710.3,4714.3,0,1,0,0,4737.7284380277515,4695.571561972249,4719.494196451305,4731.961787432176,4707.026605470433,9.818958685167585,8295,6334.5282245443,8031.438505224676,-524.8775829547994,0,0,0,0
1777294800,4714.7,4718.9,4708.5,4715.1,1,0,1,0,4733.69069245434,4693.70930754566,4719.208006962073,4731.395438201655,4707.020575722491,9.860461636227017,9290,7319.685483029533,9501.79233681645,-398.69344361300716,0,0,0,0
1777296600,4715.1,4718.2,4703.5,4711.4,0,1,0,0,4733.509214421887,4688.190785578113,4718.594903160586,4730.5125135263615,4706.6772927948105,10.206142947925073,14022,9553.79032201969,10979.5282245443,-658.6766914735483,0,0,0,0
1777298400,4711.4,4712,4701.3,4704.2,0,1,0,0,4727.3621276774675,4685.937872322533,4717.8440374131,4729.7893766521265,4705.898698174073,10.241418451644696,11688,10265.193548013127,14330.685483029534,-1273.9259998832958,0,0,0,0
1777300200,4704.2,4712.5,4691.3,4693.2,0,1,0,0,4729.036261414791,4674.7637385852095,4716.342189020153,4728.886675744857,4703.797702295448,11.024174276527205,17203,12577.795698675418,15397.79032201969,-1866.5203604796613,0,0,0,0
1777302000,4693.4,4695.8,4681.7,4695.6,1,0,0,0,4712.665814170878,4664.834185829122,4714.500275925862,4728.252936038554,4700.74761581317,11.243876113918146,16942,14032.530465783611,18866.69354801313,-1248.2523562451343,0,0,0,0
1777303800,4695.7,4697.1,4681.6,4684.7,0,1,0,0,4714.4218274443865,4664.278172555614,4713.530166674255,4727.925471791269,4699.1348615572415,11.547884962923993,8777,12280.686977189074,21048.795698675418,-1570.134211286528,0,0,0,0
1777305600,4684.8,4692.3,4681.7,4690.9,1,0,0,0,4709.520268341215,4664.479731658785,4712.945376012766,4727.670663460145,4698.220088565387,11.480178894143734,5732,10097.79131812605,18421.03046578361,-925.3229146362803,0,0,0,0
1777307400,4691,4694.1,4688.7,4691.2,1,0,0,0,4710.668820602557,4672.131179397443,4712.624333479397,4727.47183765934,4697.776829299454,11.045880401704935,3729,7974.8608787507,15146.686977189074,-690.4685764126112,0,0,0,0
1777309200,4691.3,4694.7,4682.6,4694.4,1,0,0,0,4711.381761988088,4665.918238011912,4711.970196983401,4727.066940016236,4696.873453950567,11.121174658725973,7672,7873.907252500467,11962.29131812605,-322.25324883423764,0,0,0,0
1777311000,4694.6,4701,4694,4696.8,1,0,0,0,4717.240207560369,4677.759792439631,4711.613281259822,4726.6963784410655,4696.530184078578,10.826805040245546,6436,7394.604835000311,11810.8608787507,-14.410055577850017,0,0,0,0
1777312800,4696.9,4700.4,4693.2,4698.8,1,0,0,0,4716.251621306056,4677.348378693943,4711.421385325515,4726.49094689198,4696.351823759051,10.56774753737085,3646,6145.069890000208,11091.907252500467,136.90640569146223,0,0,1,0
1777314600,4698.6,4700.1,4695.4,4695.8,0,1,0,0,4715.32293406991,4680.17706593009,4711.292232545563,4726.35465928262,4696.229805808506,10.148622713272985,2446,4912.046593333473,9217.604835000311,31.72288963565802,0,0,0,0
1777316400,4695.5,4697.9,4693.4,4697.3,1,0,0,0,4712.517724493487,4678.782275506513,4711.156907357877,4726.218993710183,4696.09482100557,9.745149662324915,2454,4092.697728888982,7368.069890000209,175.1757377741202,0,0,0,0
1777318200,4697.5,4697.6,4691.5,4696,0,1,0,0,4711.827172743953,4677.272827256047,4710.937249637189,4726.01269899917,4695.861800275207,9.484781829301733,3780,3988.4651525926547,6139.046593333473,111.12592481659385,0,0,0,0
1777320000,4696,4696.8,4692.2,4695.1,0,1,0,0,4710.5038032622415,4678.4961967377585,4710.8379086489085,4725.920410945655,4695.755406352162,9.135868841494492,1708,3228.3101017284366,5982.697728888982,114.13677995544128,0,0,0,0
1777321800,4695.2,4697.9,4693.7,4697.9,1,0,0,0,4711.074960172081,4680.525039827919,4710.746004538988,4725.82357108575,4695.668437992226,8.783306781387731,1801,2752.5400678189576,4842.465152592655,256.154783704922,0,0,0,0
1777327200,4697.9,4706.4,4696.9,4704.2,1,0,0,0,4719.6517487312185,4683.648251268781,4702.5,4702.5,4702.5,8.83449915414575,4048,3184.3600452126384,4128.810101728436,513.7861220352197,0,0,0,0
1777329000,4704,4705.1,4700.8,4703.2,0,1,0,0,4717.865909536132,4688.034090463869,4702.664095547575,4702.910246458414,4702.417944636736,8.510606357421066,1799,2722.5733634750923,4776.540067818958,436.22803208355015,0,0,0,0
1777330800,4703,4707.2,4701.6,4706,1,0,0,0,4719.654058854979,4689.145941145021,4703.294065562969,4704.331591062384,4702.256540063554,8.302705903319522,2247,2564.048908983395,4083.8600452126384,514.6845832719342,0,0,0,0
1777332600,4705.7,4710.3,4705.6,4706.7,1,0,0,0,4722.368054651052,4693.531945348948,4704.408321190043,4706.4760695667,4702.340572813387,8.045369767368115,2886,2671.3659393222633,3846.0733634750923,519.5882941570268,0,0,0,0
1777334400,4707.1,4716.4,4706.8,4709.9,1,0,0,0,4728.645336461691,4694.554663538309,4706.77614170617,4710.357723614785,4703.1945597975555,8.163557641127522,6107,3816.5772928815086,4007.048908983395,629.7686646812317,0,0,0,0
1777336200,4710.1,4710.2,4704.6,4705.3,0,1,0,0,4722.17066957157,4692.62933042843,4706.761415848439,4709.978206463462,4703.544625233417,7.980446381046946,4097,3910.0515285876722,5724.865939322262,217.2731267026158,0,0,0,0
1777338000,4705.3,4705.7,4699.1,4702.2,0,1,0,0,4717.522764602172,4687.277235397828,4705.6600879526195,4709.042092845153,4702.278083060086,7.881843068114982,7013,4944.367685725115,5865.077292881509,-100.07813040991931,0,0,0,1
1777339800,4702.3,4706.1,4682.4,4684.8,0,1,0,0,4719.617567130589,4668.882432869411,4701.64370537778,4708.759207122642,4694.528203632918,9.011711420392535,10741,6876.578457150076,7416.551528587672,-794.3730478585453,0,0,0,0
1777341600,4684.9,4693.8,4680,4689.7,1,0,1,0,4707.830598049833,4665.969401950168,4698.966607316618,4707.370219101735,4690.562995531502,9.353732033221652,9363,7705.3856381000505,10314.867685725114,-302.4054782153345,0,0,0,0
1777343400,4689.8,4689.8,4680.1,4682.9,0,1,0,0,4703.86769818913,4666.03230181087,4697.38291430366,4706.53630193252,4688.229526674801,9.378465459420093,5832,7080.923758733367,11558.078457150075,-595.8410763453176,0,0,0,0
1777345200,4682.8,4689.9,4682.1,4688.9,1,0,0,0,4703.798576889906,4668.201423110094,4696.558779032843,4705.781612601751,4687.335945463935,9.26571792660432,4651,6270.949172488911,10621.385638100051,-98.46875535211097,0,0,0,0
1777347000,4689.1,4689.5,4682.9,4684.7,0,1,0,0,4703.112964254913,4669.2870357450865,4696.045582928146,4705.338048972956,4686.753116883337,9.075309503275466,2916,5152.632781659275,9406.423758733366,-217.3313779290935,0,0,0,0
1777348800,4684.8,4685.1,4679.1,4681.3,0,1,1,0,4698.3834668081345,4665.816533191866,4695.164069119286,4704.794505488565,4685.533632750007,8.85564453875579,4080,4795.088521106183,7728.949172488912,-353.7466677196161,0,0,0,0
1777350600,4681,4683.6,4680.1,4681.3,0,0,0,0,4696.3096477504105,4667.39035224959,4694.659410258286,4704.448921117655,4684.8698993989165,8.473098500273235,2555,4048.392347404122,7192.632781659275,-217.99996693552464,0,0,0,0
1777352400,4681.4,4681.8,4660.6,4671.9,0,1,0,0,4695.873244339667,4646.526755660334,4691.279207825876,4703.484548382165,4679.073867269588,9.382162893110847,11639,6578.594898269414,6072.588521106183,-617.0702929357099,0,0,0,0
1777354200,4672.1,4672.3,4637.9,4646.4,0,1,0,0,4689.053726886833,4621.146273113167,4684.07086299144,4702.81194686665,4665.3297791162295,11.169151257888684,18088,10415.063265512943,9867.892347404122,-1718.7765446725382,0,0,0,0
1777356000,4646.2,4656.9,4636.8,4645.3,0,1,0,0,4674.610603537773,4619.089396462226,4680.002246949073,4701.223626602482,4658.780867295664,11.807069025182312,11850,10893.375510341963,15622.594898269414,-1383.673885397926,0,0,0,0
1777357800,4645.3,4648.3,4637,4642.8,0,1,0,0,4665.956274713647,4619.343725286353,4677.111264890693,4699.803261620353,4654.419268161033,11.770849809097873,9234,10340.250340227974,16340.063265512945,-1243.0862754498944,0,0,0,0
1777359600,4642.7,4653.2,4641.1,4643.7,1,0,0,0,4670.891540805529,4623.408459194471,4675.282954273149,4698.4821878310295,4652.083720715268,11.794360537019415,7439,9373.166893485317,15510.37551034196,-869.7694180607032,0,0,0,0
1777361400,4643.5,4649.3,4633.8,4646.7,1,0,0,0,4667.388573605134,4615.711426394866,4673.27926898506,4697.041794768834,4649.516743201287,12.059049070089458,8451,9065.777928990212,14059.750340227976,-453.03154353922696,0,0,0,0
1777363200,4646.9,4647.5,4628.2,4640.9,0,1,0,0,4666.364389776196,4609.335610223804,4670.798474280832,4695.357950719352,4646.2389978423125,12.576259850797367,10491,9540.851952660141,13598.666893485319,-581.0592346016758,0,0,0,0
1777365000,4640.8,4649.4,4638.7,4643.6,1,0,0,0,4668.063361935039,4620.03663806496,4669.521677499307,4694.164137474305,4644.879217524309,12.442241290026114,7252,8777.901301773427,14311.277928990212,-196.03752623825198,0,0,0,0
1777366800,4643.5,4643.9,4626.3,4632,0,1,0,0,4663.115978939679,4607.084021060321,4667.825546726496,4693.033879908938,4642.617213544055,12.81065262645278,7676,8410.60086784895,13166.851952660141,-531.1302214408606,0,0,0,0
1777368600,4632,4632.8,4618.1,4618.5,0,1,0,0,4652.218409015417,4598.681590984584,4665.053102195826,4691.741302881941,4638.364901509711,12.945606010277569,10612,9144.400578565966,12615.901301773425,-1245.6367191194995,0,0,0,0
1777370400,4618.5,4630.3,4618.1,4625.4,1,0,0,0,4649.638522657173,4598.761477342828,4663.6604903499165,4690.9026701816165,4636.4183105182165,12.89234843811487,6099,8129.267052377311,13716.600867848949,-578.1602638246013,0,0,0,0
1777372200,4625.2,4629.4,4616.8,4616.8,0,1,0,0,4648.707199610231,4597.4928003897685,4662.300257557791,4690.132815031805,4634.467700083777,12.871466406820913,5835,7364.511368251541,12193.900578565966,-720.3864048414325,0,0,0,0
1777374000,4616.7,4622.4,4607.3,4613,0,1,0,0,4641.945971066643,4587.7540289333565,4659.4736203187,4688.747751783902,4630.199488853499,13.030647377762238,11434,8721.00757883436,11046.767052377312,-728.9448716171194,0,0,0,0
1777375800,4612.7,4613.4,4568.1,4575.4,0,1,0,0,4636.40340170474,4545.09659829526,4650.423315959295,4687.006206968513,4613.840424950077,15.335601136493453,27160,14867.338385889572,13081.51136825154,-2571.1539829439125,0,0,0,0
1777377600,4575.2,4611.3,4567.5,4593.2,1,0,0,0,4637.35315872583,4541.44684127417,4644.752255442551,4683.714053147289,4605.790457737814,17.36877248388679,23235,17656.558923926383,22301.00757883436,-1053.0573465778098,0,0,0,0
1777379400,4593.1,4613.7,4583.4,4607,1,0,0,0,4641.13864738827,4555.961352611729,4642.0384757842385,4681.197681149469,4602.879270419008,18.292431592180606,16336,17216.37261595092,26484.838385889576,-1.253606130133221,0,0,0,0
1777381200,4606.8,4607.9,4584.2,4594.4,0,1,0,0,4635.91802971768,4556.1819702823195,4639.104317882853,4678.660667294538,4599.547968471168,18.678686478453407,17574,17335.58174396728,25824.55892392638,-713.7132497818395,0,0,0,0
1777383000,4594.6,4606.3,4583.5,4593.8,0,1,0,0,4634.75959902356,4555.04040097644,4636.168189693595,4675.966111938059,4596.3702674491315,18.973066015706745,19657,18109.38782931152,26003.372615950917,-489.4972353703031,0,0,0,0
1777384800,4593.6,4593.9,4576.9,4585,0,1,0,0,4622.148199093305,4548.651800906694,4633.239774971678,4673.6531131905185,4592.826436752838,18.83213272887055,18215,18144.59188620768,27164.08174396728,-1105.272475350498,0,0,0,0
1777386600,4584.8,4592,4569.2,4588,1,0,0,0,4620.673327729498,4540.526672270502,4630.524753653495,4671.435731322675,4589.613775984316,19.115551819665523,18113,18134.061257471785,27216.88782931152,-493.5884036425384,0,0,0,0
1777388400,4587.9,4595.7,4580.5,4590.7,1,0,0,0,4623.953804320248,4552.2461956797515,4629.138003927456,4670.047242530955,4588.228765323957,18.83586954683226,11555,15941.040838314524,27201.09188620768,-30.336023757618023,0,0,0,0
1777390200,4590.5,4600.4,4584.6,4600,1,0,0,0,4628.3285325830875,4556.6714674169125,4628.3579059648155,4669.117506967264,4587.598304962367,18.619021722058474,8098,13326.693892209683,23911.561257471785,605.3962774166563,0,0,1,0
1777392000,4600,4600.7,4591.6,4596.8,0,1,0,0,4627.608637398581,4564.691362601419,4627.7998960265495,4668.4189429645985,4587.1808490885005,17.939091599054258,6291,10981.462594806457,19990.040838314526,453.3275653945527,0,0,0,0
1777393800,4596.5,4608.9,4594.4,4606.3,1,0,0,0,4635.440163298682,4567.859836701317,4627.378495728358,4667.774443785141,4586.982547671575,17.69344219912181,6286,9416.308396537637,16472.193892209685,933.9820877508962,0,0,0,0
1777395600,4606.3,4611.5,4601.3,4607.6,1,0,0,0,4637.237294491634,4575.562705508366,4626.960888892448,4667.049996846085,4586.87178093881,17.158196327755956,7601,8811.205597691758,14124.462594806457,1010.8215291671016,0,0,0,0
1777397400,4607.9,4615.8,4607.9,4608.9,1,0,0,0,4640.577487742232,4583.122512257768,4626.714803490617,4666.5452313022715,4586.884375678962,16.51832516148766,5816,7812.803731794505,13216.808396537637,1044.5493071558042,0,0,0,0
1777399200,4608.9,4614.9,4606.1,4612.9,1,0,0,0,4638.8505243320715,4582.1494756679285,4626.54534486046,4666.188831930314,4586.901857790606,15.967016221381346,4228,6617.869154529671,11719.205597691758,1176.3082639828388,0,0,0,0
1777401000,4613.1,4613.7,4607.2,4608.3,0,1,0,0,4636.636201165496,4584.263798834504,4626.408939615108,4665.920069551732,4586.897809678483,15.290800776996964,3146,5460.579436353114,9926.803731794505,876.1811002447332,0,0,0,0
1777402800,4608.5,4612.9,4607.8,4610.5,1,0,0,0,4634.744329653674,4585.955670346326,4626.319436764924,4665.738039667047,4586.900833862801,14.562886435782856,2180,4367.052957568743,8190.8691545296715,924.3574774217735,0,0,0,0
1777404600,4610.6,4614.3,4607.5,4609.8,0,1,0,0,4635.312591821269,4586.487408178731,4626.205450714002,4665.5042167234305,4586.906684704573,14.008394547512665,2836,3856.7019717124954,6550.579436353115,845.3809604388236,0,0,0,0
1777406400,4609.7,4612.8,4605.4,4607.4,0,1,0,0,4633.104549548321,4585.0954504516785,4626.10327750861,4665.311173610673,4586.895381406546,13.536366365547513,2284,3332.4679811416636,5785.052957568743,739.7019495595166,0,0,0,0
1777408200,4607.5,4611.7,4606.7,4609.5,1,0,0,0,4631.089938866298,4587.310061133701,4626.017204509586,4665.142945021545,4586.891463997627,12.926625910865548,2034,2899.645320761109,4998.701971712495,791.7088542724762,0,0,0,0
1777413600,4610,4614,4607.9,4610,0,0,0,0,4632.658514661563,4589.241485338437,4610.633333333333,4610.633333333333,4610.633333333333,12.439009774375178,2202,2667.096880507406,4349.467981141664,752.0538103272733,0,0,0,0
1777415400,4610.1,4611.3,4606.3,4607.9,0,1,0,0,4629.161477900023,4588.4385220999775,4609.68208354303,4610.742487580314,4608.621679505745,11.90765193334838,1772,2368.731253671604,4000.6453207611085,641.1313584333086,0,0,0,0
1777417200,4608.2,4608.4,4603.1,4606.4,0,1,0,0,4625.553515192878,4585.946484807122,4608.17932464159,4610.178010198248,4606.180639084932,11.435676795252016,2699,2478.8208357810695,3553.0968805074062,533.3401502264824,0,0,0,0
1777419000,4606.2,4610.6,4601.7,4609.6,1,0,0,0,4627.481835536244,4584.818164463756,4607.85039239596,4609.487907893731,4606.212876898188,11.254557024162626,3988,2981.8805571873795,3718.2312536716045,671.298826629678,0,0,0,0
1777420800,4609.9,4624.4,4608.8,4613.8,1,0,0,1,4641.747418712226,4591.452581287774,4611.67713729433,4615.755808910392,4607.598465678268,11.56494580815097,10226,5396.587038124919,4472.820835781069,876.2834298940069,0,0,0,0
1777422600,4613.9,4618.7,4609.5,4613.8,0,0,0,0,4635.794031661353,4592.405968338647,4612.109874427,4615.8985907986935,4608.321158055307,11.396021107568744,4782,5191.7246920832795,8094.880557187378,791.9103352523287,0,0,0,0
1777424400,4613.7,4613.9,4589.5,4593.9,0,1,0,0,4632.387315114113,4571.012684885886,4607.676687127068,4614.567630453391,4600.785743800746,12.32487674274238,13268,7883.816461388853,7787.587038124919,-290.40118018268697,0,0,0,1
1777426200,4594.2,4605.3,4592.4,4598.1,1,0,0,0,4623.848935463106,4573.851064536894,4606.199754143013,4613.339977225799,4599.059531060227,12.365956975403677,7567,7778.210974259236,11825.72469208328,57.290224604051446,0,0,1,0
1777428000,4598.6,4617.6,4598.6,4612.9,1,0,0,0,4636.913297215741,4579.286702784259,4606.707474476351,4613.423645840824,4599.991303111879,12.875531477160555,7890,7815.47398283949,11667.316461388853,683.8075509955149,0,0,0,0
1777429800,4613.1,4615.5,4605.4,4607,0,1,0,0,4634.515918843188,4586.384081156812,4606.934722688136,4613.391548975965,4600.477896400308,12.67727922879197,5226,6952.315988559661,11723.210974259237,334.27560355540504,0,0,0,0
1777431600,4607,4616.9,4605.9,4612.4,1,0,0,0,4635.736210354388,4587.063789645611,4607.273719187762,4613.61857365289,4600.928864722635,12.557473569592544,4532,6145.543992373107,10428.47398283949,553.1974815881036,0,0,0,0
1777433400,4612.5,4612.5,4605.7,4608.9,0,1,0,0,4630.719338186218,4587.480661813782,4607.3609464971805,4613.5583196198495,4601.1635733745115,12.146225457478804,3346,5212.362661582071,9218.315988559661,351.88605073038536,0,0,0,0
1777435200,4608.9,4616.9,4608.7,4615.3,1,0,0,0,4634.696528315773,4590.903471684226,4607.685237479746,4613.878026075569,4601.492448883923,11.864352210516019,3680,4701.575107721381,7818.543992373106,622.1533766077875,0,0,0,0
1777437000,4615.3,4619.3,4615,4618.2,1,0,0,0,4636.286062007504,4598.013937992496,4608.109775167124,4614.48772765048,4601.731822683768,11.324041338336317,3218,4207.050071814254,7052.362661582071,772.1412160607929,0,0,0,0
1777438800,4618.1,4621.3,4612,4614.4,0,1,0,0,4638.06920043554,4595.2307995644605,4608.412027717844,4614.843455404666,4601.980600031021,11.179466957026593,3003,3805.7000478761693,6310.575107721381,572.4803169459361,0,0,0,0
1777440600,4614.6,4616.9,4604.2,4604.8,0,1,0,0,4633.8321146901435,4587.267885309856,4608.423913911712,4614.680442894898,4602.167384928525,11.288076460096109,4393,4001.4666985841127,5708.550071814254,199.19051396445525,0,0,0,0
1777442400,4604.7,4612.5,4595.6,4599.2,0,1,0,0,4630.033392212276,4578.066607787724,4607.8459990794445,4614.050509945219,4601.64148821367,11.68892814151779,8733,5578.644465722742,6002.200047876169,-55.01964332792454,0,0,0,1
1777444200,4599.3,4601.6,4594.8,4598.4,0,1,0,0,4618.6095784828285,4577.790421517172,4607.32752102816,4613.739246923114,4600.915795133206,11.339718988552248,5180,5445.762977148494,8367.966698584114,-59.02419285693338,0,0,0,0
1777446000,4598.3,4603.3,4583.6,4589.1,0,1,0,0,4621.205322876912,4565.694677123089,4606.006152729773,4613.494373391857,4598.517932067689,11.93688191794136,9029,6640.175318098996,8168.644465722742,-394.06262237395697,0,0,0,0
1777447800,4589.6,4592.8,4580.6,4581.2,0,1,0,0,4610.73351409999,4562.66648590001,4604.4790552371505,4613.532937416153,4595.425173058148,11.955676066659821,8155,7145.116878732664,9960.262977148494,-796.033873325042,0,0,0,0
1777449600,4581.5,4586.8,4577.6,4579.5,0,1,0,0,4604.438263092848,4559.961736907153,4603.045340945606,4613.44144861583,4592.649233275381,11.758842061898392,7443,7244.411252488443,10717.675318098996,-742.2136631561979,0,0,0,0
1777451400,4579.6,4590.7,4570.5,4586.4,1,0,0,0,4609.24267287193,4551.95732712807,4601.689781679046,4612.954959394102,4590.42460396399,12.361781914619923,8515,7667.940834992295,10866.616878732664,-271.27539062965843,1,0,0,0
1777453200,4586.4,4594.1,4578.8,4579,0,1,0,0,4612.957481952507,4559.942518047494,4600.831282710269,4612.460354300016,4589.202211120522,12.571654635004228,6559,7298.293889994863,11501.911252488442,-453.5209304330365,0,0,0,0
1777455000,4578.8,4582.8,4564.1,4568.4,0,1,0,0,4602.314090384471,4544.58590961553,4598.607039858508,4612.193267895792,4585.020811821224,13.009393589646768,11221,8605.862593329908,10947.440834992294,-887.5996884619713,0,0,0,0
1777456800,4568.3,4586.5,4567.8,4585.1,1,0,0,0,4606.623798214151,4547.676201785849,4597.76190764648,4611.599214237349,4583.924601055611,13.415865476100558,6899,8036.908395553272,12908.793889994862,-65.151485006744,0,0,0,0
1777458600,4585.4,4589.5,4576.8,4582.7,0,1,0,0,4609.547098341712,4556.7529016582885,4597.249835788645,4611.110791943017,4583.3888796342735,13.364732227807648,5517,7196.938930368849,12055.362593329908,-87.56305681132528,0,0,0,0
1777460400,4583.1,4585.4,4576.6,4577.7,0,1,0,0,4604.9580198887315,4557.0419801112685,4596.741960298424,4610.7081940825365,4582.775726514311,13.038679925821336,4796,6396.625953579232,10795.408395553273,-271.75025658027425,0,0,0,0
1777462200,4577.6,4585.1,4571.8,4574.7,0,1,0,0,4604.686018468109,4552.2139815318915,4596.0618074742615,4610.242630282683,4581.88098466584,13.057345645405539,5908,6233.750635719488,9594.938930368848,-264.35302611959605,0,0,0,0
1777464000,4574.5,4582.2,4572.2,4572.4,0,1,0,0,4601.458445720386,4552.941554279613,4595.137019683283,4609.630971864689,4580.643067501877,12.838963813590857,8035,6834.167090479658,9350.625953579232,-294.0293531884362,0,0,0,0
1777465800,4572.3,4573,4553,4557.4,0,1,0,0,4593.025699597501,4532.974300402499,4592.296148578872,4609.060792920799,4575.531504236945,13.350466398334365,16207,9958.44472698644,10251.250635719487,-1293.33787264276,0,0,0,0
1777467600,4557.9,4566.4,4547,4550.8,0,1,0,0,4587.073863911965,4526.326136088034,4589.287126291798,4608.3268810718255,4570.24737151177,13.782575941310457,16893,12269.963151324293,14937.66709047966,-1544.8185073193556,0,0,0,0
1777469400,4550.9,4552.6,4522.2,4534.4,0,1,0,0,4575.054302203968,4499.745697796032,4582.477972966461,4607.569629570549,4557.386316362372,14.969534802645464,31163,18567.642100882862,18404.94472698644,-2748.689821772563,0,0,0,0
1777471200,4534.5,4550.2,4530,4545.6,1,0,0,0,4573.2147091893985,4506.985290810601,4579.44576519756,4605.832344062791,4553.059186332329,15.343139459599346,19565,18900.09473392191,27851.463151324293,-1108.440121046429,0,0,0,0
1777473000,4545.8,4556,4543.4,4552.2,1,0,0,0,4578.720801390156,4520.679198609843,4578.034292477013,4604.512173301217,4551.5564116528085,15.147200926770848,13427,17075.729822614605,28350.142100882862,-133.18476693581806,0,0,0,0
1777474800,4552.1,4560,4548.6,4556.2,1,0,0,0,4582.319315576574,4526.2806844234265,4576.991751378301,4603.305920181601,4550.677582575001,14.879543717715762,12999,15716.81988174307,25613.594733921906,461.10632446089596,0,0,1,0
1777476600,4556.2,4571.7,4552.7,4560.8,1,0,0,0,4594.4607930353895,4529.93920696461,4576.164374870028,4601.9873990809865,4550.34135065907,15.173862023593207,16514,15982.546587828712,23575.229822614605,878.75157559785,0,0,0,0
1777478400,4560.9,4578.3,4560,4573.5,1,0,0,0,4601.395736390005,4536.904263609995,4575.968615629935,4601.3540437918,4550.58318746807,15.397157593336562,11105,14356.697725219141,23973.819881743068,1556.3328995727707,0,0,0,0
1777480200,4573.3,4573.4,4557.1,4559.3,0,1,0,0,4596.6031837907185,4533.8968162092815,4575.560904423588,4600.635745681265,4550.486063165911,15.468789193812496,10468,13060.465150146094,21535.04658782871,532.788554859932,0,0,0,0
1777482000,4559.3,4568.5,4556.7,4561.1,1,0,0,0,4591.310099234239,4533.889900765761,4575.205227669412,4600.040596062168,4550.369859276656,15.206732822825902,8851,11657.310100097397,19590.697725219143,667.4017726824344,0,0,0,0
1777483800,4561.2,4562.8,4555.3,4561.6,1,0,0,0,4584.784377860365,4533.315622139636,4574.939832592616,4599.639866771977,4550.239798413255,14.656251906909768,5911,9741.873400064931,17485.965150146094,675.1453710638328,1,0,0,0
1777485600,4562,4567.5,4538.8,4547.3,0,1,0,0,4590.989065156053,4515.3109348439475,4573.911666390696,4598.549445066188,4549.273887715204,15.659376770701915,15432,11638.582266709955,14612.810100097397,-96.50406601860504,0,0,0,1
1777487400,4547.4,4555.5,4532.1,4552.7,1,0,0,0,4579.818417644906,4507.7815823550945,4572.49771763719,4597.2319775440055,4547.763457730375,16.212278429937466,19580,14285.72151113997,17457.87340006493,435.8287784538759,0,0,1,0
1777489200,4552.6,4564.9,4547.3,4556.5,1,0,0,0,4589.367102098841,4522.8328979011585,4572.094703133324,4596.651099743007,4547.538306523642,16.31140139922761,9551,12707.481007426646,21428.582266709953,648.7144858209049,0,0,0,0
1777491000,4556.8,4563.5,4551.4,4561,1,0,0,0,4587.515880520353,4527.384119479647,4571.864676691769,4596.272787846205,4547.4565655373335,16.01058701356852,6701,10705.320671617765,19061.22151113997,837.4801066683641,0,0,0,0
1777492800,4561.3,4567.5,4555,4557,0,1,0,0,4591.13974619747,4531.36025380253,4571.693227221159,4595.968721061752,4547.417733380566,15.759830798313628,5669,9026.547114411844,16057.981007426646,583.2690440531089,0,0,0,0
1777494600,4556.9,4560.5,4555.1,4557.4,1,0,0,0,4583.029764326223,4532.5702356737775,4571.623446479594,4595.858582312295,4547.388310646894,15.019842884148343,1989,6680.6980762745625,13539.820671617766,572.7263267248861,0,0,0,0
1777500000,4557.6,4562.8,4551,4561.1,1,0,0,0,4584.984781160064,4528.815218839936,4558.3,4558.3,4558.3,14.789854106709187,3425,5595.465384183042,10021.047114411844,638.3851264176172,0,0,0,0
1777501800,4560.7,4565,4559.1,4563.8,1,0,0,0,4586.232296791488,4537.8677032085125,4560.0139075185325,4562.132740591572,4557.895074445493,14.154864527658505,2241,4477.3102561220285,8393.198076274562,702.671446790142,0,0,0,0
1777503600,4564,4567.4,4561.5,4563.4,0,1,0,0,4587.747847020667,4541.152152979333,4561.249144194066,4563.828632790745,4558.669655597386,13.565231347111444,2455,3803.2068374146857,6715.965384183042,615.9292920430672,0,0,0,0
1777505400,4563.5,4574.4,4563.3,4573.8,1,0,0,0,4594.483715090619,4543.216284909381,4563.935319818246,4568.663489577711,4559.207150058782,13.389143393746304,3323,3643.1378916097906,5704.8102561220285,854.4865660550016,0,0,0,0
1777507200,4574.1,4581.5,4568.2,4575.7,1,0,0,0,4601.574164012718,4548.125835987282,4568.7999308095295,4575.391855693789,4562.20800592527,13.382776008478725,8790,5358.758594406527,5464.706837414686,852.4300857845493,0,0,0,0
1777509000,4576,4586.3,4574.3,4581.8,1,0,0,0,4606.226009440381,4554.373990559619,4571.386958712929,4579.031393448237,4563.742523977621,13.284006293587387,5561,5426.1723962710175,8038.13789160979,998.1931244627768,0,0,0,0
1777510800,4581.6,4592.8,4575.9,4591.8,1,0,0,0,4613.113437337497,4555.586562662503,4574.488198295894,4583.707192935973,4565.2692036558155,13.542291558331184,6480,5777.448264180678,8139.258594406527,1225.1557529098864,0,0,0,0
1777512600,4592,4594.4,4582.5,4590.6,0,1,0,0,4614.537477527675,4562.362522472325,4577.154506960115,4587.23318656284,4567.07582735739,13.424985018450359,7164,6239.632176120452,8666.172396271017,954.4434067566597,0,0,0,0
1777514400,4591,4593.7,4583.1,4584.4,0,1,0,0,4613.534800561412,4563.265199438588,4578.199726304966,4588.206537757939,4568.192914851993,13.223200374275294,4649,5709.421450746968,9359.448264180677,534.0421341188854,0,0,0,0
1777516200,4584.4,4585.5,4570.8,4576.5,0,1,0,0,4605.4930290927405,4550.80697090726,4578.100146281794,4587.241218857499,4568.959073706089,13.328686061827044,8778,6732.2809671646455,8564.132176120453,16.074461596644255,0,0,0,0
1777518000,4576.4,4580.8,4573.8,4574.7,0,1,0,0,4600.114955586117,4554.485044413884,4577.978716239915,4586.791175554578,4569.166256925252,12.876637057410827,4154,5872.853978109763,10098.421450746968,-57.459995082337855,0,0,0,1
1777519800,4575,4575.3,4566.8,4567.4,0,1,0,0,4594.146030187108,4547.953969812892,4577.343354246167,4586.082540353233,4568.604168139102,12.564020124738624,4824,5523.235985406509,8809.280967164645,-427.880890304084,0,0,0,0
1777521600,4567.4,4568.3,4557.2,4558.8,0,1,0,0,4586.989170888029,4538.510829111971,4576.164728310775,4585.549736720452,4566.779719901098,12.45944725868589,4948,5331.490656937673,8284.853978109764,-681.7920665892653,0,0,0,0
1777523400,4558.4,4560.7,4552.1,4553.4,0,1,0,0,4578.975658681741,4533.824341318259,4574.533066622521,4585.133821565928,4563.932311679114,12.183772454494001,5696,5452.993771291782,7997.235985406509,-834.9585220704422,0,0,0,0
1777525200,4553.1,4570.4,4553.1,4566.8,1,0,0,0,4589.223825918759,4534.276174081241,4573.8101481424155,4584.419512860039,4563.2007834247925,12.549217279172948,5050,5318.6625141945215,8179.490656937673,-266.2494875515888,0,0,0,0
1777527000,4566.9,4580.7,4564.8,4573.9,1,0,0,0,4599.882838353134,4545.617161646866,4573.758386831667,4583.955579443969,4563.561194219365,12.78855890208914,6421,5686.108342796348,7977.993771291782,89.0080707684856,0,0,1,0
1777528800,4573.7,4582.7,4571.2,4581.2,1,0,0,0,4601.7447784707665,4552.155221529233,4574.150758211383,4583.9886107478405,4564.312905674925,12.696518980511344,7814,6395.4055618642315,8529.162514194522,591.5220039650649,0,0,0,0
1777530600,4581.3,4603.8,4581.3,4601.7,1,0,0,0,4623.905865722855,4561.194134277145,4576.4770289918415,4587.912585130916,4565.041472852767,13.403910481903418,11164,7984.937041242821,9593.108342796348,1469.938688119319,0,0,0,0
1777532400,4601.6,4608.1,4596.2,4603.8,1,0,0,0,4628.044732456938,4576.2552675430625,4578.470261957123,4591.475159379587,4565.465364534658,13.296488304624642,8468,8145.958027495214,11977.40556186423,1370.9273837514415,0,0,0,0
1777534200,4603.7,4617.4,4599.7,4610.3,1,0,0,0,4637.816537281441,4579.283462718558,4580.380654899683,4594.992950253243,4565.768359546122,13.611024854294298,7402,7897.972018330142,12218.937041242822,1393.0266503873113,0,0,0,0
1777536000,4610.4,4641.8,4609,4629.6,1,0,0,0,4664.272498904196,4586.527501095804,4585.764670312635,4606.005438335784,4565.523902289486,14.981665936130431,15588,10461.314678886762,11846.958027495213,2000.099055638317,0,0,0,0
1777537800,4629.5,4632.8,4625.7,4628.5,0,1,0,0,4654.4280346967535,4604.0719653032465,4587.5151847462375,4609.095753774191,4565.9346157182845,14.418689797835427,5671,8864.543119257842,15691.972018330143,1547.5643573588,0,0,0,0
1777539600,4628.7,4639,4626.1,4637.7,1,0,0,0,4660.4653179327,4604.634682067301,4589.220969021576,4612.146212982573,4566.295725060579,14.310211955132871,5304,7677.695412838561,13296.814678886763,1591.0837785877468,0,0,0,0
1777541400,4637.7,4644.1,4630,4637.1,0,1,0,0,4665.542795223221,4608.557204776779,4591.988543158667,4616.886798298683,4567.090288018651,14.29519681548055,8925,8093.463608559041,11516.543119257842,1231.6223570690431,0,0,0,0
1777543200,4636.9,4656,4635.4,4655.4,1,0,0,0,4678.118309850133,4613.281690149866,4594.659077834126,4621.784562388916,4567.533593279336,14.745539900089108,7592,7926.309072372694,12140.195412838562,1607.1087721269305,0,0,0,0
1777545000,4655.5,4658.7,4645.3,4651.5,0,1,0,0,4680.674144860838,4623.325855139162,4597.226383988797,4626.259903743236,4568.192864234359,14.649429907225576,7611,7821.206048248462,11889.463608559041,1046.8985150472693,0,0,0,0
1777546800,4651.7,4658.3,4643.2,4650.6,0,1,0,0,4680.322420227922,4621.177579772078,4600.223446126314,4630.996513383216,4569.450378869413,14.681613485280918,10064,8568.80403216564,11731.809072372693,727.611520758809,0,0,0,0
1777548600,4650.3,4651,4639.6,4643,0,1,0,0,4672.67081878307,4617.92918121693,4602.147499817984,4633.570641189026,4570.724358446942,14.447212522046541,8151,8429.53602144376,12853.206048248461,40.15467864352502,0,0,0,0
1777550400,4643.2,4650.5,4641.2,4643.9,1,0,0,0,4671.619331727136,4620.0806682728635,4603.850699855883,4635.768984012876,4571.9324156988905,14.079554484757514,7732,8197.024014295841,12644.30403216564,25.153615545934144,0,0,0,0
1777552200,4642.8,4652.7,4634.9,4652.2,1,0,0,0,4674.217950889483,4613.382049110516,4605.806818932672,4638.240691234606,4573.372946630739,14.345300592989133,9372,8588.682676197228,12295.53602144376,423.60656453420586,0,0,0,0
1777554000,4652.1,4659.1,4645.7,4646.2,0,1,0,1,4680.516668683093,4624.283331316908,4608.224192850821,4641.339721224055,4575.108664477587,14.277779122061377,11758,9645.121784131485,12883.024014295843,-207.1216188296371,0,0,0,1
1777555800,4646.1,4647.5,4622.5,4623.1,0,1,0,0,4670.065478062871,4599.934521937129,4609.790607839343,4642.265238626782,4577.315977051903,15.043652041914134,15970,11753.414522754323,14467.682676197226,-1615.1046859476164,0,0,0,0
1777557600,4623.1,4638.9,4621.3,4635.5,1,0,0,0,4661.739372486952,4598.460627513048,4611.069150548176,4643.01049107109,4579.127810025263,15.226248324634513,14273,12593.276348502883,17630.121784131486,-423.5774150927349,0,0,0,0
1777559400,4635.2,4636.5,4622.8,4632.2,0,1,0,0,4659.175845880741,4600.124154119259,4611.865585331452,4643.38180640341,4580.349364259494,15.117230587160606,10549,11911.850899001922,18889.914522754323,-612.4862310302716,0,0,0,0
1777561200,4632.4,4637,4627.3,4635.2,1,0,0,0,4659.095428317831,4605.204571682169,4612.489748405849,4643.747917806175,4581.231579005524,14.73028554522055,7769,10530.900599334615,17867.776348502885,-333.9481018743724,0,0,0,0
1777563000,4635.5,4638,4624,4628,0,1,0,0,4660.017183437986,4601.982816562014,4612.947924532921,4643.920811887571,4581.975037178271,14.67812229199051,7124,9395.267066223076,15796.350899001922,-674.5330626050602,0,0,0,0
1777564800,4628.5,4630.1,4617.8,4620.6,0,1,0,0,4651.8623846209875,4596.037615379013,4613.182271014196,4643.82275926655,4582.541782761842,14.508256413991202,6611,8467.178044148717,14092.900599334615,-987.9430135838405,0,0,0,0
1777566600,4620.5,4630.8,4618.7,4620.6,0,0,0,0,4652.304357148059,4597.195642851941,4613.505608735655,4643.708611401022,4583.302606070289,14.336238098706142,9144,8692.785362765811,12700.767066223076,-830.0239915030618,0,0,0,0
1777568400,4620.7,4633.9,4620.7,4631.2,1,0,1,0,4655.293331637483,4599.306668362517,4613.931730334501,4643.810140737817,4584.053319931184,14.26222109165565,8367,8584.190241843875,13039.178044148717,-76.45942732276168,0,0,0,0
1777570200,4630.7,4635,4627.7,4629.8,0,1,0,0,4655.647379377663,4607.052620622337,4614.179695806113,4643.907658070429,4584.451733541798,13.764919585108832,4413,7193.793494562584,12876.285362765811,-138.8397329860049,0,0,0,0
1777572000,4629.8,4638.6,4629.5,4634,1,0,0,0,4658.747566564974,4609.352433435027,4614.509426835581,4644.098477992545,4584.920375678616,13.43171104331537,5080,6489.195663041723,10790.690241843877,83.0248791101177,0,0,1,0
1777573800,4634,4638.3,4631.6,4635.8,1,0,0,0,4657.726311810332,4612.173688189669,4614.722995858409,4644.233498789106,4585.212492927712,12.950874540221402,3185,5387.797108694482,9733.793494562584,123.2645722263037,0,0,0,0
1777575600,4635.3,4640.8,4629.5,4630.6,0,1,0,0,4660.049432395309,4610.250567604691,4614.969384620297,4644.365328777205,4585.5734404633895,12.8329549302056,4080,4951.8647391296545,8081.695663041723,-84.93169551789452,0,0,0,1
1777577400,4630.8,4636.6,4627.6,4630.1,0,1,0,0,4655.438758652786,4608.761241347214,4615.202322484369,4644.4542702456265,4585.950374723111,12.559172435190915,4494,4799.24315941977,7427.797108694482,-127.32439658171725,0,0,0,0
1777579200,4630.2,4633.6,4628.6,4629.7,0,1,0,0,4651.628847320445,4610.571152679556,4615.326221639262,4644.493027462617,4586.159415815908,12.019231546962994,2571,4056.4954396131798,7198.8647391296545,-152.30538235186953,0,0,0,0
1777581000,4629.6,4635.9,4628.2,4635.9,1,0,0,0,4653.466072511841,4610.633927488158,4615.440383803778,4644.5496940612875,4586.331073546268,11.710715007894196,2043,3385.3302930754535,6084.74315941977,9.82869471297019,0,0,1,0
1777586400,4636.4,4650,4636.3,4644,1,0,0,0,4667.822067332424,4618.477932667576,4643.433333333333,4643.433333333333,4643.433333333333,11.881378221616064,3626,3465.553528716969,5077.99543961318,173.93527941038576,0,0,0,0
1777588200,4644,4645,4639.2,4642.9,0,1,0,0,4662.170491094394,4622.029508905606,4642.984219490127,4643.5108612359145,4642.457577744339,11.446994062929216,2637,3189.3690191446462,5198.3302930754535,70.23917973079023,0,0,0,0
1777590000,4642.8,4644.9,4640.6,4643.5,1,0,0,0,4661.304741730508,4624.195258269492,4642.987745401942,4643.451884176615,4642.52360662727,10.936494487005648,1802,2726.912679429764,4784.05352871697,59.8500068065818,0,0,0,0
1777591800,4643.1,4646.8,4638.3,4638.8,0,1,0,0,4662.943688749758,4622.156311250243,4642.542620656077,4643.386261590188,4641.698979721966,10.762459166505243,2889,2780.9417862865093,4090.369019144646,-114.12741401101647,0,0,0,1
1777593600,4639.1,4643.6,4632.8,4636,0,1,0,0,4659.747710981918,4616.652289018082,4640.924072461966,4643.389992484859,4638.458152439072,10.765140654612024,5128,3563.294524191006,4171.4126794297645,-256.16268031556615,0,0,0,0
1777595400,4635.7,4637.9,4630.5,4631.8,0,1,0,0,4653.687160197495,4614.712839802504,4639.269615975422,4643.071549255537,4635.467682695307,10.524773464996853,4533,3886.529682794004,5344.941786286509,-456.45984680558786,0,0,0,0
1777597200,4631.9,4633.1,4625.9,4628,0,1,0,0,4648.530934469103,4610.469065530897,4637.4258590039535,4642.65986386773,4632.191854140177,10.287289646068558,4511,4094.686455196003,5829.7945241910065,-621.7094180734672,0,0,0,0
1777599000,4628.1,4634.2,4627.8,4632.8,1,0,0,0,4649.214439149881,4612.785560850119,4636.7076636774955,4641.96940799079,4631.445919364201,10.009626099920778,3533,3907.4576367973355,6142.029682794005,-278.15144010921205,0,0,0,0
1777600800,4632.7,4647.9,4631.5,4641.4,1,0,0,0,4663.599122067746,4615.800877932254,4637.287333625432,4642.277689738927,4632.296977511938,10.466081378497838,5576,4463.638424531557,5861.186455196003,38.092846213847565,0,0,1,0
1777602600,4641.2,4643.1,4628,4630.5,0,1,0,0,4659.295613348622,4611.804386651378,4636.879828466058,4641.692806001746,4632.06685093037,10.797075565748019,4630,4519.0922830210375,6695.457636797335,-291.2599655966866,0,0,0,1
1777604400,4630.4,4638.3,4629.2,4637.9,1,0,0,0,4654.313783823721,4613.186216176279,4636.74977297263,4641.402726878038,4632.096819067222,10.67585588248033,3127,4055.061522014025,6778.638424531557,-6.655317001197133,0,0,0,0
1777606200,4638.1,4643.7,4636.8,4638.3,1,0,0,0,4659.309227836312,4621.190772163688,4636.993808611329,4641.514020819626,4632.4735964030315,10.406151890874566,3932,4014.0410146760164,6082.5922830210375,-6.294054499568887,0,0,0,0
1777608000,4638.3,4640.2,4628.5,4629,0,1,0,0,4655.947854419433,4612.752145580567,4636.69474663797,4641.198814538655,4632.1906787372845,10.498569612954942,3327,3785.027343117344,6021.061522014024,-265.4669665891456,0,0,0,0
1777609800,4629,4629.6,4620.1,4620.6,0,1,0,0,4645.240864818044,4604.459135181956,4635.619650720203,4641.253784310613,4629.985517129793,10.42724321202959,4345,3971.6848954115626,5677.541014676016,-587.5719913720254,0,0,0,0
1777611600,4620.3,4627.7,4618.7,4626.1,1,0,1,0,4643.187945902469,4603.21205409753,4634.840001043279,4640.996625177527,4628.683376909031,10.325297268313191,3915,3952.789930274375,5957.527343117344,-247.31168617963016,0,0,0,0
1777613400,4626,4626.8,4614.2,4616.4,0,1,0,0,4642.531664052293,4598.468335947707,4633.693863438538,4640.892924640903,4626.494802236172,10.487776034862275,4527,4144.193286849583,5929.184895411562,-530.002652714339,0,0,0,0
1777615200,4616.4,4619.4,4604.7,4605.2,0,1,0,0,4635.582973762844,4588.517026237156,4631.506812734028,4641.234922325964,4621.778703142092,10.788649175229242,6241,4843.128857899722,6216.289930274375,-879.6511129665337,0,0,0,0
1777617000,4605.5,4609.2,4602.4,4606.4,1,0,0,0,4624.955618494069,4586.64438150593,4629.842884653999,4641.162575785221,4618.523193522778,10.503745662712882,4765,4817.085905266481,7264.693286849582,-651.9308877038227,0,0,0,0
1777618800,4606.1,4609.9,4596.7,4603.9,0,1,0,0,4625.94450288735,4580.65549711265,4627.567412966438,4640.675880361308,4614.458945571567,10.696335258233377,6906,5513.390603510988,7225.628857899721,-629.3332162813989,1,0,0,0
1777620600,4603.9,4604,4587.1,4589.7,0,1,0,0,4620.70918125254,4570.390818747461,4625.265477328731,4640.532400429149,4609.998554228314,11.139454168359538,5812,5612.927069007325,8270.085905266482,-957.6599576823617,0,0,0,0
1777622400,4589.5,4594.1,4577.7,4578.7,0,1,0,0,4611.372811163073,4560.427188836928,4622.444179034158,4640.533053500946,4604.35530456737,11.515207442048181,6213,5812.951379338217,8419.390603510989,-1144.17566358829,0,0,0,0
1777624200,4578.5,4584.4,4575.9,4580.3,1,0,0,0,4601.349753222852,4558.950246777147,4620.500885454483,4640.261245188724,4600.740525720242,11.299835481901882,4435,5353.634252892144,8719.427069007324,-815.0063191160668,0,0,0,0
1777626000,4580,4582.7,4575,4580.5,1,0,0,0,4599.264056564078,4558.435943435922,4618.955745554491,4639.858177101158,4598.053314007824,11.042704376051734,3766,4824.422835261429,8030.451379338216,-606.2934134110353,1,0,0,0
1777627800,4579.9,4584.3,4570.3,4573.6,0,1,0,0,4601.180909666644,4553.4190903333565,4616.877247858052,4639.250505523222,4594.503990192882,11.253939777762325,5102,4916.948556840953,7236.634252892143,-670.894860190189,0,0,0,0
1777629600,4573.5,4583.7,4572.3,4583,1,0,0,0,4600.596558976169,4555.403441023831,4615.792225193655,4638.7086780345335,4592.875772352777,11.264372650779276,3162,4331.9657045606355,7375.422835261429,-255.00865633841966,0,0,0,0
1777631400,4583,4587.2,4576.6,4577.6,0,1,0,0,4604.025376192157,4559.774623807843,4614.407246710672,4637.893011390434,4590.921482030909,11.216917461437859,4425,4362.977136373757,6497.948556840953,-374.1104739160711,0,0,0,0
1777633200,4577.9,4587.6,4573.3,4582.7,1,0,0,0,4604.755706464146,4556.144293535855,4613.000706788735,4636.937020340783,4589.0643932366875,11.437137642763739,4992,4572.651424249171,6544.465704560636,-98.90074852018472,0,0,0,0
1777635000,4582.5,4590.7,4581.1,4589.6,1,0,0,0,4607.658870288135,4564.141129711865,4612.077907601507,4636.068040575859,4588.087774627154,11.305913525423433,4360,4501.767616166114,6858.977136373756,271.8952079820915,0,0,1,0
1777636800,4589.6,4619.2,4585.8,4614.2,1,0,0,0,4638.526093838982,4566.473906161018,4611.543206372029,4634.4359551355055,4588.650457608553,12.884062559321734,12706,7236.511744110742,6752.65142424917,1149.36253235569,0,0,0,0
1777638600,4614.3,4614.9,4600.1,4601.9,0,1,0,0,4634.431372850483,4580.568627149517,4611.1679118773945,4633.368689709161,4588.967134045628,13.020915233655844,9149,7874.007829407162,10854.767616166113,255.2476438054686,0,0,0,0
1777640400,4602,4608.2,4597.1,4600,0,1,0,0,4627.52556050402,4577.77443949598,4610.730460899739,4632.498826158228,4588.96209564125,12.883707002680387,7031,7593.0052196047745,11811.011744110743,126.42172478243717,0,0,0,0
1777642200,4600.1,4640.5,4597.3,4637.4,1,0,0,0,4663.073734753733,4574.726265246267,4612.444560655234,4633.39307575115,4591.496045559319,15.049156502488916,20520,11902.003479736515,11389.50782940716,1806.4887708066487,0,0,0,0
1777644000,4637.9,4672.8,4637.4,4656.3,1,0,0,0,4697.554182271324,4612.645817728676,4618.209288398585,4642.603025347193,4593.815551449978,16.502788180882604,26531,16778.335653157676,17853.005219604773,2794.2363935098347,0,0,0,0
1777645800,4656.4,4658.1,4638.7,4643.8,0,1,0,1,4683.164597823373,4613.635402176627,4620.082329375991,4644.706096699981,4595.458562052002,16.70973188224817,13857,15804.557102105116,25167.503479736515,1436.0957774523717,0,0,0,0
1777647600,4644,4652,4630.4,4647.5,1,0,0,0,4677.5885551217025,4604.811444878297,4621.404559472868,4645.914774958079,4596.894343987657,17.0590367478019,12803,14804.038068070078,23706.835653157676,1360.6027775016676,0,0,0,0
1777649400,4647.7,4659.4,4642.3,4654.4,1,0,0,0,4684.992944041581,4616.707055958419,4622.7948610922385,4647.576541385031,4598.013180799446,17.06196269438744,10690,13432.692045380052,22206.05710210512,1488.4398883196682,0,0,0,0
1777651200,4654.3,4661.6,4648.8,4649.5,0,1,0,0,4686.736305181468,4623.663694818532,4623.909316898084,4648.898314279253,4598.920319516916,16.757536787645492,8930,11931.794696920035,20149.038068070076,873.2197505618509,0,0,0,0
1777653000,4649.1,4654.6,4645,4650.5,1,0,0,0,4678.969426239935,4620.630573760065,4624.46936601158,4649.47696585471,4599.46176616845,16.246284159956556,5355,9739.52979794669,17897.692045380052,754.0336930823646,0,0,0,0
1777654800,4650.5,4654.4,4642.8,4643.4,0,1,0,0,4678.271610079939,4618.928389920061,4624.833658765196,4649.798327602192,4599.868989928199,15.914406719959619,4130,7869.68653196446,14609.294696920035,340.32386868853257,0,0,0,0
1777656600,4643.7,4647.1,4638.6,4641.4,0,1,0,0,4670.177209359944,4615.522790640057,4625.206306059752,4650.033371845366,4600.379240274138,15.384806239962503,5514,7084.457687976307,11804.52979794669,98.08842360411359,0,0,0,0
1777658400,4641.5,4642.7,4625.3,4635.2,0,1,0,0,4665.99312297709,4602.00687702291,4625.43698620871,4649.992739819415,4600.881232598004,15.528748651393727,6677,6948.638458650871,10626.68653196446,-187.16616777341017,0,0,0,1
1777660200,4635.3,4637.9,4628.1,4636.3,1,0,0,0,4660.579328478727,4605.420671521273,4625.5629676673925,4649.961567268356,4601.164368066429,15.119552319151266,3927,5941.425639100581,10422.957687976306,-153.30738782001737,0,0,0,0
1777662000,4636.2,4639.6,4631.5,4636,0,1,0,0,4661.52723358739,4609.572766412611,4625.6600076289105,4649.961598615167,4601.358416642654,14.6181557249262,2610,4830.950426067055,8912.138458650872,-168.3935031884058,0,0,0,0
1777663800,4636.1,4636.4,4621,4623,0,1,0,0,4658.411002616861,4598.988997383139,4625.682549515183,4649.743197945561,4601.621901084805,14.674001744574303,5500,5053.9669507113695,7246.425639100582,-613.6018118064824,0,0,0,0
1777665600,4623,4628.2,4619.1,4625.2,1,0,0,0,4649.613788144228,4597.686211855772,4625.666865085718,4649.603206867473,4601.730523303963,14.275858762818956,2908,4338.644633807579,7580.950426067055,-466.0346766159026,0,0,0,0
1777667400,4625.5,4628.9,4621.9,4626.2,1,0,0,0,4649.534231848212,4601.265768151788,4625.666863525862,4649.508932793441,4601.824794258283,13.756154565474745,2227,3634.763089205053,6507.966950711369,-387.6591013376015,0,0,0,0
1777845600,4642.9,4653,4623.6,4632.6,0,0,0,0,4675.3103581447685,4601.289641855232,4636.400000000001,4636.400061035157,4636.399938964844,14.873572096512236,6495,4588.175392803369,5452.144633807579,-556.0740567128208,0,0,0,0
1777847400,4632.5,4640.9,4629.7,4629.9,0,1,0,0,4662.816761134427,4607.7832388655725,4635.249210624072,4636.668003420559,4633.830417827584,14.61117408961849,4273,4483.116928535579,6882.263089205053,-568.7643241519722,0,0,0,0
1777849200,4629.9,4632.3,4622.4,4628.3,0,1,0,0,4653.711992481969,4600.988007518031,4633.210073098423,4636.784342506931,4629.635803689915,14.274661654645781,3961,4309.077952357053,6724.675392803369,-542.0528420710859,0,0,0,0
1777851000,4628.1,4630.3,4622.8,4625.3,0,1,0,0,4650.986135876114,4602.113864123887,4632.022220338984,4636.22057020445,4627.823870473518,13.790757250742512,2971,3863.051968238035,6463.616928535579,-560.6198163757801,0,0,0,0
1777852800,4624.8,4628.4,4612.4,4617.2,0,1,0,0,4649.322840456391,4591.477159543609,4628.158217419777,4634.966890592657,4621.3495442468975,13.948560304260905,7750,5158.70131215869,5794.577952357053,-813.8236496003939,0,0,0,0
1777854600,4617.5,4625.2,4616,4624.3,1,0,1,0,4645.614066138078,4595.585933861922,4627.245487862283,4633.924413107978,4620.566562616588,13.609377425385114,4292,4869.80087477246,7738.0519682380345,-369.8338373817927,0,0,0,0
1777856400,4624.5,4625.7,4605.2,4605.7,0,1,0,0,4646.852347128215,4584.0476528717845,4624.225231108245,4632.708899760947,4615.741562455542,14.10156475214332,7470,5736.5339165149735,7304.70131215869,-948.1773113974988,0,0,0,0
1777858200,4605.7,4625.5,4603.6,4624.1,1,0,0,0,4647.487893761914,4581.612106238086,4623.47776905883,4631.722744462893,4615.232793654766,14.658595841275913,4842,5438.355944343316,8604.80087477246,-385.9163573000542,0,0,0,0
1777860000,4624,4629.9,4602.3,4604.2,0,1,0,0,4653.2744727789195,4578.92552722108,4621.7736279502105,4630.387353238773,4613.159902661648,15.58298185261331,7434,6103.57062956221,8157.533916514974,-809.236496589822,0,0,0,0
1777861800,4604.3,4622,4601.6,4616.6,1,0,0,0,4645.89058186614,4577.709418133861,4620.961108272817,4629.5133193235515,4612.4088972220825,15.927054577426619,5318,5841.713753041474,9155.355944343315,-345.3730452685514,0,0,0,0
1777863600,4616.5,4623,4615.1,4620.5,1,0,0,0,4646.030540304273,4592.069459695727,4620.887314495989,4629.221581806851,4612.553047185127,15.353693536181835,2987,4890.142502027649,8762.570629562211,-124.13326227653513,0,0,0,0
1777865400,4620.3,4628.5,4609.4,4626.4,1,0,0,0,4651.931930282539,4585.968069717461,4620.939505902359,4628.8670796197885,4613.01193218493,15.621286855026016,6108,5296.095001351766,7335.213753041474,98.35088162810818,0,0,1,0
1777867200,4626.1,4626.8,4617.9,4619.1,0,1,0,0,4649.511792405215,4595.188207594785,4620.954959320501,4628.693350306056,4613.216568334946,15.14119493680991,3168,4586.730000901177,7944.142502027649,-138.86310877025446,0,0,0,1
1777869000,4619.1,4624.7,4615.7,4616.5,0,1,0,0,4646.753807233414,4593.646192766586,4620.869531963471,4628.450586036973,4613.288477889969,14.702538155609203,3011,4061.4866672674516,6880.095001351765,-178.7259898407001,0,0,0,0
1777870800,4616.5,4624.3,4606.1,4607.4,0,1,0,0,4646.72853528817,4583.671464711831,4620.133588123652,4627.742920948904,4612.5242552984,14.952356858779961,6846,4989.657778178301,6092.230000901178,-450.1742815558939,0,0,0,0
1777872600,4608,4613.1,4603,4610.2,1,0,0,0,4635.008639910444,4581.0913600895565,4619.436991750867,4627.29742840947,4611.576555092263,14.605759940295703,5022,5000.438518785534,7484.486667267451,-243.422480050442,0,0,0,0
1777874400,4610.4,4612.1,4598.9,4605.1,0,1,1,0,4633.858022773984,4577.141977226016,4618.477978667759,4626.8534850893175,4610.102472246201,14.505348515988919,5994,5331.625679190356,7500.657778178302,-402.4780949080809,0,0,0,0
1777876200,4605.5,4607,4594.5,4599.6,0,1,0,0,4628.5431640044135,4572.9568359955865,4617.502538336848,4626.617692340474,4608.387384333223,14.362109336275424,5006,5223.083786126904,7997.438518785534,-525.2310998384362,0,0,0,0
1777878000,4599.3,4604.4,4594,4596.7,0,1,0,0,4625.518652289812,4572.881347710188,4616.717928506085,4626.417305593535,4607.018551418634,14.079101526541438,3974,4806.722524084603,7834.625679190356,-492.83311892719234,0,0,0,0
1777879800,4597,4602.1,4588.8,4590,0,1,0,0,4623.135177126254,4567.764822873746,4615.697167163022,4626.300933470184,4605.09340085586,14.023451417502775,4484,4699.148349389735,7210.083786126905,-591.5394047014449,0,0,0,0
1777881600,4590.1,4592.4,4584.8,4586.1,0,1,0,0,4612.746950188664,4564.453049811335,4614.415522394614,4626.308154864203,4602.522889925024,13.56463345910968,4877,4758.43223292649,7048.722524084602,-687.3544729098676,0,0,0,0
1777883400,4585.9,4592.9,4584.6,4587.6,1,0,0,0,4612.682882318045,4564.817117681955,4613.805654945129,4626.200725957329,4601.4105839329295,13.188588212030366,2548,4021.62148861766,7137.648349389734,-470.10898162626177,0,0,0,0
1777885200,4588.1,4595.6,4587.3,4592.3,1,0,0,0,4614.859105009614,4568.040894990387,4613.273248087805,4625.977573492681,4600.568922682929,12.839403339742494,2690,3577.74765907844,6032.43223292649,-210.74506759907797,0,0,0,0
1777887000,4592.3,4595.6,4582.2,4586.2,0,1,0,0,4614.919168937499,4562.880831062501,4612.659205760381,4625.797709716886,4599.520701803876,12.879445958332354,2777,3310.83177271896,5366.62148861766,-244.7942260346466,0,0,0,0
1777888800,4586.8,4586.8,4535.8,4555.2,0,1,0,0,4610.203514013392,4512.396485986608,4603.845799822249,4627.019495628479,4580.67210401602,15.602342675594329,22597,9739.554515145974,4966.24765907844,-1469.1154666631228,0,0,0,0
1777890600,4555,4577.4,4553.4,4573,1,0,0,0,4601.703263012435,4529.096736987564,4601.326011886569,4625.481400080408,4577.17062369273,16.202175341623306,10330,9936.369676763983,14609.33177271896,-411.0525323601697,0,0,0,0
1777892400,4573.2,4581.5,4571.5,4573.1,0,0,0,0,4605.138744225833,4547.861255774167,4600.309981595333,4624.517187996598,4576.102775194067,15.759162817221641,5997,8623.246451175988,14904.554515145974,-280.017164522273,0,0,0,0
1777894200,4572.8,4574,4562.1,4571.2,0,1,0,0,4597.225262495416,4538.874737504584,4598.897525002337,4623.424178049342,4574.3708719553315,15.483508330277212,7263,8169.830967450659,12934.869676763981,-257.45625355207005,0,0,0,0
1777896000,4571.1,4590.4,4570,4579.4,1,0,0,0,4614.152029460029,4546.247970539971,4597.972014809635,4622.239150970761,4573.704878648508,15.834686306685956,8234,8191.220644967106,12254.746451175988,169.76880497615787,0,0,1,0
1777897800,4579.4,4587.1,4571.7,4579.7,1,0,0,0,4610.80545592717,4547.99454407283,4597.2428217375555,4621.296614070175,4573.189029404936,15.803637284779855,6934,7772.147096644737,12286.830967450658,214.45633952041078,0,0,0,0
1777899600,4579.5,4587.8,4568,4571.6,0,1,0,0,4611.933637646658,4543.866362353342,4596.056948448212,4619.944373028736,4572.169523867688,16.08909176443845,10283,8609.098064429825,11658.220644967105,-149.28959150979904,0,0,0,1
1777901400,4571.6,4581.6,4566.2,4575.5,1,0,0,0,4605.659806386183,4542.140193613817,4594.854123325614,4618.590830330476,4571.1174163207515,16.039870924121455,10952,9390.06537628655,12913.647096644738,202.08341661560257,0,0,1,0
1777903200,4575.1,4593.7,4564.4,4582.4,1,0,0,0,4619.1805345014545,4538.919465498545,4593.850597099914,4617.05979314647,4570.641401053358,16.987023000969934,14439,11073.043584191033,14085.098064429825,564.6675685850455,1,0,0,0
1777905000,4582.6,4594.7,4570.8,4572.8,0,1,0,0,4620.921210608493,4544.578789391507,4593.115800685002,4615.9470662686135,4570.28453510139,17.4808070723292,11349,11165.029056127356,16609.565376286548,80.13273593125359,0,0,0,0
1777906800,4573.1,4578,4524.6,4548,0,1,1,0,4608.06969556503,4494.53030443497,4588.454501772688,4613.811255977261,4563.097747568115,20.046463710019943,27133,16487.686037418236,16747.543584191033,-1077.4992220504516,0,0,0,1
1777908600,4548.5,4553.8,4522.3,4531.6,0,1,0,0,4585.096860167528,4491.003139832473,4585.0808707161905,4612.786632686282,4557.375108746099,20.864573445018518,17136,16703.790691612157,24731.529056127354,-1678.937794965506,0,0,0,0
1777910400,4531.4,4537.2,4510.2,4525.3,0,1,0,0,4569.154227298419,4478.245772701581,4580.87514535661,4611.742161932222,4550.008128780998,21.30281819894577,19821,17742.86046107477,25055.686037418236,-1713.988853761105,0,0,0,0
1777912200,4525.2,4529.3,4517.3,4520.6,0,1,0,0,4560.257496777103,4486.342503222897,4579.370067246039,4611.21333842078,4547.526796071298,20.638331184735357,7576,14353.906974049849,26614.290691612157,-1582.551460013466,0,0,0,0
1777914000,4520.9,4541.7,4520.8,4534.3,1,0,0,0,4572.706961293024,4489.793038706976,4577.955815013638,4610.331196415703,4545.580433611573,20.671307528682792,9111,12606.271316033233,21530.86046107477,-641.5981374715218,0,0,0,0
1777915800,4534.3,4537.6,4531.5,4532.5,0,1,0,0,4567.0457497720945,4502.054250227906,4577.4249957404245,4609.962164418811,4544.887827062038,19.63049984806262,3698,9636.847544022155,18909.40697404985,-522.1452892677496,0,0,0,0
1777917600,4532.4,4535.6,4519.5,4521.9,0,1,0,0,4564.66748193123,4490.43251806877,4576.650816028736,4609.54919183528,4543.752440222192,19.378321287486745,4664,7979.231696014771,14455.271316033233,-604.6119969125689,0,0,0,0
1777919400,4521.9,4526.6,4520.4,4526.3,1,0,0,0,4554.255518936143,4492.744481063857,4575.970191992185,4609.185748191001,4542.75463579337,18.437012624094887,4118,6692.154464009847,11968.847544022155,-106.54528385610206,0,0,0,0
1777921200,4526,4535.6,4520.8,4532,1,0,0,0,4562.865839012133,4493.534160987868,4575.131287977449,4608.622761881594,4541.639814073304,18.177226008088123,5804,6396.102976006565,10038.231696014771,246.71181223806218,0,0,1,0
1777923000,4532.1,4536.8,4525.1,4527.7,0,1,0,0,4563.371850511266,4498.528149488735,4574.604562271204,4608.252606949142,4540.956517593265,17.714567007510386,3788,5526.73531733771,9594.154464009847,177.6376134245279,0,0,0,0
1777924800,4527.6,4527.9,4521.4,4524.5,0,1,0,0,4553.27028976046,4496.029710239539,4574.259338149455,4608.045696831755,4540.472979467156,16.91352650697393,2263,4438.823544891807,8290.102976006565,152.5632432301444,0,0,0,0
1777926600,4525.2,4534.1,4524.2,4532.8,1,0,0,0,4558.718840491857,4499.581159508143,4573.979397499789,4607.838614624183,4540.120180375396,16.412560327904405,2104,3660.5490299278713,6658.2353173377105,384.5427580074885,0,0,0,0
1777932000,4532.7,4535.9,4527.5,4529.3,0,1,0,0,4559.660351885295,4503.739648114704,4530.900000000001,4530.900000000001,4530.900000000001,15.840234590196923,2119,3146.6993532852475,5490.823544891807,338.36263058062787,0,0,0,0
1777933800,4529.1,4531.7,4524.8,4526.9,0,1,0,0,4554.502469607774,4501.997530392226,4529.5903788498235,4531.121626055701,4528.059131643946,15.201646405182832,1550,2614.4662355234987,4720.049029927872,332.54830547329436,0,0,0,0
1777935600,4526.9,4531.2,4525.4,4530.4,1,0,0,0,4552.995150350076,4503.604849649923,4529.384810801208,4530.652643367135,4528.116978235281,14.530100233384072,1960,2396.3108236823323,3921.699353285248,483.253200573121,0,0,0,0
1777937400,4530.3,4530.8,4525.8,4527.9,0,1,0,0,4551.5740681822135,4505.025931817787,4529.09327927928,4530.315100222861,4527.8714583357,13.849378788142351,1771,2187.873882454888,3594.4662355234987,411.5173343360608,0,0,0,0
1777939200,4528.5,4538,4522.6,4526.3,0,1,0,0,4558.940206169198,4501.659793830802,4529.031065136207,4529.904739578573,4528.157390693841,13.960137446132157,7149,3841.5825883032585,3281.8108236823323,334.0546707342595,0,0,0,0
1777941000,4526.4,4539.8,4525,4539,1,0,0,0,4560.8301914428275,4503.969808557173,4530.5666251825305,4533.163993936876,4527.969256428185,14.020127628551302,5539,4407.388392202172,5762.373882454887,808.2793394334243,0,0,0,0
1777942800,4539.1,4549.2,4534.7,4547,1,0,0,0,4570.281606339768,4513.618393660232,4533.94042220581,4540.080972029485,4527.799872382136,14.054404226511924,6992,5268.925594801448,6611.0825883032585,1104.0444881859785,0,0,0,0
1777944600,4547.2,4551.6,4543.3,4550.4,1,0,0,0,4572.065063029785,4522.8349369702155,4536.0616146013945,4543.7055939515485,4528.41763525124,13.643375353189656,4643,5060.283729867632,7903.388392202172,1147.5224598750938,0,0,0,0
1777946400,4550.5,4551.9,4544,4550.8,1,0,0,0,4571.7497013848,4524.1502986152,4537.341919005591,4545.551749998917,4529.132088012265,13.233134256533225,3514,4544.855819911755,7590.425594801449,1019.1246063581996,0,0,0,0
1777948200,4551,4556.1,4548,4548.3,0,1,0,0,4575.399722714457,4528.700277285543,4539.045237091937,4547.927398777849,4530.163075406026,12.86648180963802,5106,4731.90387994117,6817.283729867633,734.6636208823127,0,1,0,0
1777950000,4548.1,4551.8,4545.8,4547.2,0,1,0,0,4570.364028234853,4527.235971765147,4539.6852832625955,4548.568381946254,4530.802184578937,12.376018823235302,3009,4157.602586627447,7097.855819911755,615.271106995927,0,0,0,0
1777951800,4547,4548.6,4541.3,4543.5,0,1,0,0,4566.620169075221,4523.279830924779,4539.980808518007,4548.661703223292,4531.299913812722,12.01344605014708,2856,3723.7350577516313,6236.40387994117,427.28001194645583,0,0,0,0
1777953600,4543.3,4544.9,4537.9,4538.7,0,1,0,0,4562.383014141276,4520.416985858723,4540.013124302385,4548.420454394573,4531.605794210197,11.655342760850859,3067,3504.823371834421,5585.602586627447,210.2406058001615,0,0,0,0
1777955400,4538.5,4545.9,4536.9,4543,1,0,0,0,4563.0985131311845,4519.701486868815,4540.143320279739,4548.274969385633,4532.011671173845,11.465675420790083,3584,3531.215581222947,5257.235057751632,390.0093425855606,0,0,0,0
1777957200,4542.9,4554.7,4539.9,4548.9,1,0,0,0,4572.255762193243,4522.344237806757,4540.782398381036,4548.852999815409,4532.711796946663,11.703841462162233,4791,3951.143720815298,5296.823371834421,548.0020066352404,0,0,0,0
1777959000,4549.2,4561.1,4549,4555.2,1,0,0,1,4578.708922036583,4531.391077963417,4542.2216867156585,4551.0036287085,4533.439744722817,11.739281357722124,6443,4781.762480543532,5926.715581222947,790.8379009007664,0,0,0,0
1777960800,4555.3,4561.5,4543.2,4546.3,0,1,0,0,4579.811856176827,4524.888143823173,4542.957089889289,4551.649332373282,4534.264847405296,12.207904117884842,6390,5317.8416536956875,7172.6437208152975,387.1078056302438,0,0,0,0
1777962600,4546.4,4560.8,4545.5,4557.6,1,0,0,0,4579.443152164197,4526.856847835803,4543.688330318829,4552.566774426703,4534.809886210955,12.42876810946451,4709,5114.894435797125,7976.762480543532,675.1766246120523,0,0,0,0
1777964400,4557.9,4565.5,4557.2,4558.6,1,0,0,0,4583.700784152468,4538.999215847532,4544.659213229768,4554.123418497681,4535.1950079618555,12.13385610164563,4628,4952.596290531416,7672.3416536956875,617.769701397047,0,0,0,0
1777966200,4558.7,4568.3,4553.1,4555.4,0,1,0,0,4586.8292995701495,4534.570700429851,4545.563698662287,4555.361050691266,4535.766346633307,12.3528663800995,5400,5101.730860354278,7428.894435797125,419.64718821699626,0,1,0,0
1777968000,4555.5,4564.4,4555.3,4560.8,1,0,0,0,4582.580778172281,4537.119221827719,4546.242739288699,4556.291597681182,4536.193880896217,12.120518781520927,4156,4786.487240236185,7652.596290531417,593.1949840421697,0,0,0,0
1777969800,4561,4569.5,4557.4,4568.3,1,0,0,0,4587.678579731404,4539.2214202685955,4547.173475139592,4557.786699284635,4536.560250994548,12.119053154269457,4649,4740.658160157457,7179.730860354278,766.7082435755624,0,0,0,0
1777971600,4568.7,4570.5,4562.4,4562.4,0,1,0,0,4588.247966893447,4544.652033106553,4548.01340334729,4559.0458278081405,4536.980978886439,11.831977928964521,4622,4701.105440104971,7110.987240236185,300.7777641995501,0,0,0,0
1777973400,4562.6,4568.4,4561.1,4566.5,1,0,0,0,4585.662397829628,4543.837602170372,4548.636771881822,4559.939064976493,4537.334478787151,11.508265219752717,3683,4361.736960069981,7051.658160157457,442.09729986417153,0,0,0,0
1777975200,4566.7,4567.2,4556.7,4558.3,0,1,0,0,4584.354369413227,4539.545630586773,4549.035722925724,4560.358072923525,4537.713372927924,11.436246275484665,3490,4071.1579733799877,6542.605440104971,106.46865005277384,0,0,0,0
1777977000,4558.1,4564.5,4550,4554.1,0,1,0,0,4581.982628740853,4532.517371259147,4549.375466296991,4560.530506630109,4538.220425963874,11.65508582723576,5268,4470.105315586658,6106.736960069981,-41.97582057700869,0,0,0,1
1777978800,4554,4568,4550.1,4566.4,1,0,0,0,4586.1517266879355,4531.948273312065,4549.975115514941,4561.164019463205,4538.786211566677,12.101151125290324,5780,4906.736877057772,6705.157973379988,350.6864001947566,0,0,1,0
1777980600,4566.3,4575.7,4565.4,4573,1,0,0,0,4593.658746210225,4547.441253789774,4551.078510138719,4562.957900921126,4539.199119356313,11.972497473483886,6356,5389.824584705181,7360.105315586658,680.665792201644,0,0,0,0
1777982400,4572.8,4584.8,4564.3,4584.1,1,0,0,0,4603.67240719521,4545.42759280479,4553.421069305759,4567.047166235328,4539.79497237619,12.581604796806465,11873,7550.88305647012,8084.736877057772,1171.703185272088,0,0,0,0
1777984200,4584.2,4585.3,4572.1,4574.6,0,1,0,0,4604.238663824123,4553.161336175877,4554.611510696913,4568.876017247443,4540.3470041463825,12.625775882748846,7078,7393.25537098008,11326.32458470518,463.9268462298204,0,0,0,0
1777986000,4574.6,4596.4,4574.6,4586.9,1,0,0,0,4616.321616408114,4554.678383591886,4557.390077714175,4573.664194649677,4541.115960778674,13.28107760540959,13824,9536.83691398672,11089.88305647012,1101.6714443000608,0,0,0,0
1777987800,4587.1,4594,4582,4590.1,1,0,0,0,4613.7843580932495,4562.2156419067505,4559.46327469208,4577.011022345222,4541.915527038937,13.189572062166048,11062,10045.224609324481,14305.255370980081,1140.3590451776665,0,0,0,0
1777989600,4590.1,4597.7,4576.3,4594.9,1,0,0,0,4618.364046800874,4555.635953199126,4562.485643111065,4581.4362814346805,4543.535004787449,13.776031200582734,18599,12896.483072882987,15067.83691398672,1296.2496934473356,0,0,0,0
1777991400,4594.9,4596.7,4586.3,4593.6,0,1,0,0,4617.00232917224,4565.99767082776,4563.978064539233,4583.553772960137,4544.4023561183285,13.534886114826799,9818,11870.322048588658,19344.724609324483,906.4003421523482,0,0,0,0
1777993200,4593.6,4594.9,4586.1,4590,0,1,0,0,4614.695019945651,4566.304980054349,4564.807771314758,4584.614918226577,4545.000624402938,13.196679963767691,6354,10031.548032392438,17805.483072882987,453.14385337189424,0,0,0,0
1777995000,4590.4,4592.1,4579.3,4579.4,0,1,0,0,4611.852518520963,4559.547481479038,4565.41896441805,4585.1844744895,4545.6534543466,13.16834568064144,6785,8949.365354928292,15047.322048588658,-223.57630934722795,0,0,0,1
1777996800,4579.6,4580.2,4567.1,4570.9,0,1,0,0,4599.945195769465,4547.354804230536,4565.742666886572,4585.12432507522,4546.361008697923,13.16346384630987,9660,9186.243569952194,13424.048032392438,-828.7627110451886,0,0,0,0
1777998600,4571.1,4573.8,4564.7,4571.8,1,0,0,0,4593.109824643075,4545.390175356925,4565.893727113518,4584.9531360491965,4546.83431817784,12.873216428716335,7839,8737.16237996813,13779.36535492829,-656.1451908678147,0,0,0,0
1778000400,4571.9,4573.5,4563.7,4569,0,1,0,0,4592.480551454283,4544.719448545717,4565.9917549455395,4584.7264675443985,4547.2570423466805,12.653700969522323,8085,8519.774919978752,13105.743569952194,-792.6389243731911,0,0,0,0
1778002200,4569,4573.2,4565.9,4570.2,1,0,0,0,4591.60694063612,4547.493059363879,4566.066051354176,4584.622892536173,4547.509210172179,12.271293757413599,4702,7247.183279985835,12779.66237996813,-600.6097068016285,0,0,0,0
1778004000,4570.4,4576.1,4569,4572.8,1,0,0,0,4593.952873447826,4551.147126552174,4566.179591481357,4584.595226707242,4547.763956255473,11.901915631884082,4203,6232.455519990556,10870.774919978752,-378.9139655322273,0,0,0,0
1778005800,4572.9,4576.2,4568,4571.7,0,1,0,0,4593.656239630124,4550.543760369876,4566.294181716039,4584.544397788538,4548.04396564354,11.63749308674949,4911,5791.9703466603705,9348.683279985835,-396.7870474660195,0,0,0,0
1778007600,4571.6,4572.1,4565.4,4566.8,0,1,0,0,4589.027222513687,4548.472777486313,4566.322229852208,4584.431536019666,4548.2129236847495,11.28481500912458,3913,5165.64689777358,8687.955519990555,-604.7123010522217,0,0,0,0
1778009400,4566.9,4569.7,4562.2,4566,0,1,1,0,4586.221706619852,4545.678293380148,4566.316385700529,4584.276306943541,4548.356464457517,11.014471079901396,4210,4847.097931849054,7748.4703466603705,-553.8245852288206,0,0,0,0
1778011200,4565.7,4571,4564.7,4570,1,0,0,0,4587.016584718434,4548.683415281565,4566.332686585869,4584.228456831172,4548.436916340566,10.677723145622737,1869,3854.3986212327027,7270.64689777358,-340.93689398398897,0,0,0,0
1778013000,4569.9,4570.8,4565.2,4567.8,0,1,0,0,4586.272542952832,4549.727457047168,4566.344791101709,4584.173305921123,4548.516276282296,10.31502863522114,1966,3224.932414155135,5781.597931849054,-354.35552617561206,0,0,0,0
1778018400,4568.7,4570.5,4556.3,4556.8,0,1,0,0,4586.388789884772,4540.411210115228,4561.2,4561.2,4561.2,10.59252658984819,3729,3392.95494277009,4837.398621232703,-587.458963924817,0,0,0,0
1778020200,4556.5,4587.8,4555.9,4583.2,1,0,0,0,4605.971733464432,4537.728266535568,4570.706392652265,4577.550180542479,4563.862604762051,12.114488976287644,7195,4660.30329518006,5089.432414155135,87.11201395940662,0,0,1,0
1778022000,4583.1,4601.2,4579.1,4592,1,0,0,1,4620.441609645543,4559.858390354457,4579.845783913087,4591.039919932109,4568.651647894065,12.82773976369563,9142,6154.202196786706,6990.4549427700895,416.3146094170205,0,0,0,0
1778023800,4592.3,4606.3,4589.5,4604.1,1,0,0,0,4625.9672089565765,4569.832791043424,4584.4909629856775,4597.462735610966,4571.519190360389,13.111472637717384,6023,6110.468131191137,9231.30329518006,733.4537422317112,0,0,0,0
1778025600,4604.1,4614.9,4598.3,4612.8,1,0,0,0,4634.940979745392,4578.259020254608,4590.645582254731,4606.019021466169,4575.272143043294,13.360653163594675,8910,7043.6454207940915,9165.702196786706,1028.23988651931,0,0,0,0
1778027400,4613,4631.1,4612.5,4629.5,1,0,0,0,4651.702338335007,4591.897661664993,4596.79244565937,4615.838594284444,4577.746297034296,13.734892223337939,7802,7296.430280529395,10565.468131191137,1473.2297539054966,0,0,0,0
1778029200,4629.7,4637,4620.3,4636,1,0,0,0,4657.920028453935,4599.3799715460655,4603.165638752553,4624.923372944621,4581.407904560484,13.946685635956644,9765,8119.286853686263,10944.645420794091,1521.22053561702,0,0,0,0
1778031000,4635.6,4639.5,4631.1,4636.8,1,0,0,0,4659.825740707225,4610.774259292775,4606.382906056189,4629.216466529748,4583.549345582631,13.550493804816858,5749,7329.191235790842,12178.930280529396,1280.4520853742074,0,0,0,0
1778032800,4636.2,4646.6,4635.6,4640.2,1,0,0,0,4666.652473513853,4615.547526486148,4609.839215837512,4633.839699601939,4585.838732073084,13.368315675901368,6510,7056.1274905272285,10993.786853686262,1220.6643663928621,0,1,0,0
1778034600,4640.2,4651.9,4636.8,4650.6,1,0,0,0,4672.138011120005,4616.561988879995,4612.975692270082,4638.107175672459,4587.844208867705,13.492007413336946,6077,6729.751660351486,10584.191235790842,1334.4623897237325,0,0,0,0
1778036400,4650.5,4660.9,4648.2,4655.5,1,0,0,0,4681.053153182862,4628.0468468171375,4616.287728549966,4642.922867593853,4589.6525895060795,13.435435455241436,6087,6515.501106900991,10094.62749052723,1249.6404134089025,0,0,0,0
1778038200,4655.3,4662.2,4652.2,4653.7,0,1,0,0,4681.985070812658,4632.414929187342,4618.721123033776,4646.230968665266,4591.211277402286,13.190047208438475,5021,6017.334071267327,9773.251660351485,870.7461042477364,0,1,0,0
1778040000,4653.7,4664.2,4653.2,4663.3,1,0,0,0,4683.750422897468,4633.649577102532,4620.716480752787,4648.987761906208,4592.445199599366,13.033615264978584,4141,5391.889380844885,9026.00110690099,971.3209007282569,0,0,0,0
1778041800,4663.3,4663.5,4656.6,4659.7,0,1,0,0,4682.393249833363,4637.706750166637,4622.3828068849525,4651.15564016961,4593.609973600295,12.595499888908659,3823,4868.9262538965895,8087.834071267327,518.9181978926233,0,0,0,0
1778043600,4659.7,4667.8,4659.5,4661.3,1,0,0,0,4686.233017702409,4641.0669822975915,4624.244094298943,4653.598841596054,4594.889347001833,12.28867846827234,4336,4691.284169264393,7303.389380844885,412.7246501044817,0,0,0,0
1778045400,4661.2,4674.8,4654.9,4673.8,1,0,0,0,4694.048516437951,4635.651483562049,4627.489245897778,4657.960076943178,4597.018414852379,12.832344291967212,7586,5656.189446176262,7036.92625389659,696.4997434538,0,0,0,0
1778047200,4674,4677.5,4667.8,4676.8,1,0,0,0,4696.412908120954,4648.887091879046,4630.647310322957,4662.309427225459,4598.985193420455,12.608605413969542,7417,6243.126297450842,8484.284169264392,672.5652595042502,0,0,0,0
1778049000,4676.8,4680.2,4670.6,4679.3,1,0,0,0,4698.790557540886,4652.009442459114,4632.83125644489,4665.246619822783,4600.415893066996,12.393705027257393,5442,5976.084198300561,9364.689446176262,580.2709844552098,0,1,0,0
1778050800,4679.8,4681.5,4668.4,4678,0,1,0,0,4700.1662320022515,4649.733767997748,4635.075791520038,4668.058530928994,4602.093052111083,12.444154668167604,6299,6083.722798867041,8964.126297450843,286.228238040655,0,1,0,0
1778052600,4677.7,4693.2,4673.2,4692.5,1,0,0,0,4712.675786859233,4653.724213140767,4638.050012968554,4672.228997355287,4603.8710285818215,12.983857906155633,7462,6543.148532578028,9125.584198300561,645.3958365939848,0,0,0,0
1778054400,4692.7,4694,4686,4688.7,0,1,0,0,4712.941802083574,4667.058197916426,4640.029703009806,4674.977935016571,4605.081471003042,12.627868055715945,5136,6074.099021718685,9814.722798867042,172.66999168048642,0,0,0,0
1778056200,4688.7,4714.5,4682.8,4711.8,1,0,0,0,4735.48524479189,4661.81475520811,4645.476917451008,4683.283030431134,4607.670804470883,13.990163194593364,12649,8265.73268114579,9111.148532578029,894.7705782459961,0,0,0,0
1778058000,4711.8,4720.3,4699.6,4710.7,0,1,0,0,4742.004155878184,4677.8958441218165,4650.683647391577,4690.98508333072,4610.382211452435,14.469437252122399,12799,9776.821787430526,12398.599021718685,546.157859339567,0,0,0,0
1778059800,4710.6,4717.4,4705.5,4713.4,1,0,0,0,4738.828859029742,4684.071140970258,4653.072570210041,4694.328366075195,4611.816774344887,14.285906019827916,6439,8664.214524953684,14665.23268114579,464.634077376277,0,0,0,0
1778061600,4713.4,4717.6,4707.1,4715.9,1,0,0,0,4738.6232262419035,4686.076773758097,4655.0010292819,4696.960884893023,4613.0411736707765,14.015484161268779,5454,7594.1430166357895,12996.321787430526,374.56093208124594,0,0,0,0
1778063400,4716.1,4734.6,4715.9,4729.5,1,0,0,0,4756.125138653196,4694.374861346804,4660.18235233481,4704.654986624621,4615.709718044999,14.350092435463917,13326,9504.762011090526,11391.214524953684,1074.6945739021935,0,0,0,0
1778065200,4729.4,4732.9,4716.8,4717,0,1,0,0,4754.612628749395,4695.0873712506045,4662.715243135601,4707.968249348675,4617.462236922526,14.475085832930741,7844,8951.17467406035,14257.14301663579,171.34841107709644,0,0,0,0
1778067000,4717.3,4727,4702.1,4703.5,0,1,0,0,4749.829583838725,4679.2704161612755,4665.286668242989,4710.626273911232,4619.947062574747,15.219722559149947,10841,9581.116449373567,13426.762011090526,-563.260075207601,0,0,0,1
1778068800,4703.4,4704.5,4671.1,4694.6,0,1,0,0,4729.277470707388,4646.322529292613,4667.5676671810115,4711.360071770367,4623.775262591656,16.518313804924926,20581,13247.744299582377,14371.67467406035,-1103.1808488779252,0,0,0,0
1778070600,4694.7,4697.2,4687.4,4694.4,0,1,0,0,4721.257651371146,4663.342348628854,4668.437306390325,4711.7219288221595,4625.15268395849,16.0384342474303,7916,11470.496199721585,19871.616449373563,-1048.3702861089237,0,0,0,0
1778072400,4694.1,4703.5,4679.3,4695.7,1,0,0,0,4728.432104844635,4654.367895155365,4669.758025639663,4712.21513756803,4627.300913711297,16.62140322975669,13250,12063.664133147724,17205.744299582377,-891.1642948070152,0,0,0,0
1778074200,4695.9,4719.6,4690.8,4713.5,1,0,0,0,4745.83695449859,4664.563045501411,4671.930910295981,4714.101938206226,4629.759882385737,17.491302999059798,14758,12961.77608876515,18095.496199721587,9.262989215900689,0,0,1,0
1778076000,4713.5,4728.8,4708.4,4716.9,1,0,0,0,4755.348600605834,4681.851399394166,4674.439763424717,4716.759814727357,4632.1197121220775,17.699067070555564,14935,13619.517392510099,19442.664133147722,129.06077194599402,0,0,0,0
1778077800,4717.2,4726.1,4712,4714.4,0,1,0,0,4752.262986276845,4685.837013723155,4675.944836676231,4718.264222460575,4633.625450891886,17.441990851230194,9940,12393.011595006732,20429.27608876515,-194.03418435952744,0,0,0,1
1778079600,4714,4717.5,4704.8,4706.9,0,1,0,0,4743.154915828499,4679.145084171501,4677.021266848685,4719.081787606463,4634.9607460909065,17.103277218999455,9358,11381.34106333782,18589.517392510097,-762.5883494735199,0,0,0,0
1778081400,4706.8,4709.3,4699.1,4699.1,0,1,0,0,4734.215278983606,4674.184721016394,4677.637947189851,4719.370438539434,4635.905455840268,16.61018598907091,7286,10016.227375558547,17072.01159500673,-1246.1008845176787,0,0,0,0
1778083200,4699.1,4700.1,4692.7,4699.3,1,0,0,0,4724.02847334192,4668.77152665808,4678.068054648395,4719.443561003996,4636.6925482927945,15.95231556128017,6709,8913.818250372364,15024.341063337819,-1097.1397917166914,0,0,0,0
1778085000,4699.5,4703.3,4690,4694,0,1,0,0,4726.94429667464,4666.35570332536,4678.481950518238,4719.458184107555,4637.50571692892,15.76286444976017,7369,8398.878833581575,13370.727375558545,-1271.7826730435713,0,0,0,0
1778086800,4694,4699,4690.4,4693.8,0,1,0,0,4721.876846912166,4667.523153087834,4678.7423270463805,4719.432176322046,4638.052477770715,15.251231274777327,5240,7345.919222387717,12598.318250372362,-1130.0933870346457,0,0,0,0
1778088600,4693.8,4695.7,4689.8,4694.4,1,0,0,0,4717.574929275583,4667.925070724417,4678.9024170443445,4719.39638562145,4638.408448467239,14.583286183721778,3562,6084.612814925145,11018.878833581575,-961.1522128267497,0,0,0,0
1778090400,4695,4701.5,4692.9,4698.4,1,0,0,0,4722.733862898755,4671.666137101244,4679.14873168978,4719.431541077051,4638.865922302509,14.155908599170248,4324,5497.741876616764,9126.919222387718,-689.9664471547944,0,0,0,0
1778092200,4699,4701.1,4695.7,4696.8,0,1,0,0,4721.395729834559,4675.404270165442,4679.303746932025,4719.455255091339,4639.152238772712,13.530486556372411,2741,4578.827917744509,8246.612814925145,-729.930813128442,0,0,0,0
1778094000,4697.2,4711.4,4697,4709.1,1,0,0,0,4731.810320560661,4676.589679439338,4679.687435706557,4719.67317799724,4639.701693415875,13.606880373774343,4857,4671.551945163006,6868.241876616764,-274.7705365462529,0,0,0,0
1778095800,4709.3,4710.1,4702.2,4703,0,1,0,0,4729.898869092043,4682.401130907957,4679.987665062994,4719.831231478489,4640.144098647499,13.19924606136193,4015,4452.701296775337,7007.327917744509,-580.5695093682198,0,0,0,0
1778097600,4703,4710.4,4702.6,4703.3,1,0,0,0,4729.620378442611,4683.379621557389,4680.185062860945,4719.936521220914,4640.433604500977,12.813585628407454,2657,3854.134197850225,6679.051945163006,-515.0192746943899,0,0,0,0
1778099400,4703.5,4703.9,4695.6,4702.2,0,1,0,0,4722.636779982424,4676.863220017576,4680.33533499881,4719.978343237239,4640.692326760382,12.491186654949727,2544,3417.4227985668167,5781.201296775338,-505.0846358110599,0,0,0,0
1778104800,4702,4709.5,4698.4,4705,1,0,0,0,4728.087724269394,4679.8122757306055,4704.3,4704.3,4704.3,12.391816179596201,4781,3871.9485323778777,5126.134197850225,-334.41700460827485,0,0,0,0
1778106600,4704.5,4709,4703,4704.2,0,1,0,0,4726.90288682158,4685.09711317842,4704.667126532888,4705.185833861245,4704.148419204531,11.935257881053616,2395,3379.632354918585,5807.922798566817,-325.7639209348922,0,0,0,0
1778108400,4703.7,4707.7,4699.1,4702.5,0,1,0,0,4725.245537762896,4681.554462237104,4704.184968644477,4705.027229065645,4703.342708223308,11.697025175264033,3189,3316.08823661239,5069.448532377877,-347.0349028632335,0,0,0,0
1778110200,4702.5,4709.1,4700.6,4708,1,0,0,0,4726.302999351261,4683.39700064874,4704.577457034447,4705.609996208622,4703.544917860273,11.468666234173744,3076,3236.05882440826,4974.132354918585,-132.85178850795546,0,0,0,0
1778112000,4708.1,4710.5,4698.1,4701.5,0,1,0,0,4727.802785111885,4680.797214888115,4704.17628973683,4705.194961241364,4703.157618232296,11.53519007458988,6660,4377.372549605507,4854.08823661239,-478.0281236857098,0,0,0,0
1778113800,4701.6,4702.3,4694.2,4697.6,0,1,0,0,4719.234729032465,4677.265270967535,4702.814915066088,4705.51995615522,4700.109873976957,11.289819354976343,5723,4825.915033070338,6566.05882440826,-688.5202002976009,0,0,0,0
1778115600,4697.5,4725.6,4693.5,4713.5,1,0,0,0,4744.764391244432,4674.3356087555685,4705.586078660436,4709.994281307965,4701.177876012907,12.776260829620915,13552,7734.610022046892,7238.872549605507,46.01151438038312,0,0,1,0
1778117400,4713.2,4730.5,4711.1,4723.7,1,0,0,0,4750.374077584115,4691.225922415885,4708.756643932587,4716.298106158616,4701.215181706559,13.249385056076537,9596,8355.073348031261,11601.915033070338,497.7067992933303,0,0,0,0
1778119200,4723.4,4727.6,4710,4711.2,0,1,0,0,4747.940214899536,4689.659785100464,4709.7729023942375,4717.241291523537,4702.304513264938,13.560143266356812,7664,8124.715565354174,12532.61002204689,-125.87381049398948,0,0,0,1
1778121000,4711.2,4719.1,4708.2,4715.8,1,0,0,0,4739.155199549569,4688.144800450431,4710.128364230715,4717.406236419701,4702.85049204173,13.37013303304565,4750,6999.810376902783,12187.073348031261,54.95006511252677,0,0,1,0
1778122800,4715.7,4718.7,4712.8,4712.9,0,1,0,0,4737.954828153171,4693.545171846829,4710.340562717382,4717.517455084294,4703.163670350471,12.836552102113794,2921,5640.206917935189,10499.715565354174,-116.99893112332472,0,0,0,1
1778124600,4713,4713.7,4707.4,4707.5,0,1,0,0,4732.254483285087,4688.845516714912,4710.306685636534,4717.333231754651,4703.280139518417,12.369655523391392,2817,4699.1379452901265,8460.310376902784,-357.32774842991586,0,0,0,0
1778126400,4707.7,4709.5,4703.2,4705.5,0,1,0,0,4727.404163050438,4685.295836949562,4710.064181040133,4716.957507718018,4703.170854362248,11.93610870029202,4072,4490.091963526751,7048.706917935189,-453.19785564230006,0,0,0,0
1778128200,4705.2,4707.7,4700.7,4705,0,1,0,0,4725.075294261121,4683.324705738879,4709.8221910150105,4716.660294158167,4702.984087871854,11.583529507414019,3217,4065.7279756845005,6735.1379452901265,-403.07854544432234,0,0,0,0
1778130000,4704.9,4710,4703,4704.5,0,1,0,0,4726.8842018138985,4686.1157981861015,4709.654578575382,4716.395149370982,4702.914007779783,11.256134542598732,3264,3798.485317123,6098.591963526751,-368.3054581896066,0,0,0,0
1778131800,4704.4,4715.3,4703.2,4709.4,1,0,0,0,4732.274615970048,4686.225384029952,4709.630945400366,4716.143609049772,4703.11828175096,11.316410646698847,5547,4381.323544748667,5697.7279756845,-104.20298521725903,0,0,0,0
1778133600,4709.9,4726.4,4709.4,4726.2,1,0,0,0,4743.983571972188,4691.8164280278115,4710.269699748313,4717.096185050527,4703.443214446098,11.722381314791786,5113,4625.215696499111,6571.985317123001,357.4238876200572,0,0,1,0
1778135400,4725.8,4759.2,4724.6,4748.6,1,0,0,0,4779.234745402746,4704.565254597254,4715.655088440814,4729.5315542186745,4701.778622662954,13.356496935163761,16705,8651.81046433274,6937.823544748666,1305.6925553379951,0,0,0,0
1778137200,4748.4,4760.9,4740.8,4749,1,0,0,0,4781.657263588263,4720.042736411737,4719.10588983063,4735.861617423085,4702.3501622381755,13.838175725509169,11645,9649.540309555161,12977.715696499112,1066.8604947719027,0,0,0,0
1778139000,4749.4,4754.7,4746.6,4752.8,1,0,0,0,4774.842459046245,4726.457540953756,4720.374913761166,4737.95444179618,4702.795385726152,13.428306030829903,4778,8025.693539703441,14474.310464332742,1020.6748323965669,0,0,0,0
1778140800,4752.9,4763.6,4743.5,4749.6,0,1,0,0,4784.457283400085,4722.642716599916,4722.838722533664,4741.748046818186,4703.929398249142,13.904855600056365,10181,8744.129026468961,12038.540309555163,629.9774320855836,0,0,0,0
1778142600,4750,4751.8,4741.1,4741.2,0,1,0,0,4772.313906014364,4720.586093985637,4723.646350051697,4742.655729712268,4704.636970391125,13.675937342909467,5050,7512.752684312642,13116.193539703443,73.5636531081584,0,0,0,0
1778144400,4741.4,4748.7,4731.9,4745.4,1,0,0,0,4769.548627013338,4711.051372986662,4724.518774416218,4743.477434782046,4705.5601140503895,13.899084675558806,6822,7282.501789541761,11269.129026468963,162.92277284724867,0,0,0,0
1778146200,4745.3,4749.3,4735.3,4738.6,0,1,0,0,4770.159439369529,4714.440560630472,4725.128031462243,4743.993557587548,4706.2625053369375,13.906292913018891,5486,6683.667859694508,10923.752684312642,-165.15553823812996,0,0,0,1
1778148000,4738.2,4745.5,4736,4742,1,0,0,0,4765.887336557419,4715.612663442581,4725.525249801468,4744.321701385716,4706.72879821722,13.591557704946114,3784,5717.111906463005,10025.501789541762,-42.10977496220295,0,0,0,0
1778149800,4741.5,4749.3,4737.3,4745,1,0,0,0,4769.516812517603,4717.083187482397,4725.979488685202,4744.759311430976,4707.199665939429,13.477875011735676,3880,5104.741270975336,8575.667859694508,22.57569511462509,0,0,1,0
1778151600,4745.3,4746.6,4736.5,4742.2,0,1,0,0,4766.454897337775,4716.645102662225,4726.384111889909,4745.088835793991,4707.679387985827,13.236598225183155,4121,4776.827513983558,7657.111906463004,-150.2988794165065,0,0,0,1
1778153400,4742.1,4752.8,4741.3,4752.1,1,0,0,0,4772.468833242219,4721.631166757781,4727.118631844237,4745.9400174641705,4708.297246224303,13.112555494812929,5464,5005.885009322372,7165.241270975337,275.77919584150845,0,0,1,0
1778155200,4752.2,4756.8,4741.9,4747.3,0,1,0,0,4776.660345153489,4722.0396548465105,4728.288240469486,4747.231610092623,4709.344870846348,13.240230102326331,9542,6517.923339548248,7508.827513983558,-120.94472227310007,0,0,0,1
1778157000,4748.2,4762.7,4746.5,4760,1,0,0,0,4782.877463356812,4726.322536643188,4730.0285365393775,4749.586916844968,4710.470156233787,13.451642237874438,11601,8212.282226365498,9776.885009322372,646.6049223392076,0,0,1,0
1778158800,4760.2,4760.5,4740.7,4754.8,0,1,0,0,4781.357644545611,4719.842355454389,4731.290786716158,4750.9553301143815,4711.626243317935,13.905096363740563,11422,9282.188150910331,12318.423339548248,179.8905348148736,0,0,0,0
1778160600,4754.9,4768.4,4747.2,4756.5,1,0,0,1,4790.039241363781,4725.560758636218,4733.3993130198,4753.54779955548,4713.250826484119,14.426160909187654,17491,12018.458767273554,13923.282226365496,215.35582611070117,0,0,0,0
1778162400,4756.1,4769.8,4751,4766.7,1,0,0,0,4791.907866980654,4728.892133019346,4735.343150324429,4756.118929830543,4714.567370818316,14.738577987102834,15483,13173.305844849036,18027.688150910333,939.8508992954412,0,0,0,0
1778164200,4767,4774,4757.7,4773.2,1,0,0,0,4796.275162196322,4735.424837803678,4737.110440296253,4758.6419977419955,4715.57888285051,14.850108130881216,13134,13160.203896566023,19759.958767273554,1172.7204314798953,0,0,0,0
1778166000,4773.3,4775.3,4745,4750,0,1,0,0,4799.230507753728,4721.069492246273,4738.214799272464,4759.616871354278,4716.81272719065,15.953671835818284,14580,13633.469264377349,19740.305844849034,-170.32755403819385,0,0,0,1
1778167800,4750.4,4757.2,4736,4739.1,0,1,0,0,4781.692614342746,4711.5073856572535,4738.519840916066,4759.4006765529375,4717.639005279194,16.32840956183125,14186,13817.646176251566,20450.203896566025,-920.7633768580392,0,0,0,0
1778169600,4739.3,4739.9,4713.3,4730,0,1,0,0,4765.493141889693,4687.706858110307,4737.758907963029,4758.078353345397,4717.439462580661,17.06209459312898,20773,16136.097450834377,20726.46926437735,-1498.103103181025,0,0,0,0
1778171400,4729.8,4730.7,4720.2,4724.7,0,1,0,0,4755.590060326143,4695.309939673856,4737.448316949954,4757.609498854194,4717.2871350457135,16.593373550762625,7467,13246.398300556251,24204.146176251565,-1616.331894076532,0,0,0,0
1778173200,4724.8,4729.5,4696.9,4708.6,0,1,0,0,4756.105056017133,4670.294943982866,4736.0381647578915,4756.498084871026,4715.578244644757,17.736704011422464,17470,14654.265533704167,19869.59745083438,-2176.9820757780135,0,0,0,0
1778175000,4708.7,4721.8,4702.7,4721.3,1,0,0,0,4748.551123444481,4675.948876555519,4735.232714189842,4755.688953757839,4714.776474621845,17.834082296320886,12885,14064.510355802779,21981.39830055625,-1002.5524095774033,0,0,0,0
1778176800,4721.2,4722.9,4714.6,4722.6,1,0,0,0,4748.629614627018,4688.870385372982,4734.908912582469,4755.264742591563,4714.553082573376,17.1530764180122,7233,11787.340237201854,21096.76553370417,-722.8977345008077,0,0,0,0
1778178600,4722.4,4725.8,4704.7,4719.4,0,1,0,0,4751.952499296517,4678.547500703483,4734.366958943991,4754.656931206033,4714.07698668195,17.434999531011353,10376,11316.893491467903,17681.01035580278,-743.4123450362251,0,0,0,0
1778180400,4719.7,4722.4,4706.9,4714.5,0,1,0,0,4748.345177918194,4680.954822081805,4734.036004278908,4754.314630369834,4713.757378187982,17.296785278796257,5958,9530.595660978603,16975.340237201854,-804.2120072438565,0,0,0,0
1778182200,4714.7,4721.4,4712.5,4712.8,0,1,0,0,4746.445522352608,4687.454477647391,4733.766676820263,4754.018289616241,4713.515064024284,16.697014901739355,5266,8109.063773985736,14295.893491467905,-765.8991476635706,0,0,0,0
1778184000,4712.7,4729.2,4712.7,4723.3,1,0,0,0,4754.224413613137,4687.675586386863,4733.649044152259,4753.836175416567,4713.461912887951,16.682942408757974,3565,6594.375849323824,12163.595660978604,-408.1047002501758,0,0,0,0
1778185800,4723.2,4725.9,4690,4694.4,0,1,0,0,4752.983384069341,4662.916615930659,4733.149463435594,4753.5364203683375,4712.762506502851,18.05558937956095,6131,6439.917232882549,9891.563773985736,-791.7106674703482,0,0,0,0
1778191200,4690,4708.8,4673.6,4702.6,1,0,1,0,4737.720285207246,4644.679714792755,4695.000000000001,4695.000000000001,4695.000000000001,19.280190138163725,8011,6963.611488588366,9659.875849323824,-366.4751340048735,0,0,0,0
1778193000,4703.3,4704.4,4690.5,4694.8,0,1,0,0,4732.74383626387,4662.156163736129,4695.531055917706,4696.272653659571,4694.789458175841,18.895890842580577,4108,6011.740992392244,10445.41723288255,-523.3139948946156,0,0,0,0
1778194800,4694.6,4707.4,4693.2,4705.4,1,0,0,0,4735.2407051021655,4665.359294897834,4696.912250416423,4699.643498222889,4694.181002609957,18.560470068110526,3290,5104.4939949281625,9017.611488588365,-175.8105074037983,0,0,0,0
1778196600,4705.9,4714.4,4703.7,4713.1,1,0,0,0,4741.398511880582,4676.701488119417,4699.3415380795295,4705.084388023184,4693.598688135875,17.999007920388333,3385,4531.329329952108,7656.740992392244,87.62513817034369,0,0,1,0
1778198400,4713,4718.7,4702.7,4705.6,0,1,0,0,4745.484332460541,4675.915667539459,4702.065625039793,4708.590067226561,4695.541182853026,17.856221640360594,7383,5481.8862199680725,6796.9939949281625,-233.71963344819142,0,0,0,1
1778200200,4705.8,4717,4704.8,4710.1,1,0,0,0,4743.178308713359,4678.621691286641,4703.408616005756,4710.161280247998,4696.655951763514,17.452205808906253,4866,5276.590813312048,8222.829329952108,-11.508009259607832,0,0,0,0
1778202000,4710,4728.1,4709.1,4720.9,1,0,0,0,4754.444143805263,4682.755856194738,4706.905072153884,4715.80333784851,4698.006806459259,17.56276253684152,8710,6421.060542208032,7914.8862199680725,478.48180980397115,0,0,1,0
1778203800,4720.8,4734,4713.4,4730.8,1,0,0,0,4760.669562104887,4686.730437895113,4709.989950964874,4720.761514524986,4699.218387404762,17.779708069924297,7628,6823.373694805355,9631.590813312047,752.927737594446,0,0,0,0
1778205600,4731.2,4741.1,4726.5,4730,0,1,0,0,4767.428879097395,4700.171120902605,4712.792666518814,4725.3197971401205,4700.265535897508,17.55258606492973,6727,6791.249129870236,10235.060542208032,571.0721479359412,0,0,0,0
1778207400,4730.2,4732,4715.1,4721.5,0,1,0,0,4758.258959161866,4688.841040838134,4714.044538676507,4726.229446651534,4701.85963070148,17.505972774577582,7678,7086.832753246824,10186.873694805354,98.98994295504957,0,0,0,0
1778209200,4721.7,4731.2,4719.2,4728.6,1,0,0,0,4756.869033507447,4693.530966492553,4714.717222528201,4726.889266473525,4702.545178582877,17.1126890049649,3578,5917.221835497883,10630.249129870235,278.7909185978721,0,0,0,0
1778211000,4728.4,4739.7,4726.7,4728.3,0,1,0,0,4764.928388256915,4701.471611743084,4715.844591797405,4728.333393985087,4703.355789609723,16.818925504610263,4687,5507.147890331922,8875.832753246825,226.50502076160035,0,0,0,0
1778212800,4728.5,4732.1,4721.9,4726.2,0,1,0,0,4756.619217667137,4697.380782332863,4716.343532429794,4728.753498398396,4703.933566461193,16.34614511142387,3364,4792.765260221281,8260.721835497883,114.32635217124644,0,0,0,0
1778214600,4726.6,4727,4716.9,4719.8,0,1,0,0,4750.849987833769,4693.050012166231,4716.607062558261,4728.728381599354,4704.485743517167,15.899991889179333,4182,4589.176840147521,7189.147890331922,-171.4539232183985,0,0,0,1
1778216400,4719.7,4728.8,4718.3,4727.9,1,0,0,0,4752.071417274215,4695.028582725786,4716.880782832376,4728.895650087576,4704.865915577177,15.51427818280938,2616,3931.4512267650143,6883.765260221282,53.81383332224145,0,0,1,0
1778218200,4728.1,4740,4728.1,4736.4,1,0,0,0,4762.905601754627,4705.194398245373,4717.980849005449,4730.392545734095,4705.569152276804,15.270401169751592,5236,4366.300817843343,5897.176840147522,388.4786269101758,0,0,0,0
1778220000,4736.4,4743.6,4721.3,4742.1,1,0,0,0,4767.258773057869,4697.641226942132,4719.352971846798,4732.178060377103,4706.527883316493,15.772515371912206,7187,5306.533878562229,6549.451226765014,487.8883102463059,0,0,0,0
1778221800,4742.4,4743,4729.4,4734.4,0,1,0,1,4766.4260035537345,4705.973996446265,4720.224519088337,4733.226823411732,4707.222214764942,15.617335702489934,5251,5288.022585708152,7959.800817843343,102.13184241568374,0,0,0,0
1778223600,4734,4735,4706.4,4716.4,0,1,0,0,4759.817003299897,4681.582996700103,4720.139449367638,4732.553934910567,4707.724963824709,16.54466886659782,9541,6705.681723805435,7932.033878562228,-474.8731299459008,0,0,0,1
1778225400,4715.9,4723,4710.6,4717.3,1,0,0,0,4747.372931635618,4686.227068364382,4719.997537747426,4732.148922098905,4707.846153395946,16.248621090412236,5030,6147.121149203623,10058.522585708151,-336.2273192839887,0,0,0,0
1778227200,4717.4,4732.1,4715.6,4726.4,1,0,0,0,4756.499865090217,4691.200134909784,4720.18787989966,4732.1268200624445,4708.248939736876,16.266576726811362,4744,5679.4140994690815,9220.681723805434,-30.832315600691942,0,0,0,0
1778229000,4726.4,4732.8,4724.3,4725.2,0,1,0,0,4756.367731869487,4700.732268130513,4720.367242206634,4732.211106669645,4708.523377743622,15.711821246324835,2975,4777.942732979388,8519.121149203622,-64.56778862039916,0,0,0,0
1778230800,4725.2,4732.4,4722.8,4727.5,1,0,0,0,4755.3128938788095,4699.88710612119,4720.549194195939,4732.296905738725,4708.801482653153,15.275262585873023,3116,4223.961821986259,7166.914099469082,18.120909835575148,0,0,1,0
1778232600,4727.6,4728.3,4716.7,4721.5,0,1,0,0,4750.819115744609,4694.180884255391,4720.612922737307,4732.1311773681955,4709.094668106418,15.01274382973926,5057,4501.641214657506,6335.942732979388,-234.99541116128592,0,0,0,1
1778234400,4721.6,4734,4720.5,4730.2,1,0,0,0,4756.3570360485655,4698.1429639514345,4720.777832491037,4732.224605871198,4709.331059110876,14.904690699043599,2839,3947.427476438337,6752.461821986259,-19.412683158744457,0,0,0,0
1778236200,4730.2,4737.7,4724.5,4729.5,0,1,0,0,4759.874390616525,4702.325609383475,4721.052123789555,4732.452424043874,4709.651823535235,14.782927077683329,3782,3892.2849842922246,5921.141214657506,-32.51633687785994,0,0,0,0
1778238000,4729.6,4737.1,4728.5,4733.7,1,0,0,0,4758.611934143916,4706.988065856084,4721.346545767317,4732.759312072319,4709.933779462316,14.341289429277404,3381,3721.8566561948164,5838.427476438337,127.53402935200886,0,0,1,0
1778239800,4733.8,4735.9,4723.1,4727.3,0,1,0,0,4757.246795990779,4701.753204009221,4721.524419282774,4732.856545500717,4710.192293064831,14.23119732718611,3398,3613.904437463211,5582.784984292224,-56.83386541169985,0,0,0,1
1778241600,4727.5,4729.6,4712.1,4719.3,0,1,0,0,4751.297024848581,4690.40297515142,4721.466547418489,4732.522912252633,4710.410182584345,14.464683232387102,7239,4822.269624975474,5420.856656194816,-363.53192762049025,0,0,0,0
1778243400,4719.2,4742,4710.2,4734.1,1,0,0,0,4765.554380216539,4686.6456197834605,4722.176801557535,4732.902015468594,4711.451587646477,15.702920144359465,16058,8567.513083316982,7233.40443746321,415.88356423275553,0,0,1,0
1778245200,4733.5,4738.5,4725.8,4736.8,1,0,0,0,4761.732638772501,4702.5673612274995,4722.761984429606,4733.51323415322,4712.010734705992,15.488425848333776,8830,8655.008722211322,12851.269624975474,556.4817019928564,0,0,0,0
1778247000,4736.7,4758.9,4736.2,4758.9,1,0,0,0,4782.905307431607,4712.194692568392,4725.407811037702,4738.578982107694,4712.23663996771,16.003538287738493,17745,11685.005814807548,12982.513083316982,2084.006914946005,0,0,0,0
1778248800,4758,4760.1,4724.1,4727.5,0,1,0,1,4786.247785472207,4697.952214527793,4726.569611464838,4739.562891151573,4713.576331778103,17.43185698147146,20877,14749.003876538365,17527.50872221132,18.3265621265831,0,0,0,0
1778250600,4727.2,4735.8,4722.9,4725.3,0,1,0,0,4761.46222936705,4697.23777063295,4726.635830184219,4739.328348235485,4713.943312132954,17.108152911366393,10315,13271.00258435891,22123.505814807548,-144.96475163229428,0,0,0,1
1778252400,4725.6,4730.8,4713.7,4723.2,0,1,0,0,4756.461355840832,4688.038644159168,4726.430214938297,4738.8299737589205,4714.030456117673,17.10757056055453,11858,12800.00172290594,19906.503876538365,-290.7337451398639,0,0,0,0
1778254200,4723.2,4725,4711.1,4716.6,0,1,0,0,4750.317687566487,4685.782312433514,4726.091086357824,4738.369608435143,4713.812564280504,16.878458377657754,9336,11645.334481937292,19200.00258435891,-668.0220913752721,0,0,0,0
1778256000,4716.5,4727.4,4715,4727.3,1,0,0,0,4752.237852740309,4690.162147259691,4726.013628063124,4738.133492440921,4713.893763685327,16.55856849353932,6798,10029.556321291528,17468.001722905938,3.0652191872775063,0,0,1,0
1778257800,4727.3,4730.1,4720.5,4722,0,1,0,0,4754.192291830287,4696.407708169713,4725.976283100136,4737.973481461419,4713.979084738853,16.061527886857967,5273,8444.037547527685,15044.33448193729,-280.6803560681932,0,0,0,1
1778259600,4722.1,4731.8,4721.8,4730.3,1,0,0,0,4755.242842413838,4698.357157586162,4726.011030749967,4737.905902658987,4714.116158840948,15.628561609225255,4550,7146.025031685123,12666.056321291528,114.7988567927379,0,0,1,0
1778261400,4730.2,4732.3,4728.3,4730.1,0,1,0,0,4754.496925098564,4706.103074901436,4726.056908622146,4737.895077007944,4714.218740236348,14.797950065709164,2863,5718.350021123416,10719.037547527685,78.71183119244282,0,0,0,0
1778263200,4730.3,4738.5,4729.7,4735.3,1,0,0,0,4760.0542875915235,4708.145712408476,4726.212627882517,4737.996007525573,4714.429248239461,14.369525061015665,4951,5462.566680748944,8577.525031685123,320.11799545059637,0,0,0,0
1778265000,4735.1,4736.1,4729.2,4731.3,0,1,0,0,4756.853981334986,4708.446018665014,4726.2734732306035,4738.0121965374565,4714.5347499237505,13.835987556657443,2756,4560.377787165963,8193.850021123417,107.27987129553401,0,0,0,0
1778266800,4731.5,4735.3,4730.5,4733.1,1,0,0,0,4755.085839811059,4710.714160188942,4726.332646365857,4738.036147569685,4714.629145162028,13.190559874039067,2419,3846.5851914439754,6840.566680748945,151.6451342552147,0,0,0,0
1778268600,4733.3,4736.4,4731,4733.7,1,0,0,0,4755.351136967412,4712.048863032588,4726.404714565064,4738.073383089246,4714.736046040882,12.63409131160768,2703,3465.390127629317,5769.877787165963,129.7398548076862,0,0,0,0
1778270400,4733.8,4733.9,4724.7,4727,0,1,0,0,4752.483198612596,4706.116801387403,4726.422975448969,4738.043143195604,4714.802807702334,12.388799075064261,2391,3107.2600850862113,5198.085191443975,-74.11851589251849,0,0,0,1
1778272200,4726.8,4728.8,4723.1,4723.2,0,1,0,0,4746.666541568839,4705.233458431161,4726.413925455402,4737.996732798375,4714.831118112429,11.911027712559658,1827,2680.5067233908076,4660.890127629317,-182.11062686551656,0,0,0,0
1778450400,4701.3,4709.6,4677.7,4702.9,0,0,0,0,4731.0653600282085,4656.234639971792,4696.733333333333,4696.733333333333,4696.733333333333,14.310240018805397,7894,4418.337815593872,4020.7600850862113,-123.08788613421889,0,0,0,0
1778452200,4702.7,4703.6,4695.1,4700.2,0,1,0,0,4724.442834311908,4674.257165688093,4697.612447033898,4698.945334437656,4696.27955963014,13.895222874605011,3434,4090.2252103959145,6627.506723390808,-206.3729264243972,0,0,0,0
1778454000,4700.1,4706,4696.9,4703.3,1,0,0,0,4726.329060432486,4676.570939567514,4698.676168077767,4700.903018503543,4696.449317651992,13.552706954990393,3554,3911.4834735972763,6135.337815593872,-60.24919110694802,0,0,0,0
1778455800,4703.2,4707.3,4698.2,4700.1,0,1,0,0,4727.151984687308,4678.348015312692,4699.281963346036,4701.644821951263,4696.9191047408085,13.234656458205391,3488,3770.3223157315174,5867.2252103959145,-170.04691554366937,0,0,0,0
1778457600,4700,4700.3,4684.4,4692.3,0,1,0,0,4720.437557209643,4664.2624427903565,4697.088803616223,4700.863779354805,4693.313827877641,13.425038139762188,8472,5337.548210487678,5655.483473597276,-532.5766451815377,0,0,0,0
1778459400,4692.4,4702.4,4678.4,4691.6,0,1,0,0,4723.670588837525,4657.129411162474,4695.440661626575,4699.7026116494335,4691.178711603717,14.180392558350604,9533,6736.032140325118,8006.322315731517,-468.3644982407705,0,0,0,0
1778461200,4691.9,4714.4,4683,4707.4,1,0,0,0,4737.515546777702,4659.884453222297,4697.014908044094,4701.568999148615,4692.460816939573,15.410364518468393,12489,8653.68809355008,10104.048210487677,197.12601016737267,0,0,1,0
1778463000,4707.6,4710.4,4688.5,4694.1,0,1,0,0,4734.210864865009,4664.6891351349905,4697.108300459935,4701.329678622043,4692.886922297827,15.873909910006338,8173,8493.458729033386,12980.532140325118,-315.6030498485684,0,0,0,1
1778464800,4694.2,4701.8,4686.5,4697,1,0,0,0,4725.549374517509,4662.750625482491,4696.908224937383,4700.958719574201,4692.857730300566,15.832916345005899,6311,7765.972486022257,12740.188093550078,-148.82106028260654,0,0,0,0
1778466600,4697.2,4709,4684.7,4689.7,0,1,0,0,4733.656562051972,4660.0434379480275,4696.588601545708,4700.453437603576,4692.72376548784,16.43770803464835,9542,8357.981657348171,11648.958729033386,-397.5172218962116,0,0,0,0
1778468400,4689.5,4698.3,4682.9,4697.4,1,0,0,0,4722.845379048261,4658.354620951739,4696.328611352152,4700.174860249145,4692.482362455158,16.363586032173504,5474,7396.654438232114,12536.972486022256,-56.27943220019549,0,0,0,0
1778470200,4697.5,4698.4,4684.6,4686.4,0,1,0,0,4722.670709116242,4660.329290883758,4696.001009648017,4700.011340883701,4691.990678412333,16.180472744161058,4140,6311.10295882141,11094.981657348171,-355.1165104360666,0,0,0,0
1778472000,4686.4,4687.8,4678,4679.3,0,1,0,0,4711.38708703651,4654.41291296349,4695.083361123399,4700.311362737208,4689.855359509591,15.72472469100671,5657,6093.068639214273,9466.654438232115,-668.5851008495858,0,0,0,0
1778473800,4679.4,4683.6,4675.9,4679.6,1,0,1,0,4706.327295105331,4653.172704894669,4694.4268734186835,4700.412991872613,4688.440754964754,15.151530070220568,3930,5372.045759476182,9139.60295882141,-524.3361139845583,0,0,0,0
1778475600,4679.4,4683.9,4678.2,4678.3,0,1,0,0,4705.6146311692355,4656.485368830764,4693.990940610041,4700.376997697733,4687.60488352235,14.476420779490514,2897,4547.030506317455,8058.0686392142725,-465.2701225991961,0,0,0,0
1778477400,4678.7,4688.4,4655.5,4659.5,0,1,0,0,4712.088586085719,4631.811413914281,4690.836270479153,4701.254593059023,4680.417947899284,15.792390723812593,13008,7367.353670878303,6820.545759476182,-1075.437648516977,0,0,0,0
1778479200,4659.8,4678.7,4656.7,4675.4,1,0,0,0,4703.053687079596,4632.346312920404,4689.285964206315,4700.680986962167,4677.890941450463,16.235791386397405,8803,7845.902447252202,11051.030506317455,-264.0297837382449,0,0,0,0
1778481000,4675.6,4688.7,4675.4,4686.7,1,0,0,0,4712.739138002482,4651.3608619975175,4689.006297028952,4700.185381787203,4677.8272122707,16.026092001654746,6042,7244.601631501469,11768.853670878303,286.52592900559927,0,0,1,0
1778482800,4686.7,4688.5,4680.4,4684.1,0,1,0,0,4711.689913859448,4657.2100861405515,4688.862145992274,4699.897074602593,4677.827217381955,15.459942572965147,3910,6133.067754334313,10866.902447252203,140.95416630980557,0,0,0,0
1778484600,4684.1,4686.4,4672.9,4676.5,0,1,0,0,4709.379920012344,4649.920079987655,4688.5227022257495,4699.527702969107,4677.517701482392,15.319946674896206,4336,5534.045169556209,9199.60163150147,-90.2870651825449,0,0,0,1
1778486400,4676.4,4687.6,4672.3,4679.8,1,0,0,0,4710.577782868606,4649.322217131395,4688.228415083126,4699.1567077663985,4677.300122399853,15.318521912403634,4632,5233.363446370806,8301.067754334314,48.28199148183646,0,0,1,0
1778488200,4679.6,4684,4675.1,4675.7,0,1,0,0,4706.290084092277,4652.809915907724,4688.015859280733,4698.922351770739,4677.109366790727,14.860056061517636,2959,4475.2422975805375,7850.045169556209,-57.89463258869313,0,0,0,1
1778490000,4676.2,4678.5,4665.3,4666.1,0,1,0,0,4700.612220942829,4643.1877790571725,4687.477201794643,4698.650105875876,4676.304297713411,14.741480628552077,4266,4405.494865053692,6712.863446370806,-329.15570474079357,0,0,0,0
1778491800,4665.9,4673.6,4658.8,4665,0,1,0,0,4695.718490875483,4636.681509124517,4686.5166176378825,4698.315010216472,4674.718225059293,14.745660583655512,6628,5146.3299100357945,6608.2422975805375,-278.8684680046521,0,0,0,0
1778493600,4665,4674.4,4664.5,4671.7,1,0,0,0,4695.999312955805,4642.9006870441945,4686.188032004333,4698.089806673686,4674.286257334979,14.399541970537234,3074,4455.553273357196,7719.494865053692,-2.290882572558928,0,0,0,0
1778495400,4672,4676,4668.7,4671.9,0,0,0,0,4696.838647744677,4647.861352255323,4685.920358899228,4697.862476511834,4673.978241286622,13.892431829784586,2978,3963.035515571464,6683.3299100357945,23.674019482317647,0,0,1,0
1778497200,4672.6,4680.9,4672.4,4680.3,1,0,0,0,4701.214458620057,4652.085541379943,4685.754119468358,4697.627687738714,4673.880551198003,13.542972413371402,3280,3735.357010380976,5944.553273357196,328.04622395629883,0,0,0,0
1778499000,4680.3,4686.1,4678.3,4683.1,1,0,0,0,4705.799140147196,4658.600859852804,4685.6721915488815,4697.40641779173,4673.937965306033,13.1327600981306,4104,3858.2380069206506,5603.035515571464,432.9915108216147,0,0,0,0
1778500800,4683,4704.5,4675.7,4699.6,1,0,0,0,4725.877772993825,4654.322227006175,4686.199957758217,4697.682681313637,4674.717234202798,14.251848662549856,12174,6630.158671280434,5787.357010380976,1037.0746357583998,0,0,0,0
1778502600,4699.7,4710.3,4695.1,4708.8,1,0,0,0,4731.779360637123,4673.620639362877,4687.366955507771,4699.359329435206,4675.374581580337,14.319573758081997,11772,8344.105780853622,9945.23800692065,1525.2683822171584,0,0,0,0
1778504400,4708.9,4745.4,4707.6,4738.2,1,0,0,0,4769.395120591614,4683.604879408386,4691.807986837308,4709.138981717982,4674.476991956634,15.99674706107609,21514,12734.070520569081,12516.158671280435,2818.494521652932,0,0,0,0
1778506200,4738,4758.4,4737.5,4745.8,1,0,0,0,4782.920469120784,4712.979530879215,4696.266609470457,4718.704131963479,4673.8290869774355,16.346979413856342,18237,14568.380347046053,19101.10578085362,2924.7202323170345,0,0,0,0
1778508000,4746,4748.5,4728.1,4734.6,0,1,0,0,4773.454721326443,4703.145278673557,4699.041996914037,4723.015511174841,4675.068482653232,16.63648088429515,16547,15227.920231364036,21852.57052056908,1480.734983114332,0,0,0,0
1778509800,4734.7,4744.5,4724.6,4735.1,1,0,0,0,4769.8043840888395,4699.295615911161,4700.784303995787,4725.397776928584,4676.17083106299,16.869589392559757,12484,14313.280154242691,22841.880347046055,1186.6103654630033,0,0,0,0
1778511600,4735.1,4748.2,4732.5,4742.4,1,0,0,0,4773.379070939636,4707.320929060364,4701.991721443608,4727.186734560396,4676.79670832682,16.78604729309119,7909,12178.520102828461,21469.920231364038,1260.8858736214452,0,0,0,0
1778513400,4742.6,4744.5,4734.3,4741.9,0,1,0,0,4768.973423015377,4709.826576984623,4702.8437631573415,4728.387896705506,4677.299629609177,16.315615343584664,6008,10121.680068552309,18267.78015424269,927.9086601083595,0,0,0,0
1778515200,4742,4743.3,4731.6,4733.7,0,1,0,0,4767.278892799993,4707.621107200008,4703.354258142105,4729.03078877128,4677.677727512931,15.985928533328604,4191,8144.786712368206,15182.520102828463,409.04532158843926,0,0,0,0
1778517000,4733.5,4735.8,4717.2,4726,0,1,0,0,4760.058971885708,4692.941028114292,4704.025819838726,4729.6187400752015,4678.432899602251,16.172647923805158,8244,8177.857808245471,12217.180068552309,-49.880011052951545,0,0,0,1
1778518800,4726.2,4731.5,4725.3,4727.7,1,0,0,0,4754.690473893871,4702.109526106129,4704.405293569626,4729.973210465273,4678.83737667398,15.460315929247633,4505,6953.571872163648,12266.786712368206,-8.443526734999978,0,0,0,0
1778520600,4727.7,4734,4727.4,4733,1,0,0,0,4756.241154330023,4705.1588456699765,4704.693028460827,4730.275665281244,4679.11039164041,14.827436220015684,3080,5662.381248109099,10430.357808245471,155.54670473351973,0,0,1,0
1778522400,4733,4737.7,4729.6,4736.3,1,0,0,0,4759.220357592165,4708.079642407835,4705.064651275372,4730.701966629628,4679.427335921116,14.346905061443096,3653,4992.587498739399,8493.571872163648,195.49662080142775,0,0,0,0
1778524200,4736.4,4738.6,4733.8,4733.9,0,1,0,0,4759.09747490701,4713.30252509299,4705.324042458022,4731.004151452498,4679.643933463545,13.66498327134003,2527,4170.724999159599,7488.881248109099,-37.12232699485651,0,0,0,1
1778526000,4734.2,4737.6,4732.3,4733.9,0,0,0,0,4757.201226699367,4712.698773300634,4705.583554830445,4731.296438147756,4679.870671513134,13.067484466244327,2646,3662.483332773066,6256.087498739398,-116.7967000370819,0,0,0,0
1778527800,4733.9,4746.3,4731.6,4743.2,1,0,0,0,4766.0761390779835,4711.823860922017,4706.103303666009,4731.969911496837,4680.236695835181,13.184092718655434,4528,3950.9888885153773,5493.724999159599,102.6433819458714,0,0,1,0
1778529600,4743.7,4747.6,4739.5,4745.2,1,0,0,0,4766.831414858128,4720.268585141873,4706.427408272639,4732.419409424238,4680.435407121039,12.8209432387515,2607,3502.992592343585,5926.483332773066,56.76555413891424,0,0,0,0
1778531400,4745.4,4748.7,4742.6,4745.7,1,0,0,0,4767.211313796833,4724.0886862031675,4706.688973571455,4732.7902370270485,4680.587710115861,12.340875864554926,2051,3018.9950615623898,5254.488888515378,-16.964350515857404,0,1,0,1
1778536800,4746,4753.5,4745.9,4749.3,1,0,0,0,4771.524791382773,4727.875208617226,4749.566666666667,4749.566666666667,4749.566666666667,12.016527588515302,3542,3193.330041041593,4528.492592343585,58.23758834030912,0,0,1,0
1778538600,4749.3,4764.7,4748.5,4760.7,1,0,0,0,4783.173020569718,4730.026979430282,4754.82055267703,4758.886179846144,4750.754925507916,12.315347046478482,5915,4100.553360694395,4789.995061562389,366.04416523397947,0,0,0,0
1778540400,4760.5,4764.8,4755.1,4762.4,1,0,0,0,4782.992804814738,4736.907195185263,4756.779966914806,4761.126694017081,4752.433239812532,12.128536543158578,4648,4283.035573796264,6150.830041041593,308.5227219846731,0,0,0,0
1778542200,4762.6,4780.2,4761,4777.1,1,0,0,0,4799.150461613685,4742.049538386314,4762.858832403299,4771.340463260908,4754.37720154569,12.633641075790095,8654,5740.023715864176,6424.553360694395,788.6680467498129,0,0,0,0
1778544000,4776.9,4783.5,4762.5,4772.1,0,1,0,0,4803.346857212708,4742.653142787292,4766.202128482599,4774.522174915971,4757.8820820492265,13.231238141805088,11710,7730.015810576117,8610.035573796264,308.0017931333625,0,0,0,0
1778545800,4772,4774,4758,4759.1,0,1,0,0,4794.143510268943,4737.856489731057,4765.791873842846,4773.455514348328,4758.128233337365,13.429006845961867,6760,7406.677207050744,11595.023715864176,-346.98504521194764,0,0,0,1
1778547600,4759.2,4765.6,4743.3,4744.8,0,1,0,1,4786.693973821161,4722.206026178839,4762.272729836435,4771.404205350341,4753.14125432253,14.062649214107461,13143,9318.784804700495,11110.015810576117,-1164.2815933578788,0,0,0,0
1778549400,4744.8,4748.7,4729.5,4736.5,0,1,0,0,4770.344404262507,4707.855595737493,4758.167298052972,4770.454736396336,4745.879859709608,14.429602841671201,11198,9945.18986980033,13978.177207050743,-1479.5170584584207,0,0,0,0
1778551200,4736.4,4743.5,4733.8,4736.7,1,0,0,0,4764.637661100899,4712.662338899101,4756.527331147664,4769.5307094533,4743.523952842028,14.091774067266103,5804,8564.793246533553,14917.784804700495,-1253.9343985224493,0,0,0,0
1778553000,4736.5,4742.9,4731.4,4739.4,1,0,0,0,4763.759971022263,4710.540028977736,4755.204981690704,4768.620181190158,4741.789782191249,13.906647348175667,5454,7527.862164355702,12847.189869800328,-948.7699546049959,0,0,0,0
1778554800,4739.4,4742.6,4732.1,4733,0,1,0,0,4763.094973092102,4711.605026907899,4754.126275064004,4767.894801230396,4740.3577488976125,13.66331539473455,4547,6534.241442903801,11291.793246533553,-1083.4710853250606,0,0,0,0
1778556600,4733.1,4736.9,4727,4729.4,0,1,0,0,4756.99176072838,4706.90823927162,4752.961407909526,4767.294856545271,4738.627959273782,13.394507152253484,4336,5801.494295269201,9801.362164355702,-1077.4664803484918,0,0,0,0
1778558400,4729.4,4739.4,4728.7,4731.3,1,0,1,0,4759.203063533496,4708.896936466504,4752.04885656197,4766.652067650726,4737.4456454732135,13.202042355663936,4135,5245.996196846134,8702.241442903802,-843.5326853829017,0,0,0,0
1778560200,4731.6,4735.7,4720.2,4723.1,0,1,0,0,4755.749273281103,4700.150726718896,4750.6324919631625,4765.992329503037,4735.272654423288,13.366182187402227,5237,5242.99746456409,7868.994295269201,-986.1759604098097,0,0,0,0
1778562000,4723,4727.8,4717.4,4723.9,1,0,0,0,4747.531468046739,4697.668531953261,4749.054005413928,4765.28682977317,4732.821181054686,13.15431203115925,5768,5417.998309709393,7864.496196846134,-778.4673882533805,0,0,0,0
1778563800,4724.4,4731,4718.5,4722.9,0,1,0,0,4750.661363186257,4698.838636813743,4747.7910233601615,4764.525101968293,4731.05694475203,13.107575457505018,5384,5406.665539806262,8126.997464564089,-711.4310485099093,0,0,0,0
1778565600,4723,4723,4703.3,4704.1,0,1,0,0,4743.367694387239,4682.932305612761,4744.775655946381,4763.803685290598,4725.747626602165,13.578462924826074,9247,6686.7770265375075,8109.998309709394,-1425.6353028654967,0,0,0,0
1778567400,4704.1,4713,4701.8,4705.2,1,0,0,0,4733.1128590738645,4681.687140926136,4742.647031138436,4763.102616138653,4722.19144613822,13.408572715909912,6832,6735.184684358338,10030.165539806261,-1100.2881994841773,0,0,0,0
1778569200,4705,4707.9,4693.2,4705.8,1,0,0,0,4728.151226282874,4672.948773717126,4740.514985261246,4762.373531411972,4718.656439110519,13.500817521916334,6824,6764.789789572225,10102.777026537507,-855.5428978587488,1,0,0,0
1778571000,4705.8,4711.9,4703.5,4707.6,1,0,0,0,4731.604710119812,4683.795289880188,4739.526414810921,4761.773040828824,4717.279788793017,13.136473413207998,4007,5845.526526381484,10147.184684358337,-604.1918894953268,0,0,0,0
1778572800,4707.6,4714.7,4704.9,4710.8,1,0,0,0,4734.047230825539,4685.55276917446,4738.667673578707,4761.138916142757,4716.196431014657,12.898153883693155,4007,5232.684350920989,8768.289789572225,-352.73480881080764,0,0,0,0
1778574600,4710.7,4714.4,4705.8,4711.1,1,0,0,0,4733.286714338001,4686.913285661999,4738.105363527443,4760.698733689158,4715.511993365728,12.591142892000748,2787,4417.456233947326,7849.026526381484,-256.1516632503828,0,0,0,0
1778576400,4710.7,4711.3,4705.2,4707.3,0,1,0,0,4729.49123474243,4687.00876525757,4737.545658231874,4760.295719137587,4714.7955973261605,12.127489828286434,2645,3826.6374892982176,6626.184350920988,-326.50800170177615,0,0,0,0
1778578200,4707.4,4713.5,4702.5,4707.7,1,0,0,0,4731.570432260827,4684.429567739173,4736.640805812987,4759.6141424952375,4713.667469130737,12.046954840551688,4489,4047.4249928654785,5739.956233947327,-231.3851992254804,0,0,0,0
1778580000,4708,4717.2,4706.9,4708.4,1,0,0,0,4735.083258527911,4689.016741472088,4735.862726982977,4758.913475003035,4712.811978962918,11.922172351940867,4572,4222.283328576986,6071.137489298218,-147.03010725019732,0,0,0,0
1778581800,4708.7,4708.8,4691.6,4702.2,0,1,1,0,4727.248740061632,4673.151259938369,4734.428580131753,4758.044155102165,4710.813005161341,12.299160041087935,6480,4974.855552384657,6333.424992865479,-324.31021300796505,0,0,0,0
1778583600,4702.5,4708,4694.8,4707.7,1,0,0,0,4726.545258628658,4676.254741371342,4733.386406867149,4757.262127228969,4709.510686505329,12.363505752438783,5514,5154.570368256438,7462.283328576986,-31.86219512097523,0,0,0,0
1778585400,4707.8,4717.2,4705.4,4714.5,1,0,0,0,4735.684883012325,4686.915116987674,4732.808038913882,4756.60273297016,4709.013344857604,12.323255341550311,4630,4979.713578837625,7731.855552384657,249.76813292779968,0,0,1,0
1778587200,4714.7,4716.3,4702.7,4705.7,0,1,0,0,4734.921677082873,4684.078322917127,4731.895276188297,4755.701906824322,4708.088645552273,12.414451388582458,6491,5483.475719225084,7469.570368256438,-173.77603520952812,0,0,0,1
1778589000,4706,4719.7,4697.1,4713.7,1,0,0,0,4739.412985862668,4677.387014137332,4730.232889095567,4753.828499085375,4706.637279105758,13.141990575112244,14478,8481.650479483389,8225.213578837625,350.27235146201514,0,0,1,0
1778590800,4713.7,4717.2,4686.8,4698.5,0,1,1,0,4738.762058301049,4665.237941698951,4728.081681016891,4752.053148783322,4704.110213250459,14.374705534032772,14940,10634.433652988926,12722.475719225084,-391.7067332234595,0,0,0,1
1778592600,4698.4,4709.5,4684.3,4686.6,0,1,0,0,4732.221911279546,4661.578088720455,4725.531309300209,4750.311749793074,4700.750868807343,15.147940853030418,16240,12502.955768659283,15951.650479483389,-1006.5837047804753,0,0,0,0
1778594400,4686.7,4703.2,4683.4,4690.6,1,0,0,0,4726.42034618815,4660.17965381185,4723.795307659017,4749.02221234687,4698.568402971165,15.480230792099688,12188,12397.970512439522,18754.433652988926,-559.6500997492501,0,0,0,0
1778596200,4690.8,4695.6,4676.5,4680.1,0,1,0,0,4719.208178603282,4652.891821396718,4721.5508281481125,4747.715226873457,4695.386429422768,15.738785735521164,13928,12907.980341626348,18596.95576865928,-1151.2401244982295,0,0,0,0
1778598000,4680.1,4683.8,4645.3,4663.5,0,1,0,0,4709.846880131619,4619.253119868381,4716.507122545067,4746.309683296774,4686.704561793361,17.36458675441251,23772,16529.320227750897,19361.970512439522,-1855.778805590477,0,0,0,0
1778599800,4663.3,4677.6,4661.1,4673.3,1,0,0,0,4703.5542458365035,4635.145754163497,4714.957866178632,4745.401142381028,4684.514589976236,17.30283055766876,9455,14171.213485167265,24793.980341626346,-913.9293325538283,0,0,0,0
1778601600,4673.3,4682.3,4671.2,4675.6,1,0,0,0,4707.589656848182,4645.910343151818,4714.071977830086,4744.713788641397,4683.430167018776,16.859771232121016,6573,11638.475656778177,21256.820227750897,-550.599263314366,0,0,0,0
1778603400,4675.6,4681.5,4672.1,4678.3,1,0,0,0,4705.99039564474,4647.609604355261,4713.529922097048,4744.266196732368,4682.793647461728,16.326930429826632,4284,9186.983771185452,17457.713485167267,-262.89559965271314,0,0,0,0
1778605200,4678.4,4689.6,4678.3,4686.6,1,0,0,0,4713.55179595583,4654.34820404417,4712.875799240298,4743.560118676818,4682.191479803778,15.967863970553314,6779,8384.322514123634,13780.475656778179,320.53666558134285,0,0,1,0
1778607000,4686.3,4687.9,4683.2,4685.9,0,1,0,0,4710.644524816127,4660.455475183872,4712.622103781086,4743.274790702736,4681.969416859435,15.163016544085208,2799,6522.54834274909,12576.483771185452,308.79428960769815,0,0,0,0
1778608800,4685.7,4695,4683.3,4692.6,1,0,0,0,4717.3734873292615,4660.926512670739,4712.287092780349,4742.829714999739,4681.744470560959,14.91565821950768,4574,5873.032228499394,9783.822514123634,573.2492944040281,0,0,0,0
1778610600,4692.4,4705.4,4691.8,4703.1,1,0,0,0,4727.6325239486,4669.5674760514,4712.0581085576805,4742.357655858064,4681.758561257297,14.82168263239995,5836,5860.688152332929,8809.54834274909,963.0608067108426,0,0,0,0
1778612400,4703.5,4711.8,4703.4,4710.8,1,0,0,0,4733.376629380843,4681.823370619157,4712.011692641848,4742.105762671534,4681.917622612162,14.384419587228512,4310,5343.7921015552865,8791.032228499394,1194.5895611910341,0,0,0,0
1778614200,4710.9,4723.3,4710.9,4722.8,1,0,0,0,4744.674727282211,4689.5252727177885,4712.126886200242,4741.98515515235,4682.2686172481335,14.249818188140761,5278,5321.861401036857,8015.68815233293,1499.1793497986775,0,0,0,0
1778616000,4722.9,4727.2,4719.3,4720.5,0,1,0,0,4747.894389619196,4698.605610380804,4712.232689430934,4741.953779062825,4682.511599799044,13.796259746130682,3354,4665.907600691238,7982.792101555286,1164.7005514858852,0,0,0,0
1778617800,4720.4,4723.4,4719.3,4722.8,1,0,0,0,4743.055504646396,4699.644495353604,4712.286245516546,4741.932945931448,4682.639545101644,13.103669764264167,1815,3715.6050671274925,6998.861401036857,1079.6820651117735,0,0,0,0
1778623200,4722.6,4729.4,4720.2,4725.1,1,0,0,0,4748.637254314511,4700.962745685489,4724.9,4724.9,4724.9,12.824836209673856,4123,3851.403378084995,5573.407600691238,1008.2908868793473,0,0,0,0
1778625000,4725.1,4730.4,4723.2,4724.7,0,1,0,0,4749.034593292045,4704.565406707954,4725.424282982791,4726.019486254033,4724.829079711549,12.42306219469714,3199,3633.9355853899965,5777.1050671274925,820.9358859568622,0,1,0,0
1778626800,4724.7,4731.9,4723.5,4727.8,1,0,0,0,4750.103550914042,4705.296449085958,4726.245445744962,4727.449637422832,4725.041254067092,12.135700609361605,4041,3769.623723593331,5450.903378084995,819.4767609522478,0,1,0,0
1778628600,4728.2,4731.3,4722.9,4724.9,0,1,0,0,4749.1032972773255,4705.096702722674,4726.277466217674,4727.3118241125485,4725.2431083228,11.8688648515501,4079,3872.7491490622206,5654.435585389996,521.5234748393747,0,0,0,0
1778630400,4724.5,4735.4,4722.3,4730.3,1,0,0,0,4753.335204614658,4704.3647953853415,4727.1921880908085,4728.837847042144,4725.546529139473,11.95680307643934,6597,4780.832766041481,5809.123723593331,700.4930078417405,0,0,0,0
1778632200,4730.1,4733.2,4720.8,4722.9,0,1,0,0,4751.182689999326,4702.817310000674,4726.88049636379,4728.47906532952,4725.28192739806,11.988459999550788,5508,5023.221844027654,7171.2491490622215,265.875671799765,0,0,0,0
1778634000,4723,4725.4,4710.9,4712.8,0,1,0,1,4743.651783570803,4692.6482164291965,4724.0943132598695,4728.932584610018,4719.256041909721,12.167855713868589,9932,6659.481229351769,7534.832766041481,-446.7392396058773,0,0,0,1
1778635800,4712.5,4719.2,4707.4,4710.6,0,1,0,0,4737.412370458603,4689.187629541397,4722.390908538299,4728.475123553913,4716.306693522685,12.14158030573513,6390,6569.654152901179,9989.221844027654,-464.1579581915214,0,0,0,0
1778637600,4710.3,4716,4706.2,4708.5,0,1,0,0,4733.961486854417,4688.238513145583,4721.13274000504,4727.981101967863,4714.284378042218,11.974324569611207,5064,6067.7694352674525,9854.481229351768,-465.8329265173157,0,0,0,0
1778639400,4708.7,4708.7,4696,4700.5,0,1,0,0,4726.739237793387,4677.960762206613,4718.666159481041,4727.760280030448,4709.572038931635,12.02615852892468,7128,6421.179623511635,9101.65415290118,-809.4214022131612,0,0,0,0
1778641200,4700.1,4709,4697,4708.9,1,0,0,0,4727.036435093859,4678.963564906141,4717.6373357750535,4727.099257641164,4708.1754139089435,12.024290062572918,4552,5798.119749007757,9631.769435267453,-336.90693764811897,0,0,0,0
1778643000,4708.8,4714.8,4702.3,4704.1,0,1,0,0,4732.887404015727,4684.212595984273,4716.801832915496,4726.319472233781,4707.28419359721,12.05826934381771,5202,5599.413166005171,8697.179623511634,-447.35325709348143,0,0,0,0
1778644800,4704,4711.7,4703.4,4709.6,1,0,0,0,4729.384732300317,4685.715267699682,4716.450857303839,4725.924986499025,4706.976728108653,11.789821533545028,2811,4669.942110670114,8399.119749007756,-171.8529928866651,0,0,0,0
1778646600,4709.5,4711.5,4705.3,4708,0,1,0,0,4728.585822850295,4688.214177149705,4716.161416134866,4725.588493009008,4706.7343392607245,11.390548566863227,2516,3951.961407113409,7004.913166005171,-181.72058563079344,0,0,0,0
1778648400,4707.7,4715.4,4705.8,4706.2,0,1,0,0,4732.293978360987,4688.906021639013,4715.823619771456,4725.143400541288,4706.503839001623,11.26265224065867,3592,3831.9742714089393,5927.942110670114,-184.03475048396007,0,0,0,0
1778650200,4705.8,4713.1,4701.3,4711.5,1,0,0,0,4730.051551335204,4684.348448664797,4715.39205426844,4724.587806218883,4706.196302317997,11.301034223468779,4772,4145.316180939293,5747.961407113409,85.01926157951141,0,0,1,0
1778652000,4711.6,4723.2,4710.8,4716.4,1,0,0,0,4740.269297668403,4693.730702331597,4715.498718559765,4724.347127958105,4706.650309161424,11.37953177893527,6517,4935.877453959529,6217.97427140894,324.26510820532025,0,0,0,0
1778653800,4716.4,4721.8,4707,4710,0,1,0,0,4739.2357764063745,4689.564223593626,4715.350363806958,4723.959963661084,4706.740763952832,11.623850937582763,5280,5050.584969306353,7403.816180939293,64.94203745453075,0,0,0,0
1778655600,4710,4716.6,4704.5,4715.6,1,0,0,0,4734.086792377348,4687.013207622653,4715.179656910956,4723.580170917136,4706.779142904776,11.657861584898304,5290,5130.389979537568,7575.877453959529,298.1797231841289,0,0,0,0
1778657400,4715.2,4715.7,4708.9,4710.5,0,1,0,0,4732.666307207537,4691.933692792462,4715.101997003988,4723.424128028218,4706.779865979758,11.310871471691296,2205,4155.259986358379,7695.584969306352,112.56626972224554,0,0,0,0
1778659200,4710.4,4712,4702.2,4704.6,0,1,0,0,4728.804428121284,4685.395571878716,4714.823210837409,4723.157356170159,4706.489065504658,11.202952080856218,3219,3843.1733242389196,6232.889979537569,-75.40514629881159,0,0,0,1
1778661000,4704.8,4710.2,4701.8,4707.9,1,0,0,0,4726.704111826906,4685.295888173094,4714.575186068838,4722.9013056833055,4706.24906645437,11.00274121793789,3186,3624.115549492613,5764.759986358379,61.70290360956787,0,0,1,0
1778662800,4708.1,4709.1,4692.4,4696.1,0,1,1,0,4726.2145324107,4675.2854675893,4713.815665492002,4722.590664585163,4705.0406663988415,11.40968827379952,5467,4238.410366328409,5436.173324238919,-307.1217430425726,0,0,0,1
1778664600,4696,4708.9,4693.3,4708.8,1,0,0,0,4726.4634943813635,4675.736505618636,4713.380235692273,4722.207838648598,4704.5526327359485,11.708996254242374,4961,4479.273577552272,6357.615549492613,146.81846897004246,0,0,1,0
1778666400,4708.6,4718.3,4706.1,4707,0,1,0,0,4735.916101925552,4688.483898074449,4713.248839725167,4721.8962562268225,4704.601423223512,11.744067950367906,5461,4806.515718368181,6718.910366328409,65.58445872123811,0,0,0,0
1778668200,4706.9,4707.6,4700.8,4701.7,0,1,0,0,4724.6863803594415,4683.713619640559,4713.003564084806,4721.680287097409,4704.326841072204,11.390920239627354,3082,4231.6771455787875,7209.773577552272,-155.44983870528762,0,0,0,1
1778670000,4701.8,4708.4,4698.8,4706.3,1,0,0,0,4725.294496048052,4681.905503951948,4712.738831237061,4721.406173597025,4704.071488877097,11.262997365368218,3990,4151.118097052525,6347.515718368181,63.092085529877465,0,0,1,0
1778671800,4706.2,4713.9,4705.1,4705.3,0,1,0,0,4730.530603473191,4688.469396526809,4712.599830965591,4721.172886620013,4704.026775311168,11.087068982127578,3959,4087.07873136835,6226.6771455787875,26.792282276075895,0,0,0,0
1778673600,4705.1,4709.5,4690.4,4692.3,0,1,0,0,4726.989131796535,4672.910868203465,4711.718236868248,4720.765739013377,4702.670734723119,11.65942119768992,8135,5436.385820912234,6130.618097052525,-477.77964329852284,0,0,0,1
1778675400,4692.4,4694.8,4682.3,4690.7,0,1,0,0,4712.379193811068,4664.720806188932,4709.927714827476,4720.525979021791,4699.329450633161,11.719462540712069,12155,7675.923880608156,8154.57873136835,-528.4792468496491,0,0,0,0
1778677200,4690.8,4701.9,4690.5,4695.7,1,0,1,0,4719.444965681706,4672.955034318294,4709.195481648146,4719.96773947332,4698.4232238229715,11.696643787804037,8479,7943.6159204054375,11513.885820912234,-67.75651034722566,0,0,0,0
1778679000,4695.6,4698.1,4676.1,4686.6,0,1,0,0,4716.748896704442,4657.451103295559,4706.928652799798,4719.157784046819,4694.699521552778,12.43259780296089,18240,11375.743946936958,11915.423880608156,-736.4863572923853,0,0,0,0
1778680800,4686.4,4692.6,4679.6,4691.3,1,0,0,0,4711.309689796982,4660.890310203019,4705.837727165862,4718.5124714004505,4693.162982931273,12.473126531320826,10854,11201.829297957973,17063.61592040544,-189.7282218888634,0,0,0,0
1778682600,4691.2,4698.4,4684.3,4686.7,0,1,0,0,4717.283997668625,4665.416002331375,4705.011140898275,4717.854138473752,4692.168143322798,12.589331779083585,10324,10909.219531971981,16802.74394693696,-437.4689041257757,0,0,0,0
1778684400,4687,4699.3,4685.9,4698.4,1,0,0,0,4718.270854978009,4666.929145021991,4704.670894173071,4717.439436146317,4691.902352199825,12.647236652006224,6723,9513.813021314654,16363.829297957971,211.63925414372306,0,0,1,0
1778686200,4698.4,4708.2,4693.8,4703.2,1,0,0,0,4727.358651051009,4674.641348948991,4704.564397490625,4717.111371610754,4692.0174233704965,12.772434034005753,7788,8938.54201420977,14270.719531971981,445.54769926900383,0,0,0,0
1778688000,4703,4717.9,4702.8,4714.8,1,0,0,0,4737.308033118793,4683.391966881207,4704.819993712104,4717.216911967518,4692.423075456691,12.938688745862446,7829,8568.694676139847,13407.813021314654,964.4960962047273,0,0,0,0
1778689800,4714.9,4715.7,4702.9,4703.4,0,1,0,0,4735.093173610308,4683.506826389691,4704.8883201090575,4717.122398577761,4692.6542416403545,12.928782406872285,6222,7786.463117426564,12853.04201420977,279.4303499149795,0,0,0,0
1778691600,4703.7,4709.2,4703.4,4706.1,1,0,0,0,4727.8293754952865,4684.770624504713,4704.917114832884,4717.0210938368555,4692.813135828913,12.419583663524278,5007,6859.975411617709,11679.694676139847,439.7373829080221,0,0,0,0
1778693400,4706.4,4706.4,4692.6,4693.5,0,1,0,0,4725.1772772456225,4673.8227227543775,4704.6938367242,4716.681423669248,4692.706249779152,12.51818483041535,7259,6992.983607745139,10289.963117426563,-265.90279065502494,0,0,0,1
1778695200,4693.6,4702.1,4692.4,4699.8,1,0,0,0,4720.575328870936,4673.924671129064,4704.577259061913,4716.490139433332,4692.664378690493,12.316885913957163,4340,6108.655738496759,10489.475411617708,59.955705850285995,0,0,1,0
1778697000,4699.8,4700.9,4685.4,4692.7,0,1,0,0,4719.716376808726,4666.583623191274,4704.277225813365,4716.1777461589645,4692.376705467765,12.544251205817366,6531,6249.437158997839,9162.983607745138,-217.19164459718007,0,0,0,1
1778698800,4692.7,4698.7,4690.9,4694.9,1,0,0,0,4717.008064179531,4672.591935820468,4704.167772312954,4716.042227512436,4692.293317113473,12.205376119687568,2955,5151.291439331893,9374.155738496758,-81.79415572146792,0,0,0,0
1778700600,4695.1,4697.2,4691.7,4696.1,1,0,0,0,4714.78963102385,4674.110368976149,4704.067447291348,4715.9152046149875,4692.219689967708,11.726420682567026,2821,4374.527626221262,7726.93715899784,-0.9868909424164087,0,0,0,0
1778702400,4696,4701.5,4693.7,4699.3,1,0,0,0,4718.668943093576,4676.531056906424,4704.024364123675,4715.839475117911,4692.209253129438,11.44596206238368,1896,3548.351750814175,6561.791439331893,92.11583335383037,0,0,1,0
1778704200,4699.4,4701,4695.6,4696.8,0,1,0,0,4717.521161444034,4679.078838555966,4703.987905945768,4715.777934879552,4692.197877011984,11.014107629356248,1530,2875.5678338761168,5322.527626221263,22.616385383381157,0,0,0,0
1778709600,4696.8,4704.1,4695.4,4703.5,1,0,0,0,4720.373221340889,4679.126778659111,4701,4701,4701,10.848814227259425,2847,2866.0452225840777,4313.351750814175,241.3615123300167,0,0,0,0
1778711400,4703.5,4707.4,4701.6,4706.7,1,0,0,0,4723.132276959396,4685.867723040604,4703.019464854274,4705.133898487054,4700.905031221494,10.488184639597986,2597,2776.3634817227185,4299.067833876116,346.5601747882448,0,0,0,0
1778713200,4706.6,4709,4703.2,4703.8,0,1,0,0,4724.229971462297,4687.970028537703,4703.724559386973,4705.784363236506,4701.66475553744,10.153314308198143,2386,2646.242321148479,4164.545222584078,186.75793788289266,0,0,0,0
1778715000,4703.8,4704.6,4699.8,4703.2,0,1,0,0,4719.256402072134,4685.143597927867,4703.371516295231,4705.182944574613,4701.560088015849,9.77093471475543,3298,2863.4948807656524,3969.3634817227185,124.7449884307521,0,0,0,0
1778716800,4703.2,4712.5,4696.2,4707.8,1,0,0,0,4727.855944781267,4680.844055218733,4704.186313551489,4705.945736278642,4702.426890824336,10.23729652084434,6902,4209.663253843768,4295.242321148478,295.34054136636786,0,0,0,0
1778718600,4707.8,4713.9,4699.7,4712.2,1,0,0,0,4729.680520154033,4683.919479845967,4705.23358151078,4707.659813612568,4702.807349408992,10.520346769355445,5609,4676.108835895845,6314.494880765652,412.63663488367405,0,0,0,0
1778720400,4712,4714.2,4690.7,4699.3,0,1,0,0,4731.371197285887,4673.528802714112,4703.8747271452885,4706.551072839947,4701.19838145063,11.447464857258627,12980,7444.072557263897,7014.163253843768,-318.03064015984006,0,0,0,1
1778722200,4699.3,4701.8,4690,4695.3,0,1,0,0,4719.008968908324,4672.791031091676,4702.440606470014,4706.386879391525,4698.494333548503,11.472645938883023,7791,7559.715038175931,11166.108835895844,-500.0864199805859,0,0,0,0
1778724000,4695.5,4701,4693.1,4700.3,1,0,0,0,4717.826185414873,4676.273814585127,4702.068611476849,4706.0299263011875,4698.10729665251,11.217456943248495,4198,6439.143358783955,11339.572557263897,-156.6194550861496,0,0,0,0
1778725800,4700.4,4706.6,4685.9,4692.7,0,1,0,0,4724.442172170954,4668.057827829046,4701.1146548200795,4705.510519620692,4696.718790019467,11.894781447302226,7667,6848.42890585597,9658.715038175931,-383.7528432022717,0,0,0,0
1778727600,4692.8,4699.5,4687.5,4697.1,1,0,0,0,4717.353445587314,4669.646554412686,4700.510431857324,4705.094562203527,4695.926301511121,11.90229705820921,5852,6516.285937237313,10272.643358783955,-100.68757402048135,0,0,0,0
1778729400,4697.4,4697.8,4679.7,4681,0,1,0,0,4716.31748518822,4661.18251481178,4699.234121758682,4705.219313913385,4693.2489296039785,12.344990125480008,6068,6366.857291491542,9774.42890585597,-583.7103173705867,0,0,0,0
1778731200,4680.8,4713.7,4673,4708.6,1,0,1,0,4735.25552196049,4651.44447803951,4699.117160662333,4704.65524340937,4693.579077915296,14.370347973659994,11664,8132.571527661028,9550.285937237313,293.28863524372076,0,0,1,0
1778733000,4708.4,4719.5,4707.5,4709.2,1,0,0,1,4740.801556106169,4686.198443893831,4700.17281639006,4706.554500766408,4693.791132013712,14.201037404112851,7088,7784.381018440686,12198.857291491542,301.22959714199993,0,0,0,0
1778734800,4709.2,4711.3,4700.1,4700.6,0,1,0,0,4732.2800163843,4679.1199836157,4700.378059806545,4706.645853270419,4694.110266342671,13.986677589533349,4927,6831.920678960457,11676.571527661028,-94.76319652955664,0,0,0,1
1778736600,4700.4,4710.4,4695.8,4696.7,0,1,0,0,4731.445729499706,4674.754270500293,4700.414865002754,4706.485208025471,4694.344521980036,14.03048633313807,6128,6597.280452640304,10247.881018440685,-207.1539834782085,0,0,0,0
1778738400,4696.6,4701.5,4692.7,4697.9,1,0,0,0,4721.985320249728,4672.214679750272,4700.2550074449355,4706.2029735878095,4694.307041302061,13.656880166485363,5424,6206.1869684268695,9895.920678960456,-75.8652996318745,0,0,0,0
1778740200,4698.1,4709.4,4697.2,4707.1,1,0,0,0,4729.729225946176,4676.870774053824,4700.4410903775515,4706.3248936563505,4694.557287098753,13.552817297450682,4665,5692.457978951246,9309.280452640305,280.08082153895486,0,0,1,0
1778742000,4706.9,4713.4,4700.7,4711.9,1,0,0,0,4733.637852664306,4680.462147335694,4700.790693217821,4706.782456190265,4694.798930245377,13.491901776204191,4798,5394.305319300831,8538.68696842687,422.29675730573024,0,0,0,0
1778743800,4712.5,4725.8,4697.5,4700.1,0,1,0,1,4747.624434616856,4675.675565383144,4701.377793559453,4707.432924648503,4695.322662470402,14.549623077903904,10320,7036.203546200553,8091.457978951246,-67.8009072492286,0,0,0,1
1778745600,4699.7,4711.7,4698.7,4710,1,0,0,0,4733.3584035727945,4677.041596427205,4701.583108955838,4707.611988702061,4695.554229209614,14.438935715196482,4849,6307.135697467035,10554.30531930083,319.91214962396134,0,0,1,0
1778747400,4710.1,4713.7,4699.5,4700,0,1,0,0,4735.332803317595,4677.867196682405,4701.672892379958,4707.625516272475,4695.720268487442,14.42186887839672,4216,5610.090464978023,9460.703546200553,-9.743841297094434,0,0,0,1
1778749200,4700.2,4704.9,4696.6,4697.4,0,1,0,0,4725.876888794909,4675.623111205091,4701.620814056284,4707.5057496632835,4695.735878449284,13.98459252993976,3466,4895.393643318682,8415.135697467034,-106.34604802843722,0,0,0,0
1778751000,4697.1,4709.1,4694.6,4706,1,0,0,0,4730.132111023845,4673.567888976156,4701.668684875821,4707.472066211358,4695.865303540284,14.021407349229777,4153,4647.929095545788,7343.090464978022,165.44082646223612,0,0,1,0
1778752800,4706.2,4711.8,4700,4704,0,1,0,0,4732.59410309357,4679.20589690643,4701.745504914477,4707.510108088863,4695.980901740092,13.862735395713377,3052,4115.952730363859,6971.893643318683,92.54382617155856,0,0,0,0
1778754600,4704.1,4704.6,4697.6,4703.8,0,1,0,0,4724.658810015459,4677.541189984542,4701.750016835595,4707.4633901285215,4696.036643542668,13.372540010305277,2580,3603.9684869092393,6173.929095545788,75.59275460301154,0,0,0,0
1778756400,4703.6,4705.6,4695.7,4698.2,0,1,0,0,4725.286752157212,4676.013247842789,4701.715941657273,4707.383962245249,4696.047921069297,13.124501438140653,2634,3280.645657939493,5405.952730363859,-63.51505221439896,0,0,0,1
1778758200,4698.5,4711.5,4697,4700.5,1,0,0,0,4731.334127003124,4677.165872996876,4701.751125494804,4707.344882431249,4696.157368558359,13.222751335416321,4174,3578.430438626329,4920.96848690924,12.833332477399395,0,0,1,0
1778760000,4700.3,4715,4698.7,4708.7,1,0,0,0,4735.163832217187,4678.536167782813,4701.9816410999465,4707.575613515085,4696.387668684808,13.442554811458026,6402,4519.620292417552,5367.6456579394935,331.20766768726156,0,0,0,0
1778761800,4709,4716.9,4702.5,4711.9,1,0,0,0,4737.166415630245,4682.233584369755,4702.413897938323,4708.17224363986,4696.655552236786,13.510943753496713,8556,5865.080194945034,6779.430438626328,440.2052160097116,0,0,0,0
1778763600,4712,4714.9,4694,4694.5,0,1,0,0,4735.958100228085,4672.941899771915,4702.338832991949,4707.933949380756,4696.743716603142,14.03873348538978,10417,7382.386796630022,8797.620292417552,-456.66644599054825,0,0,0,1
1778765400,4694.6,4697,4671.3,4685.4,0,1,1,0,4719.307521640364,4648.992478359636,4700.209729314743,4708.011053217834,4692.408405411651,14.871681093576212,24187,12983.92453108668,11073.580194945032,-1178.7116952563892,0,0,0,0
1778767200,4685.1,4707.2,4683.3,4697.9,1,0,0,0,4730.474841523195,4660.025158476805,4699.949349240278,4707.562941732337,4692.335756748219,15.5165610154636,13776,13247.949687391121,19475.88679663002,-250.56001664685004,0,0,0,0
1778769000,4698,4698.8,4685.4,4685.5,0,1,0,0,4721.848067128682,4662.351932871318,4699.613192461962,4707.31338220626,4691.913002717664,15.365378085787667,7464,11319.966458260747,19871.924531086683,-841.1813425399771,0,0,0,0
1778770800,4685.8,4695.6,4682.8,4691.9,1,0,0,0,4718.373205190919,4660.026794809081,4699.350278677165,4707.101812965396,4691.598744388934,15.182136793945704,6342,9660.644305507165,16979.94968739112,-377.5116824008714,0,0,0,0
1778772600,4692.2,4695.3,4686.8,4691.9,0,0,0,0,4717.357261962996,4664.7427380370045,4699.196931706789,4706.952111979507,4691.44175143407,14.704841308663868,4475,7932.096203671444,14490.966458260747,-296.028700433496,0,0,0,0
1778774400,4692.1,4693.4,4680.2,4683.2,0,1,0,0,4715.2960289656385,4658.303971034361,4698.873701816685,4706.811179189415,4690.936224443954,14.597352643759294,5697,7187.064135780963,11898.144305507165,-574.0349762292858,0,0,0,0
1778776200,4683.5,4685.2,4676.2,4684.6,1,0,0,0,4706.496312610951,4654.903687389049,4698.516559449852,4706.736583842493,4690.296535057211,14.197541740633628,5182,6518.709423853975,10780.596203671445,-375.7545333239881,0,0,0,0
1778778000,4684.5,4689.9,4683,4683.5,0,1,0,0,4710.41443313874,4662.48556686126,4698.279283914476,4706.608772095107,4689.949795733844,13.676288759159773,4534,5857.13961590265,9778.064135780962,-332.8737038906121,0,0,0,0
1778779800,4683.7,4688.1,4682.3,4684.4,1,0,0,0,4707.770545057401,4662.629454942599,4698.152376015687,4706.542741310568,4689.762010720806,13.113696704934087,2394,4702.7597439351,8785.709423853976,-206.59239852347122,0,0,0,0
1778781600,4684.5,4684.5,4674.5,4679.5,0,1,0,0,4703.836934696158,4655.163065303842,4697.7907159207025,4706.488317080104,4689.093114761301,12.891289797438796,4978,4794.5064959567335,7054.13961590265,-363.53009752260516,0,0,0,0
1778783400,4679.5,4680.8,4672.3,4677.3,0,1,0,0,4699.666439360719,4653.4335606392815,4697.446918277065,4706.475075249724,4688.418761304407,12.577626240478882,4275,4621.337663971156,7191.7597439351,-358.88922804083177,0,0,0,0
1778785200,4677.5,4677.5,4667.9,4668.7,0,1,0,0,4696.04740797781,4649.35259202219,4696.953535930638,4706.575894208789,4687.331177652488,12.364938651873274,5033,4758.558442647437,6932.0064959567335,-682.5418159913539,0,0,0,0
1778787000,4668.9,4671,4658,4659.6,0,1,0,0,4689.615450265109,4639.384549734891,4695.906017924803,4707.057418412265,4684.75461743734,12.410300176739469,8435,5984.038961764958,7137.837663971155,-1075.3227972533325,0,0,0,0
1778788800,4659.7,4662.8,4651.9,4653.2,0,1,0,0,4681.25363238903,4633.44636761097,4695.304513468997,4707.39346711475,4683.215559823245,12.302421592686688,4197,5388.359307843305,8976.058442647438,-1055.8468097337259,0,0,0,0
1778790600,4653.2,4658.3,4649.3,4655.3,1,0,0,0,4676.3998015041,4631.200198495901,4694.799643098908,4707.636717478246,4681.962568719569,12.06653433606621,3474,4750.239538562203,8082.538961764958,-720.8962295024351,1,0,0,0
1778796000,4655.4,4663.6,4650.1,4662.7,1,0,0,0,4681.853387110949,4631.846612889051,4658.8,4658.8,4658.8,12.168924740632908,5185,4895.159692374802,7125.359307843304,-255.2689644939204,0,0,0,0
1778797800,4662.9,4667.1,4662.7,4666.7,1,0,0,0,4684.52100231731,4645.27899768269,4661.276352583586,4664.510427443285,4658.042277723887,11.614001544873455,3040,4276.773128249868,7342.739538562203,109.37765629000512,0,0,1,0
1778799600,4666.6,4669,4659.6,4668.3,1,0,0,0,4686.1837878660735,4642.416212133927,4662.8594215238545,4666.183615404267,4659.535227643442,11.455858577382468,4694,4415.848752166578,6415.159692374802,238.7922800656744,0,0,0,0
1778801400,4668.1,4669.8,4650.6,4656.3,0,1,0,0,4687.813517304211,4632.5864826957895,4661.350618821763,4664.596674894524,4658.104562749003,12.00901153614085,7954,5595.232501444385,6623.773128249868,-197.10299140334098,0,0,0,1
1778803200,4656.5,4662.7,4632.2,4634.6,0,1,0,0,4682.694694639625,4612.205305360375,4653.410476267588,4662.752488387571,4644.068464147605,13.329796426416504,16179,9123.155000962923,8392.848752166577,-1184.13787999127,0,0,0,0
1778805000,4634.8,4635.8,4618.3,4635.1,1,0,0,0,4656.241502165366,4597.858497834634,4645.573386417256,4659.083599130117,4632.063173704395,13.627668110243897,18332,12192.770000641947,13684.732501444385,-858.1880033435473,0,0,0,0
1778806800,4635.2,4636.7,4612.1,4613.2,0,1,0,0,4658.317109153554,4590.482890846446,4639.10410423656,4655.053821824586,4623.154386648534,14.411406102369295,19433,14606.180000427965,18289.15500096292,-2250.9834183249577,0,0,0,0
1778808600,4613.1,4628.7,4610,4617.9,1,0,0,0,4650.776601356872,4587.923398643128,4636.1812042341835,4652.559849307939,4619.802559160428,14.717734237914332,12630,13947.453333618643,21909.270000641947,-1430.9288948278208,0,0,0,0
1778810400,4617.6,4623.2,4613,4616.6,0,1,0,0,4644.792558402809,4591.407441597191,4634.7825788258515,4651.278027053528,4618.287130598175,14.395038935206154,7118,11670.968889079097,20921.180000427965,-1122.9815794948047,0,0,0,0
1778812200,4616.1,4627.3,4613.5,4622,1,0,0,0,4648.828804231181,4591.97119576882,4633.826038662086,4650.124468141889,4617.5276091822825,14.352536154120013,7016,10119.312592719398,17506.453333618643,-516.2344177698903,0,0,0,0
1778814000,4621.9,4626.2,4613.5,4616.9,0,1,0,0,4647.5517467860955,4592.148253213904,4632.998819211299,4649.204989940577,4616.79264848202,14.234497857397143,5946,8728.208395146265,15178.968889079097,-520.3572044058737,0,0,0,0
1778815800,4616.8,4621.6,4611.1,4619.4,1,0,0,0,4642.5516220156605,4590.14837798434,4632.36112221231,4648.531705733797,4616.190538690823,13.967748010440204,4573,7343.13893009751,13092.312592719398,-193.33540061847953,0,0,0,0
1778817600,4619.6,4625.6,4611.4,4614.9,0,1,0,0,4646.576506157399,4590.423493842601,4631.668706915627,4647.7750822776725,4615.562331553581,13.984337438265955,5402,6696.0926200650065,11014.708395146265,-200.09363040215158,0,0,0,0
1778819400,4614.7,4619,4608.3,4609.8,0,1,0,0,4639.624612860442,4587.675387139559,4630.933017894858,4647.156053481547,4614.709982308168,13.749741906961232,4656,6016.061746710005,10044.13893009751,-236.59071590262465,0,0,0,0
1778821200,4610.3,4610.6,4584.7,4593,0,1,0,0,4632.526426227553,4562.773573772447,4627.191582516185,4645.93311311438,4608.45005191799,14.617617485035469,14700,8910.707831140004,9024.092620065006,-987.8412239217562,0,0,0,0
1778823000,4592.8,4594,4560.6,4562.8,0,1,0,0,4617.938824354156,4536.661175645844,4620.538493400685,4645.6057849003655,4595.471201901005,15.959216236104337,18941,12254.138554093335,13366.061746710006,-2270.258390790278,0,0,0,0
1778824800,4562.5,4582.4,4560,4579.1,1,0,0,0,4607.028908328859,4535.371091671141,4616.867068028458,4644.014242067001,4589.719893989914,16.419272219239716,13292,12600.092369395557,18381.207831140004,-772.8327550058443,0,0,0,0
1778826600,4579.1,4584.9,4568.5,4574.1,0,1,0,0,4609.526843448226,4543.873156551774,4614.959700715411,4642.840535487607,4587.078865943215,16.417895632151136,8243,11147.728246263705,18900.138554093337,-709.6597992285404,0,0,0,0
1778828400,4574.2,4593.5,4569.8,4586.7,1,0,0,0,4618.907068916211,4544.392931083789,4613.154305489091,4641.204349713136,4585.104261265045,16.938045944140327,10736,11010.485497509137,16721.592369395556,115.9214552175381,0,0,1,0
1778830200,4586.6,4587.6,4573.4,4575.8,0,1,0,0,4612.713706850767,4548.286293149233,4612.029456140531,4640.281371396361,4583.777540884701,16.742471233844643,6392,9470.990331672758,16515.728246263705,-201.82405017384144,0,0,0,1
1778832000,4575.6,4576.9,4556.8,4562.6,0,1,1,0,4602.373442075712,4531.326557924288,4609.471996954306,4638.916685268989,4580.027308639623,16.982294717141418,11293,10078.32688778184,14206.485497509137,-689.2590626274377,0,0,0,0
1778833800,4562.3,4568.4,4553.2,4559,0,1,0,0,4593.682481927447,4527.917518072552,4607.612858922254,4637.984282020698,4577.241435823811,16.854987951631305,8068,9408.217925187893,15117.490331672758,-559.5325963940163,0,0,0,0
1778835600,4559,4568.2,4543.3,4557.5,0,1,0,0,4594.344447504058,4517.155552495942,4605.271495286085,4636.813349930767,4573.729640641403,17.4296316693719,10230,9682.145283458596,14112.326887781841,-343.0544036169988,1,0,0,0
1778837400,4557.4,4559.8,4535.7,4549.7,0,1,0,0,4586.659129825197,4508.840870174803,4602.999101600551,4635.850385378184,4570.147817822917,17.906086550131075,9325,9563.096855639064,14523.217925187895,-386.474158465699,0,0,0,0
1778839200,4550.1,4567.5,4547.9,4555.8,1,0,0,0,4594.5406205519685,4520.859379448031,4601.4313632005515,4634.77689125969,4568.085835141413,18.02708036797888,8247,9124.397903759376,14344.645283458594,86.73536943538511,0,0,1,0
1778841000,4555.6,4576.8,4553.6,4570.9,1,0,0,0,4604.394861941114,4526.005138058887,4600.105803680965,4633.463608991701,4566.74799837023,18.396574627408945,9704,9317.59860250625,13686.596855639065,848.378340356835,0,0,0,0
1778842800,4570.7,4574.8,4563.4,4566.8,0,1,0,0,4601.64522894532,4536.55477105468,4599.387428525502,4632.702478523951,4566.072378527054,17.896819296879773,5814,8149.7324016708335,13976.397903759374,674.2840966385548,0,0,0,0
1778844600,4567,4567,4554.2,4556.2,0,1,0,0,4593.299141163511,4527.900858836489,4598.529468720385,4631.996423282877,4565.062514157893,17.532760775674088,5600,7299.821601113889,12224.59860250625,270.24710720526014,0,0,0,0
1778846400,4556.2,4562.9,4549.1,4558.6,1,0,0,0,4588.799202508974,4523.200797491026,4597.207512723279,4630.939207347374,4563.475818099185,17.266135005983028,8610,7736.547734075926,10949.732401670833,524.3216806516955,0,0,0,0
1778848200,4558.7,4559.8,4546.8,4549.9,0,1,0,0,4585.242116615476,4521.357883384524,4595.745272732459,4629.871660203062,4561.618885261856,16.96141107698424,9105,8192.69848938395,11604.82160111389,7.12263090578972,0,0,0,0
1778850000,4549.8,4561.8,4539.7,4553.3,1,0,0,0,4587.792679714371,4513.707320285629,4593.745718672131,4628.330861439663,4559.1605759046,17.328453142913965,13306,9897.132326255967,12289.047734075926,363.46145728288707,0,0,0,0
1778851800,4552.9,4555.6,4514,4537.1,0,1,1,0,4584.193202591916,4485.4067974080845,4588.755528514744,4625.6195873096385,4551.891469719849,19.062135061277278,27561,15785.088217503977,14845.69848938395,-531.5666953791779,0,0,0,1
1778853600,4537.2,4567.3,4529.1,4559.8,1,0,0,0,4597.943688121065,4498.456311878936,4586.587533223037,4623.377438919943,4549.797627526131,20.429125414043174,20180,17250.058811669318,23677.632326255967,850.353210514992,0,0,1,0
1778855400,4559.8,4570.9,4550.1,4567.1,1,0,0,0,4601.583424683846,4519.416575316154,4585.7486163655285,4622.153272219137,4549.34396051192,20.45561645589718,12430,15643.372541112878,25875.088217503977,1258.3777000910222,0,0,0,0
1778857200,4567.2,4568.1,4546.9,4550.9,0,1,0,0,4598.863180063571,4516.136819936429,4584.792032438004,4621.0118410500345,4548.572223825973,20.50878670904743,11480,14255.581694075252,23465.058811669318,341.5013525473455,0,0,0,0
1778859000,4551.1,4554.6,4537.5,4543.9,0,1,0,0,4584.997952916174,4507.102047083827,4583.85599341694,4620.14391109114,4547.56807574274,20.265301944115496,8879,12463.387796050169,21383.372541112876,70.23312255311293,0,0,0,0
1778860800,4543.8,4546.7,4533.2,4544.9,1,0,0,0,4576.373099136446,4503.526900863553,4582.918448118667,4619.33732229021,4546.499573947123,19.78206609096439,8493,11139.92519736678,18695.081694075252,265.3814541753345,0,0,0,0
1778862600,4545.1,4552.2,4544.1,4548.4,1,0,0,0,4580.621449198129,4515.678550801871,4582.439650646022,4618.832004452496,4546.047296839547,18.947632798752608,5358,9212.61679824452,16709.88779605017,562.8983210707993,0,0,0,0
1778864400,4548.4,4568.7,4547.2,4561.8,1,0,0,0,4597.394917112548,4518.505082887452,4581.930557312443,4618.081685235535,4545.779429389351,19.129944741698846,8706,9043.744532163013,13818.925197366782,1106.6575852279925,0,0,0,0
1778866200,4561.8,4568,4561.5,4563.8,1,0,0,0,4595.341708747366,4534.158291252634,4581.76097088267,4617.777298001889,4545.744643763452,18.227805831577502,3884,7323.829688108675,13565.616798244519,1144.2522656315687,0,0,0,0
1778868000,4564,4567.6,4556.9,4562.2,0,1,0,0,4594.1351581225545,4530.3648418774455,4581.553133635851,4617.433281983149,4545.672985288553,17.690105415036303,4311,6319.553125405783,10985.744532163013,986.2758782306098,0,0,0,0
1778869800,4562.4,4566.9,4556.1,4563.3,1,0,0,0,4592.6969325423715,4530.3030674576285,4581.430103150617,4617.229840963681,4545.630365337552,17.197955028247943,2578,5072.3687502705225,9479.329688108675,939.0364181712785,0,0,0,0
1778871600,4563.7,4564.3,4552.5,4554.2,0,1,0,0,4589.518580217917,4527.2814197820835,4581.194229239857,4616.900725786768,4545.487732692946,16.81238681194453,3974,4706.245833513682,7608.553125405784,572.776551678885,0,0,0,0
1778873400,4554.5,4559.4,4548.9,4550,0,1,0,0,4583.942253059494,4524.357746940505,4580.923874944852,4616.567123108576,4545.280626781128,16.361502039662778,3952,4454.830555675788,7059.3687502705225,411.8125534509113,0,0,0,0
1778875200,4550.1,4550.7,4537,4543,0,1,0,0,4574.957092126673,4512.742907873327,4580.613362034334,4616.269844152924,4544.956879915745,16.17139475111542,3483,4130.8870371171915,6682.245833513682,267.22895617512154,0,0,0,0
1778877000,4543.3,4548,4540.4,4543.4,1,0,0,0,4571.33872840334,4517.06127159666,4580.401705479696,4616.063549991262,4544.7398609681295,15.559152268892918,2432,3564.591358078128,6196.330555675788,320.3075390892359,0,0,0,0
1779055200,4548.7,4559,4523,4544.7,0,0,0,0,4584.528819231672,4497.471180768328,4542.233333333334,4542.233333333334,4542.233333333334,17.019212821114852,7398,4842.394238718752,5346.887037117192,281.01058457325416,0,0,0,0
1779057000,4544.6,4558.4,4544.3,4549.6,1,0,0,0,4583.61604642941,4519.08395357059,4545.766698347326,4549.96987727877,4541.563519415883,16.81069761960661,5228,4970.9294924791675,7263.591358078127,498.75207048450676,0,0,0,0
1779058800,4549.8,4551.6,4540.8,4541.2,0,1,0,0,4576.172043113024,4516.227956886976,4545.455708898498,4549.129800783311,4541.781617013686,16.38136207534901,4257,4732.952994986112,7456.394238718751,179.4949152159652,0,0,0,0
1779060600,4541.2,4548,4535,4540.7,0,1,0,0,4572.209754319236,4510.790245680764,4544.377025636503,4548.043283243929,4540.710768029077,16.139836212824083,5793,5086.3019966574075,7099.4294924791675,215.88697142710055,0,0,0,0
1779062400,4540.7,4546.5,4517.5,4519.1,0,1,0,0,4572.087629010719,4491.912370989281,4538.9845617490255,4547.34798135883,4530.621142139221,17.058419340479507,10836,7002.867997771605,7629.452994986112,-494.2730097480903,0,0,0,1
1779064200,4518.8,4522.4,4482.7,4517.6,0,1,0,0,4550.41351265281,4454.6864873471895,4525.634045474046,4542.41000710907,4508.858083839022,18.675675101873814,24763,12922.911998514403,10504.301996657407,-380.9726684385653,0,0,0,0
1779066000,4517.7,4519.4,4491.8,4507.5,0,1,0,0,4548.369690320466,4462.8303096795335,4521.247629482072,4538.089870863085,4504.405388101059,19.31312688031136,17025,14290.274665676268,19384.367997771602,-807.4397710166886,0,0,0,0
1779067800,4506.9,4538.8,4502.7,4528.3,1,0,1,0,4569.568283869005,4471.931716130995,4521.564964219889,4537.04455451069,4506.085373929087,20.51218924600343,14042,14207.51644378418,21435.411998514403,225.49141879561193,0,0,1,0
1779069600,4527.9,4544,4524.6,4536.1,1,0,0,0,4574.649120735505,4493.950879264496,4522.769686232585,4538.020380656078,4507.518991809092,20.43274715700316,8873,12429.344295856119,21311.27466567627,635.8297137185252,0,0,0,0
1779071400,4536.1,4546.1,4532.3,4536.6,1,0,0,0,4576.038469254398,4502.361530745603,4523.7691524939255,4539.007394827069,4508.530910160782,19.95897950293152,6740,10532.896197237413,18644.016443784178,636.1050291022149,0,0,0,0
1779073200,4536.8,4541.6,4529.5,4539.1,1,0,0,0,4570.696435736227,4500.403564263774,4524.375533051784,4539.502877699168,4509.248188404401,19.39762382415072,5150,8738.597464824941,15799.344295856119,701.0169646759322,0,0,0,0
1779075000,4539.1,4551.7,4528.1,4545,1,0,0,0,4581.246690326496,4498.553309673504,4525.721868258526,4540.964146208352,4510.479590308701,19.69779355099706,9336,8937.731643216628,13107.896197237413,876.5374063953825,1,0,0,0
1779076800,4544.7,4554,4533.4,4536.2,0,1,0,0,4583.643355303175,4503.756644696825,4526.542713602367,4541.775490727851,4511.309936476883,19.76223686878301,6689,8188.154428811085,13406.597464824943,534.3076485470203,0,0,0,0
1779078600,4536.2,4549.4,4535.5,4544.7,1,0,0,0,4578.415258495805,4506.484741504195,4527.214307851894,4542.492332250499,4511.9362834532885,19.343505663869912,5299,7225.102952540724,12282.231643216628,816.0531197931273,0,0,0,0
1779080400,4544.6,4554.7,4536.5,4552.8,1,0,0,0,4583.592740031819,4507.607259968181,4528.209774461508,4543.764185467024,4512.655363455991,19.261826687879193,6611,7020.401968360483,10837.654428811085,1015.451648465618,0,0,0,0
1779082200,4552.6,4556.3,4533.2,4534.6,0,1,0,0,4585.603972886689,4503.896027113311,4528.832834145376,4544.269533794482,4513.39613449627,19.535981924459275,6862,6967.601312240322,10530.602952540725,387.7070044129698,0,0,0,0
1779084000,4534.4,4551.7,4532.7,4540.9,1,0,0,0,4580.946546251926,4503.453453748074,4529.433239885229,4544.751037972302,4514.115441798157,19.497697501283614,7054,6996.400874826882,10451.401968360482,603.2413753665409,0,0,0,0
1779085800,4541,4551.7,4537.9,4550.9,1,0,0,0,4580.336078662502,4509.263921337498,4530.062972688409,4545.4481613519265,4514.6777840248915,19.0907191083348,5706,6566.267249884588,10494.601312240322,932.8393209857428,0,0,0,0
1779087600,4551.1,4555.2,4541.8,4554.3,1,0,0,0,4583.226358758037,4513.773641241963,4530.699683356989,4546.251855680348,4515.1475110336305,18.684239172025144,5087,6073.178166589725,9849.400874826883,924.2583741483621,0,0,0,0
1779089400,4554.4,4564.4,4543.5,4550.1,0,1,0,1,4592.663761703891,4515.236238296108,4531.648508881259,4547.503018431203,4515.793999331315,18.842507802594753,7347,6497.78544439315,9109.767249884588,654.3316289660975,0,1,0,0
1779091200,4550.1,4555.4,4546.1,4551.2,1,0,0,0,4582.6413501536135,4518.8586498463865,4532.010101796729,4547.930988428622,4516.089215164836,18.16090010240936,3256,5417.190296262101,9746.678166589725,608.1275509608566,0,0,0,0
1779093000,4551.7,4561,4549.5,4553.9,1,0,0,0,4587.5276822854985,4522.9723177145015,4532.437480919631,4548.508526105991,4516.36643573327,17.685121523665835,3313,4715.793530841401,8125.785444393151,589.612435782852,0,0,0,0
1779094800,4553.7,4556,4545,4549,0,1,0,0,4581.8114192651055,4519.1885807348945,4532.757606861355,4548.853891653531,4516.66132206918,17.20761284340399,3280,4237.1956872276005,7073.690296262101,378.9385861664242,0,0,0,0
1779096600,4548.8,4550.2,4543.7,4546.6,0,1,0,0,4574.864175031884,4519.035824968116,4533.020589769738,4549.079300846768,4516.961878692708,16.44278335458942,3426,3966.7971248184003,6355.793530841401,227.28474257989308,0,0,0,0
1779098400,4546.4,4549,4539.3,4543.2,0,1,0,0,4572.941733958178,4515.358266041822,4533.213673442061,4549.192649308484,4517.234697575638,15.961155972118734,3334,3755.8647498789337,5950.1956872276005,107.66850145579838,0,0,0,0
1779100200,4543.3,4551.5,4535.4,4543.8,1,0,0,0,4575.456610104023,4511.443389895977,4533.458810804969,4549.325752989725,4517.591868620214,15.971073402681707,4528,4013.243166585956,5633.7971248184,126.09320269922567,0,0,0,0
1779102000,4543.7,4545.4,4533.5,4539.5,0,1,0,0,4568.920423668021,4509.979576331979,4533.578674804998,4549.308986263193,4517.848363346802,15.680282445347274,3893,3973.1621110573037,6019.864749878934,-2.2537420654724656,0,0,0,1
1779103800,4539.2,4571.9,4539.1,4554.5,1,0,0,1,4597.254679120305,4513.745320879695,4534.7965435477845,4550.8679952306065,4518.725091864962,16.903119413536704,11666,6537.441407371536,5959.743166585956,534.3208017690599,0,0,1,0
1779105600,4554.6,4560.6,4548.7,4554.3,0,1,0,0,4585.418630611713,4523.881369388288,4535.388321356199,4551.57092530137,4519.205717411029,16.545753741141265,6392,6488.960938247691,9806.162111057303,440.9806278586163,0,0,0,0
1779107400,4554.3,4579.2,4553.8,4574.6,1,0,0,0,4604.967299853733,4528.032700146267,4537.137170168853,4554.584365023773,4519.689975313933,17.17819990248829,11628,8201.973958831793,9733.441407371536,1251.2415180991125,0,0,0,0
1779109200,4575.4,4581.3,4565.4,4575.6,1,0,0,0,4606.93034986418,4539.76965013582,4538.656523167086,4557.250695469814,4520.0623508643575,17.086899909453454,9637,8680.315972554528,12302.96093824769,1040.2795940500828,0,0,0,0
1779111000,4575.8,4588.8,4566.9,4580.4,1,0,0,0,4614.946039159596,4540.753960840404,4540.711738213838,4560.862970445918,4520.560505981757,17.43069277306396,12684,10014.877315036352,13020.473958831793,1100.2632941113702,0,0,0,0
1779112800,4580.1,4580.1,4558.5,4565.7,0,1,0,0,4606.724893505339,4531.875106494661,4541.885961820739,4562.366285853106,4521.405637788372,17.749929003559366,11070,10366.584876690902,15022.315972554528,196.5760255662783,0,0,0,0
1779114600,4565.4,4567.4,4541.9,4550.8,0,1,0,0,4594.855258254957,4514.444741745042,4542.400012455021,4562.5569075974245,4522.243117312618,18.303505503305125,12103,10945.389917793935,15549.877315036352,-499.22228786564256,0,0,0,1
1779116400,4550.9,4552.4,4536,4538.9,0,1,0,0,4579.651311236746,4508.748688763254,4542.401098954848,4562.22664173247,4522.575556177226,18.16754082449759,9111,10333.926611862624,16418.084876690904,-1038.3094684601856,0,0,0,0
1779118200,4538.9,4551.4,4537.5,4547.8,1,0,0,0,4578.194074719836,4510.705925280164,4542.457853047376,4562.1093599262695,4522.806346168483,17.86271647989059,5101,8589.61774124175,15500.889917793935,-536.1738590343693,0,0,0,0
1779120000,4548.1,4555.1,4537.6,4541.4,0,1,0,0,4581.855212239848,4510.844787760153,4542.5020260523615,4561.961485629536,4523.042566475187,17.836808159898403,5718,7632.411827494499,12884.426611862624,-636.2456586186431,0,0,0,0
1779121800,4541.2,4558.7,4538,4554.2,1,0,0,0,4585.761982794144,4510.938017205855,4542.6364515717605,4561.954138386493,4523.3187647570285,18.04132186276279,5091,6785.274551662999,11448.61774124175,-206.66685130968241,0,0,0,0
1779123600,4554.1,4562.8,4551.7,4558.1,1,0,0,0,4589.11826973742,4525.38173026258,4542.867810942288,4562.123209727615,4523.612412156961,17.545513158279757,4659,6076.516367775333,10177.9118274945,2.1830906285627805,0,0,1,0
1779125400,4558,4558.6,4549.7,4551.5,0,1,0,0,4583.991964756176,4524.308035243825,4542.960876569925,4562.154918603081,4523.766834536769,16.927976504116955,2709,4954.010911850222,9114.774551662998,-171.62640566529905,0,0,0,1
1779127200,4551.4,4552.1,4540.7,4545.9,0,1,0,0,4576.899681559306,4515.900318440694,4542.999645146969,4562.082938142513,4523.916352151425,16.53312103953721,3629,4512.340607900148,7431.0163677753335,-290.72614863757394,0,0,0,0
1779129000,4546,4548.2,4538,4539.6,0,1,0,0,4572.321132876498,4513.878867123502,4542.989351244167,4561.980594427081,4523.998108061252,16.080755250998827,2986,4003.5604052667654,6768.510911850222,-397.35241932286397,0,0,0,0
1779130800,4540,4569.5,4539.2,4556.1,1,0,0,0,4595.144623385319,4513.55537661468,4543.342171359845,4562.15979487169,4524.524547848001,17.09641559021321,9415,5807.373603511177,6005.340607900148,165.37623846303393,0,0,1,0
1779132600,4556.1,4567.4,4554.6,4562.9,1,0,0,0,4592.584293143511,4529.415706856489,4543.558463007574,4562.368703747161,4524.748222267986,16.789528762340783,3814,5142.915735674118,8711.060405266766,343.01453939141777,0,0,0,0
1779134400,4563.3,4571.5,4562.4,4567.8,1,0,0,0,4595.860415061832,4538.0395849381675,4543.694062008382,4562.535253772996,4524.852870243769,16.240276707887897,1858,4047.9438237827453,7714.373603511177,381.2780760594623,0,0,0,0
1779136200,4568,4571.3,4566.1,4571.3,1,0,0,0,4594.477528271701,4542.9224717283,4543.791474701316,4562.663802768041,4524.91914663459,15.45168551446732,1226,3107.29588252183,6071.915735674118,396.5769817690491,0,0,0,0
1779141600,4572,4578.8,4571.3,4577.1,1,0,0,0,4601.12556196658,4548.9744380334205,4575.733333333334,4575.733333333334,4575.733333333334,14.883707977719654,3339,3184.530588347887,4660.943823782745,546.6947078210094,0,0,0,0
1779143400,4577,4582.5,4575.6,4578.1,1,0,0,0,4603.970164683253,4554.129835316748,4577.004475894604,4578.486914517237,4575.522037271971,14.313443122168223,2455,2941.3537255652577,4776.79588252183,488.49714348636326,0,0,0,0
1779145200,4578.1,4593.1,4578,4589.7,1,0,0,0,4614.654438634449,4556.445561365551,4582.06139905149,4587.132428234845,4576.9903698681355,14.36962575629909,6014,3965.5691503768385,4412.030588347887,835.4598969635479,0,0,0,0
1779147000,4589.7,4591.9,4582.3,4585.4,0,1,0,1,4612.943407303416,4561.2565926965835,4583.264710615908,4588.032205300122,4578.497215931695,14.028938202277688,4347,4092.712766917892,5948.353725565257,494.71471151101923,0,0,0,0
1779148800,4585.5,4593,4571.6,4577.2,0,1,0,0,4614.833163924601,4549.7668360754,4582.236759058591,4586.19194101452,4578.281577102662,14.555442616400684,10146,6110.475177945262,6139.0691503768385,26.419224436074387,0,0,0,0
1779150600,4577.3,4579.8,4564.4,4566.2,0,1,0,0,4601.723652215701,4542.476347784299,4579.655399678942,4585.728864760529,4573.581934597354,14.615768143800675,7130,6450.316785296841,9165.712766917892,-468.8513451144793,0,0,0,1
1779152400,4565.9,4572.7,4557.3,4562.4,0,1,0,0,4594.707677057437,4535.292322942563,4576.042228546075,4584.487904100363,4567.596552991788,14.671784704957744,10143,7681.211190197893,9675.475177945262,-602.7870389284401,0,0,0,0
1779154200,4562.1,4575.8,4558.2,4566.9,1,0,0,0,4598.121414410477,4535.878585589523,4574.77819325103,4583.220277563377,4566.336108938683,14.880942940317933,7051,7471.1407934652625,11521.81678529684,-310.0109027008084,0,0,0,0
1779156000,4566.7,4566.7,4554.5,4562.7,0,1,0,0,4588.755599095442,4532.444400904557,4573.154094496854,4582.2057928553995,4564.102396138308,14.703732730295197,6936,7292.760528976842,11206.711190197893,-463.9900318720021,0,0,0,0
1779157800,4562.5,4562.8,4548.5,4550.3,0,1,0,0,4584.812342017197,4526.487657982803,4571.292833037719,4581.610838282981,4560.974827792457,14.674894678131267,6148,6911.173685984561,10939.140793465263,-865.8068980357211,0,0,0,0
1779159600,4550,4556.4,4546.4,4552.4,1,0,0,0,4577.911460444539,4524.88853955546,4569.856550510487,4581.022287798907,4558.690813222067,14.34097362969332,5049,6290.449123989708,10366.760528976842,-579.9429991732046,0,0,0,0
1779161400,4552.1,4558.2,4545.7,4548,0,1,0,0,4579.51421326993,4524.385786730069,4568.589452972876,4580.388096254738,4556.790809691013,14.209475513286653,4852,5810.966082659806,9435.673685984562,-606.5450443248674,0,0,0,0
1779163200,4547.9,4548.8,4541.1,4543.5,0,1,0,0,4569.416769464935,4520.483230535066,4567.327907525664,4580.007353107678,4554.648461943651,13.744512976623309,4062,5227.97738843987,8716.449123989709,-692.6542043184644,0,0,0,0
1779165000,4543.3,4547,4540.9,4545.6,1,0,0,0,4566.797714503154,4521.102285496846,4566.642856488709,4579.723864518064,4553.561848459354,13.198476335435956,2403,4286.318258959914,7841.966082659805,-454.43142441466887,0,0,0,0
1779166800,4545.6,4549.8,4533,4541.6,0,1,0,0,4569.983592038643,4512.816407961357,4564.935896809044,4579.062901429067,4550.80889218902,13.455728025761971,5824,4798.878839306609,6429.477388439871,-472.7252511867342,0,0,0,0
1779168600,4541.8,4547.3,4536,4544.4,1,0,0,0,4567.25262117874,4516.04737882126,4563.193741188427,4578.024951156176,4548.362531220679,13.301747452493272,7255,5617.585892871072,7198.318258959913,-196.8521718267798,0,0,0,0
1779170400,4544.4,4557.1,4536.5,4550.8,1,0,0,0,4577.83457680883,4515.76542319117,4562.071411256273,4576.877346592064,4547.265475920482,13.823051205886637,7501,6245.3905952473815,8426.378839306608,91.64305674826801,0,0,1,0
1779172200,4550.4,4556.1,4546.3,4551.4,1,0,0,0,4576.4035356081995,4525.996464391801,4561.572770117667,4576.209638589187,4546.935901646146,13.535690405466175,4870,5786.927063498254,9368.085892871073,153.73691141167816,0,0,0,0
1779174000,4551.3,4558.9,4546.3,4551.6,1,0,0,0,4579.103283064756,4526.096716935243,4561.178787246273,4575.624519226519,4546.733055266027,13.468855376504266,4665,5412.951375665502,8680.390595247381,166.9915139628161,0,0,0,0
1779175800,4551.6,4562.5,4544.6,4560.7,1,0,0,0,4583.178048560131,4523.921951439869,4560.913872636456,4575.036886781701,4546.790858491212,13.785365706753936,5861,5562.300917110335,8119.427063498253,446.49762309172786,0,0,0,0
1779177600,4560.9,4562.8,4539.4,4541.7,0,1,0,0,4584.508187948693,4517.691812051306,4560.242489801032,4574.290914886189,4546.194064715875,14.472125299128693,6347,5823.867278073557,8343.451375665503,-98.96791322833673,0,0,0,1
1779179400,4541.6,4551.9,4540.3,4546.4,1,0,0,0,4573.3004602380715,4518.899539761928,4559.816845185281,4573.858640665513,4545.775049705048,14.266973492048034,3826,5157.911518715705,8735.800917110335,95.85824476631134,0,0,1,0
1779181200,4545.8,4550,4539.1,4543.9,0,1,0,0,4571.039713078209,4518.060286921791,4559.351512916075,4573.431100023191,4545.271925808959,14.026475385473148,3911,4742.27434581047,7736.867278073558,40.963255807101916,0,0,0,0
1779183000,4543.8,4548.1,4539.6,4545.2,1,0,0,0,4568.5475907154805,4519.15240928452,4558.939993372847,4573.04104051685,4544.838946228844,13.631727143653636,3658,4380.849563873647,7113.411518715704,116.73607866306462,0,0,0,0
1779184800,4544.8,4545.7,4538.8,4543.1,0,1,0,0,4565.426334235803,4519.073665764197,4558.659044204795,4572.799945485892,4544.518142923697,13.150889490535492,2331,3697.5663759157646,6571.274345810471,66.99327024592682,0,0,0,0
1779186600,4543.6,4548.1,4528.4,4547.9,1,0,1,0,4568.528024647532,4507.971975352468,4557.673697137581,4571.973138943589,4543.374255331573,13.618683098354438,8276,5223.710917277176,5546.349563873647,249.94168752856666,0,0,0,0
1779188400,4547.8,4551.7,4539.1,4543,0,1,0,0,4572.01888002985,4518.78111997015,4557.229309856549,4571.4818912204255,4542.976728492672,13.54592001990051,5081,5176.140611518117,7835.566375915764,45.32340113457033,0,0,0,0
1779190200,4542.8,4547.1,4533,4534,0,1,0,0,4567.478245742005,4512.621754257995,4556.73268209396,4571.125988395006,4542.339375792913,13.585497161336216,3970,4774.093741012078,7764.210917277176,-172.82410527715626,0,0,0,1
1779192000,4534,4550.3,4530.6,4546.6,1,0,0,0,4571.3333710461475,4509.566628953853,4556.013382089978,4570.380618981303,4541.646145198653,14.022247364097902,8168,5905.395827341385,7161.140611518116,375.0899206577158,0,0,1,0
1779193800,4546.6,4550.9,4538.9,4540.9,0,1,0,0,4571.716701685707,4518.083298314292,4555.539275121664,4569.830221855813,4541.248328387515,13.877801123805195,6400,6070.263884894256,8858.093741012077,41.73881959151581,0,0,0,0
1779195600,4540.4,4541,4493,4494.6,0,1,0,0,4565.4726515653,4468.5273484347,4549.703330232624,4570.019676347419,4529.386984117828,16.315101043533396,24410,12183.509256596171,9105.395827341385,-2135.5094522807785,0,0,0,1
1779197400,4494.8,4514,4467.2,4506.8,1,0,0,0,4541.738890739207,4439.461109260793,4541.09921023882,4568.203882384324,4513.994538093316,18.492593826138165,36712,20359.67283773078,18275.26388489426,-819.0720663770842,0,0,0,0
1779199200,4506.7,4517.1,4486.9,4492.6,0,1,0,0,4546.093255686407,4457.906744313593,4537.836280388359,4566.209816083245,4509.462744693474,19.328837124271207,19186,19968.448558487187,30539.50925659617,-1468.317528986279,0,0,0,0
1779201000,4492.5,4502,4489.7,4497.5,1,0,0,0,4530.240165994521,4461.459834005479,4535.989807201751,4565.01194138643,4506.967673017072,18.82677732968042,11582,17172.965705658124,29952.67283773078,-701.7996045909833,0,0,0,0
1779202800,4497.6,4508.9,4492.9,4502.3,1,0,0,0,4536.837296994911,4464.962703005088,4534.878625737201,4564.076060555682,4505.681190918721,18.624864663274675,8618,14321.31047043875,25759.448558487187,-276.70970951952677,0,0,0,0
1779204600,4502.3,4512.7,4501.5,4511.6,1,0,0,0,4539.841775780989,4474.3582242190105,4534.280432245683,4563.408535632674,4505.152328858692,18.09451718732647,6255,11632.540313625834,21481.965705658124,322.27217266931046,0,0,1,0
1779206400,4511.9,4515.5,4499.3,4512.2,1,0,0,0,4542.438791796633,4472.361208203367,4533.717153660399,4562.759616346314,4504.674690974484,17.95919453108885,6262,9842.360209083889,17448.81047043875,330.6811006941018,0,0,0,0
1779208200,4512.1,4516.1,4508,4511,0,1,0,0,4541.982449525445,4482.117550474555,4533.389166029897,4562.337627083715,4504.440704976078,17.254966350296815,4250,7978.24013938926,14763.540313625832,270.0260335868297,0,0,0,0
1779210000,4511.1,4514.7,4506.4,4510.5,0,1,0,0,4539.622988845056,4481.477011154943,4533.033322751542,4561.89459103211,4504.172054470974,16.6153258967042,4512,6822.82675959284,11967.36020908389,242.30282969607111,0,0,0,0
1779211800,4510.4,4511.9,4502.5,4504.5,0,1,0,0,4536.049918213266,4478.350081786733,4532.686876967598,4561.519491569406,4503.854262365791,16.099945475511017,3805,5816.884506395227,10234.24013938926,24.017527476162456,0,0,0,0
1779213600,4504.5,4507.4,4498.7,4499.4,0,1,0,0,4530.757066912319,4475.342933087681,4532.29338027285,4561.149977349782,4503.436783195919,15.571377941545931,3793,5142.2563375968175,8725.326759592841,-138.6243674143809,0,0,0,1
1779215400,4499.3,4504.1,4493.2,4497,0,1,0,0,4526.956562132868,4470.343437867132,4531.900486160276,4560.821329002583,4502.979643317969,15.237708088578403,3457,4580.504225064545,7713.384506395227,-129.71255766331024,0,0,0,0
1779217200,4496.5,4500.7,4488.6,4490.2,0,1,0,0,4523.220379123377,4466.079620876623,4531.429671912434,4560.485879368112,4502.373464456756,15.013586082251335,3702,4287.669483376363,6870.756337596817,-234.2491042730395,0,0,0,0
1779219000,4490.6,4493.2,4484.8,4487.1,0,1,0,0,4515.0117806145645,4462.9882193854355,4530.799098965023,4560.101954849626,4501.496243080421,14.541187076376215,4526,4367.112988917575,6431.504225064545,-313.9298939882707,0,0,0,0
1779220800,4487,4491.7,4484.1,4489.4,1,0,0,0,4512.768081999238,4463.031918000762,4530.486063367888,4559.90531335675,4501.066813379026,14.04538799949216,2299,3677.7419926117173,6550.669483376363,-130.99593456737705,0,0,0,0
1779222600,4489.8,4489.8,4484.8,4484.8,0,1,0,0,4509.898933285007,4464.701066714993,4530.253341021307,4559.767857978056,4500.738824064559,13.39928885667129,1655,3003.494661741145,5516.612988917575,-204.9278164843323,0,0,0,0
1779228000,4484.7,4489.2,4480.8,4482.1,0,1,0,0,4508.76329519322,4461.23670480678,4484.033333333334,4484.033333333334,4484.033333333334,13.042196795480459,2585,2863.9964411607634,4505.241992611718,-183.35438577526202,0,0,0,0
1779229800,4482.3,4488.7,4479.6,4487,1,0,0,0,4507.840916965133,4460.459083034867,4484.604878194768,4485.1368409038,4484.072915485737,12.76061131008896,2984,2903.997627440509,4295.994661741145,55.775031139950556,1,0,1,0
1779231600,4486.7,4492,4482.9,4488.9,1,0,0,0,4510.748708610481,4464.1512913895185,4485.736063695274,4487.370790216881,4484.101337173668,12.49913907365406,2867,2891.6650849603393,4355.996441160763,170.57278651394267,0,0,0,0
1779233400,4489.5,4499.4,4488.5,4492.1,1,0,0,0,4517.977372281161,4469.922627718839,4488.383490371743,4492.236469456926,4484.530511286561,12.384914854107317,4512,3431.7767233068926,4337.497627440509,299.0264472059339,0,0,0,0
1779235200,4492.2,4505.1,4482.5,4505,1,0,0,0,4524.77184568965,4462.82815431035,4492.274214646129,4497.6588782135195,4486.889551078738,13.114563793099677,9579,5480.851148871261,5147.665084960339,810.8158938671647,0,0,0,0
1779237000,4504.7,4513,4500.6,4504.1,0,1,0,0,4532.595285283246,4481.004714716754,4495.4963914497475,4502.956976450161,4488.035806449334,13.06352352216396,6977,5979.56743258084,8221.276723306892,680.2918031519802,0,0,0,0
1779238800,4503.9,4509.6,4475.5,4476.4,0,1,0,0,4531.4491934773005,4453.6508065227,4493.208266548668,4500.5699721153305,4485.846560982005,14.56612898486656,11174,7711.044955053893,8969.351148871261,-246.86129873012715,0,0,0,1
1779240600,4476.5,4491.3,4457.9,4483.9,1,0,1,0,4515.167108228921,4434.0328917710785,4488.724715867718,4498.103228734105,4479.346203001332,15.91140548594756,16543,10655.029970035928,11566.56743258084,191.48555049655965,0,0,1,0
1779242400,4484.1,4489.5,4478.3,4483.7,0,1,0,0,4512.862314783998,4454.937685216002,4488.208730791477,4497.205159822149,4479.2123017608055,15.574876522665578,6748,9352.68664669062,15982.544955053892,180.06525364167632,0,0,0,0
1779244200,4483.6,4485.9,4460.5,4467.3,0,1,0,0,4510.3150065851405,4436.084993414859,4485.920945089924,4496.100831146933,4475.7410590329155,16.27667105676087,9964,9556.457764460412,14029.029970035928,-409.3752568503212,0,0,0,1
1779246000,4467.3,4469.4,4454.9,4463.1,0,1,0,0,4493.624648971917,4430.675351028082,4483.708109266859,4495.576417491113,4471.839801042604,16.149765981277948,7702,8938.305176306942,14334.686646690618,-495.4426106918671,0,0,0,0
1779247800,4462.4,4468.2,4459.4,4465.8,1,0,0,0,4491.6371740453515,4435.962825954648,4482.685523349996,4495.0144024128695,4470.356644287123,15.624782696900965,4582,7486.203450871295,13407.457764460412,-185.7399714239118,0,0,0,0
1779249600,4465.7,4472.6,4463.8,4466.9,1,0,0,0,4495.305947327826,4441.094052672174,4481.943913425257,4494.392179525144,4469.495647325371,15.13729821855091,4510,6494.135633914197,11229.305176306942,-40.623908123651404,0,0,0,0
1779251400,4467.2,4467.9,4458.5,4463.9,0,1,0,0,4489.99123680441,4436.40876319559,4481.230662795093,4493.946101618081,4468.515223972105,14.727491202940104,3636,5541.4237559427975,9741.203450871295,-99.96615939885135,0,0,0,0
1779253200,4463.6,4477.6,4463.5,4470.7,1,0,0,0,4499.624005604095,4441.475994395905,4480.617988229107,4493.207743867489,4468.028232590726,14.682670402730123,5771,5617.949170628532,8312.135633914197,245.81613028894265,0,0,1,0
1779255000,4470.7,4481.8,4465.4,4475.2,1,0,0,0,4504.008005203803,4443.191994796197,4480.219284120944,4492.5149365286115,4467.923631713277,14.805336802535153,6560,5931.966113752354,8426.923755942797,421.9847141717962,0,0,0,0
1779256800,4475,4480.9,4469.5,4474.3,0,1,0,0,4502.743147689245,4447.656852310754,4479.933442125709,4491.954162711765,4467.912721539653,14.562098459496903,6059,5974.31074250157,8897.949170628532,358.3411561031294,0,0,0,0
1779258600,4474.4,4481.5,4463.7,4476.8,1,0,0,0,4503.690065711442,4441.509934288558,4479.583673299059,4491.328151245382,4467.839195352736,14.793377140961423,7063,6337.207161667713,8961.466113752354,428.5446451853568,0,0,0,0
1779260400,4476.5,4488,4474.2,4485.5,1,0,0,0,4510.083632446339,4452.116367553661,4479.728657715102,4491.202113657762,4468.255201772441,14.722421630892764,6121,6265.138107778475,9505.81074250157,768.7566747810727,0,0,0,0
1779262200,4485.4,4488.5,4477.6,4480.9,0,1,0,0,4510.174087271601,4455.925912728399,4479.818305399232,4491.102580638469,4468.5340301599945,14.449391514400398,4489,5673.092071852317,9397.707161667713,490.8868215059756,0,0,0,0
1779264000,4481.1,4489.2,4479.1,4489.1,1,0,0,0,4510.408081037915,4457.891918962086,4480.03310591053,4491.168681781273,4468.897530039787,14.138720691943188,4858,5401.394714568211,8509.638107778475,797.2577726537872,0,0,0,0
1779265800,4489.1,4492.9,4479.2,4486.5,0,1,0,0,4514.061075249492,4458.038924750507,4480.268044396412,4491.253064213599,4469.283024579225,14.10738349966152,5358,5386.929809712141,8102.0920718523175,583.8346946530469,0,0,0,0
1779267600,4486.3,4488.7,4475.2,4476.8,0,1,0,0,4509.795998445957,4454.104001554043,4480.26705510426,4491.09440411343,4469.4397060950905,14.063998963971411,4126,4966.619873141427,8080.394714568211,228.2674315009623,0,0,0,0
1779269400,4476.7,4493.9,4475,4487.5,1,0,0,0,4515.514141414103,4453.385858585897,4480.450691464315,4491.128345688855,4469.7730372397755,14.409427609401998,5300,5077.746582094284,7449.929809712141,494.83936180531373,0,0,0,0
1779271200,4487.6,4495.5,4486.9,4491.5,1,0,0,0,4516.491702741667,4465.908297258333,4480.6788021910415,4491.357657845872,4469.999946536211,13.994468494444737,3223,4459.497721396189,7616.619873141426,561.3192773519561,0,0,0,0
1779273000,4491.6,4500,4491.2,4497.3,1,0,0,0,4520.435152545834,4470.764847454166,4481.051622398222,4491.86495016084,4470.238294635605,13.62343503055584,3781,4233.3318142641265,6689.246582094283,704.5080620933686,0,0,0,0
1779274800,4497.4,4503.7,4493.5,4502.6,1,0,0,0,4523.768355935417,4473.4316440645825,4481.471121942718,4492.519883303402,4470.422360582034,13.378903956944695,3569,4011.8878761760843,6349.99772139619,757.1173422549618,0,0,0,0
1779276600,4502.5,4502.8,4493.3,4501.6,0,1,0,0,4522.4527590828875,4473.647240917113,4481.979476015981,4493.264528473289,4470.694423558673,13.101839388591502,4733,4252.25858411739,6017.8318142641265,581.3807285977344,0,0,0,0
1779278400,4501.2,4503.6,4495.2,4502,1,0,0,0,4522.748990576967,4476.051009423033,4482.492890040809,4494.021215516963,4470.964564564654,12.765993717977862,4777,4427.172389411593,6378.387876176084,519.0291546795521,0,0,0,0
1779280200,4502.2,4508.3,4496.6,4498.8,0,1,0,0,4527.334776964327,4477.565223035674,4483.216319458179,4495.082487973382,4471.350150942976,12.689851309550859,6832,5228.781592941062,6640.75858411739,234.99794239772456,0,1,0,0
1779282000,4498.9,4509.3,4491.7,4492,0,1,0,0,4528.860864324018,4472.139135675982,4483.976982109053,4495.968945952478,4471.985018265628,13.040576216011539,9834,6763.854395294041,7843.172389411593,-174.14317310380437,0,1,0,1
1779283800,4492.1,4495.9,4484.6,4485.7,0,1,0,0,4515.274374015158,4465.225625984842,4484.283733608419,4495.941244339233,4472.626222877606,12.916249343439235,12879,8802.236263529361,10145.78159294106,-830.0376750572157,0,0,0,0
1779285600,4485.8,4514.1,4469.3,4509.6,1,0,0,1,4536.890490156934,4446.509509843067,4485.937121581193,4497.705793873377,4474.16844928901,15.19366010462216,28149,15251.157509019573,13203.354395294042,734.0357677840527,0,0,1,0
1779287400,4509.7,4540.8,4509.6,4534.4,1,0,0,0,4565.3054551457235,4485.094544854277,4489.424393780131,4505.62763181072,4473.221155749542,16.336970097149134,20456,16986.105006013047,22876.73626352936,2120.8298107718906,0,0,0,0
1779289200,4534.3,4557.5,4526.5,4532.8,0,1,0,0,4583.5764940638865,4500.4235059361135,4492.908581369636,4513.018957167387,4472.798205571884,17.384329375924196,18797,17589.736670675364,25479.15750901957,1627.6722856024437,0,0,0,0
1779291000,4532.8,4542.8,4530.3,4532.1,0,1,0,0,4568.353173059323,4504.746826940677,4494.103440540243,4515.125098034818,4473.081783045669,17.035448706215327,7791,14323.491113783577,26384.605006013044,1258.7634830139966,0,0,0,0
1779292800,4532.3,4538.5,4527,4529.2,0,1,0,0,4563.460089269372,4502.039910730628,4494.813268117547,4516.252149845444,4473.374386389649,16.64005951291423,5309,11318.660742522385,21485.236670675367,855.6189557992627,0,0,0,0
1779294600,4529.4,4538.8,4527.4,4537.6,1,0,0,0,4563.198654321559,4503.001345678441,4495.516003940597,4517.401460412624,4473.6305474685705,16.26576954770611,5038,9225.10716168159,16977.991113783577,996.5126174432086,0,0,0,0
1779296400,4537.9,4542.2,4534.2,4535.7,0,1,0,0,4565.713036155733,4510.686963844267,4496.288357266659,4518.690605610694,4473.886108922624,15.675357437155673,5363,7937.738107787727,13837.660742522385,624.7794013880756,0,0,0,0
1779298200,4535.8,4539.8,4533.1,4534.8,0,1,0,0,4562.351390716039,4510.548609283962,4496.75084695997,4519.424781015109,4474.07691290483,15.034260477358826,3433,6436.158738525151,11906.60716168159,407.88275719188096,0,0,0,0
1779300000,4534.8,4540.2,4532,4538.4,1,0,0,0,4562.019148522036,4510.180851477964,4497.124972933515,4520.019973392491,4474.229972474539,14.546099014690325,2768,5213.439159016768,9654.238107787727,390.7253290341537,0,0,0,0
1779301800,4538.7,4548.5,4538.6,4545.7,1,0,0,0,4569.842780770462,4517.257219229538,4497.815788885423,4521.237759059652,4474.393818711194,14.228520513641042,4414,4946.959439344512,7820.158738525151,553.3039093147197,0,0,0,0
1779303600,4545.9,4549.3,4544.7,4548.2,1,0,0,0,4569.611153572571,4524.388846427429,4498.181317027572,4521.899145311393,4474.4634887437505,13.540769048380994,2237,4043.639626229675,7420.439159016769,493.6140458529942,0,0,0,0
1779305400,4548.2,4553.7,4547.7,4548.2,0,0,0,0,4573.203214031673,4528.196785968326,4498.887910996122,4523.195650503204,4474.5801714890395,13.002142687782351,4206,4097.759750819783,6065.459439344512,336.28251422706217,0,1,0,0
1779307200,4548.3,4553.2,4545.7,4548.4,1,0,0,0,4572.113698743697,4526.786301256303,4499.263880447431,4523.864264023124,4474.663496871738,12.609132495797898,2321,3505.506500546522,6146.639626229675,208.57316391230688,0,0,0,0
1779309000,4549,4549.2,4544.4,4546.1,0,1,0,0,4567.27700597629,4526.32299402371,4499.5169047046065,4524.292830120183,4474.74097928903,12.051337317526633,1667,2892.6710003643484,5258.259750819783,5.334048843086521,0,0,0,0
1779314400,4546.4,4549.2,4535.7,4540.1,0,1,0,0,4567.4322198351265,4517.467780164873,4541.666666666667,4541.666666666667,4541.666666666667,12.154813223417587,3838,3207.7806669095658,4339.006500546522,-234.15893236577637,0,0,0,1
1779316200,4539.9,4545.8,4538,4541.3,1,0,0,0,4563.565632704046,4520.234367295954,4541.68243156642,4541.6990736946655,4541.665789438174,11.843755136030628,3444,3286.520444606377,4811.671000364348,-201.14182997512864,0,0,0,0
1779318000,4540.7,4544.3,4535.5,4539.6,0,1,0,0,4561.739516082329,4518.060483917671,4541.193075880758,4542.018857069496,4540.367294692021,11.626344054885596,2558,3043.6802964042513,4929.780666909566,-261.0551230273224,0,0,0,0
1779319800,4539.8,4548.7,4538.9,4548,1,0,0,0,4565.943836362162,4521.656163637837,4542.202574628756,4544.083003076808,4540.322146180704,11.495890908108066,3314,3133.7868642695007,4565.520444606377,-17.135304247427598,0,0,0,0
1779321600,4548.1,4554.9,4538.8,4545.3,0,1,0,0,4572.637133764864,4521.0628662351355,4543.766076068981,4546.258370879696,4541.273781258267,11.824755843243166,8011,4759.524576179667,4700.680296404251,-210.07850398548845,0,0,0,0
1779323400,4545.4,4550.6,4541.1,4547,1,0,0,0,4568.088052781661,4523.61194721834,4544.110330528113,4546.575223273967,4541.645437782259,11.658701854440082,3432,4317.016384119778,7139.2868642695,-180.4796110367284,0,0,0,0
1779325200,4547,4569.8,4541.4,4568.9,1,0,0,0,4589.081763297256,4522.118236702744,4549.518739652966,4557.321255202834,4541.716224103098,12.854508864837259,12652,7095.344256079852,6475.524576179667,708.3723403010968,0,0,1,0
1779327000,4568.9,4572.5,4560.7,4563,0,1,0,0,4591.668780204594,4541.531219795405,4551.792761957338,4560.908965715972,4542.676558198705,12.779186803063181,6225,6805.229504053234,10643.01638411978,217.49130341658304,0,0,0,0
1779328800,4562.8,4567,4541.5,4542.1,0,1,0,1,4587.531724475695,4520.968275524305,4551.551914979467,4559.970000197521,4543.133829761414,13.687816317130098,7745,7118.486336035489,10207.844256079852,-482.9122581627762,0,0,0,1
1779330600,4541.7,4544.2,4533,4535.2,0,1,0,0,4564.465172727431,4512.7348272725685,4549.694126088259,4558.872006726387,4540.516245450131,13.510115151620793,7782,7339.657557356993,10677.729504053234,-884.018839717796,0,0,0,0
1779332400,4534.7,4542,4532.4,4537.6,1,0,0,0,4561.846231818329,4512.55376818167,4548.722226039519,4558.139193547166,4539.305258531873,13.230821212219334,5035,6571.438371571328,11009.486336035488,-636.9214115140699,0,0,0,0
1779334200,4537.1,4539,4528.1,4529.9,0,1,0,0,4558.596500974162,4508.503499025838,4547.555750885997,4557.561955187864,4537.54954658413,13.06433398277507,4907,6016.625581047552,9857.157557356993,-879.0389555745088,0,0,0,0
1779336000,4529.4,4541.3,4528.6,4541,1,0,0,0,4560.857465190294,4509.042534809707,4547.060314036713,4557.082306415068,4537.038321658358,13.038310126862552,3384,5139.083720698368,9024.938371571328,-474.6052832884251,0,0,0,0
1779337800,4541,4541.8,4534.9,4539.6,0,1,0,0,4560.699789105273,4516.0002108947265,4546.807613494191,4556.778167613425,4536.837059374958,12.599859403515266,2273,4183.722480465579,7708.625581047552,-475.71895896655803,0,0,0,0
1779339600,4539.8,4541.7,4522.5,4524,0,1,0,0,4561.306947026324,4502.893052973675,4545.615978205672,4556.195687693124,4535.0362687182205,13.071298017549877,5482,4616.481653643719,6275.583720698369,-854.3261303776011,0,0,0,0
1779341400,4524.2,4531,4519.1,4528.9,1,0,0,0,4550.481450810159,4499.618549189841,4544.37212552373,4555.6481018843115,4533.096149163148,12.987633873439146,5522,4918.321102429146,6924.722480465579,-527.4842631145893,0,0,0,0
1779343200,4528.3,4541.2,4527.7,4534.2,1,0,0,0,4560.736347180861,4508.163652819138,4543.677743111421,4554.848642755457,4532.506843467384,13.024231453907777,6384,5406.880734952764,7377.481653643719,-200.02328998617674,0,0,0,0
1779345000,4534.1,4536.2,4520,4522.8,0,1,0,0,4556.076608096514,4500.123391903486,4542.805839880787,4554.333124441587,4531.278555319987,13.251072064342923,4869,5227.587156635176,8110.321102429147,-513.6287759353957,0,0,0,0
1779346800,4522.8,4525.8,4513.3,4514.5,0,1,0,0,4545.596136089621,4493.50386391038,4541.544885556045,4554.035560364378,4529.054210747712,13.197424059746998,5158,5204.391437756784,7841.380734952764,-768.4355648653584,0,0,0,0
1779348600,4514.4,4524.4,4513.3,4520.7,1,0,0,0,4543.971412083219,4493.728587916781,4540.6686651416885,4553.6456725370535,4527.6916577463235,13.047608055479316,4216,4874.92762517119,7806.587156635176,-423.5155486521633,0,0,0,0
1779350400,4521,4538.2,4519.2,4537.1,1,0,0,0,4558.409168362989,4498.990831637011,4540.115320702202,4552.882723409008,4527.347917995396,13.472778908659365,6823,5524.28508344746,7312.391437756785,179.46012744228796,0,0,1,0
1779352200,4536.7,4537.1,4527.7,4533.9,0,1,0,0,4556.872799194204,4507.927200805796,4539.884509518509,4552.5100491513485,4527.258969885669,13.18186612946945,3736,4928.1900556316405,8286.42762517119,21.22794188657008,0,0,0,0
1779354000,4533.8,4543.9,4532.9,4538.4,1,0,0,0,4563.4390278231895,4513.36097217681,4539.8257766520555,4552.202421996326,4527.449131307785,13.026018548793061,4811,4889.126703754427,7392.285083447461,186.03193812779358,0,0,0,0
1779355800,4538.1,4544.3,4528.8,4531.7,0,1,0,0,4564.1040972643905,4508.99590273561,4539.6732885570955,4551.885158487388,4527.461418626803,13.202731509593557,3912,4563.417802502951,7333.69005563164,-22.12476905969544,0,0,0,1
1779357600,4531.7,4537.3,4510.8,4519.2,0,1,1,0,4558.528804602648,4489.571195397352,4538.78702339115,4551.275300525017,4526.298746257283,14.152536401765445,6802,5309.611868335301,6845.126703754428,-341.57136992683274,0,0,0,0
1779359400,4519.4,4519.6,4505.8,4512.5,0,1,0,0,4540.791032845316,4484.608967154684,4537.248866505907,4550.837370267698,4523.660362744116,14.127355230210783,8268,6295.741245556867,7964.4178025029505,-686.7146164801356,0,0,0,0
1779361200,4512.7,4522.4,4511.5,4515.2,1,0,0,0,4543.245244784936,4490.654755215063,4536.54664466976,4550.42500819116,4522.668281148361,13.896829856624274,4892,5827.827497037912,9443.611868335302,-468.8665534670572,0,0,0,0
1779363000,4515.2,4518.7,4509,4515.2,0,0,0,0,4539.095584443155,4488.604415556845,4535.97698584933,4550.120020090527,4521.833951608133,13.597056295436813,3823,5159.551664691941,8741.741245556866,-393.53663284524305,0,0,0,0
1779364800,4515.3,4520.3,4503.1,4507.4,0,1,0,0,4541.081614125787,4482.318385874213,4534.882845520113,4549.662784514014,4520.102906526212,13.854409417191315,6636,5651.701109794628,7739.327497037912,-616.1144614283089,0,0,0,0
1779366600,4507.7,4519.5,4501.4,4505.1,0,1,0,0,4540.736498831088,4480.163501168911,4533.227884355417,4548.890083310613,4517.565685400221,14.15766588739196,10507,7270.134073196418,8477.551664691942,-648.5457342399934,0,0,0,0
1779368400,4504.9,4513.8,4496,4502,0,1,0,0,4535.426748914582,4474.373251085418,4531.265203791629,4548.073334630097,4514.457072953161,14.417832609721119,11952,8830.756048797612,10905.201109794627,-711.6686972239097,0,0,0,0
1779370200,4502.2,4522.2,4488.5,4514.6,1,0,0,0,4545.892695420683,4464.807304579317,4528.972840383992,4546.328888478572,4511.616792289412,15.79513028045531,19910,12523.837365865074,13246.134073196417,114.21340524417235,0,0,1,0
1779372000,4514.3,4516.9,4498.7,4508.8,0,1,0,0,4540.850360033491,4474.749639966509,4527.611455186186,4545.16340617618,4510.0595041961915,15.966906688994204,13860,12969.224910576717,18785.75604879761,-296.451060529553,0,0,0,1
1779373800,4509,4514,4502.9,4510.3,1,0,0,0,4537.428905745385,4479.471094254614,4526.758083217549,4544.33624863083,4509.179917804268,15.619270496923216,10234,12057.483273717811,19453.837365865074,-122.41817862386176,0,0,0,0
1779375600,4510.3,4517.1,4496,4504.7,0,1,0,0,4541.116126763572,4471.983873236429,4525.882342206524,4543.587371456306,4508.177312956743,16.01075117571444,9763,11292.655515811874,18086.22491057672,-336.1933897373835,0,0,0,0
1779377400,4504.6,4514,4503.5,4513.1,1,0,0,0,4537.425689137603,4480.074310862397,4525.592538680624,4543.259912736891,4507.9251646243565,15.617126091734836,4371,8985.437010541249,16938.98327371781,68.49999482467959,0,0,1,0
1779379200,4513.2,4522.5,4513.2,4517.7,1,0,0,0,4545.259568484917,4490.440431515083,4525.380754081685,4542.852399644125,4507.909108519245,15.173045656610894,6608,8192.958007027499,13478.155515811874,365.90070202304724,0,0,0,0
1779381000,4517.8,4521.8,4516.7,4520.5,1,0,0,0,4543.480313593137,4495.019686406863,4525.31269218786,4542.691031301598,4507.934353074123,14.453542395424426,2931,6438.972004685,12289.437010541249,451.0076755114429,0,0,0,0
1779382800,4520.8,4548.3,4515,4543.4,1,0,0,1,4571.999576907912,4491.300423092088,4525.988027692257,4542.975818851298,4509.000236533216,15.799717938608408,17349,10075.648003123333,9658.4580070275,1478.9716441265496,0,0,0,0
1779384600,4543.2,4561.2,4540.4,4553.1,1,0,0,0,4585.43532141449,4516.164678585509,4526.868798529884,4544.200882023511,4509.536715036256,16.156880942993535,9394,9848.432002082222,15113.472004685,1619.7342193884685,0,0,0,0
1779386400,4553.2,4558,4544.5,4550,0,1,0,0,4581.950655599169,4520.549344400831,4527.435366003505,4544.944094912983,4509.926637094027,15.96710373277971,6606,8767.621334721482,14772.648003123333,1155.2695866911622,0,0,0,0
1779388200,4549.9,4551.1,4528.4,4533.5,0,1,0,0,4575.772037342086,4503.727962657914,4527.719104999379,4545.0648988069615,4510.373311191796,16.448024894724067,7970,8501.747556480988,13151.432002082223,374.1388385876034,0,0,0,0
1779390000,4533.6,4543.7,4531.1,4540.3,1,0,0,0,4567.9597489605085,4506.840251039492,4527.89427108288,4545.1500285253915,4510.638513640368,16.173165973672308,4807,7270.165037653993,12752.621334721483,516.8202527093777,0,0,0,0
1779391800,4539.9,4546.2,4535.4,4544,1,0,0,0,4569.884052606186,4511.715947393814,4528.0838929474885,4545.2982390127445,4510.8695468822325,15.7893684041243,4020,6186.776691769329,10905.24755648099,532.6530971235891,0,0,0,0
1779393600,4544.1,4545.9,4540.8,4542.4,0,1,0,0,4568.438763134315,4518.261236865685,4528.151815719431,4545.3564113954935,4510.947220043369,15.025842089543954,1352,4575.184461179553,9280.165037653993,355.8816183773456,0,0,0,0
1779395400,4542.5,4544.8,4540.8,4544.1,1,0,0,0,4566.157422910436,4519.442577089564,4528.206757495802,4545.404006746948,4511.009508244656,14.238281940290815,1088,3412.789640786369,6862.77669176933,292.6136929876326,0,0,0,0
1779400800,4544.5,4548.1,4540.5,4541.8,0,1,0,0,4568.7461784168345,4519.853821583166,4543.466666666667,4543.466666666667,4543.466666666667,13.764118944555781,1792,2872.5264271909127,5119.184461179553,138.15596002794155,0,0,0,0
1779402600,4542,4545.7,4540.5,4544.2,1,0,0,0,4565.428594244203,4520.771405755797,4543.466666666667,4543.466666666667,4543.466666666667,13.152396162801782,1330,2358.3509514606085,4308.789640786369,124.08738275705917,0,0,0,0
1779404400,4544.1,4546.6,4536.2,4541.3,0,1,0,0,4566.033694655332,4516.766305344669,4542.581002654812,4543.618062769838,4541.543942539787,12.95579643688741,2277,2331.233967640406,3537.5264271909127,1.1433127120494646,0,0,0,0
1779406200,4541.4,4541.4,4532.7,4536.1,0,1,0,0,4560.377716465664,4513.7222835343355,4540.371448874548,4543.322334868196,4537.4205628809,12.651810977109724,3279,2647.155978426937,3496.8509514606085,-229.35512804885587,0,0,0,1
1779408000,4536.4,4539.1,4530.8,4537.4,1,0,0,0,4557.6114510038315,4512.288548996169,4538.806166172258,4542.04737361113,4535.5649587333855,12.340967335887614,4469,3254.437318951291,3970.7339676404054,-177.11235953907212,0,0,0,0
1779409800,4537.3,4542.2,4526.6,4527.8,0,1,0,0,4561.060633074986,4507.739366925014,4536.79554826534,4540.863464358165,4532.727632172514,12.573755383324173,5752,4086.958212634194,4881.655978426937,-513.4706324486817,0,0,0,0
1779411600,4527.7,4537.6,4524.2,4529.9,1,0,0,0,4556.549159283916,4505.250840716084,4535.010761699825,4539.453525938004,4530.567997461646,12.632772855943914,7590,5254.638808422796,6130.437318951291,-337.3714179630103,0,0,0,0
1779413400,4530.1,4533.3,4521.8,4526.7,0,1,0,0,4552.127790763637,4502.972209236364,4533.667482110168,4538.658723137485,4528.6762410828505,12.551860509090776,5559,5356.09253894853,7881.958212634194,-463.28981595812024,0,0,0,0
1779415200,4527,4530.5,4522.2,4525.3,0,1,0,0,4548.8722342805195,4503.82776571948,4532.898581321355,4538.163424049385,4527.633738593325,12.248156187012878,3572,4761.395025965687,8034.138808422795,-476.9364905226433,0,0,0,0
1779417000,4525.3,4528,4519.6,4523.9,0,1,0,0,4545.959931831911,4501.64006816809,4531.908359174419,4537.625601718886,4526.191116629952,11.973287887940502,4368,4630.2633506437915,7142.09253894853,-484.3994122842078,0,0,0,0
1779418800,4523.9,4526,4519.9,4522.5,0,1,0,0,4543.330650986774,4502.569349013225,4531.344869599218,4537.301347682738,4525.3883915156985,11.553767324516206,2637,3965.842233762528,6945.395025965687,-475.55717753568035,0,0,0,0
1779420600,4522.6,4530.7,4522.4,4530.4,1,0,0,0,4547.682033059147,4505.417966940852,4531.09197599402,4536.901326313784,4525.2826256742555,11.32135537276506,3308,3746.561489175019,5948.763350643792,-115.63921006063435,0,0,0,0
1779422400,4530.5,4533.9,4528.3,4533,1,0,0,0,4550.269030697779,4511.930969302221,4531.123532739943,4536.7898598002475,4525.457205679638,10.91268713185323,2377,3290.0409927833457,5619.842233762528,-14.00886504627286,0,0,0,0
1779424200,4533.1,4533.7,4526.5,4528.2,0,1,0,0,4549.671242790795,4510.528757209205,4531.037403926031,4536.566736375899,4525.508071476163,10.647495193863701,2649,3076.3606618555636,4935.061489175018,-200.47988924659725,0,0,0,0
1779426000,4528,4530.9,4524.1,4526.9,0,1,0,0,4546.459011162881,4508.540988837119,4530.820543581401,4536.257728137277,4525.383359025524,10.37267410858767,3139,3097.2404412370424,4614.540992783345,-229.28802076685605,0,0,0,0
1779427800,4526.5,4535.4,4508.3,4512.3,0,1,0,0,4552.751224651247,4490.948775348753,4529.111802863739,4535.688631929409,4522.53497379807,11.56748310083137,8850,5014.826960824695,4645.860661855564,-639.6669513428507,0,0,0,0
1779429600,4512.1,4527,4510.9,4526.1,1,0,1,0,4544.836851461872,4493.063148538127,4528.284780726039,4534.948470316928,4521.621091135149,11.89123430791487,7489,5839.551307216463,7522.2404412370415,79.09826580561818,0,0,1,0
1779431400,4526.3,4529.8,4522.3,4527.5,1,0,0,0,4547.166362071739,4504.933637928261,4528.187530281495,4534.6759832896405,4521.69907727335,11.57757471449238,4141,5273.367538144309,8759.326960824696,114.2665486097244,0,0,0,0
1779433200,4527.6,4528.2,4521.8,4526.6,0,1,0,0,4545.011621923757,4504.988378076243,4528.050112735749,4534.3956780343815,4521.704547437117,11.207747949171472,4072,4872.911692096206,7910.051307216463,19.95637491055399,0,0,0,0
1779435000,4526.4,4526.6,4516.5,4522.7,0,1,0,0,4543.292934643489,4499.807065356511,4527.752671666465,4534.080315923646,4521.425027409285,11.12862309565925,4020,4588.607794730804,7309.367538144309,-135.7646019555601,0,0,0,1
1779436800,4522.6,4532.2,4522.3,4527.8,1,0,0,0,4548.761296454668,4505.738703545332,4527.735123518182,4533.886884778115,4521.5833622582495,11.040864303112134,4807,4661.405196487202,6882.911692096206,114.29458972440545,0,0,1,0
1779438600,4527.7,4528.1,4517.4,4522.7,0,1,0,0,4544.624775279335,4500.875224720665,4527.502387025048,4533.60100868726,4521.403765362836,11.016516852889891,4269,4530.603464324801,6992.107794730804,-107.82367285324791,0,0,0,1
1779440400,4522.6,4526.2,4515.7,4518.3,0,1,0,0,4542.669434187954,4499.230565812046,4527.244973834478,4533.389353891287,4521.100593777668,10.979622791969186,3290,4117.068976216534,6795.9051964872015,-227.25507603577546,0,0,0,0
1779442200,4518.2,4536.7,4515.2,4532.9,1,0,0,0,4554.2966174602425,4497.603382539757,4527.291497438988,4533.2981306864995,4521.284864191476,11.73107830682853,4534,4256.045984144356,6175.6034643248,95.34179952864054,0,0,1,0
1779444000,4533.1,4538.1,4525.4,4525.9,0,1,0,0,4555.800430498797,4507.699569501203,4527.3875869262865,4533.297697004213,4521.47747684836,11.800286999197974,3966,4159.363989429571,6384.068976216535,-145.46189521994768,0,0,0,1
1779445800,4525.5,4526.5,4511.2,4515.6,0,1,0,0,4544.575399748883,4493.124600251117,4526.907905000506,4533.037568147048,4520.778241853964,12.050266499255274,5433,4583.909326286381,6239.045984144357,-459.9808489748006,0,0,0,0
1779447600,4515.6,4518.3,4512.2,4512.7,0,1,0,0,4535.737871195392,4494.762128804608,4526.578434911587,4532.949894547732,4520.206975275441,11.625247463594208,2948,4038.606217524254,6875.863989429571,-514.3379531915019,0,0,0,0
1779449400,4512.7,4525.9,4512,4521.1,1,0,0,0,4543.581594681435,4494.318405318565,4526.319209423394,4532.706499507537,4519.93191933925,11.787729787623167,4361,4146.070811682836,6057.909326286381,-175.29166768540102,0,0,0,0
1779451200,4521.1,4537.4,4519,4522.4,1,0,0,0,4555.790052204189,4500.6099477958105,4526.314693320336,4532.4213378433515,4520.208048797321,12.260034802792916,10934,6408.713874455224,6219.106217524255,-72.89183780393535,0,0,0,0
1779453000,4522.4,4529.8,4515.7,4529.3,1,0,0,0,4548.387191332462,4497.112808667538,4526.241194741529,4532.191242663584,4520.291146819475,12.391460888307734,7149,6655.475916303482,9613.070811682835,267.55279165193986,0,0,1,0
1779454800,4529.3,4535.7,4521.6,4522.7,0,1,0,0,4554.470249094428,4502.829750905572,4526.269409930695,4532.019759729349,4520.51906013204,12.513499396285713,9543,7617.983944202321,9983.213874455223,-206.09315769759814,0,0,0,1
1779456600,4522.6,4528.4,4510.3,4514.5,0,1,0,0,4547.76880273054,4490.9311972694595,4525.6705244181385,4531.628717609161,4519.712331227116,12.912535153693838,10858,8697.989296134881,11426.975916303481,-627.7291325969461,0,0,0,0
1779458400,4514.2,4514.6,4490,4499.6,0,1,0,0,4535.221031106931,4469.378968893069,4523.258316117806,4532.461499443347,4514.055132792266,13.747354071287162,17079,11491.659530756588,13046.983944202322,-1463.5900479483687,0,0,0,0
1779460200,4499.6,4508.3,4497.6,4501.2,1,0,0,0,4528.594528885007,4477.305471114993,4522.309903729175,4532.298294912938,4512.321512545412,13.529685923338066,8172,10385.106353837726,17237.48929613488,-1066.343469559442,0,0,0,0
1779462000,4501.5,4519.9,4501,4519.9,1,0,1,0,4540.7699196789345,4480.130080321065,4521.921193385061,4531.8484283176585,4511.993958452464,13.91327978595675,8409,9726.404235891818,15577.659530756588,-79.82272470907674,0,0,0,0
1779463800,4520,4523.9,4515.3,4521.1,1,0,0,0,4544.200639701868,4494.999360298132,4521.85573377949,4531.608821300292,4512.102646258688,13.533759801245514,7025,8825.936157261212,14589.606353837728,39.44449830079657,0,0,1,0
1779465600,4521.2,4525.9,4517.5,4525.4,1,0,0,0,4545.650594008877,4497.749405991122,4521.881406673759,4531.519015519335,4512.243797828182,13.167062672585093,4770,7473.957438174142,13238.90423589182,276.25244439380344,0,0,0,0
1779467400,4525.1,4528.8,4512.1,4516.4,0,1,0,0,4548.929123008244,4491.970876991757,4521.795173818984,4531.294448492763,4512.295899145205,13.419415338829001,6406,7117.971625449428,11210.936157261214,-70.926595805516,0,0,0,1
1779469200,4516.5,4527.6,4514.5,4527,1,0,0,0,4547.694899936227,4494.405100063774,4521.839233843803,4531.170780708091,4512.507686979516,13.3965999574841,7624,7286.647750299619,10676.957438174142,535.3471451216012,0,0,1,0
1779471000,4526.8,4531,4520,4520.6,0,1,0,0,4550.838121369353,4500.161878630647,4521.8839779930195,4531.116785248705,4512.651170737334,13.225414246235236,4835,6469.431833533079,10929.971625449427,194.6670040902987,0,0,0,0
1779472800,4520.9,4521.1,4513.2,4517,0,1,0,0,4540.367541271542,4493.932458728458,4521.808561741789,4530.987668728776,4512.629454754802,12.84502751436133,3509,5482.621222355386,9704.147750299619,8.951187202916799,0,0,0,0
1779474600,4517.1,4523.3,4514.5,4517.2,1,0,0,0,4542.134145466432,4495.665854533569,4521.76208837157,4530.888348074306,4512.635828668834,12.556096977621248,3017,4660.747481570257,8223.931833533079,23.662412507082266,0,0,0,0
1779476400,4517,4518,4508.1,4508.7,0,1,0,0,4536.549563647401,4489.5504363526,4521.593411241296,4530.736266156858,4512.450556325734,12.36637576493399,3808,4376.498321046838,6991.121222355386,-268.079164055536,0,0,0,1
1779478200,4509,4512.8,4505.9,4509.9,1,0,0,0,4530.76388052973,4487.93611947027,4521.415757052587,4530.6065887418545,4512.224925363319,11.975920353153029,3430,4060.998880697892,6564.747481570257,-161.64203200165477,0,0,0,0
1779480000,4510.1,4511.9,4506.2,4511.9,1,0,0,0,4529.191460491891,4488.908539508108,4521.344090982159,4530.550288752472,4512.137893211847,11.527640327927799,1471,3197.6659204652615,6091.498321046838,-72.12210927060556,0,0,0,0
1779481800,4511.7,4512.1,4505.4,4511,0,1,0,0,4528.8742133139,4488.6257866861,4521.247530579389,4530.477777362352,4512.0172837964255,11.182808875933008,1926,2773.7772803101743,4796.498880697893,-61.26268820277383,0,0,0,0
1779660000,4530.2,4560.4,4525.5,4553.9,1,0,0,0,4581.268912362906,4504.6310876370935,4546.599999999999,4546.599999999999,4546.599999999999,13.912608241937766,12425,5990.851520206783,4160.6659204652615,760.7305817971013,0,0,1,0
1779661800,4553.8,4567.8,4553.2,4567.1,1,0,0,0,4588.742561479842,4532.257438520158,4551.7086538461535,4559.202049792225,4544.215257900082,13.96170765322795,5775,5918.901013471189,8986.277280310174,1126.761337171104,0,0,0,0
1779663600,4567,4580.4,4567,4577.1,1,0,0,0,4601.282378516996,4546.117621483004,4557.921448471698,4570.010089422637,4545.832807520758,13.921585677997356,6686,6174.600675647459,8878.351520206783,1396.522647578346,0,0,0,0
1779665400,4577.1,4582.7,4567.6,4569,0,1,0,0,4603.708637194353,4546.591362805647,4560.571112364146,4572.973623805902,4548.1686009223895,14.005758129568935,5263,5870.733783764973,9261.901013471188,867.0441205807416,0,0,0,0
1779667200,4568.9,4578,4568.1,4574.4,1,0,0,0,4598.568734537614,4547.531265462387,4562.561204654729,4574.886554490516,4550.235854818943,13.712489691742558,5485,5742.155855843315,8806.10067564746,981.5712541037742,0,0,0,0
1779669000,4574.3,4581.6,4566.9,4570.8,0,1,0,0,4602.274539213499,4546.225460786501,4563.884534530849,4575.927535045307,4551.841534016391,13.783026142332428,5117,5533.77057056221,8613.233783764972,666.8193979523488,0,0,0,0
1779670800,4570.7,4578.1,4561.5,4574.6,1,0,0,0,4599.076357841106,4540.523642158894,4565.259393817877,4576.526346446421,4553.9924411893335,13.98423856073728,9124,6730.51371370814,8300.655855843315,721.8241397620551,0,0,0,0
1779672600,4574.5,4576.1,4561.2,4563.5,0,1,0,0,4597.17447513817,4540.12552486183,4565.4050656855015,4576.180952304804,4554.629179066199,14.049650092113227,4754,6071.67580913876,10095.77057056221,229.80181151797433,0,0,0,0
1779674400,4563.5,4569.3,4559.6,4563.7,1,0,0,0,4589.908441199729,4538.991558800271,4565.3421154291,4575.836197709943,4554.848033148257,13.738960799819411,3011,5051.45053942584,9107.51371370814,163.05732175031682,0,0,0,0
1779676200,4564,4571.1,4560,4562.1,0,1,0,0,4591.425695399749,4539.674304600251,4565.283688358746,4575.4496972486595,4555.117679468833,13.550463599832337,3811,4637.967026283894,7577.17580913876,40.29233814861897,0,0,0,0
1779678000,4562.1,4565.3,4560.8,4561.1,0,1,0,0,4584.656002871196,4541.443997128805,4565.1866886827065,4575.193771133093,4555.17960623232,12.904001914130026,2139,3804.978017522596,6956.95053942584,-43.43097047108739,0,0,0,1
1779679800,4561.3,4565.1,4557.1,4560.2,0,1,0,0,4583.930574094681,4538.26942590532,4564.994729824561,4574.8214675436775,4555.167992105444,12.553716063120737,2910,3506.6520116817305,5707.467026283894,-104.31518223990392,0,0,0,0
1779681600,4560.5,4566.7,4560,4565.8,1,0,0,0,4584.903390230775,4541.796609769225,4564.97368662739,4574.675634845932,4555.271738408847,12.135593487183527,1734,2915.7680077878204,5259.978017522596,13.45564445308537,0,0,1,0
1779683400,4566,4566.7,4560.4,4566,0,0,0,0,4584.278148071434,4542.821851928566,4564.957755959261,4574.532040271713,4555.383471646808,11.718765380956146,1839,2556.8453385252137,4373.65201168173,-19.65817660432225,0,0,0,1
1779685200,4565.7,4567.3,4555.2,4555.3,0,1,0,0,4584.918994637761,4537.581005362239,4564.740439228604,4574.193275895949,4555.2876025612595,11.74599642517359,2782,2631.8968923501425,3835.2680077878204,-271.4703920295765,0,0,0,0
1779687000,4555.5,4561.9,4552.7,4554.6,0,1,0,0,4579.246209306491,4535.353790693508,4564.3332937305795,4573.726063944921,4554.940523516238,11.564139537661179,3739,3000.931261566762,3947.8453385252137,-284.3490173107076,0,0,0,0
1779688800,4554.4,4558.4,4551.3,4555.2,1,0,0,0,4575.267908641742,4534.432091358258,4563.983765485633,4573.369055105804,4554.598475865461,11.245272427828198,2969,2990.2875077111744,4501.3968923501425,-226.98530639103387,0,0,0,0
1779690600,4555.4,4564.2,4554.5,4563.4,1,0,0,0,4580.9023437387605,4537.797656261239,4563.863565656811,4573.096099623472,4554.631031690151,11.134895825840456,3023,3001.1916718074494,4485.431261566761,24.446440145223335,0,0,1,0
1779692400,4563.7,4565.8,4553.2,4555.7,0,1,0,0,4582.659319185992,4536.340680814008,4563.577605118481,4572.657175319032,4554.49803491793,11.239546123994733,4419,3473.794447871633,4501.787507711174,-269.2275166938623,0,0,0,1
1779694200,4555.4,4566.7,4555.2,4566.1,1,0,0,0,4583.587224958421,4538.312775041579,4563.548182421487,4572.48136889886,4554.614995944114,11.258149972280822,2904,3283.8629652477553,5210.69167180745,11.352807090401257,0,0,1,0
1779696000,4566.5,4566.6,4555.2,4556.1,0,1,0,0,4583.502423175677,4538.297576824323,4563.424594595568,4572.255788248658,4554.593400942478,11.268282117117947,2694,3087.241976831837,4925.794447871633,-245.36462079475723,0,0,0,1
1779697800,4556.5,4559.4,4554.8,4557.5,1,0,0,0,4575.587964377414,4538.612035622586,4563.309827383981,4572.098551172392,4554.521103595571,10.791976251609483,1749,2641.161317887891,4630.862965247756,-185.9841806785717,0,0,0,0
1779699600,4557.5,4560.6,4556.5,4560.4,1,0,0,0,4576.070966921885,4541.029033078115,4563.246991284381,4571.9835004945435,4554.510482074218,10.313977947923117,1453,2245.107545258594,3961.741976831837,-75.35744428622452,0,0,0,0
1779701400,4560.5,4570.7,4559.9,4569.1,1,0,0,0,4586.223040713178,4544.376959286821,4563.368662644546,4571.966232543041,4554.771092746051,10.348693808785765,3645,2711.7383635057295,3367.6613178878915,191.73703173665683,0,0,1,0
1779703200,4569.2,4575.4,4569.2,4572.7,1,0,0,0,4590.489252090808,4554.110747909192,4563.630404822588,4572.237838767068,4555.022970878109,10.059501393872443,2957,2793.492242337153,4067.607545258594,292.1535353551841,0,0,0,0
1779705000,4572.7,4574.9,4570.3,4570.6,0,1,0,0,4589.404305512893,4555.795694487107,4563.808364389235,4572.407543583546,4555.209185194924,9.6695370085958,2243,2609.9948282247688,4190.2383635057295,118.61817572615092,0,0,0,0
1779706800,4570.8,4577.5,4569.4,4573.8,1,0,0,0,4591.836140833401,4555.063859166598,4564.062033202102,4572.68958647418,4555.434479930023,9.557427222267554,2793,2670.9965521498457,3914.992242337153,169.95229795741722,0,0,0,0
1779708600,4573.5,4579.3,4571.1,4571.3,0,1,0,0,4593.4907022024445,4556.909297797556,4564.325710886881,4572.983897758312,4555.66752401545,9.460468134962715,2959,2766.9977014332303,4006.4948282247688,38.61981973883519,0,0,0,0
1779710400,4571.2,4571.5,4554.3,4561.9,0,1,0,0,4586.519937759413,4539.2800622405875,4564.190850192498,4572.523674198983,4555.858026186013,10.013291839608224,9167,4900.331800955486,4150.496552149845,-460.34139195646185,0,0,0,1
1779712200,4562.2,4572.1,4561.3,4569.3,1,0,0,0,4587.204227919455,4546.195772080546,4564.3348079053085,4572.516506533945,4556.153109276672,10.069485279636222,5326,5042.221200636991,7350.497701433229,-68.25852292912478,0,0,0,0
1779714000,4569.5,4573.2,4562.2,4563.4,0,1,0,0,4588.403925925208,4546.996074074792,4564.409327513742,4572.440295486746,4556.378359540738,10.135950616805063,5011,5031.814133757994,7563.331800955486,-338.92372289864716,0,0,0,0
1779715800,4563.5,4567.5,4561.7,4564.9,1,0,0,0,4582.239359787693,4546.960640212307,4564.415374700377,4572.3624732684275,4556.468276132326,9.826239858461857,2760,4274.542755838663,7547.72120063699,-233.14635947914698,0,0,0,0
1779717600,4564.8,4572.4,4564,4569.6,1,0,0,0,4586.986548374286,4549.413451625714,4564.531603797795,4572.399914490882,4556.663293104707,9.724365582857413,3729,4092.6951705591086,6411.814133757995,-7.48869863767618,0,0,0,0
1779719400,4569.7,4570.5,4566.7,4568.4,0,1,0,0,4584.45179491898,4552.7482050810195,4564.6157600334955,4572.422041453823,4556.809478613168,9.301196612653326,2930,3705.1301137060723,6139.042755838663,-118.21415585063485,0,0,0,0
1779721200,4568.3,4576.7,4566.9,4575.2,1,0,0,0,4590.705238139053,4552.894761860946,4564.912472862262,4572.731940824953,4557.093004899571,9.336825426035245,5154,4188.086742470715,5557.695170559108,228.01996752607664,0,0,1,0
1779723000,4575.3,4575.5,4568.4,4572.7,0,1,0,0,4589.265578271978,4554.634421728022,4565.030818762029,4572.841041056688,4557.220596467371,9.177052181318468,2385,3587.05782831381,6282.130113706073,85.17292505866902,0,0,0,0
1779724800,4572.8,4573.1,4570.1,4570.1,0,1,0,0,4586.203751252551,4556.9962487474495,4565.085247391353,4572.88139392215,4557.289100860556,8.735834168367148,1329,2834.3718855425404,5380.586742470716,-62.24860364607335,0,0,0,1
1779726600,4570.1,4576.6,4569.9,4575.6,1,0,0,0,4589.485626163083,4557.014373836917,4565.185373768377,4572.994708320965,4557.376039215788,8.59041744205526,1677,2448.58125702836,4251.557828313811,60.02272574775458,0,0,1,0
1779728400,4575.6,4580.6,4572.7,4573.8,0,1,0,1,4593.4116528657205,4559.88834713428,4565.311803806786,4573.158190329681,4557.465417283891,8.541101910479924,1824,2240.3875046855733,3672.8718855425404,-9.31155667258193,0,0,0,1
1779730200,4573.9,4574,4565.7,4567.9,0,1,0,0,4586.785820518168,4552.9141794818315,4565.34851747856,4573.166820265185,4557.530214691935,8.523880345445656,1446,1975.5916697903822,3360.5812570283597,-125.01771079106425,0,0,0,0
1779732000,4567.9,4574,4566.8,4573.5,1,0,0,0,4586.6439761954425,4554.156023804558,4565.399150396634,4573.204452874681,4557.593847918586,8.429317463628097,1285,1745.3944465269215,2963.3875046855733,-26.122516576128987,0,0,0,0
1779746400,4568.9,4577.3,4568.9,4574.8,1,0,0,0,4589.940835038625,4556.259164961375,4565.533245843712,4573.34511255708,4557.721379130345,8.427223359083273,2546,2012.262964351281,2618.091669790382,128.90114163972316,0,0,1,0
1779748200,4574.8,4578.5,4571.2,4576.8,1,0,0,0,4591.020061107294,4558.679938892706,4565.681488966013,4573.528342673229,4557.834635258796,8.346707404863052,2370,2131.508642900854,3018.3944465269215,147.25017476299803,0,0,0,0
1779750000,4576.7,4583.2,4569.1,4570.4,0,1,0,1,4596.3364853139165,4555.963514686084,4565.943743029448,4573.808783886937,4558.07870217196,8.757656875944223,5041,3101.3390952672357,3197.262964351281,-111.79544436883654,0,0,0,1
1779751800,4570.4,4570.9,4556.8,4561.4,0,1,0,0,4584.608879220064,4543.091120779935,4565.809367583659,4573.514939314916,4558.103795852402,9.13925281337674,7957,4719.892730178157,4652.008642900853,-588.1389607933022,0,0,0,0
1779753600,4561.7,4562.1,4542.2,4550.3,0,1,0,0,4576.961816418632,4527.338183581368,4564.950270667235,4573.155707416564,4556.744833917905,9.907877612421297,11035,6824.928486785438,7079.839095267235,-1089.3197614069609,0,0,0,0
1779755400,4550.7,4554.1,4539.9,4550.6,0,0,0,0,4569.421686674445,4524.578313325555,4564.4112625854805,4573.0078085896175,4555.814716581343,10.214457782962684,6097,6582.285657856958,10237.392730178157,-899.6852831735821,0,0,0,0
1779757200,4550.7,4552.1,4542.7,4544.7,0,1,0,0,4567.334423340556,4527.465576659444,4563.909391089931,4572.885314108604,4554.933468071258,10.156282227036817,5462,6208.857105237972,9873.428486785437,-1062.7487092632791,0,0,0,0
1779759000,4544.8,4544.8,4528,4538.1,0,1,0,0,4560.746250244802,4512.053749755199,4562.80409680953,4573.090980756049,4552.517212863011,10.6308334965342,8339,6918.904736825315,9313.285657856959,-1173.174386073263,0,0,0,0
1779760800,4537.9,4540.5,4536.2,4537.9,0,0,0,0,4555.767946655887,4520.932053344113,4562.469082418632,4573.0761369950005,4551.862027842263,10.178631103924626,2806,5547.936491216877,10378.357105237972,-942.1642962890751,0,0,0,0
1779762600,4537.9,4539.5,4530.7,4532.8,0,1,0,0,4554.620236180466,4515.579763819534,4561.9792902587,4573.118939820176,4550.839640697223,10.080157453644308,3651,4915.624327477918,8321.904736825316,-946.3076976082874,0,0,0,0
1779764400,4532.8,4544.4,4532.8,4542.7,1,0,0,0,4559.68307645329,4517.51692354671,4561.643383776492,4573.0222912847985,4550.264476268185,10.188717635526817,3250,4360.416218318612,7373.436491216877,-483.09172193557345,0,0,0,0
1779766200,4542.9,4546.1,4541,4542.9,0,0,0,0,4560.8378567066275,4526.262143293373,4561.451129054989,4572.922974522799,4549.9792835871785,9.825237804417785,2260,3660.277478879075,6540.624327477917,-362.9919240246667,0,0,0,0
1779768000,4542.7,4543.7,4533,4533.1,0,1,0,0,4558.531581227582,4518.168418772418,4561.134247779629,4572.868794438004,4549.399701121253,9.887720818387931,2780,3366.85165258605,5490.416218318613,-497.1877726270209,0,0,0,0
1779769800,4533.2,4533.8,4523.7,4525.8,0,1,0,0,4548.654325425612,4508.845674574388,4560.48239125514,4572.985810645966,4547.978971864314,9.902883617074535,4344,3692.5677683907,5050.277478879075,-667.9114018588526,0,0,0,0
1779771600,4525.8,4532.1,4523.3,4531.7,1,0,1,0,4546.836159323782,4508.563840676218,4560.037056856287,4572.995788745313,4547.07832496726,9.824106215854938,3194,3526.378512260467,5538.8516525860505,-301.57370236760516,0,0,0,0
1779773400,4531.6,4535.5,4523.9,4527.8,0,1,0,0,4550.426433657798,4508.973566342202,4559.3729065799,4572.9543443144385,4545.791468845361,9.950955771865324,4943,3998.585674840311,5289.5677683907,-354.5787979236103,0,0,0,0
1779775200,4527.7,4536.8,4527.4,4530.8,1,0,0,0,4551.667402682241,4512.532597317759,4558.8360027794915,4572.817001000299,4544.855004558684,9.911601788160697,4555,4184.057116560208,5997.878512260467,-101.67000736837974,0,0,0,0
1779777000,4530.9,4534.6,4529.1,4531.8,1,0,0,0,4548.994731062081,4514.70526893792,4558.387956009445,4572.6751068866215,4544.100805132268,9.596487374720647,3966,4111.371411040139,6276.085674840311,24.976767006947057,0,0,1,0
1779778800,4531.9,4534.9,4522.4,4530.1,0,1,1,0,4549.605821700504,4507.694178299495,4557.616708283605,4572.472988960276,4542.760427606933,9.803881133669174,6472,4898.247607360093,6167.057116560209,-20.66869718168033,0,0,0,1
1779780600,4530,4539.6,4521.7,4538.7,1,0,0,0,4555.173263007611,4506.126736992389,4556.968292840869,4572.138690581084,4541.797895100654,10.382175338407128,6735,5510.498404906729,7347.37141104014,337.88946723191975,0,0,1,0
1779782400,4538.8,4539.5,4520.8,4522.8,0,1,0,0,4555.964458507067,4504.335541492933,4556.3087317488435,4571.923594743857,4540.6938687538295,10.976305671378034,5815,5611.998936604486,8265.747607360094,-148.14450691614252,0,0,0,1
1779784200,4522.6,4527.7,4520,4524.5,1,0,0,0,4543.813425756562,4503.886574243438,4555.767209625162,4571.795164662582,4539.739254587742,10.742283837708161,4408,5210.665957736323,8417.998404906728,27.00441767642394,0,0,1,0
1779786000,4524.3,4526.7,4518.2,4525,1,0,0,0,4542.573181059664,4502.326818940335,4555.241686002997,4571.658849919731,4538.824522086263,10.582120706443293,4318,4913.110638490883,7815.998936604485,100.74817303581216,1,0,0,0
1779787800,4525.2,4525.5,4512.2,4523.1,0,1,0,0,4541.664382412546,4496.035617587454,4554.381802824935,4571.476594461405,4537.287011188466,10.776254941697356,6724,5516.740425660589,7369.665957736324,26.83831940750713,0,0,0,0
1779789600,4523.2,4535.9,4519.4,4533.7,1,0,0,0,4552.677640811649,4502.62235918835,4553.863958674905,4571.145143102665,4536.582774247145,11.18509387443326,5853,5628.8269504403925,8275.110638490884,416.67129802906925,0,0,0,0
1779791400,4534,4540.8,4531.9,4534.9,1,0,0,0,4557.332809325104,4515.367190674896,4553.57745007897,4570.867893286093,4536.287006871848,11.021872883402352,4519,5258.884633626928,8443.240425660588,424.2001849633891,0,0,0,0
1779793200,4535,4537,4523.1,4523.8,0,1,0,0,4553.8411800875965,4506.258819912404,4553.262791293779,4570.676751319268,4535.848831268289,11.22745339173073,3531,4682.923089084618,7888.3269504403925,116.73213851335791,0,0,0,0
1779795000,4523.7,4523.9,4503.5,4507.3,0,1,0,0,4541.7239529384815,4485.676047061518,4551.4729541170755,4570.490175266979,4532.455732967172,11.882635292321366,12890,7418.615392723079,7024.384633626927,-841.9838905069516,0,0,0,1
1779796800,4507.2,4516.2,4503.5,4506.3,0,1,0,0,4534.11152772859,4485.58847227141,4550.129458372041,4570.279125348695,4529.979791395387,11.94101848572697,9730,8189.076928482053,11127.92308908462,-707.7818550505825,0,0,0,0
1779798600,4506.3,4524.2,4500.3,4520.6,1,0,1,0,4543.3928471765485,4481.1071528234515,4548.934450973794,4569.735814815364,4528.133087132223,12.79523145103216,10928,9102.051285654701,12283.615392723079,86.55911246032196,0,0,1,0
1779800400,4520.8,4528.4,4516.5,4523,1,0,0,0,4547.49692952108,4497.403070478919,4548.2643348970905,4569.21303342125,4527.315636372931,12.73128634738698,8391,8865.034190436467,13653.076928482053,264.42453757426114,0,0,0,0
1779802200,4523,4532.2,4512.7,4514.5,0,1,0,0,4552.022148841003,4492.877851158996,4547.302234765805,4568.5266246424035,4526.077844889207,13.214765894002197,11521,9750.356126957644,13297.5512856547,-210.78843877606323,0,0,0,1
1779804000,4514.9,4521.3,4508.4,4518.3,1,0,0,0,4541.088423923789,4488.61157607621,4546.503266396786,4568.028781674559,4524.977751119013,13.192282615859222,8928,9476.237417971763,14625.534190436465,97.0484105624239,0,0,1,0
1779805800,4518.2,4525.6,4513,4515.8,0,1,0,0,4545.32496507209,4493.27503492791,4545.941200603048,4567.61602011991,4524.266381086186,13.149976714726447,7070,8674.158278647841,14214.356126957644,-0.7021322945892052,0,0,0,1
1779807600,4516,4516,4505.1,4506.2,0,1,0,0,4535.483896138369,4485.616103861631,4545.220320570587,4567.280320118226,4523.160321022949,12.98926409224596,7122,8156.772185765228,13011.237417971763,-556.1041994535448,0,0,0,0
1779809400,4506.4,4511.2,4502.3,4506.7,1,0,0,0,4530.245760699914,4483.254239300086,4544.6495603885005,4567.034103083342,4522.265017693659,12.69717379994265,5479,7264.181457176818,12235.158278647841,-385.2930588042119,0,0,0,0
1779811200,4506.6,4509.8,4498.8,4508.4,1,0,1,0,4528.66392064992,4479.93607935008,4544.037422949486,4566.7681906854805,4521.306655213492,12.575947099946747,5894,6807.4543047845455,10896.272185765227,-169.98069211130542,1,0,0,0
1779813000,4508.5,4512.8,4503.1,4505.2,0,1,0,0,4531.35578346064,4484.544216539361,4543.659982542977,4566.57814088775,4520.741824198203,12.370522307093395,3868,5827.636203189697,10211.18145717682,-207.77677438191336,0,0,0,0
1779814800,4505.2,4508.2,4500.5,4501.6,0,1,0,0,4526.255370356308,4482.444629643692,4543.250073301472,4566.406303994305,4520.0938426086395,12.036913570872425,3904,5186.424135459798,8741.454304784545,-285.0611510612978,0,0,0,0
1779816600,4501.4,4502.1,4487.2,4490.3,0,1,0,0,4520.462129616572,4468.837870383428,4542.0745211587355,4566.179941719776,4517.969100597695,12.241419744381576,9215,6529.282756973198,7779.636203189697,-820.1974900948651,0,0,0,0
1779818400,4489.9,4495.6,4480.1,4494.7,1,0,0,0,4514.311263215389,4461.388736784612,4541.026399211487,4565.980116247957,4516.072682175017,12.47417547692575,8080,7046.188504648799,9793.924135459798,-369.57353018771823,0,0,0,0
1779820200,4494.6,4499.2,4493.5,4498.9,1,0,0,0,4517.185458700003,4475.514541299996,4540.758899079533,4565.86944164566,4515.648356513406,11.990305800002469,2459,5517.125669765866,10569.282756973198,-60.472935023047626,0,0,0,0
1779822000,4498.8,4504.3,4496.7,4502,1,0,0,0,4521.815068792861,4479.184931207139,4540.461717938421,4565.711541867309,4515.211894009533,11.676712528573747,3034,4689.417113177245,8275.688504648799,137.63274961966823,0,0,1,0
1779823800,4502.1,4509.7,4500.1,4508.8,1,0,0,0,4526.992563879085,4482.807436120916,4540.204449280323,4565.532586706399,4514.876311854247,11.52837591938987,3071,4149.944742118163,7034.125669765866,379.6495788664751,0,0,0,0
1779825600,4508.9,4511.3,4506.2,4506.9,0,1,0,0,4527.9038093162935,4489.5961906837065,4540.0528048644965,4565.416590675895,4514.689019053098,11.069206210862047,1943,3414.296494745442,6224.917113177245,301.0103855615788,0,0,0,0
1779827400,4506.7,4510.5,4504.4,4507.8,1,0,0,0,4526.571394365129,4488.328605634871,4539.910261734353,4565.309261957789,4514.511261510917,10.714262910086214,1811,2879.864329830295,5121.444742118163,337.2014500071601,0,0,0,0
1779832800,4504,4511.9,4503,4505.6,0,0,0,0,4527.777009053334,4487.122990946666,4506.833333333333,4506.833333333333,4506.833333333333,10.584672702222887,1519,2426.24288655353,4319.796494745442,359.3266715734586,1,0,0,0
1779834600,4505.6,4512.7,4498.8,4511.1,1,0,0,0,4528.932222692381,4482.567777307619,4507.180194841138,4507.530180778629,4506.830208903646,10.821481794921226,1492,2114.8285910356867,3639.364329830295,404.7107719907915,1,0,0,0
1779836400,4511.3,4514,4504.6,4512.4,1,0,0,0,4530.079921071498,4488.520078928503,4508.287631975867,4509.818956607579,4506.756307344155,10.719947380998255,1630,1953.2190606904578,3172.2428865535303,401.29910894303066,0,0,0,0
1779838200,4511.7,4527.9,4510.9,4519.7,1,0,0,0,4544.652783852104,4494.147216147895,4512.9733977172955,4518.625574578087,4507.321220856504,11.168522568069807,3332,2412.812707126972,2929.8285910356867,525.2885316032828,0,0,0,0
1779840000,4518.5,4525.8,4513.8,4517.5,0,1,0,0,4542.641870719812,4496.958129280189,4513.842544048131,4519.488484634018,4508.196603462243,11.227913813207678,1335,2053.5418047513144,3619.219060690458,464.7421921606266,0,0,0,0
1779841800,4518,4522,4514,4514.8,0,1,0,0,4538.496022811253,4497.503977188747,4514.125499381873,4519.580120917466,4508.67087784628,10.997348540835702,938,1681.6945365008764,3080.312707126972,387.3067329344425,0,0,0,0
1779843600,4514.4,4520.7,4512,4515.6,1,0,0,0,4536.949878324735,4495.750121675264,4514.307766359556,4519.535869153747,4509.079663565365,10.833252216490282,1042,1468.4630243339177,2522.541804751315,370.29084125152815,0,0,0,0
1779845400,4515.3,4516.4,4505.8,4507.5,0,1,0,0,4532.624887015825,4489.575112984175,4513.920595286196,4519.0673248596795,4508.773865712712,10.816591343883795,1087,1341.3086828892785,2202.6945365008764,265.06685679413613,0,0,0,0
1779847200,4507.3,4508.9,4498.3,4505.3,0,1,0,0,4525.101680800409,4482.098319199591,4512.898842508863,4518.611649846677,4507.186035171048,10.801120533606342,1448,1376.872455259519,2011.963024333918,226.9737654023911,0,0,0,0
1779849000,4504.4,4506.7,4497.3,4505.2,0,0,0,0,4522.751560743237,4481.248439256763,4512.183871112006,4518.248645391305,4506.119096832707,10.701040495491577,1084,1279.248303506346,2065.3086828892783,228.71510865409672,0,0,0,0
1779850800,4505.3,4511.2,4504.5,4506.5,1,0,0,0,4526.822877833006,4488.877122166994,4511.896416561582,4517.885061353576,4505.907771769587,10.415251888670738,953,1170.4988690042308,1918.872455259519,235.91959428876083,0,0,0,0
1779852600,4506.3,4506.5,4495.5,4496.4,0,1,0,0,4522.185529416362,4479.814470583638,4511.13772423184,4517.659191432968,4504.616257030712,10.457019610908544,1031,1123.9992460028204,1755.748303506346,136.79825666476796,0,0,0,0
1779854400,4495.5,4502.2,4494.6,4498.3,1,0,0,0,4517.5794201723365,4479.220579827664,4510.425920542636,4517.407535181299,4503.444305903973,10.252946781557895,997,1081.6661640018804,1685.9988690042305,176.8778149084555,0,0,0,0
1779856200,4497.8,4516,4496.8,4509.2,1,0,0,0,4532.33803301717,4480.46196698283,4510.19270171086,4516.9553926343915,4503.430010787329,10.892022011446604,1459,1207.444109334587,1622.4992460028207,255.26432543160593,0,0,0,0
1779858000,4508.2,4512.7,4503.2,4506.9,0,1,0,0,4528.888887801658,4487.011112198342,4510.072568640016,4516.699176917192,4503.445960362839,10.792591867771847,940,1118.2960728897247,1811.1661640018806,223.79836729142292,0,0,0,0
1779859800,4507,4507.6,4490.2,4496.6,0,1,0,0,4524.4968243872545,4473.303175612746,4508.7977955853,4516.065405368323,4501.530185802278,11.264549591502469,2425,1553.8640485931496,1677.444109334587,72.32777780396404,0,0,0,0
1779861600,4496.2,4497.8,4482.8,4485.6,0,1,0,0,4515.097051216736,4465.502948783264,4507.075953952664,4516.012878718903,4498.139029186425,11.531367477823721,2132,1746.576032395433,2330.796072889724,-57.054975764876986,0,0,0,1
1779863400,4485.1,4489.3,4478.3,4484.4,0,1,1,0,4506.540118986969,4461.059881013031,4505.608646489013,4515.928366771133,4495.288926206893,11.493412657979169,1687,1726.7173549302886,2619.8640485931496,-30.50957353231297,0,0,0,0
1779865200,4484.8,4488.4,4479.2,4485.4,1,0,0,0,4505.394396202185,4462.205603797815,4504.656489282543,4515.66018442792,4493.652794137165,11.3295974681235,1243,1565.4782366201923,2590.076032395433,9.072225648552035,0,0,1,0
1779867000,4485.4,4487.9,4474.2,4480.6,0,1,0,0,4505.148367902028,4456.951632097971,4503.764118557534,4515.466100041069,4492.062137073999,11.498911934686094,1084,1404.9854910801282,2348.2173549302884,-2.074969745003102,0,0,0,1
1779868800,4480,4491.1,4479.6,4487.9,1,0,0,0,4508.348484480456,4462.351515519545,4503.237490196078,4515.1455969521885,4491.329383439968,11.498989653637086,892,1233.9903273867521,2107.4782366201925,82.22763182857761,0,0,1,0
1779870600,4487.8,4496.8,4484.7,4495.9,1,0,0,0,4514.112878446138,4467.387121553862,4502.849739152975,4514.712459207633,4490.987019098317,11.541918964091606,1111,1192.9935515911682,1850.9854910801282,162.7096136325502,0,0,0,0
1779872400,4495.7,4495.8,4486.9,4487.9,0,1,0,0,4512.8405299856995,4469.8594700143,4502.48278010257,4514.363399085716,4490.602161119425,11.360353323799348,922,1102.6623677274454,1789.4903273867521,81.20967906465282,0,0,0,0
1779874200,4488.6,4492,4485.1,4489.1,1,0,0,0,4508.562634986721,4468.53736501328,4502.235949408808,4514.15014482103,4490.321753996585,11.041756657813654,581,928.7749118182969,1653.993551591168,94.17325380488273,0,0,0,0
1779876000,4489,4489.4,4474.9,4475.6,0,1,0,0,4506.333161059098,4457.966838940902,4501.341056970847,4513.8058731240335,4488.87624081766,11.288774039398392,1355,1070.849941212198,1393.1623677274454,-17.677592394720875,0,0,0,1
1779877800,4475.2,4475.9,4439.7,4443.5,0,1,0,0,4495.502220983447,4420.0977790165525,4496.2044163508335,4515.19402022316,4477.214812478507,13.068147322298495,4012,2051.233294141465,1606.274911818297,-321.4631872469422,0,0,0,0
1779879600,4444.1,4450.8,4436.5,4438.2,0,1,0,0,4470.5342051989155,4416.765794801085,4493.464857087727,4515.462200325771,4471.467513849683,13.156136799277188,2002,2034.8221960943101,3076.849941212198,-314.09940498031307,0,0,0,0
1779881400,4438.4,4442,4422.1,4425.8,0,1,0,0,4462.456761970422,4401.643238029578,4489.421682573347,4515.755300100463,4463.088065046232,13.637841313614505,2702,2257.214797396207,3052.233294141465,-389.1469843444877,0,0,0,0
1779883200,4425.9,4463.8,4424.8,4452.2,1,0,0,0,4486.974136115392,4401.625863884608,4486.28796510528,4513.958161803121,4458.617768407439,15.449424076927755,3379,2631.143198264138,3385.82219609431,-72.30751150154987,0,0,0,0
1779885000,4454,4457.3,4435.3,4436.6,0,1,0,0,4481.175983535721,4411.42401646428,4484.278383422133,4512.789075158697,4455.767691685568,15.917322357147201,2234,2498.762132176092,3946.714797396207,-194.0663666893746,0,0,0,0
1779886800,4436.1,4437,4398.4,4401.5,0,1,0,0,4463.3062704260265,4372.093729573973,4476.840773848402,4511.6099398494525,4442.0716078473515,17.537513617351,5537,3511.5080881173944,3748.143198264138,-592.6874788132895,0,0,0,0
1779888600,4401.2,4432.5,4400.5,4424.7,1,0,0,0,4460.355822538453,4372.644177461547,4470.343400058501,4507.821772641822,4432.865027475181,18.570548358968786,6812,4611.672058744929,5267.262132176092,23.981824934816586,0,0,1,0
1779890400,4425.9,4454.3,4424.2,4444.2,1,0,0,0,4483.391120928564,4395.108879071436,4468.490539359429,4505.468332240224,4431.512746478634,19.394080619042466,4056,4426.448039163286,6917.5080881173935,287.96737656612663,0,0,0,0
1779892200,4443.5,4448.2,4431.9,4432.3,0,1,0,0,4476.959612290809,4403.140387709191,4467.466091557395,4504.248398928291,4430.683784186499,19.173074860539447,2201,3684.6320261088576,6639.672058744929,126.93262949294831,0,0,0,0
1779894000,4432.1,4436.8,4426.7,4434.6,1,0,0,0,4464.5874971271805,4398.9125028728195,4466.283557726216,4502.980056077413,4429.587059375019,18.524998084786656,2347,3238.7546840725718,5526.948039163286,191.68061548944343,0,0,0,0
1779895800,4435,4440.3,4429.4,4435.1,1,0,0,0,4467.270533046667,4402.429466953333,4465.437843491176,4501.990598019452,4428.8850889629,17.98035536444479,1913,2796.836456048381,4858.132026108858,190.1340487558411,0,0,0,0
1779897600,4434.8,4446.3,4432.5,4445.8,1,0,0,0,4472.822637829048,4405.977362170952,4465.010439258592,4501.3731813302875,4428.647697186896,17.681758552698746,1291,2294.8909706989207,4195.254684072572,282.70734544222773,0,0,0,0
1779899400,4445.1,4452,4443.6,4449.3,1,0,0,0,4477.528163698402,4418.0718363015985,4464.682360954591,4500.760939298269,4428.603782610913,17.018775798934524,1446,2011.9273137992805,3442.336456048381,327.42222769234945,0,0,0,0
1779901200,4449.6,4450,4439.7,4448.1,0,1,0,0,4474.808294862802,4414.891705137198,4464.226830496124,4499.981152653026,4428.472508339223,16.538863241867784,1834,1952.6182091995204,3017.8909706989207,268.45387156657637,0,0,0,0
1779903000,4448.5,4453.1,4448.5,4448.6,1,0,0,0,4476.671988086888,4424.928011913113,4464.015250337117,4499.54300652564,4428.487494148595,15.714658724591514,1145,1683.412139466347,2928.9273137992805,245.97275838851888,0,0,0,0
1779904800,4448.3,4457,4446,4454,1,0,0,0,4480.066846080681,4422.933153919319,4463.855121093163,4499.164675079753,4428.545567106573,15.377897387120692,1065,1477.2747596442314,2525.1182091995206,275.50490387809504,0,0,0,0
1779906600,4454.6,4454.9,4450,4452.4,0,1,0,0,4476.844214217775,4428.055785782225,4463.749237033825,4498.911785612967,4428.586688454683,14.629476145183475,727,1227.1831730961542,2215.912139466347,215.03862095115977,0,0,0,0
1779908400,4453,4453.4,4447.9,4449.7,0,1,0,0,4474.366056059363,4426.933943940637,4463.629704989025,4498.657952663527,4428.601457314524,13.977370706241798,705,1053.1221153974361,1840.7747596442314,155.15302248192938,0,0,0,0
1779910200,4449.7,4453.6,4447.7,4450,1,0,0,0,4473.7006234836945,4427.599376516306,4463.5387766286785,4498.463200946614,4428.614352310743,13.400415655795994,549,885.0814102649574,1579.6831730961542,147.66582238907642,0,0,0,0
1779912000,4449.7,4457.4,4448.6,4453.7,1,0,0,1,4477.007721806287,4428.992278193713,4463.487042217171,4498.331306933208,4428.642777501133,13.0718145375248,402,724.0542735099716,1327.6221153974361,155.0964412038192,0,0,0,0
1779913800,4453.7,4455.2,4449.9,4455.2,1,0,0,0,4473.975027391552,4431.124972608447,4463.435829357585,4498.1986023645695,4428.673056350601,12.516684927701613,410,619.3695156733144,1086.0814102649574,153.8001150506301,0,0,0,0
1779919200,4487.7,4502.4,4479.1,4490.3,1,0,0,0,4524.891096863584,4456.608903136416,4490.599999999999,4490.599999999999,4490.599999999999,14.994064575722915,2873,1370.5796771155428,929.0542735099716,170.91520988711906,0,0,0,0
1779921000,4490.1,4493,4485.2,4488.1,0,1,0,0,4514.720304230471,4463.479695769529,4489.807814456085,4490.71598967594,4488.89963923623,14.480202820314148,2186,1642.3864514103618,2055.8695156733143,100.78721864511935,0,0,0,0
1779922800,4487.7,4488.5,4479.3,4481.1,0,1,0,0,4509.654568214009,4458.145431785992,4487.423190831831,4490.76451094937,4484.081870714292,14.103045476005983,2707,1997.2576342735745,2463.579677115543,-87.05629187230346,0,0,0,1
1779924600,4481.1,4484.4,4474.2,4477.5,0,1,0,0,4505.1363847701505,4453.463615229849,4484.452742866848,4489.3975280532595,4479.507957680436,13.824256513434113,4010,2668.171756182383,2995.8864514103616,-190.05559139582093,0,0,0,0
1779926400,4477.8,4484.9,4474.6,4477.2,0,1,0,0,4505.258785857997,4454.241214142003,4483.013556869652,4487.915982254634,4478.11113148467,13.572523905331623,4120,3152.1145041215887,4002.2576342735747,-162.1419567145699,0,0,0,0
1779928200,4477.2,4488.6,4473.9,4487.6,1,0,0,0,4509.079586868141,4453.420413131859,4483.087633392987,4487.447972936825,4478.72729384915,13.653057912093702,4220,3508.0763360810593,4728.1717561823825,165.19839367185367,0,0,1,0
1779930000,4487.6,4489.7,4447.6,4449.9,0,1,0,0,4513.227473520416,4424.072526479584,4475.311157648713,4485.906866627602,4464.715448669824,15.684982346944112,12116,6377.38422405404,5262.114504121589,-870.6405850873766,0,0,0,1
1779931800,4449.8,4457.4,4437.3,4440.6,0,1,0,0,4481.4005111261,4413.2994888738995,4468.116664696937,4483.9636360222585,4452.269693371615,16.00034075073378,10075,7609.922816036026,9566.07633608106,-1122.2488204291762,0,0,0,0
1779933600,4440.5,4443.3,4427,4436.7,0,1,0,0,4467.332617474237,4402.967382525763,4462.126886901549,4481.186351588939,4443.06742221416,16.021744982824238,9577,8265.615210690685,11414.88422405404,-1095.785745726454,0,0,0,0
1779935400,4436.7,4441,4422.7,4424.6,0,1,0,0,4465.276716226077,4398.423283773923,4457.682410445151,4478.645050505721,4436.71977038458,16.18447748405109,8163,8231.410140460457,12398.422816036027,-1364.2995675207135,0,0,0,0
1779937200,4424.4,4428.2,4411.8,4417.5,0,1,0,0,4452.499807924214,4387.500192075786,4452.431749250869,4475.972996532293,4428.890501969445,16.199871949475988,9478,8646.940093640305,12347.115210690685,-1441.100201335845,0,0,0,0
1779939000,4417.7,4417.8,4398.1,4404.8,0,1,1,0,4442.474821643913,4373.425178356088,4446.278947935844,4473.141417272161,4419.416478599528,16.449881095941976,10863,9385.626729093538,12970.410140460459,-1787.725365511915,0,0,0,0
1779940800,4404.4,4411.6,4395.8,4398,0,1,0,0,4436.205191526491,4371.1948084735095,4442.581204496808,4471.083859517724,4414.078549475892,16.40346101766042,7289,8686.751152729024,14078.440093640307,-1666.4447647829602,0,0,0,0
1779942600,4398.2,4404.6,4397.3,4402,1,0,0,0,4428.22982070317,4373.670179296831,4440.591041562633,4469.770334331227,4411.411748794039,15.75321380211326,4441,7271.500768486017,13030.126729093536,-1060.7041729494233,0,0,0,0
1779944400,4402.3,4408.8,4396.1,4407.4,1,0,0,0,4432.102690652943,4372.797309347057,4438.656481795597,4468.20549841821,4409.107465172984,15.535127101962301,5157,6566.667178990678,10907.251152729024,-582.0900874702995,0,0,0,0
1779946200,4407.6,4425.2,4403.7,4417.3,1,0,0,0,4449.141784177733,4379.758215822267,4436.708438198578,4465.717342819143,4407.699533578013,15.961189451822136,8893,7342.1114526604515,9850.000768486017,-5.176671572387249,0,0,0,0
1779948000,4417.3,4419.7,4403.6,4410,0,1,0,0,4443.656656736466,4379.643343263534,4435.020645674048,4463.768293201002,4406.272998147094,15.971104490977657,7491,7391.740968440301,11013.167178990678,-231.7537987551127,0,0,0,0
1779949800,4409.9,4415,4406.5,4413.4,1,0,0,0,4438.15618125529,4383.34381874471,4434.32468621509,4462.9188584301055,4405.730514000074,15.437454170193538,3486,6089.827312293534,11087.61145266045,39.69971096727261,0,0,1,0
1779951600,4413.5,4426.1,4413.5,4422.1,1,0,0,0,4448.962882594198,4390.637117405802,4433.638749202435,4461.671385402687,4405.6061130021835,15.24192172946548,6147,6108.884874862356,9134.740968440301,520.4140954498794,0,0,0,0
1779953400,4422.4,4423.5,4412.4,4417.5,0,1,0,0,4445.919105266041,4389.980894733959,4433.001076306721,4460.63953325999,4405.362619353453,14.946070177360827,5172,5796.589916574904,9163.327312293533,299.23386932457976,0,0,0,0
1779955200,4417.2,4424.6,4415.9,4419,1,0,0,0,4446.349883461325,4394.150116538675,4432.612230339017,4459.9306431007035,4405.29381757733,14.499922307549392,3909,5167.393277716603,8694.884874862357,407.6885128499531,0,0,0,0
1779957000,4419.1,4424.8,4415.5,4416.6,0,1,0,0,4445.992748928373,4394.307251071627,4432.30470764876,4459.389363155888,4405.220052141633,14.128499285581592,3052,4462.262185144402,7751.089916574904,340.0053030563115,0,0,0,0
1779958800,4416.4,4429.1,4415.9,4426.4,1,0,0,0,4450.19326686206,4394.80673313794,4432.046872978708,4458.757642576133,4405.3361033812835,14.062177908040102,4234,4386.174790096268,6693.393277716603,661.3929954503803,0,0,0,0
1779960600,4426.2,4427,4419.7,4423.9,0,1,0,0,4447.368747800484,4399.331252199516,4431.8213051257035,4458.211290269955,4405.431319981452,13.579165200322965,3801,4191.116526730845,6579.262185144402,504.3994948180847,0,0,0,0
1779962400,4424,4434.5,4421.9,4431.4,1,0,0,0,4454.763837243307,4401.636162756693,4431.739965222008,4457.710295640134,4405.769634803883,13.509224828871352,4718,4366.744351153897,6286.674790096267,746.2226507134563,0,0,0,0
1779964200,4431.3,4432.7,4405.3,4413.7,0,1,0,0,4454.452134583071,4383.547865416929,4431.02664638959,4456.543948348283,4405.509344430896,14.501423055380515,7663,5465.496234102598,6550.116526730845,214.4465934218622,0,0,0,0
1779966000,4413.1,4421,4411.8,4415,1,0,0,0,4442.184124969995,4390.615875030006,4430.624214602461,4455.9161832541995,4405.332245950722,14.12274997999618,4269,5066.664156068398,8198.244351153897,325.38641779568513,0,0,0,0
1779967800,4415.2,4420.8,4410.9,4418.1,1,0,0,0,4441.5316874721375,4390.168312527862,4430.189398001609,4455.2045808316825,4405.174215171536,13.821124981425063,5123,5085.442770712266,7599.996234102598,471.80837623626,0,0,0,0
1779969600,4418,4423.6,4409.6,4415.2,0,1,0,0,4444.350852652699,4388.849147347301,4429.649985159492,4454.32864812861,4404.971322190373,13.83390176846613,6594,5588.295180474844,7628.164156068398,322.6559561369422,0,0,0,0
1779971400,4415,4464.4,4413.3,4462,1,0,0,0,4489.143648891792,4388.556351108208,4431.43817692584,4455.348642234822,4407.527711616857,16.495765927861367,20310,10495.530120316562,8382.442770712265,2080.259557659424,0,0,0,0
1779973200,4462.2,4469.2,4455,4458.8,0,1,0,0,4493.69767397095,4430.50232602905,4433.824259474563,4458.122578562957,4409.52594038617,16.33178264729983,16870,12620.353413544373,15743.295180474843,1361.3959026418136,0,0,0,0
1779975000,4459,4464.5,4448,4460.6,1,0,0,0,4489.015697258739,4423.484302741261,4435.56119695659,4459.766782729733,4411.355611183447,16.343798172492697,16398,13879.568942362916,18930.530120316558,1295.392536817027,0,0,0,0
1779976800,4460.3,4504.8,4450.5,4491.8,1,0,0,0,4533.382433168829,4421.917566831171,4441.423528498636,4468.856137337691,4413.990919659582,19.05495544588609,32274,20011.045961575277,20819.353413544373,2844.307527176279,0,0,0,0
1779978600,4491.8,4511.3,4483.2,4500.3,1,0,0,0,4540.851545085342,4453.648454914658,4445.751068612794,4476.12406567052,4415.378071555068,19.70103005689425,21234,20418.69730771685,30016.568942362916,2930.279523907303,0,0,0,0
1779980400,4500.5,4513,4499.2,4507,1,0,0,0,4541.91929186496,4470.28070813504,4447.876410348669,4479.728779543885,4416.024041153453,19.279527909973243,10129,16988.79820514457,30628.045961575277,2824.522545650204,0,0,0,0
1779982200,4506.9,4515.4,4506.9,4512.8,1,0,0,0,4543.1643424460335,4479.135657553966,4449.520590862362,4482.545896857837,4416.495284866887,18.50956163068944,7643,13873.532136763046,25483.19730771685,2768.871569072774,0,1,0,0
1779984000,4512.9,4533.6,4507.6,4530.9,1,0,0,0,4562.166889414175,4479.033110585826,4452.689734205974,4488.332138639957,4417.047329771991,19.04459294278305,13179,13642.021424508697,20810.29820514457,3063.460583120578,0,0,0,0
1779985800,4531.4,4541.9,4528.1,4541.6,1,0,0,0,4569.904968741733,4500.095031258267,4455.078916454204,4492.903093909187,4417.2547389992205,18.669979161155634,9015,12099.680949672465,20463.032136763046,3050.809102146133,0,0,0,0
1779987600,4541.9,4546.4,4531.5,4532.4,0,1,0,0,4574.001042403038,4503.898957596962,4457.262252927028,4496.835155545097,4417.68935030896,18.40069493535878,8757,10985.45396644831,18149.521424508697,1867.1164782334708,0,1,0,0
1779989400,4532.6,4540.3,4532.6,4539.4,1,0,0,0,4566.7759679456785,4506.124032054322,4458.181435229326,4498.441922044116,4417.920948414536,17.650645297118906,3800,8590.302644298874,16478.180949672467,1729.970698991877,0,0,0,0
1779991200,4539.2,4547.4,4535.7,4537,0,1,0,0,4573.238398806701,4509.861601193298,4459.725627795589,4501.130190764888,4418.321064826291,17.225599204467542,6373,7851.201762865916,12885.45396644831,1177.6534091490844,0,0,0,0
1779993000,4537.1,4537.2,4529.2,4532.2,0,1,0,0,4562.049941749079,4504.3500582509205,4460.786320088687,4502.809308479527,4418.763331697846,16.56662783271986,4971,6891.134508577277,11776.802644298874,545.4226535333751,0,0,0,0
1779994800,4532.1,4534.6,4529.2,4530.8,0,1,0,0,4558.253517338431,4505.546482661569,4461.327843268949,4503.641344375619,4419.01434216228,15.769011558954194,2644,5475.423005718185,10336.701762865916,252.7016196848383,0,0,0,0
1779996600,4530.9,4533.3,4527.9,4528.7,0,1,0,0,4555.842551814258,4505.357448185742,4461.947924729302,4504.567577639884,4419.32827181872,15.02836787617179,3149,4699.94867047879,8213.134508577277,-48.535738948903145,0,0,0,1
1779998400,4528.7,4531.6,4525.7,4530.1,1,0,0,0,4553.164512398954,4504.135487601046,4462.438132247332,4505.285255593086,4419.591008901578,14.376341599302416,2562,3987.2991136525266,7049.923005718185,-115.9200948637615,0,0,0,0
1780000200,4530,4531.7,4525.9,4527.3,0,1,0,0,4552.345618656171,4505.254381343829,4462.893935965821,4505.940224316553,4419.847647615088,13.763745770780828,2447,3473.866075768351,5980.94867047879,-334.4097085282276,0,0,0,0
1780005600,4527.7,4530.9,4522.1,4526.3,0,1,0,0,4551.013788752159,4501.986211247841,4526.433333333333,4526.433333333333,4526.433333333333,13.40919250143929,2273,3073.5773838455675,5210.799113652527,-437.07543652427114,0,0,0,0
1780007400,4526.6,4527.3,4521.2,4521.6,0,1,0,0,4546.630660984148,4501.869339015852,4525.292228360958,4526.774546823397,4523.8099098985185,12.887107322765079,1347,2498.0515892303783,4610.366075768351,-587.5866325396603,0,0,0,0
1780009200,4521.8,4528.6,4521.6,4523.1,1,0,0,0,4547.299899485281,4502.90010051472,4524.992944564435,4526.257502942415,4523.728386186454,12.466599656853289,1936,2310.701059486919,3747.0773838455675,-568.5139495980575,0,0,0,0
1780011000,4522.9,4527,4519.1,4525.6,1,0,0,0,4545.210620950617,4500.889379049383,4524.568545634703,4525.691885221376,4523.44520604803,12.140413967078029,3527,2716.134039657946,3466.0515892303783,-469.4233709052678,0,0,0,0
1780012800,4525.9,4531.4,4522.6,4530.3,1,0,0,0,4549.2527194541435,4504.7472805458565,4525.878656509695,4527.803223265182,4523.954089754208,11.901812969429546,5357,3596.422693105297,4074.201059486919,-246.77905799772702,0,0,0,0
1780014600,4530.4,4530.8,4523.3,4526.4,0,1,0,0,4548.181096635992,4505.918903364009,4526.068405282433,4527.8327503905975,4524.304060174268,11.587397757327436,3582,3591.615128736865,5394.634039657945,-495.23884046494584,0,0,0,0
1780016400,4526.5,4551.3,4521.7,4535.7,1,0,0,1,4570.6110183048495,4502.3889816951505,4530.158108376998,4535.325926759997,4524.990289993999,12.874012203232644,12132,6438.4100858245765,5387.422693105297,-159.9004756598963,0,0,0,0
1780018200,4535.5,4538.7,4531,4536.8,1,0,0,0,4557.4566598545025,4512.243340145497,4530.990750797828,4536.118929017984,4525.862572577672,12.504439903001726,5568,6148.273390549718,9657.615128736865,-151.6776581548968,0,0,0,0
1780020000,4536.7,4541.5,4531.6,4533.4,0,1,0,0,4559.977612722038,4513.122387277962,4531.452168668643,4536.499438908728,4526.404898428558,12.31840848135872,4072,5456.182260366479,9222.410085824577,-360.04665114035663,0,0,0,0
1780021800,4533.4,4538.5,4528.2,4532.1,0,1,0,0,4556.761354670464,4509.938645329536,4531.58686921759,4536.417972249023,4526.755766186157,12.174236446975968,3981,4964.454840244319,8184.273390549718,-447.0033543785262,0,0,0,0
1780023600,4532.1,4532.3,4525,4527.1,0,1,0,0,4550.039115051145,4507.260884948855,4531.265268973138,4535.974128821387,4526.556409124888,11.82607670076341,4495,4807.9698934962125,7446.682260366479,-757.1575136792127,0,0,0,0
1780025400,4527.5,4532.2,4525.2,4531.4,1,0,0,0,4549.422035404635,4507.977964595365,4531.174707779911,4535.769283890071,4526.580131669751,11.481356936423166,2776,4130.646595664141,7211.954840244319,-569.6177640083257,0,0,0,0
1780027200,4531.4,4542.7,4531.2,4539.7,1,0,0,0,4559.924032875732,4513.975967124267,4531.599968201553,4536.336380611736,4526.863555791369,11.482688583821512,3464,3908.431063776094,6195.9698934962125,-323.0415165884675,0,0,0,0
1780029000,4540,4545.6,4538.5,4544.9,1,0,0,0,4562.354459098895,4521.745540901105,4532.186752047516,4537.4425998933575,4526.930904201675,11.16963939926286,2958,3591.620709184063,5862.646595664141,-162.89902746962957,0,0,0,0
1780030800,4544.7,4546.4,4539.5,4540.7,0,1,0,0,4562.696997734687,4523.2030022653125,4532.52757915497,4538.003006699962,4527.052151609979,10.864665156458344,2025,3069.4138061227086,5387.431063776095,-333.6840032214559,0,0,0,0
1780032600,4540.6,4547,4533.1,4545.9,1,0,0,0,4563.62221218221,4516.47778781779,4533.371792673342,4539.253324091884,4527.490261254799,11.081474788139863,5821,3986.6092040818057,4604.120709184062,-151.3623566672096,0,0,0,0
1780034400,4546,4553.7,4540.2,4547.3,1,0,0,1,4570.581339883481,4523.318660116519,4534.6438589668805,4541.512766109079,4527.774951824682,11.254226588987015,6688,4887.0728027212035,5979.913806122709,-149.8717384833741,0,0,0,0
1780036200,4547.4,4554.9,4541.8,4554.5,1,0,0,0,4571.979101320374,4524.720898679626,4535.497421818214,4543.070147346989,4527.924696289439,11.386067546916475,4124,4632.715201814136,7330.609204081806,2.0748149793221273,0,0,1,0
1780038000,4554.3,4554.8,4541.2,4544.8,0,1,0,0,4572.11630836892,4523.88369163108,4536.117453099764,4543.924063511817,4528.310842687712,11.544205579279609,4364,4543.143467876091,6949.072802721204,-371.1094533862354,0,0,0,1
1780039800,4544.4,4557.2,4543.4,4555.4,1,0,0,0,4574.758000628282,4525.841999371717,4537.249787121116,4545.811354595696,4528.688219646537,11.705333752188222,6179,5088.42897858406,6814.715201814136,77.3443237469537,0,0,1,0
1780041600,4555.2,4555.6,4543.2,4548.1,0,1,0,0,4573.232429154834,4525.567570845166,4537.878591966574,4546.615804849941,4529.1413790832075,11.754952769889103,4915,5030.61931905604,7632.643467876091,-285.66483875199924,0,0,0,1
1780043400,4547.7,4548.7,4540,4544.8,0,1,0,0,4566.005112786631,4522.694887213369,4538.0954477125915,4546.768832340424,4529.422063084759,11.536741857754153,3101,4387.412879370693,7545.928978584059,-412.13697377278106,0,0,0,0
1780045200,4545.2,4563.2,4543.3,4559.8,1,0,0,0,4581.4011761590145,4525.0988238409855,4539.242175341007,4548.666553099628,4529.817797582386,12.134117439343116,6706,5160.275252913795,6581.11931905604,47.71752711863928,0,0,1,0
1780047000,4559.5,4571.1,4555,4562.1,1,0,0,0,4589.726092147657,4536.373907852343,4540.650873826014,4551.356022340681,4529.945725311346,12.417394765104348,6468,5596.18350194253,7740.412879370693,57.72851230368883,0,0,0,0
1780048800,4562.1,4562.4,4556.5,4561.3,0,1,0,0,4580.327799851395,4538.572200148605,4541.146425258695,4552.14875245452,4530.1440980628695,11.951866567596868,2825,4672.455667961686,8394.275252913794,-68.81275189339533,0,0,0,1
1780050600,4561.6,4574.7,4561.3,4569.5,1,0,0,0,4592.782957004867,4543.217042995133,4542.335012214233,4554.454853963691,4530.215170464775,12.05530466991135,5028,4790.970445307791,7008.683501942529,143.39835810188617,0,0,1,0
1780052400,4569.5,4571.9,4557.8,4559.1,0,1,0,0,4590.202031504519,4539.497968495481,4543.200310190475,4555.76195434256,4530.63866603839,12.201354336346215,5074,4885.313630205194,7186.455667961687,-315.5312857381832,0,0,0,1
1780054200,4559.1,4569.7,4556.8,4569.2,1,0,0,0,4588.076886397053,4538.423113602947,4544.100652733221,4557.1533739459965,4531.047931520446,12.251257598035746,5146,4972.209086803463,7327.970445307792,43.61062031716176,0,0,1,0
1780056000,4569.2,4569.5,4550.3,4553.1,0,1,0,0,4588.62139451155,4531.178605488451,4544.867999980025,4557.925880285408,4531.810119674642,12.747596341033178,7570,5838.139391202309,7458.313630205194,-640.0882494594782,0,0,0,1
1780057800,4553,4554.9,4543.2,4553.9,1,0,0,0,4573.909152046439,4524.1908479535605,4545.255112826105,4557.9523633436975,4532.557862308512,12.672768030959366,9550,7075.426260801539,8757.209086803463,-526.782406309705,0,0,0,0
1780059600,4553.7,4559.8,4547.4,4558.7,1,0,0,0,4578.779926900265,4528.4200730997345,4545.829804327338,4558.377267355169,4533.282341299507,12.653284600176592,8681,7610.617507201026,10613.139391202309,-170.53363315552485,0,0,0,0
1780061400,4559,4571.2,4552.9,4567.3,1,0,0,0,4590.7849321216745,4533.315067878325,4547.199461193774,4560.167736268626,4534.231186118923,13.056621414449706,12519,9246.745004800683,11415.926260801538,325.9779868967963,0,0,1,0
1780063200,4567.5,4583.8,4556.9,4561,0,1,0,1,4604.8681512558405,4535.831848744159,4549.425977015226,4563.178570581615,4535.673383448837,14.045434170560481,20537,13010.163336533788,13870.117507201025,-272.4938366505057,0,0,0,1
1780065000,4560.7,4603.3,4556,4595.1,1,0,0,0,4627.931140451852,4531.368859548148,4552.834298000247,4569.563314024316,4536.105281976178,16.420760301234747,19703,15241.108891022524,19515.24500480068,1056.3723227288642,0,0,1,0
1780066800,4595.7,4627.3,4595.5,4609.6,1,0,0,0,4653.62177327672,4569.17822672328,4559.25196440401,4583.328787416392,4535.175141391629,17.547848851146536,25459,18647.072594015015,22861.663336533788,1831.3231885900054,0,0,0,0
1780068600,4609.5,4614.7,4587.4,4602.1,0,1,0,0,4642.0666466140965,4560.033353385903,4561.72363828893,4587.09617574323,4536.3511008346295,18.244431076064654,14325,17206.381729343342,27970.608891022523,1038.1926094402277,0,0,0,0
1780070400,4602.1,4603.2,4590.6,4593.8,0,1,0,0,4629.961886141661,4563.838113858339,4562.634583406382,4588.263910771212,4537.0052560415525,17.841257427774284,6696,13702.921152895562,25809.572594015015,334.6317449961998,0,0,0,0
1780072200,4593.9,4604.6,4591.5,4597.5,1,0,0,0,4630.8538942744,4565.2461057256005,4563.559610303446,4589.4700577865915,4537.6491628203,17.502596182933292,6767,11390.947435263708,20554.381729343342,348.57157312449294,0,0,0,0
1780074000,4597.9,4599.3,4590.8,4592.6,0,1,0,0,4624.589330397657,4565.510669602343,4564.108254932369,4590.105776862427,4538.1107330023115,16.85955359843806,4694,9158.63162350914,17086.421152895564,-92.7879658748476,0,0,0,1
1780075800,4592.7,4593.1,4582.4,4584.5,0,1,0,0,4617.729378226396,4557.770621773604,4564.565053990251,4590.493436405683,4538.636671574819,16.419585484263965,5424,7913.75441567276,13737.94743526371,-567.6968926487267,0,0,0,0
1780077600,4584.2,4591.5,4583.2,4590.5,1,0,0,0,4615.259422638796,4559.440577361203,4564.881927264064,4590.781649949211,4538.982204578917,15.839615092530838,3609,6478.836277115173,11870.63162350914,-302.18949848019236,0,0,0,0
1780079400,4590.5,4592.7,4581.4,4584.5,0,1,0,0,4615.973035307454,4558.126964692546,4565.148381847591,4590.99447750846,4539.302286186722,15.515356871635792,3436,5464.557518076782,9718.25441567276,-512.9529324867294,0,0,0,0
1780081200,4584.4,4591.7,4583.5,4586.5,1,0,0,0,4614.189247071206,4561.010752928793,4565.352384985493,4591.165439858145,4539.539330112841,14.99283138080465,2563,4497.371678717855,8196.836277115173,-447.8347020665933,0,0,0,0
1780083000,4586.4,4587.7,4574.2,4577.2,0,1,0,0,4610.029300851835,4551.870699148165,4565.562612796573,4591.243787604852,4539.881437988295,14.886200567890032,4126,4373.581119145237,6746.057518076782,-717.8948561077111,0,0,0,0
1780084800,4577,4581.1,4573.4,4574.3,0,1,0,0,4602.65935079099,4551.84064920901,4565.647500957105,4591.244255766204,4540.050746148006,14.372900527326511,2251,3666.054079430158,6560.371678717855,-742.8122943435598,0,0,0,0
1780086600,4574,4575.8,4566.2,4569.7,0,1,0,0,4596.847968591634,4545.152031408366,4565.689308066253,4591.1810594708295,4540.197556661677,14.03197906108893,2433,3255.0360529534387,5499.081119145237,-786.2190324160197,0,0,0,0
1780264800,4574.5,4584.6,4548.1,4563.6,0,1,0,0,4608.0552565493745,4524.644743450626,4565.433333333333,4565.433333333333,4565.433333333333,15.636837699582577,7256,4588.690701968959,4882.554079430158,-917.4590106512401,0,0,0,0
1780266600,4563.6,4571.3,4560.7,4565.8,1,0,0,0,4594.215595367276,4537.784404632724,4565.597438508779,4565.8322194384045,4565.362657579154,15.277063578183846,3545,4240.7938013126395,6883.036052953438,-745.0012949960746,0,0,0,0
1780268400,4566,4576.3,4565.8,4575.7,1,0,0,0,4598.703767126756,4543.396232873244,4567.317880671369,4570.339330666429,4564.296430676308,14.935844751170714,3518,3999.8625342084265,6361.190701968959,-362.6713450294184,0,0,0,0
1780270200,4575.6,4576.9,4568.8,4570.3,0,1,0,0,4598.57135518913,4547.128644810869,4568.376039639639,4571.677659856155,4565.074419423124,14.447570126087054,4181,4060.241689472284,5999.7938013126395,-611.531053404184,0,0,0,0
1780272000,4570.4,4577.4,4568.1,4573.9,1,0,0,0,4598.519829818478,4546.980170181522,4569.251455539872,4572.757601042682,4565.745310037062,14.079886545652213,4172,4097.494459648189,6090.362534208426,-405.09511880893933,0,0,0,0
1780273800,4573.8,4575.7,4565.7,4571.3,0,1,0,0,4596.382699117158,4545.0173008828415,4569.539247096515,4572.785573057332,4566.292921135699,13.788466078105627,4795,4329.996306432126,6146.241689472284,-494.44336444623457,0,0,0,0
1780275600,4571.3,4572.4,4556.5,4559.6,0,1,0,0,4593.308934894504,4535.5910651054955,4568.034862048516,4572.034803095828,4564.034921001204,13.939289929669485,7944,5534.664204288084,6494.994459648189,-1001.0048226804727,0,0,0,0
1780277400,4559.7,4565.2,4554.5,4556.2,0,1,0,0,4585.761868116325,4533.938131883675,4566.924557733337,4571.753200805702,4562.095914660971,13.707912077550223,4742,5270.442802858723,8301.996306432125,-1003.0357129761928,0,0,0,0
1780279200,4556.2,4565.5,4555.1,4561.2,1,0,0,0,4585.7074489651595,4534.892551034841,4566.366217085594,4571.313636309638,4561.41879786155,13.471632643439467,3888,4809.628535239149,7905.664204288084,-675.9264953003596,0,0,0,0
1780281000,4561.3,4561.8,4551.6,4552.1,0,1,0,0,4581.65691689622,4531.743083103781,4565.262239460739,4571.025005019546,4559.499473901931,13.237944597479492,4816,4811.7523568260995,7214.442802858723,-989.0190709001907,0,0,0,0
1780282800,4551.8,4556.2,4543.7,4550.9,0,1,1,0,4575.977851403632,4523.922148596368,4563.658713388292,4570.809431192162,4556.507995584422,13.1852342690881,5850,5157.834904550733,7217.62853523915,-868.3719295458359,0,0,0,0
1780284600,4550.9,4554.8,4540.3,4546.8,0,1,0,0,4574.718719160515,4520.381280839485,4562.418185913462,4570.542824243456,4554.293547583468,13.279146107010378,4489,4934.889936367155,7736.7523568260995,-843.7399320325526,1,0,0,0
1780286400,4546.8,4550.2,4542.9,4546.1,0,1,0,0,4569.478096363336,4523.621903636664,4561.598149276059,4570.263798557715,4552.932499994404,12.852064242223936,3194,4354.593290911437,7402.334904550733,-727.1783923300818,0,0,0,0
1780288200,4546.3,4547.7,4537.7,4544.5,0,1,0,0,4566.672518051669,4518.727481948331,4560.656465729127,4570.014521930912,4551.298409527342,12.648345367779369,3385,4031.3955272742915,6531.889936367155,-655.5823824080464,0,0,0,0
1780290000,4544.8,4553.8,4543.8,4550.7,1,0,0,0,4572.488766762264,4525.111233237736,4560.1292710491625,4569.568465870515,4550.69007622781,12.459177841509414,3242,3768.2636848495276,6047.093290911437,-355.37059050227816,0,0,0,0
1780291800,4550.5,4555.4,4542.9,4548.1,0,1,0,0,4574.093140564959,4524.20685943504,4559.4124173780865,4568.955388344803,4549.86944641137,12.462093709973027,4662,4066.1757898996852,5652.395527274291,-372.27846651311035,0,0,0,0
1780293600,4548.2,4548.9,4535.1,4544.7,0,1,0,0,4567.736487667462,4516.263512332538,4558.104119021733,4568.289617050569,4547.918620992897,12.557658444974903,6340,4824.1171932664565,6099.263684849528,-450.5338471131565,0,0,0,0
1780295400,4544.8,4545.1,4529.1,4531.7,0,1,0,0,4564.3053099769295,4509.894690023071,4556.554750034944,4567.9401427891435,4545.169357280744,12.803539984619553,5833,5160.411462177638,7236.175789899685,-809.2140746804115,0,0,0,0
1780297200,4531.6,4540,4530.7,4533.9,1,0,0,0,4558.829930692863,4511.870069307137,4555.490777313795,4567.541147319893,4543.440407307697,12.553287128575311,4429,4916.607641451758,7740.6171932664565,-543.6834466941491,0,0,0,0
1780299000,4533.8,4537.8,4522.3,4533.1,0,1,0,0,4556.945649929087,4503.154350070913,4553.936184114999,4567.032806406554,4540.8395618234445,12.76376661939136,6137,5323.4050943011725,7374.911462177637,-452.51945179080303,0,0,0,0
1780300800,4533,4534.6,4519.7,4525.6,0,1,0,0,4553.97453207701,4500.32546792299,4552.607544153922,4566.667598564024,4538.547489743821,12.916354718006302,4932,5192.936729534115,7985.107641451759,-579.3993912599798,0,0,0,0
1780302600,4525.7,4532.2,4522.2,4527.8,1,0,0,0,4551.26206550008,4503.1379344999195,4551.692876024571,4566.278209321323,4537.107542727819,12.708043666720139,3816,4733.95781968941,7789.405094301173,-372.98563765699583,0,0,0,0
1780304400,4527.7,4536,4526.1,4526.2,0,1,0,0,4554.761203678646,4507.3387963213545,4550.98365753143,4565.857726054095,4536.109589008765,12.507469119097246,3461,4309.638546459607,7100.936729534114,-326.8133838290915,0,0,0,0
1780306200,4526.2,4528.8,4518.1,4525.6,0,1,0,0,4547.367546273029,4499.532453726972,4549.7527229556235,4565.32762485776,4534.177821053487,12.378364182018858,5226,4615.092364306404,6464.457819689411,-265.12589897164463,0,0,0,0
1780308000,4525.8,4533.5,4525.8,4530.8,1,0,0,0,4551.58772153924,4507.71227846076,4549.303685647091,4564.978724893701,4533.628646400481,12.058481026160342,2653,3961.06157620427,6922.638546459606,-23.345360573510845,0,0,0,0
1780309800,4531,4540.7,4530.4,4533.9,1,0,0,0,4558.599312857866,4512.500687142134,4548.813881313361,4564.436274185506,4533.191488441216,11.932875238577472,4131,4017.707717469513,5941.592364306405,121.30037006665609,0,0,1,0
1780311600,4533.9,4543.1,4529.5,4540.6,1,0,0,0,4561.177933368019,4511.422066631982,4548.430120967204,4563.912739960871,4532.947501973537,12.051955578679108,4328,4121.138478313009,6026.56157620427,329.5569637678125,0,0,0,0
1780313400,4540.7,4542.2,4535.4,4535.9,0,1,0,0,4559.715223841731,4517.884776158268,4548.164333229312,4563.541098835458,4532.787567623167,11.676815894487756,3215,3819.092318875339,6181.707717469513,82.97180658831357,0,0,0,0
1780315200,4535.8,4540,4527.5,4535.5,0,1,0,0,4557.603422138751,4509.896577861249,4547.499746750835,4562.791373344356,4532.208120157314,11.735614759167202,6470,4702.728212583559,5728.638478313009,80.2354950147388,0,0,0,0
1780317000,4535.6,4540.9,4527.3,4531.7,0,1,0,0,4558.7031777002685,4509.496822299731,4546.775293363121,4561.995876611534,4531.554710114708,11.868785133512363,7239,5548.152141722373,7054.092318875339,-103.23916063414794,0,0,0,1
1780318800,4532.2,4533.9,4491.7,4494.5,0,1,0,0,4554.952950721678,4470.647049278322,4540.736724689037,4560.793934416985,4520.679514961089,14.03530048111861,25173,12089.76809448158,8322.228212583559,-2172.478858793229,0,0,0,0
1780320600,4494.5,4508.5,4477.5,4479.6,0,1,0,0,4531.370597098701,4454.629402901299,4535.023356770597,4560.000900846478,4510.045812694717,15.24706473246728,20531,14903.51206298772,18134.65214172237,-2657.1558609616586,0,0,0,0
1780322400,4479.5,4494.9,4477,4486,1,0,0,0,4518.0548401630795,4453.84515983692,4531.0772369360575,4558.494470665116,4503.660003206999,15.43656010871959,16410,15405.67470865848,22355.26809448158,-1544.854072851336,0,0,0,0
1780324200,4485.9,4491.3,4481.7,4488.4,1,0,0,0,4513.8294944371455,4459.1705055628545,4529.571735940162,4557.675875364106,4501.467596516219,15.019662958096788,7237,12682.783139105653,23108.51206298772,-1010.4911957809668,0,0,0,0
1780326000,4488.6,4500.4,4485,4498.6,1,0,0,0,4522.9702448344915,4462.429755165508,4528.29207919287,4556.6454770838145,4499.9386813019255,15.046829889661277,8039,11134.855426070435,19024.17470865848,-253.9746730705084,0,0,0,0
1780327800,4498.4,4510.3,4498,4504.4,1,0,0,0,4532.575941632029,4475.724058367971,4527.166440041384,4555.311008050309,4499.021872032458,14.850627754685485,10763,11010.90361738029,16702.283139105653,367.439585326636,0,0,1,0
1780329600,4504.4,4508.9,4493,4498.5,0,1,0,0,4531.288374372597,4470.611625627403,4526.354418705323,4554.4545105523275,4498.254326858319,14.925582915065068,7124,9715.269078253526,16516.355426070437,128.92067538925426,0,0,0,0
1780331400,4498.2,4512.7,4497.4,4510.3,1,0,0,0,4535.128490488841,4474.971509511159,4525.822092700527,4553.719145982092,4497.925039418961,14.952326992560433,6637,8689.179385502352,14572.903617380289,676.0377682630605,0,0,0,0
1780333200,4510.8,4513.2,4501.5,4512.8,1,0,0,0,4535.280026882495,4479.419973117505,4525.441657782301,4553.130299136663,4497.75301642794,14.720017921663246,5699,7692.452923668235,13033.769078253528,715.2605471667812,0,0,0,0
1780335000,4513.1,4525.5,4510.3,4517.3,1,0,0,0,4547.631453533745,4488.168546466255,4525.176202290592,4552.42243593318,4497.929968648004,14.754302355830145,8859,8081.301949112157,11538.679385502352,880.8958530119108,0,0,0,0
1780336800,4517.4,4520.2,4516.2,4516.5,0,1,0,0,4541.179206852763,4495.220793147237,4525.103684991317,4552.228617053679,4497.978752928955,13.986137901842278,2508,6223.534632741438,12121.952923668236,726.4288682990198,0,0,0,0
1780338600,4516.7,4518.8,4514.4,4516.5,0,0,0,0,4538.752120648995,4494.447879351005,4525.033192544127,4552.056948428448,4498.009436659806,13.301413765996442,2172,4873.023088494292,9335.301949112158,639.2244371970964,0,0,0,0
1780340400,4516.6,4518.5,4514.2,4514.5,0,1,0,0,4537.487683459781,4495.212316540219,4524.961066075184,4551.8921841788315,4498.029947971537,12.658455639853852,2056,3934.0153923295284,7309.534632741438,478.49567302434787,0,0,0,0
1780342200,4514.7,4515.6,4509.1,4511.2,0,1,0,0,4533.92784892694,4490.772151073061,4524.811107589587,4551.622323357725,4497.999891821449,12.218565951292861,3095,3654.343594886352,5901.023088494292,281.7934138664205,0,0,0,0
1780344000,4511.3,4514.5,4510.2,4513.2,1,0,0,0,4531.979431146444,4492.720568853556,4524.745486843812,4551.499226310497,4497.991747377127,11.652954097629097,1453,2920.5623965909017,5481.515392329528,336.63397116249064,0,0,0,0
1780345800,4513.1,4515.9,4511.2,4515.4,1,0,0,0,4532.63447177884,4494.46552822116,4524.673053190129,4551.349311044911,4497.996795335348,11.156314519227006,1859,2566.7082643939343,4380.843594886353,404.18562718377245,0,0,0,0
1780351200,4516,4517.8,4510.8,4511.1,0,1,0,0,4534.089152366067,4494.510847633934,4513.233333333334,4513.233333333334,4513.233333333334,10.85943491071079,2811,2648.1388429292897,3850.0623965909017,185.74763817853898,0,0,0,0
1780353000,4511.2,4516.4,4509.4,4515.5,1,0,0,0,4532.275641482775,4493.524358517224,4513.481755986317,4513.747797835647,4513.215714136986,10.583760988517161,2451,2582.4258952861933,3972.2082643939348,333.11170651872817,0,0,0,0
1780354800,4515.5,4518.3,4511.5,4517.2,1,0,0,0,4533.770238519721,4496.029761480279,4514.104149678355,4515.115642181568,4513.0926571751415,10.313492346480233,2096,2420.2839301907957,3873.63884292929,358.5938897628331,0,0,0,0
1780356600,4517.3,4517.5,4507.8,4514.4,0,1,0,0,4532.904507196883,4492.395492803117,4513.817476524751,4514.74147037058,4512.893482678923,10.269671464588773,3611,2817.1892867938636,3630.4258952861937,226.0122192273677,0,0,0,0
1780358400,4514.4,4523.4,4506.2,4523.4,1,0,0,0,4539.5470423971055,4490.052957602894,4515.223842860449,4517.2181679414425,4513.229517779455,10.764694931403849,6315,3983.126191195909,4225.783930190795,528.7654479770993,0,0,0,0
1780360200,4523.1,4526.9,4510.3,4511,0,1,0,0,4543.672253654455,4493.527746345545,4515.43841089116,4517.19897262979,4513.67784915253,11.181502436303534,5903,4623.08412746394,5974.689286793864,56.26961881336672,0,0,0,0
1780362000,4510.7,4522.4,4501.9,4516.2,1,0,0,0,4540.170664107708,4484.129335892291,4514.8279933028025,4516.540924099095,4513.11506250651,11.847109405138996,10658,6634.7227516426265,6934.62619119591,344.437721243577,0,0,0,0
1780363800,4516.1,4519.6,4492.2,4503.4,0,1,0,0,4539.037045242872,4472.762954757128,4512.740815331011,4517.021477258171,4508.46015340385,12.95803016191482,9205,7491.481834428418,9952.084127463939,-93.40173262610983,0,0,0,1
1780365600,4503.6,4514.4,4501.7,4511.4,1,0,0,0,4533.809399154095,4482.290600845904,4512.329467546438,4516.514699428714,4508.144235664161,12.939599436063748,5599,6860.654556285612,11237.222751642626,275.1545348150027,0,0,1,0
1780367400,4511.7,4516.4,4503.4,4515.8,1,0,0,0,4535.815870643089,4483.984129356911,4512.288323719629,4516.285359618621,4508.291287820637,12.943913762059195,4747,6156.1030375237415,10290.981834428418,391.0708520042998,0,0,0,0
1780369200,4515.8,4528.1,4515.4,4525.1,1,0,0,1,4547.489737025726,4496.010262974274,4513.16499201319,4517.977208649785,4508.352775376596,12.92649135048359,4825,5712.402025015827,9234.154556285612,674.408725499979,0,0,0,0
1780371000,4524.9,4529.9,4523.1,4529.6,1,0,0,0,4548.6333272381735,4504.3666727618265,4514.076144973697,4519.9028492259295,4508.249440721465,12.488884825448995,3942,5122.268016677218,8568.60303752374,824.6480626584498,0,0,0,0
1780372800,4529.5,4540.8,4527.9,4535.2,1,0,0,0,4559.57737529259,4509.12262470741,4515.603423576364,4523.3810925443,4507.825754608427,12.51825019505982,4989,5077.845344451479,7683.402025015826,892.4598004148852,0,0,0,0
1780374600,4535,4548.6,4534.1,4547.7,1,0,0,0,4567.589705628834,4515.110294371167,4517.511631917952,4527.8012848412745,4507.22197899463,12.659803752555547,4937,5030.896896300986,7616.768016677219,1140.9428362851752,0,0,0,0
1780376400,4547.6,4552.2,4545.3,4549.8,1,0,0,0,4570.572583798202,4526.927416201798,4519.3629527577905,4531.801785908359,4506.924119607222,12.248389198801553,4488,4849.931264200657,7546.345344451478,1063.407767746623,0,0,0,0
1780378200,4550,4558.4,4545.8,4546.9,0,1,0,0,4576.810256384045,4527.389743615955,4521.894945654998,4536.52979485831,4507.260096451686,12.273504256029975,6810,5503.287509467104,7274.896896300986,700.537748186922,0,1,0,0
1780380000,4546.9,4564.2,4546.8,4563.1,1,0,0,0,4583.159523785184,4527.840476214816,4524.658966180471,4541.689671487127,4507.628260873815,12.639682523456381,6906,5970.858339644737,8254.931264200657,1162.3068604733558,0,0,0,0
1780381800,4563.5,4568.8,4561.8,4566,1,0,0,0,4587.155272086243,4543.444727913758,4526.622335501692,4545.397571693317,4507.847099310066,12.23684805749521,4556,5499.238893096491,8956.287509467105,1078.8910683960826,0,0,0,0
1780383600,4565.7,4572,4563.1,4564,0,1,0,0,4589.997752651511,4545.102247348489,4528.528049572066,4548.720040182668,4508.336058961465,11.998501767674098,4777,5258.492595397661,8248.858339644736,764.4438078256421,0,1,0,0
1780385400,4564.1,4565.9,4558,4565.3,1,0,0,0,4583.458627462117,4540.441372537883,4529.9987878438415,4550.950855063604,4509.046720624079,11.705751641411636,4431,4982.6617302651075,7887.738893096492,651.8988440813472,0,0,0,0
1780387200,4565.3,4569.5,4559.4,4561.2,0,1,0,0,4586.886582643395,4542.013417356605,4531.358099180156,4552.913042377424,4509.803155982889,11.591055095596545,4419,4794.774486843405,7473.992595397662,323.5155302544795,0,0,0,0
1780389000,4561.1,4563.6,4555.9,4556.8,0,1,0,0,4580.569683883153,4538.930316116847,4532.059052187478,4553.7720476819995,4510.346056692957,11.313122588768271,2847,4145.51632456227,7192.161730265107,72.70863208947787,0,0,0,0
1780390800,4556.9,4565.6,4555,4556.5,0,1,0,0,4582.493277891499,4538.106722108501,4533.259056472055,4555.200110321115,4511.318002622995,11.262185260999134,5183,4491.344216374847,6218.274486843405,-1.1177958146990932,0,0,0,1
1780392600,4556.8,4561,4550.9,4559.4,1,0,0,0,4577.768758042106,4534.1312419578935,4534.285555683324,4556.2878555458265,4512.283255820821,11.179172028070651,5242,4741.562810916565,6737.01632456227,84.04643714282656,0,0,1,0
1780394400,4559.4,4561.7,4554.1,4558.1,0,1,0,0,4578.085275324813,4537.714724675187,4534.740734206583,4556.7718067231035,4512.709661690062,10.923516883208423,2386,3956.3752072777097,7112.344216374847,-12.447308452915195,0,0,0,1
1780396200,4558.1,4563.8,4555,4562.9,1,0,0,0,4579.957755658755,4538.8422443412455,4535.239187740795,4557.344048680553,4513.134326801038,10.771837105836406,2443,3451.9168048518063,5934.562810916565,72.72214281316394,0,0,1,0
1780398000,4562.8,4564.5,4555.9,4560,0,1,0,0,4580.4250588259865,4539.974941174013,4535.737032104882,4557.895522516418,4513.578541693346,10.616705883990974,2583,3162.277869901204,5177.87520727771,-62.821011634020294,0,0,0,1
1780399800,4560.1,4560.7,4554.7,4557.1,0,1,0,0,4576.130411766987,4539.269588233013,4536.181201254952,4558.327236125186,4514.035166384718,10.286941177991618,2691,3005.1852466008027,4743.416804851806,-220.35962003080022,0,0,0,0
1780401600,4557.3,4564,4553.5,4559.1,1,0,0,0,4579.453239497917,4538.046760502083,4537.024722938254,4559.174995048322,4514.874450828186,10.30215966527793,5092,3700.790164400535,4507.777869901204,-138.5691590896236,0,0,0,0
1780403400,4558.9,4563.5,4542.9,4544.1,0,1,0,0,4580.05657953378,4526.34342046622,4537.842421482491,4559.526160455248,4516.158682509734,11.037719689186675,9086,5495.860109600357,5551.185246600802,-767.1521765701707,0,0,0,0
1780405200,4544.4,4554.4,4539.2,4540,0,1,0,0,4571.40253813851,4522.1974618614895,4538.279783284904,4559.307984832219,4517.251581737589,11.335025425673328,10213,7068.240073066904,8243.790164400536,-938.3229976672736,0,0,0,0
1780407000,4540.2,4543.9,4532,4532.4,0,1,0,0,4560.963071128616,4514.936928871383,4538.132863180012,4558.447392270929,4517.818334089094,11.375380752410921,11292,8476.16004871127,10602.360109600357,-1489.5236578693518,0,0,0,0
1780408800,4532,4536.7,4519.4,4524.7,0,1,0,0,4554.397851762286,4501.702148237713,4537.109279627159,4556.740352788855,4517.478206465463,11.79856784152444,16852,11268.106699140846,12714.240073066905,-1901.223614692079,0,0,0,0
1780410600,4525.1,4535.8,4524.2,4533.6,1,0,0,0,4553.476576636409,4506.523423363591,4536.843605986209,4556.067347641587,4517.619864330831,11.78438442427272,8680,10405.404466093898,16902.16004871127,-956.3112478284434,0,0,0,0
1780412400,4533.4,4538.4,4530.6,4535,1,0,0,0,4555.649678305236,4513.350321694764,4536.767700788005,4555.657545406086,4517.877856169924,11.499785536824616,6975,9261.936310729265,15608.106699140848,-642.9886517333401,0,0,0,0
1780414200,4535.1,4539,4528.7,4531.7,0,1,0,0,4556.121129854863,4511.5788701451365,4536.665277737294,4555.296755763318,4518.033799711269,11.414086569908585,5801,8108.29087381951,13892.904466093896,-697.7949617460159,0,0,0,0
1780416000,4531.7,4532.5,4519.3,4519.5,0,1,1,0,4549.812477722373,4501.987522277627,4536.224033193671,4554.683550780956,4517.764515606386,11.541651814915102,7291,7835.86058254634,12162.436310729265,-1191.4205793757067,0,0,0,0
1780417800,4519.7,4521.5,4515.5,4521.2,1,0,0,0,4538.218729313632,4498.781270686368,4535.832068384529,4554.250964416155,4517.413172352903,11.145819542421167,5084,6918.57372169756,11753.790873819511,-832.0651158238212,0,0,0,0
1780419600,4521.2,4522.9,4515.8,4520.7,0,1,0,0,4539.185248648372,4499.514751351628,4535.48511086004,4553.852359036809,4517.117862683271,10.856832432248186,4827,6221.382481131707,10377.86058254634,-684.823941177732,0,0,0,0
1780421400,4520.7,4521.3,4511.2,4514,0,1,0,0,4537.504159459203,4494.995840540797,4535.132153878226,4553.525823210743,4516.738484545709,10.802772972801915,4010,5484.254987421138,9332.073721697561,-778.2751122849322,0,0,0,0
1780423200,4514.3,4520.4,4513.5,4517.8,1,0,0,0,4536.1860052121165,4497.713994787883,4534.891684119357,4553.27722092356,4516.506147315154,10.524003474744609,3092,4686.8366582807585,8226.382481131706,-451.2416881519905,0,0,0,0
1780425000,4517.9,4520,4508,4517,0,1,0,0,4535.944147696966,4492.055852303034,4534.474848273438,4552.8884928666475,4516.061203680228,10.629431797977135,4926,4766.557772187172,7030.254987421138,-363.763621705382,0,0,0,0
1780426800,4517.1,4519.6,4515.3,4519.6,1,0,0,0,4534.86599429004,4500.03400570996,4534.355842623874,4552.754610847663,4515.957074400086,10.177329526693068,1728,3753.705181458115,7149.8366582807585,-160.63428704431908,0,0,0,0
1780428600,4519.3,4520.4,4512.3,4518,0,1,0,0,4535.443423269322,4497.256576730678,4534.147532059307,4552.534152898484,4515.760911220131,10.028948846214954,2860,3455.80345430541,5630.557772187172,-131.59377835300188,0,0,0,0
1780430400,4517.9,4520.8,4516,4519.5,1,0,0,0,4535.283178750085,4501.516821249915,4534.061440720749,4552.432404385097,4515.690477056401,9.655452500056755,1349,2753.535636203607,5183.7051814581155,-21.51365338994617,0,0,0,0
1780432200,4519.7,4521,4516.3,4519.1,0,1,0,0,4534.952237410794,4502.3477625892065,4533.9680443009365,4552.321343013325,4515.614745588548,9.301491607195546,1484,2330.3570908024044,4130.30345430541,8.262361718191642,0,0,1,0
1780437600,4520,4522.8,4516.3,4519.1,0,0,0,0,4536.452077595737,4502.647922404263,4519.400000000001,4519.400000000001,4519.400000000001,9.101385063824436,3146,2602.2380605349363,3495.5356362036064,9.324826396795402,0,0,0,0
1780439400,4519,4521.4,4512.7,4513.8,0,1,0,0,4535.009072053183,4499.090927946816,4517.709931138369,4519.426391741345,4515.9934705353935,9.072714702122678,3050,2751.4920403566243,3903.3570908024044,-120.39475104237533,0,0,0,1
1780441200,4514.1,4517.7,4490.4,4496.2,0,1,0,0,4533.261995477957,4474.838004522043,4508.352702115494,4516.476654207891,4500.228750023097,10.374663651971073,8379,4627.328026904416,4127.238060534936,-570.6694035316989,0,0,0,0
1780443000,4496.4,4504,4491,4502.8,1,0,0,0,4519.8432815152455,4475.1567184847545,4505.479322261838,4513.415217505739,4497.543427017938,10.56218767683028,6741,5331.8853512696105,6940.992040356625,-104.75850795950487,0,0,0,0
1780444800,4503,4511.7,4502.3,4511.6,1,0,1,0,4527.418761407013,4486.581238592987,4505.98242032393,4513.323205861046,4498.6416347868135,10.479174271342377,4204,4955.923567513074,7997.828026904415,325.4748054612586,0,0,1,0
1780446600,4511.3,4525,4509.5,4514.4,1,0,0,0,4541.256707020798,4493.243292979202,4508.166535899258,4515.928253369692,4500.404818428823,10.837804680532207,6853,5588.282378342049,7433.885351269611,441.0919124605783,0,0,0,0
1780448400,4514.3,4516.1,4491.1,4495.2,0,1,0,0,4533.874085090742,4473.325914909259,4506.229183077216,4513.639894145314,4498.818472009117,11.84939006049419,11552,7576.188252228032,8382.423567513073,-426.95207662581834,0,0,0,1
1780450200,4495.4,4505.3,4492.7,4503.8,1,0,0,0,4523.15450758426,4474.84549241574,4505.515938340823,4512.689950357734,4498.341926323911,11.903005056173203,6373,7175.125501485355,11364.282378342048,98.27526856920815,0,0,1,0
1780452000,4504.1,4509.4,4500.8,4506.8,1,0,0,0,4526.900614185383,4483.2993858146165,4505.527827122059,4512.413221378845,4498.642432865272,11.667076123589364,4307,6219.083667656903,10762.688252228032,253.33446824450283,0,0,0,0
1780453800,4507,4513.3,4500.9,4510,1,0,0,0,4530.879141743571,4483.320858256428,4505.729467035314,4512.371351780183,4499.0875822904445,11.719427829047305,4711,5716.389111771269,9328.625501485356,358.00804344903975,0,0,0,0
1780455600,4509.8,4515.7,4509.8,4511.4,1,0,0,0,4532.65563161903,4492.84436838097,4506.069678949192,4512.699164280123,4499.440193618261,11.303754412686757,3239,4890.592741180846,8574.583667656903,416.2665766465736,0,0,0,0
1780457400,4511.5,4514.3,4510.2,4512.3,1,0,0,0,4530.483800789099,4494.016199210901,4506.232412336686,4512.848900675408,4499.615923997964,10.7892005260663,1687,3822.7284941205644,7335.889111771269,409.1986582716178,0,0,0,0
1780459200,4512.5,4516.3,4505,4505,0,1,0,0,4532.538529304164,4488.761470695837,4506.331717567528,4512.8358912429285,4499.827543892128,10.825686202775865,2620,3421.818996080376,5734.092741180846,206.02367191860137,0,0,0,0
1780461000,4504.9,4505.5,4495.8,4497.3,0,1,0,0,4521.617920068152,4479.682079931848,4505.999796568698,4512.510187249849,4499.489405887547,10.74528004543472,3432,3425.212664053584,5132.728494120564,-50.444568626571595,0,0,0,1
1780462800,4497.4,4502.1,4494,4496.5,0,1,0,0,4517.934497206142,4478.165502793859,4505.574700265731,4512.183437365767,4498.965963165695,10.556331470760838,3716,3522.1417760357226,5137.818996080376,-45.07161953023501,0,0,0,0
1780464600,4496.7,4496.9,4484,4485.4,0,1,0,0,4512.985604548559,4467.91439545144,4503.967528970898,4511.963126931388,4495.971931010407,10.723736365706467,7825,4956.427850690481,5283.212664053584,-646.3779698416561,0,0,0,0
1780466400,4485.3,4499.5,4485.2,4490.7,1,0,1,0,4515.968775652234,4468.731224347765,4503.057034541495,4511.3874134206535,4494.726655662337,10.979183768156018,6619,5510.618567126988,7434.641776035722,-252.14999872593842,0,0,0,0
1780468200,4490.8,4493.5,4483.5,4491.5,1,0,0,0,4509.863863105646,4467.136136894354,4502.342146258577,4510.997582139839,4493.686710377314,10.909242070430588,4924,5315.0790447513255,8265.927850690481,-131.68316578109085,0,0,0,0
1780470000,4491.4,4500.4,4484.7,4484.7,0,1,0,0,4517.277158598099,4467.8228414019,4501.638658450349,4510.521445682347,4492.755871218351,11.25143906539982,5612,5414.052696500884,7972.618567126989,-290.27848978906957,0,0,0,0
1780471800,4484.7,4492.3,4481.1,4481.9,0,1,0,0,4509.171647269664,4464.228352730336,4500.872727535479,4510.217810000582,4491.527645070375,11.247764846442678,4807,5211.701797667256,8121.079044751326,-305.31295592018864,0,0,0,0
1780473600,4481.9,4487.8,4478.7,4485.6,1,0,0,0,4504.441529607546,4462.058470392454,4500.115392495131,4509.892021140414,4490.338763849849,11.0943530716968,4888,5103.801198444838,7817.552696500884,-15.416184241094811,0,0,0,0
1780475400,4485.7,4487.2,4468.4,4472.6,0,1,0,0,4504.667134635578,4450.932865364422,4498.7573148710835,4509.757333243015,4487.757296499152,11.644756423718471,6505,5570.867465629892,7655.701797667256,-392.34247290517317,0,0,0,0
1780477200,4472.3,4487.9,4467.6,4468.5,0,1,0,0,4506.294482161607,4449.205517838393,4497.493224149798,4509.472626438599,4485.513821860997,12.262988107738527,6379,5840.244977086594,8356.301198444839,-382.8399253641726,0,0,0,0
1780479000,4468.4,4477.1,4467.3,4471.4,1,0,0,0,4495.230590578636,4449.169409421364,4496.662274446761,4509.287218645625,4484.037330247897,12.087060385757216,4085,5255.163318057729,8760.367465629892,-142.44373529254142,1,0,0,0
1780480800,4471.6,4496.2,4469.4,4488.5,1,0,0,0,4515.906976965876,4449.693023034123,4495.868961229712,4508.426004613739,4483.3119178456855,13.137984643917429,8925,6478.442212038486,7882.744977086593,466.3783339896359,0,0,1,0
1780482600,4488.3,4491.8,4481.3,4487.3,0,1,0,0,4511.224335754028,4461.875664245972,4495.67733651431,4508.1692832621575,4483.185389766462,12.9495571693519,2905,5287.294808025657,9717.66331805773,404.02118504859067,0,0,0,0
1780484400,4487.7,4496.5,4487.4,4492.7,1,0,0,0,4515.522597485883,4468.3774025141165,4495.590625059102,4507.9377494935825,4483.243500624622,12.681731657255323,3516,4696.863205350438,7930.942212038486,558.135533114066,0,0,0,0
1780486200,4493,4495.6,4486.6,4490.7,0,1,0,0,4514.2281262368915,4467.971873763109,4495.5140294100565,4507.772676909335,4483.255381910778,12.418750824594229,2375,3922.908803566959,7045.294808025657,441.0573253558891,0,0,0,0
1780488000,4491,4492.9,4479.7,4480.7,0,1,0,0,4511.611831505685,4460.988168494315,4495.073790914023,4507.279868949621,4482.867712878426,12.474554337123198,5932,4592.605869044639,5884.363205350438,-35.83243828349413,0,0,0,1
1780489800,4481.1,4495.9,4476.1,4488.7,1,0,0,0,4515.396700683849,4456.603299316151,4494.6095364439225,4506.613923025673,4482.605149862172,12.99780045590006,8991,6058.737246029759,6888.908803566958,335.7193216534945,0,0,1,0
1780491600,4488.5,4494.8,4473.6,4477.1,0,1,0,0,4515.175507777861,4453.22449222214,4493.9356078422,4505.96307613123,4481.908139553169,13.583671851907186,8815,6977.491497353173,9088.105869044639,-134.28622320787025,0,0,0,1
1780493400,4477.2,4481.8,4453.3,4474.3,0,1,1,0,4503.773685793728,4431.326314206272,4491.636250518832,4505.09313835995,4478.1793626777135,14.649123862485244,17597,10517.327664902115,10466.23724602976,-239.07490175256657,0,0,0,0
1780495200,4474.4,4486.5,4470.3,4480.2,1,0,0,0,4508.639851094176,4448.160148905824,4490.852380251127,4504.236888281387,4477.467872220867,14.75990072945057,12216,11083.55177660141,15775.991497353174,257.0610987477636,0,0,1,0
1780497000,4479.9,4488.4,4475,4485.4,1,0,0,0,4510.394147444592,4453.005852555408,4490.584451629364,4503.81826872024,4477.350634538488,14.662764963061218,6896,9687.701184400941,16625.327664902117,514.6074160232315,0,0,0,0
1780498800,4485.6,4486.7,4467.4,4473.2,0,1,0,0,4509.1909940556925,4444.909005944307,4489.99613567084,4503.283420282445,4476.708851059235,14.993996037128285,8427,9267.467456267294,14531.551776601413,-54.62564355004457,0,0,0,1
1780500600,4473,4474,4464.6,4469.9,0,1,0,0,4495.891637337429,4442.708362662572,4489.500755381461,4502.998634828106,4476.002875934816,14.594424891619097,5257,7930.644970844863,13901.20118440094,-172.1048150734772,0,0,0,0
1780502400,4470.1,4472.5,4461.4,4465.5,0,1,0,0,4494.017234670469,4439.88276532953,4488.9722256162395,4502.752903939343,4475.191547293136,14.34482311364633,5108,6989.763313896575,11895.967456267294,-302.7341687412578,0,0,0,0
1780504200,4465.5,4471.2,4463.2,4469.9,1,0,0,0,4492.037432194007,4442.3625678059925,4488.573450686643,4502.517736907962,4474.629164465324,13.891621462671592,4336,6105.175542597716,10484.644970844862,16.367450631062468,0,0,1,0
1780506000,4470,4476.7,4465.7,4466.9,0,1,0,0,4497.227615608721,4445.172384391279,4488.20803610906,4502.258084024957,4474.157988193164,13.685077072480764,4497,5569.1170283984775,9157.763313896574,-67.15389650094545,0,0,0,1
1780507800,4466.8,4470.4,4463.3,4467,1,0,0,0,4490.222071636669,4443.477928363331,4487.914939952418,4502.087022244553,4473.742857660282,13.214714424446385,3228,4788.744685598985,8353.675542597717,-7.0023650817042835,0,0,0,0
1780509600,4467,4468.9,4461.7,4468.3,1,0,0,0,4488.077637948336,4442.522362051664,4487.684397602638,4501.954495922147,4473.4142992831285,12.785091965557344,2530,4035.8297903993234,7183.1170283984775,76.51022419874351,1,0,1,0
1780511400,4468.2,4471.1,4464.9,4470.2,1,0,0,0,4489.572092380598,4446.427907619402,4487.519507258371,4501.8359859191305,4473.203028597612,12.314728253731872,2082,3384.553193599549,6053.744685598986,164.27580823559055,0,0,0,0
1780513200,4470,4480,4469.2,4475.7,1,0,0,0,4498.309800067698,4450.890199932302,4487.312561687041,4501.600231278984,4473.024892095098,12.206533378465322,4011,3593.3687957330326,5076.829790399323,370.6583667496247,0,0,0,0
1780515000,4475.8,4477.6,4471.2,4472,0,1,0,0,4495.287671491435,4453.512328508566,4487.168841213355,4501.449880064753,4472.887802361957,11.791780994289267,2577,3254.579197155355,5390.053193599549,193.2469815794584,0,0,0,0
1780516800,4472.2,4473.8,4465,4467.6,0,1,0,0,4491.16712352776,4447.63287647224,4487.00476693364,4501.32654400388,4472.6829898634,11.578082351840047,2216,2908.3861314369033,4881.868795733032,82.22242434668709,0,0,0,0
1780518600,4467.4,4467.8,4458.4,4463.1,0,1,0,0,4484.933757561492,4441.266242438508,4486.728943066109,4501.194904359868,4472.262981772351,11.422505040994368,2896,2904.2574209579357,4362.579197155355,-24.526891539358814,0,0,0,1
1780524000,4465.1,4467.5,4450.1,4460.5,0,1,1,0,4485.274203449956,4432.325796550044,4459.366666666667,4459.366666666667,4459.366666666667,11.849468966637602,5593,3800.5049473052904,4356.386131436903,-125.86506251445053,0,0,0,0
1780525800,4460.7,4479.5,4460.3,4475.4,1,0,0,0,4498.061760346388,4441.738239653612,4464.977446766946,4471.134214905262,4458.82067862863,12.374506897592045,4645,4082.003298203527,5700.757420957936,266.05792867803586,0,0,1,0
1780527600,4475.6,4478.1,4471.5,4477.4,1,0,0,0,4496.043063178789,4453.556936821211,4467.648185326299,4474.708650431761,4460.587720220838,11.96204211919264,3410,3858.0021988023514,6123.00494730529,336.6746739854078,0,0,0,0
1780529400,4477.6,4491.3,4472.5,4484,1,0,0,0,4509.975701523162,4453.8242984768385,4472.527322835941,4481.622862033149,4463.431783638733,12.450467682107464,6611,4775.668132534901,5787.003298203527,516.1377603845092,0,0,0,0
1780531200,4483.9,4491.9,4474.2,4477.3,0,1,0,0,4511.138151414363,4454.961848585636,4474.705240324939,4483.411132430149,4465.999348219729,12.825434276242632,6864,5471.778755023267,7163.502198802351,206.35309742509472,0,0,0,0
1780533000,4477,4480.1,4470.5,4475.2,0,1,0,0,4498.992569170481,4451.607430829519,4474.794903649544,4482.778030115961,4466.811777183127,12.595046113653897,5155,5366.185836682178,8207.6681325349,102.19229574928684,0,0,0,0
1780534800,4475.1,4500.8,4469.6,4492.6,1,0,0,0,4521.6859570868755,4448.714042913125,4477.784057626285,4486.64245103899,4468.925664213581,13.923971391250035,9763,6831.790557788118,8049.278755023267,622.6532464776006,0,0,0,0
1780536600,4493.5,4497.3,4483.4,4492.3,0,1,0,0,4518.183388723527,4462.516611276473,4479.4310283318755,4488.798302149741,4470.06375451401,13.922259149017929,5985,6549.5270385254125,10247.685836682178,478.8859615925253,0,0,0,0
1780538400,4492.2,4494,4482.4,4487.5,0,1,0,0,4514.634575243275,4461.765424756724,4480.1124991218485,4489.391115839943,4470.833882403754,13.756383495516674,4167,5755.351359016941,9824.29055778812,248.1047445835294,0,0,0,0
1780540200,4487.7,4504.2,4484.4,4502,1,0,0,0,4525.482105583041,4463.117894416959,4481.703665684064,4491.805311212024,4471.602020156103,14.188070388694069,5477,5662.567572677961,8633.027038525412,589.1779832956221,0,0,0,0
1780542000,4501.7,4504.5,4492.9,4496.5,0,1,0,0,4525.50481232711,4471.89518767289,4482.738999204429,4493.289482149466,4472.188516259393,14.00320821807309,3921,5082.045048451974,8493.851359016942,325.67160938473285,0,0,0,0
1780543800,4496.3,4497.8,4485,4490.7,0,1,0,0,4518.675897160888,4464.124102839112,4483.253193176101,4493.673858854769,4472.832527497434,13.917264773925025,4002,4722.030032301316,7623.067572677961,109.1983012934781,0,0,0,0
1780545600,4490.6,4503.2,4489.2,4501.7,1,0,0,0,4524.084761649396,4468.315238350604,4484.1336697826455,4494.8275795168565,4473.439760048434,13.92317443293038,4155,4533.020021534211,7083.045048451974,406.5751055753618,0,0,0,0
1780547400,4501.9,4511.2,4501.8,4508,1,0,0,0,4531.61085010301,4481.38914989699,4485.661518289583,4497.464931177018,4473.858105402148,13.607233402006782,4994,4686.68001435614,6799.530032301316,641.1660316493478,0,0,0,0
1780549200,4508.2,4509.7,4498.1,4500.3,0,1,0,0,4529.895789381367,4477.904210618633,4486.524793283459,4498.617161338427,4474.432425228491,13.463859587577687,3989,4454.12000957076,7030.02002153421,267.5118436848055,0,0,0,0
1780551000,4500.6,4503.3,4493.7,4496,0,1,0,0,4523.081804425555,4473.918195574445,4487.0489945693835,4499.086916824095,4475.011072314672,13.187869617036451,3887,4265.080006380506,6681.1800143561395,41.349089819258495,0,0,0,0
1780552800,4495.9,4504.5,4493.3,4499.1,1,0,0,0,4524.068818395158,4473.731181604842,4487.611803689566,4499.630904298928,4475.592703080204,13.045878930105262,4095,4208.386670920338,6397.620009570759,141.9528245124937,0,0,0,0
1780554600,4498.9,4503.8,4489.8,4494.8,0,1,0,0,4523.471045652646,4470.128954347354,4488.023856714845,4499.890410699837,4476.157302729854,13.114030435097744,4406,4274.257780613559,6312.580006380506,-8.470512945193889,0,0,0,1
1780556400,4494.9,4497.8,4488.4,4492.3,0,1,0,0,4517.073113820315,4469.126886179685,4488.234037551294,4499.879979801246,4476.588095301342,12.848742546876517,4164,4237.505187075706,6411.386670920338,-118.01878497968971,0,0,0,0
1780558200,4492.1,4495.2,4486.1,4488.4,0,1,0,0,4514.071462833149,4467.228537166851,4488.282371344135,4499.7615370737685,4476.803205614501,12.580975222099584,2847,3774.0034580504707,6356.25778061356,-207.06261824878058,0,0,0,0
1780560000,4488.3,4494.6,4485.3,4490.5,1,0,0,0,4513.119929773639,4466.780070226361,4488.366628732613,4499.588115391485,4477.145142073741,12.346619849092482,4680,4076.0023053669806,5661.005187075706,-65.16748557461386,0,0,0,0
1780561800,4490.6,4496.5,4486.4,4490.2,0,1,0,0,4514.779220504093,4468.120779495906,4488.4513633566885,4499.50303187535,4477.399694838027,12.18614700272876,3374,3842.0015369113203,6114.003458050471,-65.74468034506035,0,0,0,0
1780563600,4489.6,4496.5,4487.7,4491.8,1,0,0,0,4514.416419039515,4469.783580960485,4488.5690416355565,4499.454481254531,4477.683602016582,11.944279359676718,3642,3775.33435794088,5763.00230536698,32.47052598865074,0,0,1,0
1780565400,4492.1,4503.2,4488.8,4498.2,1,0,0,0,4521.379531965264,4470.620468034736,4488.941513144936,4499.711338843996,4478.171687445876,12.119687976842641,5250,4266.889571960587,5663.001536911321,235.88791572303194,0,0,0,0
1780567200,4497.9,4499.8,4491.8,4495.2,0,1,0,0,4517.538136824888,4474.061863175112,4489.104911941635,4499.791542361632,4478.418281521637,11.82542454992531,2895,3809.593047973725,6400.334357940881,98.95529667742878,0,0,0,0
1780569000,4495.2,4501.8,4493.9,4501.6,1,0,0,0,4519.11755562311,4476.58244437689,4489.334620332488,4500.003388155337,4478.665852509639,11.545037082073543,2775,3464.72869864915,5714.389571960587,290.0328829011911,0,0,0,0
1780570800,4501.9,4519.5,4496.4,4517.1,1,0,0,0,4538.055587364317,4477.844412635683,4490.582855165667,4502.1045821580965,4479.061128173237,12.370391576211174,7382,4770.485799099433,5197.093047973725,689.2792066000177,0,0,0,0
1780572600,4517.6,4542.4,4510,4539.2,1,0,0,0,4563.101616838294,4489.298383161706,4494.049096822783,4509.78744195321,4478.3107516923565,13.801077892196064,12173,7237.990532732955,7155.72869864915,1316.4873689160681,0,0,0,0
1780574400,4539.1,4541.8,4518.7,4526.4,0,1,0,0,4563.497929921274,4497.002070078726,4496.871106830802,4514.7106961237705,4479.031517537834,14.465286614182086,12336,8937.32702182197,10856.985799099433,417.1920498936106,0,0,0,0
1780576200,4526.5,4538.9,4524.5,4531.8,1,0,0,0,4560.590934926896,4502.809065073104,4498.554016423596,4517.494073451926,4479.613959395267,14.460623284597625,7742,8538.884681214646,13405.990532732954,587.171595094049,0,0,0,0
1780578000,4531.8,4538,4527.8,4532.1,1,0,0,0,4559.234439574975,4506.565560425025,4499.942929030122,4519.67893421816,4480.2069238420845,14.156293049983498,6814,7963.9231208097635,12808.32702182197,472.4533645925038,0,0,0,0
1780579800,4532.3,4543.6,4523.2,4523.6,0,1,0,1,4565.5034081767635,4501.296591823237,4502.145086906055,4522.705551043686,4481.584622768425,14.60227211784186,13155,9694.282080539842,11945.884681214646,-171.01715192373746,0,0,0,1
1780581600,4523.5,4528,4511.2,4513.7,0,1,0,0,4550.1388790212795,4489.06112097872,4503.187504956161,4523.419651553807,4482.955358358516,14.759252680853168,13014,10800.854720359896,14541.423120809763,-880.8589843393337,0,0,0,0
1780583400,4513.9,4514.3,4484.3,4493,0,1,0,0,4538.071816234045,4460.528183765955,4502.631699726638,4521.9801035141445,4483.283295939131,15.847877489363656,19786,13795.903146906596,16201.282080539844,-2036.0695439608166,0,0,0,0
1780585200,4493,4502.3,4490.5,4498.4,1,0,0,0,4525.638115074471,4467.161884925529,4502.368887220084,4521.291751077729,4483.446023362439,15.55874338298055,10565,12718.935431271064,20693.854720359894,-1212.1394798607382,0,0,0,0
1780587000,4498.5,4506.7,4497.4,4505,1,0,0,0,4529.367535426294,4474.732464573705,4502.386239436048,4521.0606810992,4483.711797772895,15.11169028419624,5999,10478.95695418071,19078.403146906596,-592.312216431591,0,0,0,0
1780588800,4505,4513,4502.6,4511.3,1,0,0,0,4535.162711467273,4480.4372885327275,4502.568725803903,4521.014085758531,4484.123365849276,14.775140978182195,6552,9169.97130278714,15718.435431271066,-103.87921831286098,0,0,0,0
1780590600,4511.3,4512.1,4507.3,4510.8,0,1,0,0,4533.1939463624685,4486.206053637532,4502.705655858844,4521.009366486576,4484.401945231111,14.06263090831205,4395,7578.314201858094,13754.95695418071,-121.38041909428748,0,0,0,0
1780592400,4510.7,4510.8,4502,4504.8,0,1,0,0,4531.330093050863,4481.469906949137,4502.762221342561,4520.906262386151,4484.618180298971,13.686728700575488,4385,6513.876134572063,11367.47130278714,-368.3143637237846,0,0,0,0
1780594200,4505,4509.5,4503.7,4506,1,0,0,0,4529.185086404373,4484.014913595627,4502.80791327673,4520.842197149349,4484.773629404111,13.123390936248681,3117,5381.584089714709,9770.814201858095,-239.94254321859412,0,0,0,0
1780596000,4506,4508.9,4503.9,4505.8,0,1,0,0,4527.714723089774,4485.085276910225,4502.839344809873,4520.792822197271,4484.885867422476,12.543148726516632,2321,4361.389393143139,8072.376134572063,-192.89710184594355,0,0,0,0
1780597800,4505.8,4507.4,4500.1,4505.8,0,0,0,0,4525.652957154791,4481.847042845209,4502.860765910183,4520.694144238305,4485.02738758206,12.168638103193965,3412,4044.9262620954264,6542.084089714709,-144.4611890112608,0,0,0,0
1780599600,4505.7,4511.8,4503.9,4508.1,1,0,0,0,4529.595603072306,4486.104396927693,4502.918207153111,4520.658447426444,4485.177966879779,11.863735381537293,2908,3665.950841396951,6067.389393143139,-20.851833654826635,0,0,0,0
1780601400,4507.9,4510.3,4504.3,4508.5,1,0,0,0,4527.467345709999,4487.1326542900015,4502.961202913316,4520.627274500933,4485.295131325699,11.444897139998915,2330,3220.633894264634,5498.926262095427,18.88451744712775,0,0,1,0
1780603200,4508.5,4509.3,4503.4,4505.8,0,1,0,0,4525.873249587856,4486.826750412144,4502.979369860596,4520.596952556157,4485.361787165036,11.04883305857046,1477,2639.4225961764228,4830.950841396951,-34.35649509563811,0,0,0,1
1780605000,4505.5,4505.5,4501.7,4502.4,0,1,0,0,4521.328731760152,4485.871268239848,4502.9806316480235,4520.547772363522,4485.413490932525,10.552487840101168,1499,2259.281730784282,3959.1338942646344,-128.98163047266507,0,0,0,0
1780610400,4502.4,4508.3,4500.2,4506.1,1,0,0,0,4523.865965205855,4484.634034794145,4504.866666666667,4504.866666666667,4504.866666666667,10.377310137236824,2649,2389.1878205228545,3388.922596176423,23.645952206405923,0,0,1,0
1780612200,4506.4,4509,4495.8,4496.8,0,1,0,0,4524.86839626258,4479.93160373742,4502.4306887052335,4504.580552858352,4500.280824552115,10.578930841719895,3401,2726.4585470152365,3583.7817307842815,-198.6073620513999,0,0,0,1
1780614000,4497,4501.6,4491.4,4496.3,0,1,0,0,4517.427796529539,4475.572203470461,4499.814250217418,4503.198255990719,4496.430244444116,10.55186435302567,4682,3378.3056980101574,4089.687820522855,-175.96716303393833,0,0,0,0
1780615800,4496.4,4496.9,4487.3,4488.7,0,1,0,0,4512.6258110631425,4471.574188936857,4497.53821256373,4502.382042456752,4492.6943826707075,10.483874042095225,3717,3491.203798673438,5067.458547015236,-406.5283554768798,0,0,0,0
1780617600,4488.4,4492.1,4477.2,4484.4,0,1,1,0,4508.298967415776,4461.001032584224,4493.303247409064,4500.569723707843,4486.036771110285,10.799311610517034,7004,4662.135865782292,5236.805698010157,-488.0936320297315,0,0,0,0
1780619400,4484.2,4493.9,4482.9,4485.9,1,0,0,0,4510.1204697432195,4466.67953025678,4492.205797647768,4499.118940542252,4485.292654753284,10.813646495480102,5075,4799.757243854861,6993.203798673438,-300.5196025886705,0,0,0,0
1780621200,4485.9,4497,4475.6,4485.1,0,1,0,0,4514.3547219044185,4458.245278095582,4490.451470628248,4496.969161532762,4483.933779723734,11.569814602945783,10225,6608.171495903241,7199.635865782292,-255.23663100310864,0,0,0,0
1780623000,4485.3,4486.4,4470.3,4473.3,0,1,0,0,4504.240098911246,4452.459901088754,4488.218067747403,4496.053666249974,4480.3824692448325,11.893399274163901,7106,6774.11433060216,9912.257243854861,-678.8445583853033,0,0,0,0
1780624800,4473.4,4481.6,4468.4,4477.6,1,0,0,0,4499.580091846157,4450.419908153843,4486.910684117892,4495.23754436092,4478.583823874864,11.98672789743796,5192,6246.742887068107,10161.17149590324,-365.81266024121135,0,0,0,0
1780626600,4477.5,4478.2,4464.4,4466.8,0,1,0,0,4496.374371000003,4446.225628999997,4484.700688255276,4494.360482606088,4475.040893904464,12.116247333335263,7275,6589.495258045405,9370.11433060216,-794.1173277558472,0,0,0,0
1780628400,4466.8,4470.1,4461.3,4463,0,1,0,0,4487.919058785717,4443.480941214283,4483.35438674899,4493.936390370033,4472.772383127946,11.879372523811329,4087,5755.33017203027,9884.242887068107,-773.1599208970699,0,0,0,0
1780630200,4463.1,4469.5,4462.5,4468.4,1,0,0,0,4486.796268872451,4445.203731127549,4482.682420979637,4493.550073317536,4471.814768641738,11.530845914967662,2556,4688.8867813535135,8632.995258045405,-402.5920199565642,0,0,0,0
1780632000,4468.7,4471.1,4464.5,4465.7,0,1,0,0,4487.867963952991,4447.732036047009,4482.054725761549,4493.133322481664,4470.9761290414335,11.17864263532714,2643,4006.9245209023425,7033.33017203027,-392.7337474817549,0,0,0,0
1780633800,4466.1,4473,4463.4,4471,1,0,0,0,4489.598823670634,4446.801176329365,4481.57497578586,4492.717113086456,4470.432838485264,11.065882447089512,2530,3514.6163472682283,6010.3867813535135,-147.45264856440474,0,0,0,0
1780635600,4470.9,4475.9,4468,4470.9,0,0,0,0,4492.159621979874,4451.740378020126,4481.092825719594,4492.170885770685,4470.014765668502,10.839747986583092,3461,3496.744231512152,5271.924520902343,-67.92608558278152,0,0,0,0
1780637400,4470.4,4474.6,4464.8,4466.2,0,1,0,0,4490.748220409884,4448.651779590116,4480.426755540275,4491.568427403789,4469.28508367676,10.765480273255742,4010,3667.829487674768,5245.116347268228,-164.2896950870363,0,0,0,0
1780639200,4466.7,4472.8,4454.8,4468.8,1,0,1,0,4489.723347523463,4437.876652476537,4478.953935058226,4490.433478002019,4467.474392114434,11.282231682308904,8257,5197.552991783179,5501.7442315121525,10.589981420958566,0,0,1,0
1780641000,4469.1,4483.1,4469,4479.9,1,0,0,0,4500.346679843216,4451.753320156784,4478.851685694498,4489.970170620343,4467.733200768653,11.497786562143997,5648,5347.701994522119,7796.329487674769,469.46299295205756,0,0,0,0
1780642800,4479.8,4494.2,4478.7,4494,1,0,0,0,4511.875488425843,4461.024511574156,4479.41738046776,4490.467675646172,4468.367085289348,11.783658950562282,5303,5332.801329681412,8021.552991783179,890.3834901400735,0,0,0,0
1780644600,4493.9,4494.3,4486.3,4487.8,0,1,0,0,4511.570096395426,4469.029903604574,4479.746540925413,4490.760571570263,4468.732510280563,11.513397596950691,3211,4625.534219787608,7999.201994522118,539.9859731366403,0,0,0,0
1780646400,4487.7,4494.3,4485.3,4494,1,0,0,0,4511.300803795753,4468.299196204247,4480.048666176705,4491.070373059101,4469.02695929431,11.333869197168498,2656,3969.022813191739,6938.3013296814115,655.7764182028867,0,0,0,0
1780648200,4493.9,4495.4,4487.6,4489.8,0,1,0,0,4512.022174953198,4470.977825046802,4480.284615733409,4491.300843508412,4469.268387958406,11.081449968799268,2231,3389.6818754611595,5953.534219787608,460.38262895034313,0,0,0,0
1780650000,4489.5,4496.8,4485.8,4489.6,0,0,0,0,4513.413448170828,4469.1865518291725,4480.731179505306,4491.714677649355,4469.747681361257,11.075632113885034,4595,3791.454583640773,5084.522813191739,412.11777178313974,0,1,0,0
1780651800,4489.7,4496.5,4486,4491.7,1,0,0,0,4513.051773301483,4469.448226698517,4481.0978869718565,4492.064589496045,4470.131184447668,11.034515534321816,3827,3803.3030557605152,5687.1818754611595,434.5415932351917,0,0,0,0
1780653600,4491.6,4495,4490.1,4493.2,1,0,0,0,4510.8945037799485,4474.205496220052,4481.234297904573,4492.20861957149,4470.259976237657,10.596335853298802,1317,2974.53537050701,5704.954583640772,421.6756639433637,0,0,0,0
1780655400,4493.4,4494.9,4488.7,4493.9,1,0,0,0,4510.323467795666,4473.276532204333,4481.4247221373835,4492.402381785022,4470.447062489745,10.282311863777446,1937,2628.6902470046734,4461.803055760515,382.48605473318713,0,0,0,0
1780657200,4493.3,4494,4484.3,4493.1,0,1,0,0,4509.361077238833,4468.938922761167,4481.670055437173,4492.596965601769,4470.743145272577,10.2407181592219,3196,2817.7934980031155,3943.03537050701,326.9731014714381,0,0,0,0
1780659000,4492.9,4502.4,4489.9,4497.3,1,0,0,0,4518.003143150345,4474.296856849654,4482.131250736929,4493.191754178993,4471.070747294866,10.402095433563193,3772,3135.862332002077,4226.690247004673,410.54217525995693,0,0,0,0
1780660800,4497.2,4502.9,4487.9,4491.8,0,1,0,1,4518.995775782462,4471.804224217537,4482.661826565895,4493.755898704679,4471.567754427112,10.73051718830868,5590,3953.908221334718,4703.793498003115,161.588159253822,0,0,0,0
1780662600,4491.8,4491.8,4430.3,4432.3,0,1,0,0,4513.335363226573,4408.764636773428,4477.087779256235,4492.705067623904,4461.470490888566,14.356908817715203,27663,11856.938814223146,5930.862332002077,-2371.0081631219673,0,0,0,1
1780664400,4432.2,4446.6,4425.3,4430.6,0,1,0,0,4468.879265853247,4403.020734146754,4472.323367423307,4492.288840363597,4452.357894483017,14.85284390216413,19331,14348.29254281543,17785.408221334717,-2038.1877158908785,0,0,0,0
1780666200,4430.8,4435.3,4390,4390.4,0,1,0,0,4460.841461149443,4364.4585388505575,4463.083464381089,4492.718750514168,4433.448178248009,17.027640766295274,27815,18837.195028543618,21522.438814223147,-3949.7122989449467,0,0,0,0
1780668000,4390.6,4404.2,4377.3,4385.8,0,1,0,0,4430.7992139244825,4350.7007860755175,4454.361925789394,4491.021195975468,4417.702655603321,17.732809282988445,26990,21554.796685695746,28255.792542815427,-3600.0972472369867,0,0,0,0
1780669800,4385.8,4394.9,4369.2,4394.5,1,0,0,0,4422.352841501305,4341.747158498694,4448.597030180657,4488.471231745464,4408.722828615851,18.301894334203546,21153,21420.864457130498,32332.195028543618,-2163.2199777839082,1,0,0,0
1780671600,4394.7,4397.6,4373.1,4376.6,0,1,0,0,4425.716924251213,4344.983075748788,4445.186688130695,4486.683794785188,4403.689581476202,18.74461616747472,13592,18811.24297142033,32131.296685695746,-2594.9381603203656,0,0,0,0
1780673400,4376.7,4380.2,4358.5,4360.3,0,1,0,0,4408.633572518983,4330.066427481017,4441.721426568727,4485.397214917037,4398.0456382204175,18.955715012655084,12121,16581.161980946887,28216.864457130498,-2845.979326855962,0,0,0,0
1780675200,4360.3,4365.6,4350,4354.6,0,1,0,0,4393.67403162477,4321.925968375231,4438.217369011988,4484.20051784903,4392.234220174946,18.716021083179747,11861,15007.77465396459,24871.74297142033,-2576.7444019930863,0,0,0,0
1780677000,4354.4,4369.8,4347.4,4369.3,1,0,0,0,4398.268743651572,4318.931256348428,4435.497039281472,4482.807704065242,4388.186374497702,18.979162434381234,10672,13562.516435976393,22511.661980946887,-1263.7305121907848,1,0,0,0
1780678800,4369.3,4371.7,4360.3,4367.5,0,1,0,0,4399.356690533602,4332.643309466398,4433.7009652058,4481.666904771225,4385.735025640374,18.43779368906826,7974,11699.677623984262,20343.77465396459,-970.6605211165488,0,0,0,0
1780680600,4367.2,4372.2,4362.1,4366.5,0,1,0,0,4398.963355495488,4335.336644504512,4432.505647159908,4480.857709400311,4384.153584919505,17.842236996991918,5584,9661.118415989507,17549.516435976395,-642.9084279732588,0,0,0,0
1780682400,4366.5,4366.7,4346.1,4350.2,0,1,0,0,4393.758830102953,4319.041169897047,4430.239715978664,4479.657857436964,4380.821574520364,18.039220068635313,9311,9544.412277326339,14491.677623984262,-1027.8974334941377,0,0,0,0
1780684200,4350,4351.6,4338.1,4346.9,0,1,0,0,4378.1724850956,4311.527514904401,4427.912620372557,4478.575872894015,4377.249367851099,17.71499006373279,9074,9387.608184884226,14316.61841598951,-837.5472966630136,0,0,0,0
1780686000,4346.9,4348.7,4338.2,4348.4,1,0,0,0,4374.499450445914,4312.400549554086,4426.237757283435,4477.723169317978,4374.752345248891,17.19963363060902,6818,8531.07212325615,14081.412277326339,-388.85802857964745,0,0,0,0
1780687800,4348.4,4350.1,4338.3,4343.3,0,1,0,0,4375.320918271206,4313.079081728794,4424.524166102683,4476.809325255886,4372.23900694948,16.81394551413696,7165,8075.714748837433,12796.608184884226,-403.2792564565061,0,0,0,0
1780689600,4343.6,4351.3,4336.5,4347.2,1,0,0,0,4376.305138394691,4311.494861605309,4423.463932012912,4476.194200307134,4370.733663718689,16.67009226312719,4652,6934.476499224956,12113.57212325615,-14.442276862087965,0,0,0,0
1780691400,4347.5,4355.8,4345.5,4354.2,1,0,0,0,4380.122628509356,4321.177371490644,4422.763833589217,4475.706858077714,4369.82080910072,16.215085672903832,3444,5770.984332816637,10401.714748837434,406.99239021843687,0,0,1,0
1780869600,4354,4363.8,4333.5,4340.2,0,1,0,0,4389.631726472973,4307.668273527027,4345.833333333333,4345.833333333333,4345.833333333333,17.22115098198214,11469,7670.322888544424,8656.476499224955,45.597841000252174,0,0,0,0
1780871400,4340.3,4352.8,4338.8,4340.9,1,0,0,0,4378.286603153475,4313.313396846525,4345.291740239357,4346.072337496081,4344.511142982633,16.991068768983418,5521,6953.881925696282,11505.484332816635,264.2936391453943,0,0,0,0
1780873200,4341.1,4358.5,4340.1,4357.9,1,0,0,0,4384.137560071084,4314.462439928916,4346.850340600489,4349.809600538654,4343.891080662324,17.091706714056006,4981,6296.254617130855,10430.822888544424,846.3497918181567,0,0,0,0
1780875000,4358,4370.8,4356.3,4367.5,1,0,0,0,4396.159877208864,4330.940122791137,4351.007323506414,4359.029148848844,4342.985498163984,16.906584805909148,6590,6394.169744753904,9444.381925696282,1293.3560221352002,0,0,0,0
1780876800,4367.1,4377.3,4364.2,4375.2,1,0,0,0,4402.252028836802,4339.247971163198,4354.948354384665,4365.926629264237,4343.970079505094,16.63468589120138,6512,6433.446496502603,9591.254617130855,1621.4170711173535,0,0,0,0
1780878600,4375.1,4376.2,4363.1,4365.9,0,1,0,0,4400.773312491316,4338.5266875086845,4357.220682274142,4368.426317047856,4346.0150475004275,16.3822083275441,7129,6665.2976643350685,9650.169744753905,1027.7897753706252,0,0,0,0
1780880400,4365.9,4369.6,4334.5,4338.2,0,1,0,0,4396.178790170508,4307.921209829492,4354.463060855161,4364.930764841025,4343.995356869296,17.71919344700526,16555,9961.865109556711,9997.946496502602,-221.45869994336636,0,0,0,1
1780882200,4338.3,4353.7,4323.3,4349.2,1,0,1,0,4381.637448015472,4295.362551984528,4352.141844874171,4362.74571481198,4341.537974936361,18.624965343647716,13537,11153.576739704475,14942.797664335067,447.2459490427782,0,0,1,0
1780884000,4349.8,4354.7,4334.9,4338.8,0,1,0,0,4382.763344585795,4306.836655414205,4351.336857495587,4361.807052373843,4340.86666261733,18.708896390530036,6817,9708.051159802983,16730.36510955671,176.4333258736906,0,0,0,0
1780885800,4339.2,4345.1,4330.7,4334.6,0,1,0,0,4372.701677115381,4303.098322884619,4350.024154056084,4360.844738488078,4339.203569624089,18.40111807692079,7853,9089.700773201988,14562.076739704473,74.69065711383541,0,0,0,0
1780887600,4334.6,4338.4,4327.2,4331.1,0,1,0,0,4365.230128749997,4300.369871250003,4348.9622911350425,4360.269835931849,4337.654746338236,17.88675249999786,5520,7899.800515467992,13634.551159802983,64.93441547905195,0,0,0,0
1780889400,4331.5,4341.5,4328.7,4341,1,0,0,0,4367.785119553569,4302.414880446431,4348.59023358123,4359.910521773697,4337.269945388763,17.523413035712313,2986,6261.867010311995,11849.700773201988,427.29958069955205,0,0,0,0
1780891200,4341.3,4346.3,4337.7,4344.1,1,0,0,0,4371.629039585457,4312.370960414543,4348.340157267083,4359.481014129748,4337.199300404418,16.886026390304316,4233,5585.5780068746635,9392.800515467992,640.9345370719843,0,0,0,0
1780893000,4344.1,4344.6,4331.7,4336.9,0,1,0,0,4369.501965329353,4306.798034670647,4347.993463792301,4359.111866648599,4336.875060936002,16.601310219568333,3369,4846.718671249776,8378.367010311995,504.09707788064065,0,0,0,0
1780894800,4337.3,4340.3,4328.5,4335.7,0,1,0,0,4364.687539234399,4304.112460765601,4347.540516428407,4358.726214160278,4336.354818696535,16.25835948959918,3674,4455.81244749985,7270.078006874664,519.0493699995359,0,0,0,0
1780896600,4335.9,4337.5,4292.6,4317,0,1,0,0,4364.956286431941,4265.143713568059,4343.566717226377,4358.407243275002,4328.726191177751,18.30419095462778,15222,8044.541631666567,6683.718671249775,-28.304679235057392,0,0,0,1
1780898400,4317.3,4336.6,4317,4330.8,1,0,1,0,4364.195123115374,4289.404876884626,4342.526370453063,4357.371192937536,4327.681547968589,18.396748743582968,8816,8301.694421111044,12066.812447499851,699.6684587269781,0,0,1,0
1780900200,4330.7,4331.5,4317.9,4325.2,0,1,0,0,4358.58118574999,4290.818814250009,4341.923441427204,4356.86094644746,4326.985936406948,18.05412383332707,4623,7075.462947407363,12452.541631666565,541.1900486745023,0,0,0,0
1780902000,4325.2,4342.4,4319.6,4331.3,1,0,0,0,4369.989672482134,4292.010327517866,4341.359788396829,4356.100619830623,4326.618956963034,18.39311498808937,7439,7196.6419649382415,10613.194421111044,771.3284932955871,0,0,0,0
1780903800,4331.7,4337,4319.3,4319.4,0,1,0,0,4364.515410161982,4291.784589838018,4340.819995759835,4355.599453413217,4326.040538106454,18.343606774654404,4947,6446.761309958828,10794.962947407363,442.9439086973771,0,0,0,0
1780905600,4319.3,4322.3,4309.7,4312.8,0,1,0,0,4349.20002372184,4282.79997627816,4339.710181785212,4355.09086513781,4324.329498432613,17.933349147893402,6620,6504.507539972552,9670.141964938242,174.247442483839,0,0,0,0
1780907400,4313.1,4318.4,4309.7,4313.4,1,0,0,0,4344.310736313137,4283.789263686863,4338.833938995776,4354.659912391228,4323.0079656003245,17.273824208758146,5412,6140.338359981702,9756.761309958827,292.792479423518,0,0,0,0
1780909200,4313.6,4316.9,4303.7,4304,0,1,0,0,4342.374255147913,4278.225744852087,4338.137504509517,4354.4352630567055,4321.839745962329,16.982836765275408,3718,5332.892239987801,9210.507539972552,115.4656542473258,0,0,0,0
1780911000,4304,4326.4,4297.2,4318.8,1,0,0,0,4353.1832369230615,4270.416763076938,4336.705416697811,4353.50111389646,4319.909719499163,17.855491282041438,10376,7013.928159991867,7999.338359981702,719.2197675630242,0,0,0,0
1780912800,4318.9,4322.4,4310.5,4318.4,0,1,0,0,4348.545148571415,4284.354851428585,4336.291395707047,4353.146183829373,4319.436607584721,17.43009904760988,3752,5926.618773327911,10520.8922399878,696.8807720855489,0,0,0,0
1780914600,4318.3,4330.5,4316.8,4326.5,1,0,0,0,4356.245495102028,4291.054504897972,4335.932609367726,4352.648825528771,4319.2163932066815,17.163663401352018,5625,5826.0791822186075,8889.928159991867,1005.3778514615235,0,0,0,0
1780916400,4326.2,4356.3,4321.5,4350.4,1,0,0,0,4383.935102594741,4293.864897405259,4336.337873354163,4352.628116538964,4320.0476301693625,18.423401729826885,11615,7755.719454812404,8739.118773327911,1693.02912149329,0,0,0,0
1780918200,4350.3,4358.4,4346,4356.3,1,0,0,0,4385.3897381236875,4319.010261876312,4336.921654184036,4353.234139907233,4320.609168460839,17.993158749124937,6836,7449.146303208269,11633.579182218607,1793.2093735345966,0,0,0,0
1780920000,4355.8,4359.7,4344.6,4354.7,0,1,0,0,4386.379756829138,4317.920243170862,4337.5547099586065,4353.845745073606,4321.263674843607,17.78650455275883,8269,7722.430868805513,11173.719454812404,1494.5422801512614,0,0,0,0
1780921800,4354.6,4364.8,4351.7,4357.8,1,0,0,0,4390.977631341343,4325.522368658657,4338.390966242933,4354.85538616658,4321.926546319287,17.4517542275618,8911,8118.620579203675,11583.646303208268,1502.0641907332329,0,0,0,0
1780923600,4358.2,4360.9,4345.6,4355.7,0,1,0,0,4386.847086245532,4319.652913754468,4339.0284160141155,4355.449133001129,4322.607699027102,17.29805749702162,9280,8505.74705280245,12177.930868805513,1150.2977904784489,0,0,0,0
1780925400,4355.6,4371.6,4350.4,4351.4,0,1,0,0,4397.965151513709,4324.034848486291,4340.166012840515,4356.6996021538125,4323.632423527217,17.576767675805844,14722,10577.831368534966,12758.620579203674,723.7418077185911,0,0,0,0
1780927200,4351.3,4355.5,4340.4,4344.6,0,1,0,0,4381.599783548444,4314.300216451556,4340.497056188654,4356.679899225328,4324.31421315198,17.399855698962593,12692,11282.554245689977,15866.74705280245,115.50275906011791,0,0,0,0
1780929000,4344.7,4356.8,4339.2,4355.8,1,0,0,0,4382.9212275806985,4313.0787724193015,4340.887463519572,4356.873591062593,4324.90133597655,17.41415172046529,10275,10946.702830459984,16923.831368534964,758.2197679574226,0,0,0,0
1780930800,4356.2,4361.2,4346.8,4354.8,0,1,0,0,4386.998282753505,4321.001717246495,4341.328459152091,4357.22935552558,4325.427562778603,17.19885516900346,9063,10318.801886973322,16420.05424568998,584.4290840911406,0,0,0,0
1780932600,4355.1,4370.1,4352.9,4366,1,0,0,0,4395.898405413969,4327.101594586031,4341.888122502197,4357.95437732618,4325.8218676782135,17.19893694264612,7289,9308.867924648881,15478.202830459984,956.1108546015412,0,0,0,0
1780934400,4365.9,4368.2,4362.3,4365.1,0,1,0,0,4392.787805027257,4337.712194972743,4342.246276321113,4358.444417931451,4326.048134710775,16.39187001817137,4404,7673.911949765921,13963.30188697332,761.7555364740707,0,0,0,0
1780936200,4365.3,4370.8,4361.8,4364.9,0,1,0,0,4394.5958189538815,4338.004181046119,4342.631394255516,4358.972485575468,4326.290302935564,15.863879302587701,4758,6701.9412998439475,11510.867924648883,634.267247383264,0,0,0,0
1780938000,4365.1,4366.8,4357.9,4363.6,0,1,0,0,4389.849689028604,4334.850310971396,4342.952463090784,4359.357798114104,4326.547128067463,15.366459352402904,4722,6041.960866562632,10052.911949765921,470.9259750102993,0,0,0,0
1780939800,4363.5,4364,4356.4,4363.3,0,1,0,0,4386.217568383704,4334.182431616296,4343.137738052261,4359.5621107636725,4326.713365340849,14.811712255802721,3032,5038.640577708421,9062.941299843947,401.8309408755609,0,0,0,0
1780941600,4363.3,4370.3,4362.9,4366.9,1,0,0,0,4391.723456356297,4341.476543643703,4343.440490159199,4359.973358367286,4326.907621951112,14.282304237531138,3894,4657.093718472281,7557.960866562631,528.4184842240404,0,0,0,0
1780943400,4366.8,4369,4357.1,4358.8,0,1,0,0,4390.168209473704,4335.931790526296,4343.6253486364285,4360.174888824996,4327.075808447861,14.11213964913603,3111,4141.729145648187,6985.640577708421,252.97553017350447,0,0,0,0
1780945200,4358.9,4362.4,4350.3,4352,0,1,0,0,4383.352623082725,4329.347376917275,4343.748998160854,4360.249372836929,4327.248623484779,13.968415388483418,3395,3892.8194304321246,6212.593718472281,41.25842855545744,0,0,0,0
1780947000,4351.9,4354.9,4346.9,4350.4,0,1,0,0,4375.213150005387,4326.586849994612,4343.840028864261,4360.251650381576,4327.428407346945,13.542100003591745,4088,3957.879620288083,5839.229145648187,-21.626740466403902,0,0,0,1
1780948800,4350.5,4353.8,4348.2,4350.7,1,0,0,0,4373.262210719288,4328.737789280712,4343.878020965131,4360.2535723603505,4327.502469569912,12.974807146192362,1697,3204.2530801920557,5936.819430432124,5.06320346324199,0,0,1,0
1780950600,4350.5,4354.6,4349.3,4354.6,1,0,0,0,4373.239909953625,4330.660090046375,4343.913462959804,4360.266246918567,4327.560679001041,12.426606635750062,1253,2553.835386794704,4806.379620288084,112.27600455428004,0,0,0,0
1780956000,4354.8,4361.3,4345.7,4348.1,0,1,0,0,4380.279916385509,4326.720083614491,4351.7,4351.7,4351.7,12.65327759033937,2544,2550.5569245298025,3830.7530801920557,4.929258725708081,0,0,0,0
1780957800,4348.1,4352.2,4347.5,4351.3,1,0,0,0,4370.32777950083,4329.37222049917,4351.22803225253,4351.877854560093,4350.578209944968,12.085186333886544,1342,2147.704616353202,3825.8353867947035,106.11939339502425,0,0,0,0
1780959600,4351,4352.3,4343.5,4343.9,0,1,0,0,4370.075795250771,4325.724204749229,4349.754079418148,4351.9872030129,4347.5209558233955,11.850530167180375,1797,2030.8030775688012,3221.556924529803,-34.471918058912365,0,0,0,1
1780961400,4343.8,4345.8,4335.7,4341.1,0,1,0,0,4363.388238447144,4318.111761552856,4345.640500945179,4350.364503634368,4340.9164982559905,11.72549229809609,4897,2986.202051712534,3046.204616353202,-135.61855881371193,0,0,0,0
1780963200,4340.9,4347.6,4338.7,4340.8,0,1,0,0,4364.885507129491,4321.414492870509,4344.730978384528,4349.00494669859,4340.457010070465,11.523671419660692,4070,3347.4680344750227,4479.3030775688,-98.28798743262544,0,0,0,0
1780965000,4340.8,4347.1,4338.7,4344.1,1,0,0,0,4364.050828048814,4321.749171951186,4344.4150382071875,4348.2342047824195,4340.595871631956,11.300552032542111,4151,3615.3120229833485,5021.202051712534,90.55136238872498,0,0,1,0
1780966800,4343.9,4362.6,4342.5,4359.7,1,0,0,0,4380.493626045327,4324.6063739546735,4347.569821765465,4353.352683182824,4341.786960348107,11.9290840302177,8055,5095.208015322232,5422.968034475023,686.1451257290676,0,0,0,0
1780968600,4359.7,4363.5,4356.7,4360.8,1,0,0,0,4380.844081327803,4339.355918672197,4349.346895299145,4356.297370864841,4342.39641973345,11.562720885202163,4344,4844.805343548155,7642.8120229833485,637.404208307459,0,0,0,0
1780970400,4361.1,4361.5,4352.5,4360,0,1,0,0,4378.569504090103,4335.430495909897,4350.188621414655,4357.2727522112,4343.1044906181105,11.37966939340201,3362,4350.53689569877,7267.208015322232,488.4570379453627,0,0,0,0
1780972200,4360,4365.6,4355.4,4360.5,1,0,0,0,4382.54311094081,4338.45688905919,4351.150807558785,4358.533060997013,4343.768554120557,11.295407293873348,3557,4086.0245971325135,6525.805343548156,418.6725100106851,0,0,0,0
1780974000,4360,4366.8,4355.2,4360.6,1,0,0,0,4383.77574587361,4338.22425412639,4352.086645962732,4359.667219343057,4344.506072582408,11.317163915739565,4063,4078.3497314216756,6129.03689569877,362.22467361064037,0,1,0,0
1780975800,4360.6,4366.5,4357.8,4360.9,1,0,0,0,4383.195335454066,4341.104664545935,4352.656654993196,4360.353625230481,4344.9596847559105,11.130223636043869,2649,3601.8998209477836,6117.524597132513,302.49950925692815,0,0,0,0
1780977600,4360.9,4363.8,4353.1,4354.7,0,1,0,0,4380.4492400644895,4336.450759935511,4352.897632123695,4360.456592395855,4345.338671851535,11.099493376326437,2511,3238.2665472985223,5402.849731421676,106.2234226442112,0,0,0,0
1780979400,4355,4357.4,4348.4,4356.7,1,0,0,0,4373.824294345597,4331.975705654402,4352.981005571891,4360.29420390248,4345.6678072413015,10.94952956373169,3329,3268.511031532348,4857.399820947783,141.4885317735853,0,0,0,0
1780981200,4356.8,4361.5,4354.8,4356.9,1,0,0,0,4377.468987606626,4338.831012393374,4353.2090458744315,4360.416556944651,4346.001534804212,10.645991737750844,2554,3030.3406876882323,4902.766547298523,113.68499200402867,0,0,0,0
1780983000,4356.6,4375.9,4355.8,4367.9,1,0,0,0,4392.881917063295,4338.818082936705,4354.680787957794,4362.659142087795,4346.702433827792,11.321278042197173,6609,4223.227125125488,4545.511031532348,436.1800250510441,0,0,0,0
1780984800,4368,4373.5,4362.2,4363.4,0,1,0,1,4390.479637273061,4345.220362726939,4355.407389121382,4363.632915863834,4347.18186237893,11.319758182040246,3967,4137.818083416992,6334.840687688232,194.61518614723815,0,0,0,0
1780986600,4363.5,4364.4,4354.1,4354.7,0,1,0,0,4381.270377467841,4337.229622532159,4355.568367738954,4363.526074905126,4347.610660572783,11.246918311894461,4744,4339.878722277995,6206.727125125488,-233.07787960658925,0,0,0,1
1780988400,4354.5,4358.7,4346.1,4354.6,0,0,0,0,4375.715350505853,4329.084649494147,4355.380484948031,4363.052593886747,4347.7083760093155,11.343567003901962,5731,4803.5858148519965,6509.8180834169925,-194.58154913192345,0,0,0,0
1780990200,4354.8,4355.1,4345.7,4349.9,0,1,0,0,4371.907111184007,4328.8928888159935,4355.158102537679,4362.735261649588,4347.58094342577,11.204740789337576,3354,4320.390543234665,7205.378722277995,-330.5973255686279,0,0,0,0
1780992000,4350.2,4360.1,4344.4,4358.2,1,0,0,0,4377.388746099435,4327.111253900565,4355.104061954201,4362.459695246126,4347.748428662276,11.525830732956374,4818,4486.260362156443,6480.5858148519965,-43.75021911884522,0,0,0,0
1780993800,4358.2,4360.5,4349.4,4350.2,0,1,0,0,4377.743121378046,4332.156878621953,4355.043514974149,4362.276863913632,4347.810166034666,11.495414252030944,2977,3983.173574770962,6729.390543234665,-242.38066474570917,0,0,0,0
1780995600,4350.1,4359.7,4347.8,4350.3,1,0,0,0,4376.986469851043,4330.513530148957,4354.944414244425,4362.04594175661,4347.842886732241,11.524313234028709,3611,3859.115716513975,5974.760362156443,-195.08224123023825,0,0,0,0
1780997400,4350.2,4357.6,4348.8,4356.2,1,0,0,0,4374.594579147398,4331.805420852603,4354.920454652507,4361.907998484111,4347.932910820903,11.329719431598098,2961,3559.7438110093167,5788.673574770963,29.05957991380444,0,0,1,0
1780999200,4356.1,4360.9,4349.1,4357.7,1,0,0,0,4377.944966351154,4332.055033648846,4354.957362176034,4361.8145402581,4348.100184093967,11.36331090076961,3602,3573.8292073395446,5339.615716513975,67.62660755702485,0,0,0,0
1781001000,4357.9,4365.2,4353.4,4363.6,1,0,0,0,4382.291754468929,4336.3082455310705,4355.123716060169,4361.950122366119,4348.297309754218,11.394502979286079,2835,3327.5528048930296,5360.743811009317,181.48574799346994,0,0,0,0
1781002800,4363.3,4364.9,4359.8,4362.8,0,1,0,0,4381.317343435434,4343.382656564566,4355.29370823243,4362.1311717426415,4348.456244722218,10.944895623622747,2322,2992.368536595353,4991.329207339544,122.80447272494096,0,0,0,0
1781004600,4362.7,4368.1,4360.8,4364.3,1,0,0,0,4384.126818904332,4344.773181095668,4355.517885620061,4362.4165209420025,4348.619250298119,10.684545936221136,2543,2842.579024396902,4488.552804893029,147.95578375152087,0,0,0,0
1781006400,4364.4,4368.7,4359.7,4360.3,0,1,0,0,4384.546331839736,4343.853668160264,4355.828146513217,4362.740822729904,4348.91547029653,10.564221226491055,4532,3405.7193495979345,4263.868536595352,-79.2326581767422,0,0,0,1
1781008200,4360,4368.9,4359,4365.5,1,0,0,0,4384.675165279755,4343.224834720245,4356.298549352134,4363.300356536574,4349.296742167693,10.51677685317024,6210,4340.479566398623,5108.579024396902,254.87868085570847,0,0,1,0
1781010000,4366.2,4370.2,4354.6,4355.3,0,1,0,0,4386.519796331201,4338.280203668799,4356.54414288211,4363.374838268031,4349.713447496188,10.879864220800899,8027,5569.319710932416,6510.719349597935,-326.6897066687402,0,0,0,1
1781011800,4355.5,4388.8,4349.1,4353.3,0,1,0,1,4408.20766802183,4329.692331978171,4357.623907817119,4364.424450836363,4350.823364797876,12.938445347886537,21574,10904.21314062161,8353.979566398622,-383.41680074506814,0,1,0,0
1781013600,4353.2,4360.4,4328.8,4342.5,0,1,0,0,4381.807120305984,4307.392879694015,4355.906611769913,4363.721935044843,4348.091288494983,14.271413537323173,20545,14117.808760414406,16356.319710932416,-968.9865817926969,0,0,0,0
1781015400,4342.3,4345.5,4302,4324.8,0,1,0,0,4370.038754569843,4277.461245430157,4351.733928461187,4364.709828028069,4338.758028894305,16.35916971322866,24792,17675.87250694294,21176.713140621607,-1723.505944589653,0,0,0,0
1781017200,4325,4326.4,4301,4302.8,0,1,0,0,4351.907414957711,4275.492585042289,4349.350643571272,4365.236745056652,4333.4645420858915,17.004943305140873,11465,15605.581671295293,26513.80876041441,-2331.081016481353,0,0,0,0
1781019000,4302.8,4310.1,4287,4296.5,0,1,0,0,4336.260456746447,4260.8395432535535,4344.978049864261,4365.880997819962,4324.07510190856,17.440304497630837,18604,16605.054447530194,23408.37250694294,-2344.8355653951794,0,0,0,0
1781020800,4296.5,4305.4,4276.8,4287.4,0,1,0,0,4332.756138407414,4249.443861592586,4341.259786458688,4365.725013011294,4316.794559906081,18.23742560494288,15848,16352.70296502013,24907.58167129529,-2336.7677286309963,0,0,0,0
1781022600,4287,4291.5,4260,4276,0,1,0,0,4320.27712852117,4231.22287147883,4336.437673215398,4365.535330911017,4307.340015519779,19.184752347446963,18690,17131.801976680086,24529.054447530194,-2453.526831883063,0,0,0,0
1781024400,4276.2,4292.4,4275.1,4287.5,1,0,0,0,4320.975190769658,4246.524809230342,4334.232754969937,4364.546687707305,4303.918822232568,19.050127179772126,11357,15206.86798445339,25697.70296502013,-1219.744183089082,0,0,0,0
1781026200,4287.6,4292.8,4279.9,4287.1,0,1,0,0,4320.716248571825,4251.983751428174,4333.1274464766975,4363.933906987445,4302.32098596595,18.610832381217012,6294,12235.911989635595,22810.301976680086,-926.1285656216669,0,0,0,0
1781028000,4287.3,4298.7,4283.6,4295.6,1,0,0,0,4326.240087959552,4256.059912040449,4332.331541580073,4363.3473573377105,4301.315725822435,18.36005863970147,5438,9969.94132642373,18353.86798445339,-376.1260148602464,0,0,0,0
1781029800,4295.3,4298.7,4286.7,4294.3,0,1,0,0,4325.558653105299,4259.841346894701,4331.747718212642,4362.894177204897,4300.601259220388,17.90576873686565,4194,8044.627550949153,14954.911989635595,-239.15502907695532,0,0,0,0
1781031600,4294.5,4296.2,4276.6,4281.5,0,1,0,0,4323.240177883491,4249.559822116509,4330.8150092942205,4362.339480681,4299.290537907441,18.026785255660922,5689,7259.418367299436,12066.94132642373,-447.9129234090972,0,0,0,0
1781033400,4281.2,4284.2,4273.9,4282.8,1,0,0,0,4310.412308034671,4247.687691965329,4329.771569002718,4361.785395804124,4297.757742201312,17.474872023113726,6044,6854.278911532957,10889.127550949153,-171.69130681195202,0,0,0,0
1781035200,4282.8,4285.6,4280,4282.9,1,0,0,0,4310.540000317908,4255.059999682092,4329.467951978504,4361.599163685856,4297.336740271152,16.62666687860563,1905,5204.519274355305,10281.418367299435,-30.40861306873444,0,0,0,0
1781037000,4283,4286.2,4281.3,4285,1,0,0,0,4309.883571723772,4257.616428276228,4329.281980199805,4361.477735359819,4297.08622503979,15.78904781584806,1214,3874.346182903537,7806.778911532958,128.41110248198436,0,0,1,0
1781042400,4281.9,4282.3,4270.2,4280.2,0,1,0,0,4305.877602314931,4246.622397685069,4277.566666666667,4277.566666666667,4277.566666666667,15.718401543287497,3203,3650.564121935691,5811.519274355305,168.05568895486704,0,0,0,0
1781044200,4280.3,4281.2,4255.3,4260,0,1,0,0,4305.868487863864,4230.631512136136,4269.003402223833,4274.480678891582,4263.5261255560845,16.445658575909793,7829,5043.37608129046,5475.846182903537,-335.7339179358205,0,0,0,1
1781046000,4260.5,4271,4245.7,4247.3,0,1,0,0,4296.61716730216,4220.08283269784,4263.067966287758,4271.280496122696,4254.855436452821,17.07811153477339,7794,5960.2507208603065,7565.06412193569,-549.428948585969,0,0,0,0
1781047800,4247.4,4252.8,4232.1,4244.8,0,1,0,0,4278.805226780577,4206.094773219424,4256.645452150904,4268.123521011279,4245.167383290529,17.336817853718138,9015,6978.500480573538,8940.37608129046,-443.8005573069172,0,0,0,0
1781049600,4245.2,4251.2,4239.3,4240.5,0,1,0,0,4276.622710581964,4213.877289418036,4254.000773131995,4265.499931618704,4242.501614645285,16.948473721309675,7125,7027.333653715692,10467.750720860307,-512.7998037853449,0,0,0,0
1781051400,4241,4244.3,4222,4241.7,1,0,0,0,4270.296088397538,4196.003911602462,4249.736088196354,4262.364749149233,4237.107427243475,17.330725598359,10856,8303.555769143795,10541.000480573537,-268.6860885830456,0,0,0,0
1781053200,4241.3,4242.4,4210.9,4225.5,0,1,0,0,4269.914224940571,4183.385775059428,4243.872190753716,4258.801115487408,4228.943266020023,18.342816627047643,15262,10623.037179429197,12455.333653715694,-820.0168283658836,0,0,0,0
1781055000,4225.6,4231.3,4206.1,4212.2,0,1,0,0,4259.548923159102,4177.851076840899,4239.800024613955,4256.664821389791,4222.93522783812,18.83261543940137,10691,10645.691452952798,15934.555769143795,-1078.457554827719,0,0,0,0
1781056800,4212.6,4215.5,4201.9,4212,0,1,0,0,4243.188285790595,4174.211714209405,4236.958717605906,4255.252159945601,4218.66527526621,18.45885719372987,7509,9600.127635301866,15968.537179429197,-778.006510045901,0,0,0,0
1781058600,4212.4,4216.9,4196.6,4197.8,0,1,0,0,4244.785551091266,4168.714448908734,4233.363456484657,4253.4833460366835,4213.2435669326305,18.590367394177683,9631,9610.418423534577,14400.191452952798,-1148.0956200012001,0,0,0,0
1781060400,4197.9,4205.1,4195.9,4200.7,1,0,0,0,4231.979440299034,4169.020559700966,4231.570489525854,4252.505346565957,4210.635632485752,17.91962686602219,5142,8120.945615689718,14415.627635301866,-642.9707540751206,0,0,0,0
1781062200,4200.8,4210.8,4199.7,4208.8,1,0,0,0,4236.94876599196,4173.55123400804,4230.546063183517,4251.643669762406,4209.448456604628,17.432510661306345,3996,6745.963743793145,12181.418423534577,-102.93127102530752,0,0,0,0
1781064000,4208.9,4211.1,4196.9,4197.8,0,1,0,0,4236.902425563962,4171.097574436038,4229.390946518168,4250.811879656168,4207.970013380168,17.201617042641658,4125,5872.309162528763,10118.945615689718,-236.19128748683806,0,0,0,0
1781065800,4197.3,4199.3,4193,4198.2,1,0,0,0,4223.934395166537,4168.365604833463,4228.326960143899,4250.175751632941,4206.478168654857,16.42293011102441,3452,5065.539441685843,8808.463743793145,6.544346861354597,0,0,1,0
1781067600,4198.1,4210.6,4196.2,4210.5,1,0,0,0,4235.017652654642,4171.782347345358,4227.413777107595,4249.272751426248,4205.554802788942,16.278435103094132,4456,4862.359627790562,7598.309162528763,518.9979619128607,0,0,0,0
1781069400,4210.6,4232.3,4205,4228.5,1,0,0,0,4257.898534607882,4179.401465392119,4227.020564104726,4248.128209288088,4205.912918921364,17.06568973858742,8509,6077.906418527041,7293.539441685843,1097.0868236665629,0,0,0,0
1781071200,4228.5,4245.4,4228.5,4234.7,1,0,0,0,4270.980782135889,4202.919217864111,4227.643296181598,4248.152716534901,4207.1338758282955,17.05385475725972,8631,6928.93761235136,9116.859627790562,1333.7911188551093,0,0,0,0
1781073000,4234.7,4236.9,4225,4227.3,0,1,0,0,4261.928583411897,4199.971416588102,4227.713806442466,4247.877833300289,4207.549779584643,16.685722274598287,4442,6099.95840823424,10393.40641852704,959.7408175813827,0,0,0,0
1781074800,4226.8,4231.1,4216.4,4217.9,0,1,0,0,4255.915827453905,4191.584172546095,4227.487046748175,4247.293291079398,4207.680802416952,16.54388496926989,5250,5816.638938822826,9149.93761235136,608.9119868808292,0,0,0,0
1781076600,4217.9,4220.6,4204.9,4209.6,0,1,0,0,4245.325411207198,4180.174588792802,4226.8280837800885,4246.471958138989,4207.184209421188,16.48360747146495,5964,5865.759292548551,8724.958408234239,321.0381386875058,0,0,0,0
1781078400,4209.6,4210.9,4184,4194.8,0,1,1,0,4236.741453263826,4158.158546736174,4224.365558262986,4244.93096888007,4203.800147645902,17.22763550921743,12657,8129.506195032367,8798.638938822825,-274.4150781007195,0,0,0,1
1781080200,4194.8,4202.2,4188.8,4192,0,1,0,0,4227.631349459267,4163.368650540733,4222.995640791214,4244.041042035881,4201.950239546547,16.95423297284473,7434,7897.670796688245,12194.259292548551,-249.00856520366005,0,0,0,0
1781082000,4191.9,4197.9,4187,4188.9,0,1,0,0,4222.682681640747,4162.217318359252,4221.842750229622,4243.338480993174,4200.3470194660695,16.52178776049865,6145,7313.447197792163,11846.506195032367,-239.53282326779367,0,0,0,0
1781083800,4188.7,4202.9,4185.4,4191.4,1,0,0,0,4227.78749009498,4160.512509905019,4220.774444722731,4242.551375602079,4198.997513843382,16.591660063320173,6560,7062.298131861442,10970.170796688244,24.188947191889156,1,0,1,0
1781085600,4191.6,4193.9,4178.2,4187.8,0,1,1,0,4218.691955088196,4153.408044911804,4219.496601263499,4241.823245331773,4197.169957195224,16.52797005879729,6831,6985.198754574295,10593.447197792164,-11.718256515304347,0,0,0,1
1781087400,4187.6,4201.7,4186.8,4197.5,1,0,0,0,4226.3175297247535,4162.1824702752465,4218.86583244842,4241.233444770069,4196.498220126772,16.411686483168886,4892,6287.465836382863,10477.798131861442,420.4157320808765,0,0,1,0
1781089200,4197.6,4198.9,4175.9,4188.7,0,1,0,0,4224.223420458699,4150.5765795413,4217.0551498310815,4239.946839371322,4194.163460290841,16.88228030579968,11612,8062.310557588575,9431.198754574294,41.31422143014788,0,0,0,0
1781091000,4189,4190.9,4168.2,4170.3,0,1,0,0,4216.846747568792,4142.253252431207,4215.270858553831,4239.150364791761,4191.391352315902,17.29783171252826,9151,8425.207038392384,12093.465836382862,-554.5444000502021,0,0,0,1
1781092800,4169.9,4175.2,4153.3,4165.1,0,1,0,0,4201.639837028164,4126.860162971836,4212.024177102302,4238.252587908279,4185.795766296325,17.626558018776215,14231,10360.471358928256,12637.810557588575,-620.7428665004879,0,0,0,0
1781094600,4163.5,4197.3,4163.4,4169.7,1,0,0,0,4225.483420097581,4135.216579902419,4208.601054124345,4235.618358377485,4181.583749871205,18.78894673172081,23939,14886.647572618836,15540.707038392386,34.93455202045402,0,0,1,0
1781096400,4169.9,4181.2,4155.1,4171.9,1,0,0,0,4210.166747233468,4126.133252766532,4206.014325887783,4233.879724277973,4178.148927497594,19.311164822312143,17403,15725.431715079225,22329.971358928255,282.85372531872997,0,0,0,0
1781098200,4172.1,4209.5,4164.6,4202.8,1,0,0,0,4241.208408145363,4132.891591854637,4204.827752666682,4231.738045956383,4177.91745937698,21.13893876357554,24980,18810.287810052818,23588.147572618836,1964.378308230211,0,0,0,0
1781100000,4202.7,4204.3,4182.3,4184,0,1,0,0,4236.100664706409,4150.499335293592,4204.017918147176,4230.385745391273,4177.650090903078,21.200443137605856,16921,18180.525206701877,28215.431715079227,361.78138044299294,0,0,0,0
1781101800,4184.1,4186.6,4139.8,4147.4,0,1,0,0,4221.1434743702375,4105.256525629763,4201.084669775193,4228.969844860264,4173.199494690122,23.028982913491166,20776,19045.683471134584,27270.787810052818,-1127.0205299027648,0,0,0,1
1781103600,4147.4,4160.2,4135.5,4150.5,1,0,0,0,4194.92251191522,4100.77748808478,4197.9580396777155,4227.7078310735,4168.208248281931,23.148341276813216,20733,19608.122314089724,28568.525206701874,-555.5104323786254,0,0,0,0
1781105400,4150.8,4154.4,4129.6,4152.1,1,0,0,0,4189.299475349847,4094.7005246501535,4195.117970245946,4226.399790254797,4163.836150237094,23.266316899897934,19817,19677.74820939315,29412.183471134587,-232.74157196386773,1,0,0,0
1781107200,4152.2,4158.8,4145.4,4150.6,0,1,0,0,4192.642369967715,4111.557630032285,4193.99165104916,4225.629795653848,4162.353506444472,22.56157997847669,9750,16368.498806262101,29516.622314089727,-175.20458047910506,0,0,0,0
1781109000,4150.4,4155.1,4138.6,4144.5,0,1,0,0,4188.292914970021,4105.4070850299795,4193.136749175262,4225.126697902015,4161.146800448509,22.12860998001407,6842,13192.999204174735,24552.748209393154,-247.71153989734762,0,0,0,0
1781110800,4144.5,4158,4131.6,4133.8,0,1,0,0,4191.650563900734,4097.949436099267,4191.771886260432,4224.415612275287,4159.128160245578,22.433709267155898,10338,12241.332802783158,19789.498806262105,-469.12414888204785,0,0,0,0
1781112600,4133.9,4136.8,4123.6,4134.8,1,0,1,0,4169.461237907824,4090.938762092176,4190.031067784856,4223.73865099065,4156.323484579061,21.774158605216176,11762,12081.555201855439,18361.999204174735,-176.7510539922157,0,0,0,0
1781114400,4135.1,4143.8,4132.3,4135.5,1,0,0,0,4175.360435200123,4100.739564799877,4189.303188086573,4223.339521821485,4155.266854351661,21.04029013341502,5667,9943.370134570294,18122.33280278316,5.960050315803755,0,0,1,0
1781116200,4135.6,4135.9,4120.1,4125,0,1,0,0,4166.89897554297,4089.1010244570293,4188.30108392916,4222.96040959132,4153.641758267,20.665983695313894,6724,8870.246756380197,14915.05520185544,-288.03852463683165,0,0,0,1
1781118000,4125.2,4125.8,4105,4108,0,1,0,0,4156.813334432759,4073.9866655672413,4186.529172817705,4222.632248400351,4150.426097235059,20.67555628850577,10065,9268.497837586798,13305.370134570294,-884.3522592963109,0,0,0,0
1781119800,4108.2,4116.2,4105,4106.3,0,1,0,0,4146.19809625899,4075.0019037410098,4184.943583941551,4222.318288178844,4147.568879704258,19.998730839326775,8958,9164.998558391198,13902.746756380197,-724.3490364691593,0,0,0,0
1781121600,4106,4106.5,4092.1,4101.5,0,1,0,0,4135.898232240491,4062.701767759509,4183.734043850431,4222.181535258725,4145.286552442137,19.598821493660584,6316,8215.332372260798,13747.497837586798,-631.564919613714,0,0,0,0
1781123400,4101.3,4101.4,4089.8,4094.5,0,1,0,0,4129.951929937598,4061.2480700624014,4182.942382376521,4222.1140878284,4143.7706769246415,19.0346199583991,4002,6810.888248173866,12322.998558391198,-586.5340313101167,1,0,0,0
1781128800,4090.1,4095.4,4058.9,4067.8,0,1,0,0,4125.823220656342,4028.4767793436586,4074.0333333333333,4074.0333764917063,4074.0332901749603,20.282147104227736,13538,9053.25883211591,10216.332372260798,-1103.1509922857813,0,0,0,0
1781130600,4068,4092.6,4067.7,4069,1,0,0,0,4123.51799060946,4036.7820093905398,4075.1323322922503,4076.328074233969,4073.936590350532,20.611993739640045,11436,9847.505888077272,13579.888248173864,-695.3469058358469,0,0,0,0
1781132400,4069.2,4087.6,4046,4084,1,0,0,0,4120.766705565927,4012.8332944340727,4074.1459395445136,4075.7200466739814,4072.5718324150457,22.111137043951462,15276,11657.003925384848,14771.25883211591,110.06806229356243,0,0,1,0
1781134200,4083.9,4086.9,4066.6,4069.5,0,1,0,0,4119.872655168361,4033.6273448316388,4074.1837972508592,4075.591952444642,4072.7756420570763,21.981770112240657,10190,11168.002616923231,17485.50588807727,-425.32169235619085,0,0,0,1
1781136000,4069.8,4095.3,4057.9,4089.3,1,0,0,0,4129.924608370621,4023.275391629379,4075.9681249607147,4079.1511955091987,4072.7850544122307,23.08307224708062,18499,13611.668411282153,16752.003925384848,728.5317816241222,0,0,1,0
1781137800,4089.3,4100.4,4080.7,4097.2,1,0,0,0,4134.662136344147,4046.4378636558517,4078.4299784179498,4085.0588479842627,4071.801108851637,22.84142422943199,11838,13020.445607521435,20417.50261692323,1203.4416379566187,0,0,0,0
1781139600,4097.2,4129.7,4087.5,4125,1,0,0,0,4166.036269462423,4051.163730537577,4086.2377342742984,4102.099513739064,4070.375954809533,24.224179641615404,22663,16234.63040501429,19530.668411282153,2540.1935035553947,0,0,0,0
1781141400,4124.8,4138.5,4118.2,4121.9,0,1,0,0,4174.415821643679,4082.2841783563213,4090.971631441396,4110.683548161711,4071.259714721081,23.943881095785745,13900,15456.420270009527,24351.945607521433,2021.0458284828385,0,0,0,0
1781143200,4122.3,4123.1,4102,4103,0,1,0,0,4158.711120097702,4066.3888799022984,4092.350849421763,4111.9185488428175,4072.7831500007087,23.740746731801075,9511,13474.613513339684,23184.63040501429,952.0615067478502,0,0,0,0
1781145000,4103,4105.8,4073.3,4088.9,0,1,0,0,4142.349611519295,4036.7503884807056,4092.0424963490914,4110.605984400982,4073.4790082972004,24.36640767952957,14438,13795.742342226456,20211.920270009527,302.9994019475497,0,0,0,0
1781146800,4089.1,4099.8,4077.9,4084.6,0,1,0,0,4136.085353553631,4041.6146464463695,4091.794159886609,4109.880597299896,4073.707722473322,24.19023570242032,8046,11879.161561484305,20693.613513339686,205.43567077418948,0,0,0,0
1781148600,4084.7,4097,4083.8,4094.4,1,0,0,0,4132.1078282998,4048.6921717002006,4091.7919628737964,4109.548765186889,4074.035160560704,23.405218866533144,5596,9784.774374322871,17818.74234222646,666.8562265590767,0,0,0,0
1781150400,4094.3,4107,4091.4,4099,1,0,0,0,4141.271554849814,4057.128445150186,4092.0337760910825,4109.54477764677,4074.522774535395,22.84770323320934,5277,8282.182916215248,14677.161561484307,801.1257086917593,0,0,0,0
1781152200,4099,4107.5,4095.8,4104,1,0,0,0,4140.577158074827,4062.722841925173,4092.3051128672755,4109.665494745455,4074.9447309890957,22.05143871655152,4292,6952.121944143499,12423.274374322871,928.0020761449879,0,0,0,0
1781154000,4103.9,4104.5,4093.5,4096.5,0,1,0,0,4136.393075355197,4061.6069246448033,4092.4520937666075,4109.617917122616,4075.286270410599,21.26205023679784,4231,6045.0812960956655,10428.182916215248,584.655925180813,0,0,0,0
1781155800,4096.2,4127.4,4095.5,4115.1,1,0,0,0,4160.432855686968,4062.4671443130314,4093.499020682189,4110.804270850845,4076.1937705135333,22.02190379131225,9216,7102.05419739711,9067.621944143499,1082.0954108550416,0,0,0,0
1781157600,4115,4115.8,4096.7,4107.4,0,1,0,0,4148.51979456647,4063.980205433529,4094.0453464031175,4111.1886310614345,4076.9020617448004,21.813196377647113,7723,7309.036131598074,10653.081296095665,677.3492131808521,0,0,0,0
1781159400,4107.7,4118.6,4103.8,4115.6,1,0,0,0,4150.568380668866,4071.8316193311343,4094.4504456468867,4111.622460113487,4077.278431180286,21.312253779243758,4129,6249.024087732049,10963.55419739711,839.0711899295195,0,0,0,0
1781161200,4115.7,4131.2,4111.9,4128.5,1,0,0,0,4162.9527820496605,4080.1472179503385,4095.500363099352,4113.224234933425,4077.776491265279,21.168521366440643,7025,6507.682725154699,9373.536131598074,1196.046098527223,0,0,0,0
1781163000,4128,4131.4,4119.8,4125.8,0,1,0,0,4162.127583331828,4089.072416668172,4096.2522229653305,4114.374631991805,4078.1298139388564,20.485055554551987,5031,6015.455150103133,9761.524087732048,950.690826211998,0,0,0,0
1781164800,4125.7,4133.8,4117.8,4118.6,0,1,0,0,4164.047041665269,4087.5529583347316,4097.046908593102,4115.479227473712,4078.6145897124916,20.16469444351256,6087,6039.303433402089,9023.1827251547,579.6727351605302,0,1,0,0
1781166600,4118.4,4120.4,4105.2,4105.2,0,1,0,0,4150.115110117749,4075.48488988225,4097.35027988435,4115.677094623356,4079.023465145344,19.810073411833077,4884,5654.202288934725,9058.955150103133,128.22794624450825,0,0,0,0
1781168400,4105.1,4110,4099.3,4100.3,0,1,0,0,4138.7390308236245,4070.5609691763757,4097.506120103118,4115.611689113743,4079.4005510924926,19.159353882416415,5825,5711.134859289817,8481.303433402089,-87.5590262248461,0,0,0,1
1781170200,4100.1,4117.3,4097.7,4112.3,1,0,0,0,4146.0862429076515,4068.9137570923485,4097.762730620156,4115.74787302275,4079.777588217561,19.190828605100982,4949,5457.089906193211,8566.702288934724,272.7466416683611,0,0,1,0
1781172000,4112.3,4115.6,4107.4,4108.4,0,1,0,0,4143.208654128534,4079.791345871466,4097.928485819548,4115.853975678008,4080.0029959610874,18.405769419022395,2956,4623.393270795475,8185.6348592898175,142.54864871627814,0,0,0,0
1781173800,4108.3,4113.7,4106.9,4110.2,1,0,0,0,4140.065178833638,4080.5348211663613,4098.049067712158,4115.927996488923,4080.170138935393,17.57678588909224,2236,3827.59551386365,6935.089906193212,226.43916493365427,0,0,0,0
1781175600,4110.3,4113.9,4103.5,4110.7,1,0,0,0,4139.496237488378,4077.9037625116216,4098.255944166967,4116.035471411962,4080.4764169219725,17.064158325585627,4260,3971.730342575767,5741.3932707954755,249.89806254805978,1,0,0,0
1781177400,4110.6,4116.8,4100.1,4100.5,0,1,0,0,4142.357220524923,4074.5427794750776,4098.43777888513,4116.039797080842,4080.835760689418,17.038147016615213,5756,4566.4868950505115,5957.59551386365,-75.62787057497894,0,0,0,1
1781179200,4100.8,4107.7,4081.7,4089.6,0,1,0,0,4134.217419058857,4055.182580941143,4098.151214432769,4115.326180910759,4080.976247954779,17.678279372571268,13285,7472.657930033674,6849.730342575767,-551.3940479374327,0,0,0,0
1781181000,4089.3,4106.3,4077.8,4102.6,1,0,0,0,4133.976889126082,4050.123110873919,4097.981420260742,4114.594985346281,4081.3678551752037,18.451259417387607,17726,10890.438620022449,11208.986895050512,381.13507416780624,0,0,1,0
1781182800,4102.9,4107.1,4092.7,4096.2,0,1,0,0,4134.342825617076,4065.457174382924,4098.004851953668,4114.3323745990065,4081.677329308329,18.161883744717105,9553,10444.625746681633,16335.657930033674,-57.567371494041936,0,0,0,1
1781184600,4096.3,4114.7,4087.9,4104.2,1,0,0,0,4142.868338072999,4059.7316619270014,4098.266398891718,4114.118016717305,4082.4147810661316,18.778892048665863,18266,13051.750497787754,15666.93862002245,509.8423404186631,0,0,1,0
1781186400,4104.1,4106.8,4073.1,4095.6,0,1,0,0,4136.567028210642,4043.332971789358,4097.820665153202,4113.200271946661,4082.441058359743,19.844685473761178,22158,16087.166998525168,19577.62574668163,-63.40515377185204,0,0,0,1
1781188200,4095.4,4104.7,4091,4094.1,0,1,0,0,4133.808669052739,4061.8913309472614,4097.7787415325465,4112.89357015379,4082.6639129113028,19.40577936849251,11374,14516.111332350112,24130.750497787754,-106.1084265690397,0,0,0,0
1781190000,4093.9,4110.5,4090.8,4102.8,1,0,0,0,4139.640192691829,4061.6598073081714,4097.912126806549,4112.758865050779,4083.0653885623196,19.42679512788589,12787,13939.740888233408,21774.16699852517,504.8175791927102,0,0,1,0
1781191800,4102.8,4116.8,4098.4,4110.1,1,0,0,0,4145.830178928127,4069.3698210718726,4098.189924659506,4112.936151312076,4083.443698006936,19.353452618751223,9328,12402.493925488938,20909.611332350112,804.0954417831574,0,0,0,0
1781193600,4110.1,4128.9,4100.5,4100.6,0,1,0,0,4158.899451861832,4070.500548138168,4098.551257517345,4113.211919900351,4083.8905951343395,19.99963457455468,11150,11984.995950325958,18603.740888233406,343.4625582771664,0,0,0,0
1781195400,4100.4,4109.3,4099,4101.3,1,0,0,0,4138.260205300273,4070.0397946997273,4098.632681821287,4113.17717398468,4084.088189657895,19.306803533515073,6497,10155.663966883973,17977.493925488936,369.7907602487662,0,0,0,0
1781197200,4101.4,4123.2,4092.8,4122.4,1,0,0,0,4153.348762064538,4062.6512379354613,4099.063767524978,4113.590532480454,4084.537002569502,20.09917470969254,11641,10650.775977922649,15233.49595032596,1091.7883400597236,1,0,0,0
1781199000,4122.6,4191.9,4122.4,4173.1,1,0,0,0,4227.341707631357,4086.958292368642,4104.855827371849,4127.778181950273,4081.9334727934247,23.627805087571648,38463,19921.5173186151,15976.163966883974,3545.5797615704305,0,0,0,0
1781200800,4173,4184.1,4152,4173.7,1,0,0,0,4220.449442800546,4115.650557199454,4107.505591693305,4133.379497535781,4081.631685850829,24.23296186703084,17871,19238.0115457434,29882.27597792265,2928.938540007962,0,0,0,0
1781202600,4174,4193.4,4170,4183.1,1,0,0,0,4229.6601968862215,4133.739803113778,4108.986348227287,4136.636733884989,4081.335962569585,24.173464590814326,8881,15785.674363828934,28857.0173186151,2694.013089997546,0,0,0,0
1781204400,4183.6,4220,4183.6,4217.1,1,0,0,0,4257.623754251491,4145.976245748509,4111.949033480597,4143.929026899163,4079.969040062031,25.082502834327563,13972,15181.116242552622,23678.5115457434,3368.5000555666093,0,0,0,0
1781206200,4217,4241.3,4217,4229.9,1,0,0,0,4278.8399146620995,4179.460085337901,4115.7261008629175,4153.398167928074,4078.054033797761,25.02660977473275,15343,15235.07749503508,22771.674363828934,3451.498095634915,0,0,0,0
1781208000,4230.2,4240.3,4229.2,4235,1,0,0,0,4276.347777900521,4193.152222099479,4116.8605708500545,4156.097081604947,4077.6240600951623,24.031851933680436,4588,11686.05166335672,22852.61624255262,2915.505817152328,0,0,0,0
1781209800,4235.3,4237.4,4229.8,4233.8,0,1,0,0,4271.687222336197,4195.512777663803,4117.568932106281,4157.72371657086,4077.4141476417017,22.858148224131792,2939,8770.367775571147,17529.077495035082,2216.958868621611,0,0,0,0
1781215200,4233.8,4242.4,4225,4235.8,1,0,0,0,4276.1024207407545,4191.297579259245,4234.400000000001,4234.400000000001,4234.400000000001,22.468280493836637,5125,7555.245183714098,13155.55166335672,1741.952046535559,0,0,0,0
1781217000,4235.6,4267.7,4232.2,4264,1,0,0,0,4302.79867640213,4197.10132359787,4247.637257680026,4257.2606072093695,4238.013908150682,23.399117601419736,9697,8269.1634558094,11332.867775571147,2016.915538308871,0,0,0,0
1781218800,4264.3,4267,4234.5,4236.9,0,1,0,0,4303.073770944835,4198.426229055165,4247.066642940881,4254.682680300096,4239.450605581666,24.049180629889754,9062,8533.442303872933,12403.745183714098,778.4954517883314,0,0,0,0
1781220600,4236.8,4245.5,4234.5,4240.8,1,0,0,0,4280.175644448775,4199.824355551225,4245.532899913532,4252.8128857829315,4238.252914044132,23.117096299183345,6956,8007.6282025819555,12800.1634558094,720.0528458618867,0,0,0,0
1781222400,4240.2,4251.6,4227.9,4241.3,1,0,0,0,4286.33809841672,4193.16190158328,4244.194847422098,4250.887264408699,4237.502430435497,23.158732277813158,10505,8840.08546838797,12011.442303872933,475.29169993262644,0,0,0,0
1781224200,4241.6,4249.8,4221.3,4229.5,0,1,0,0,4285.11037710124,4185.98962289876,4242.316665338274,4249.623853606989,4235.00947706956,23.540251400826502,8841,8840.390312258647,13260.128202581955,-126.57227238137284,0,0,0,1
1781226000,4229.6,4232.4,4200.4,4202.5,0,1,0,0,4268.616778736865,4164.183221263134,4235.703190636774,4249.85026196685,4221.556119306698,24.14451915791032,13866,10515.593541505765,13260.58546838797,-1368.0077982607354,0,0,0,0
1781227800,4202.5,4213.1,4192.7,4208.7,1,0,0,0,4248.915580255662,4156.884419744339,4231.8408744468115,4248.556454025934,4215.125294867689,23.877053503773908,9160,10063.72902767051,15773.390312258647,-1004.03313780384,0,0,0,0
1781229600,4208.3,4222,4205.2,4209.9,1,0,0,0,4257.0573245231135,4170.142675476886,4230.231363188319,4247.1154149540835,4213.347311422554,23.371549682075788,6596,8907.81935178034,15095.593541505765,-903.0805245573893,0,0,0,0
1781231400,4210.5,4216,4204.1,4213.4,1,0,0,0,4249.82822991432,4170.27177008568,4229.024827464789,4246.012369577213,4212.037285352366,22.552153276213204,5392,7735.87956785356,13361.72902767051,-749.9572440648251,0,0,0,0
1781233200,4213.3,4225.4,4211.4,4225.4,1,0,0,0,4258.311927777582,4178.488072222417,4228.574337828589,4245.2005240483295,4211.948151608848,21.941285185055115,4895,6788.919711902373,11603.81935178034,-345.4951374701775,0,0,0,0
1781235000,4225.4,4226.8,4217,4218.7,0,1,0,0,4258.4110757934695,4185.388924206531,4228.203907083902,4244.51133885525,4211.896475312554,21.074050528979765,4528,6035.279807934915,10183.379567853559,-702.5556433791784,0,0,0,0
1781236800,4218.9,4222.9,4212.1,4214.3,0,1,0,0,4253.410284665364,4181.589715334636,4227.815492103721,4243.988861582147,4211.642122625295,20.34018977690973,3229,5099.853205289944,9052.919711902372,-826.936718337677,0,0,0,0
1781238600,4214.3,4220.1,4211.3,4211.5,0,1,0,0,4249.373835760696,4182.026164239304,4227.423342197878,4243.520999048871,4211.325685346885,19.51589050713048,2924,4374.568803526629,7649.779807934916,-880.7263241536936,0,0,0,0
1781240400,4211.5,4214.6,4203.6,4208.8,0,1,0,0,4242.961418920647,4175.238581079354,4226.76901177499,4242.941761686694,4210.596261863286,18.90761261376402,3711,4153.379202351086,6561.8532052899445,-916.6124100089287,0,0,0,0
1781242200,4208.7,4209.4,4192.2,4194.6,0,1,1,0,4237.5784604263135,4164.021539573686,4225.078192572075,4242.117200685879,4208.039184458271,18.785640284209432,6706,5004.252801567391,6230.0688035266285,-1370.964453017844,0,0,0,0
1781244000,4194.9,4207.2,4194.5,4203.6,1,0,0,0,4234.72642753872,4166.97357246128,4224.1699172868,4241.47206224271,4206.86777233089,18.350951692480173,4508,4838.835201044927,7506.379202351086,-924.1612468378917,0,0,0,0
1781245800,4203.8,4206.2,4193.7,4205.3,1,0,0,0,4233.099539857383,4166.800460142616,4223.324204392028,4240.826770471016,4205.82163831304,17.933026571588734,4532,4736.556800696618,7258.252801567391,-792.7894483641918,0,0,0,0
1781247600,4205.5,4206.4,4194.9,4195.5,0,1,0,0,4232.610287010427,4168.689712989572,4222.52824197368,4240.27996027416,4204.776523673201,17.47352467361811,4056,4509.704533797745,7104.835201044927,-1063.1201692422692,0,0,0,0
1781249400,4195.4,4215.4,4190.7,4215.4,1,0,1,0,4242.384552223968,4163.715447776031,4221.581727695986,4239.170104745455,4203.993350646517,17.989701482645373,8161,5726.80302253183,6764.556800696618,-322.6487904351334,0,0,0,0
1781251200,4215.7,4242.3,4213,4234.4,1,0,0,0,4270.496369922256,4184.803630077744,4222.265728454259,4239.269708049718,4205.2617488588,18.797579948170718,11867,7773.535348354553,8590.204533797745,374.18080198663847,0,0,1,0
1781253000,4235,4247.6,4233.3,4241.4,1,0,0,0,4275.314486356381,4205.585513643619,4223.0980043895925,4240.151848429756,4206.044160349429,18.476324237587107,6798,7448.3568989030355,11660.303022531829,513.4250868472809,0,0,0,0
1781254800,4241.8,4248.8,4239.4,4242.2,1,0,0,0,4275.542023045211,4212.657976954789,4223.79773746307,4240.961812447973,4206.633662478167,17.82801536347378,5376,6757.571265935357,11172.535348354553,358.67434428181605,0,0,0,0
1781256600,4242.2,4249.6,4240.1,4242.9,1,0,0,0,4275.449735684839,4214.250264315162,4224.390659428157,4241.64722812182,4207.134090734494,17.233157123225656,4684,6066.380843956905,10136.356898903035,240.94957464097251,0,1,0,0
1781258400,4243,4246.9,4223.7,4227.7,0,1,0,0,4273.389040278778,4197.210959721221,4224.720973387685,4241.71224275952,4207.72970401585,17.659360185852382,6617,6249.920562637936,9099.571265935358,-299.714934400919,0,0,0,1
1781260200,4227.8,4239.9,4227.4,4232,1,0,0,0,4265.836251687437,4201.4637483125625,4224.924969133827,4241.757738919663,4208.0921993479915,17.290834458291496,4187,5562.2803750919575,9374.880843956904,-195.56538454691304,0,0,0,0
1781262000,4232.2,4233.2,4222.9,4223.5,0,1,0,0,4258.387233709763,4197.712766290237,4224.963801536593,4241.593956816132,4208.333646257053,16.791489139842117,4255,5126.520250061305,8343.420562637937,-579.7504455672372,0,0,0,0
1781263800,4223.6,4236.4,4218.2,4227.9,1,0,0,0,4261.738145587637,4192.861854412363,4225.044111166667,4241.414873506937,4208.673348826397,16.89209705842481,5763,5338.680166707537,7689.7803750919575,-422.74053195981156,0,0,0,0
1781265600,4227.8,4236.5,4221.2,4221.7,0,1,0,0,4261.667563759949,4196.032436240051,4225.103786817992,4241.130034548026,4209.077539087958,16.778375839965907,7969,6215.453444471691,8008.020250061305,-718.7719128937978,0,0,0,0
1781267400,4221.9,4222.6,4209.2,4212.3,0,1,0,0,4247.405594919953,4184.394405080047,4224.59870612728,4240.39019818639,4208.80721406817,16.537063279968383,9693,7374.635629647793,9323.180166707536,-1309.5185941207576,0,0,0,0
1781269200,4212.2,4227.6,4207.2,4223.9,1,0,0,0,4252.819480997099,4181.980519002901,4224.4048949309035,4239.919542294252,4208.890247567555,16.812987331399253,7998,7582.423753098529,11061.95344447169,-697.2185110825111,0,0,0,0
1781271000,4223.7,4231.2,4203,4206.1,0,1,0,0,4257.639518068734,4176.560481931266,4223.518596968061,4238.690887685426,4208.346306250695,17.626345379156437,18249,11137.949168732353,11373.635629647793,-1696.1515171928454,0,0,0,0
1781272800,4206.9,4220.4,4202.6,4209,1,0,0,0,4246.858123920967,4176.141876079033,4222.833828541893,4237.875929724134,4207.791727359652,17.63874928064521,12714,11663.299445821569,16706.92375309853,-1286.199879067488,0,0,0,0
1781274600,4209.2,4229.5,4196.9,4224.8,1,0,0,0,4257.56111506947,4168.838884930529,4222.432692162719,4237.016224347826,4207.849159977612,18.707410046313434,17838,13721.532963881045,17494.949168732353,-281.0663396225678,1,0,0,0
1781276400,4224.8,4256.7,4220.8,4246.7,1,0,0,1,4286.603178278793,4190.896821721207,4223.487040712739,4238.31079056231,4208.663290863168,19.935452185862452,15095,14179.35530925403,20582.29944582157,603.6655294217247,0,0,1,0
1781278200,4246.7,4249.3,4227.3,4232.3,0,1,0,0,4279.424379830309,4197.175620169692,4224.042860095279,4238.774593068295,4209.311127122263,20.082919886872276,12314,13557.570206169354,21269.032963881044,-303.7491859334272,0,0,0,1
1781280000,4232.3,4254,4228,4237.9,1,0,0,0,4284.758352699572,4197.241647300428,4224.600261532116,4239.364828733043,4209.835694331188,20.505568466381398,10297,12470.713470779569,20336.35530925403,-74.566531561629,0,0,0,0
1781281800,4237.9,4241.1,4232.1,4236.5,0,1,0,0,4270.625613221032,4202.574386778969,4224.8300355980255,4239.544090627848,4210.115980568203,19.683742147354156,5759,10233.47564718638,18706.070206169352,-180.10986329622938,0,0,0,0
1781283600,4236.5,4247.3,4234.3,4239.1,1,0,0,0,4276.109497990958,4205.490502009043,4225.176776716749,4239.902620315329,4210.45093311817,19.206331993971713,6907,9124.650431457587,15350.21347077957,-50.67197289866647,0,0,0,0
1781285400,4239.2,4245.3,4234.1,4241.7,1,0,0,0,4273.25167670589,4206.148323294111,4225.352495804086,4240.08274308704,4210.622248521132,18.634451137259436,3591,7280.100287638392,13686.97564718638,0.666698653756896,0,0,1,0
1781287200,4241.9,4256.2,4238.7,4247.4,1,0,0,0,4284.030128369754,4210.869871630246,4225.74185388073,4240.628084451582,4210.855623309877,18.553418913169477,5572,6710.7335250922615,10920.150431457587,131.8587804532201,0,0,0,0
1781289000,4247.4,4250.9,4234.9,4236.3,0,1,0,0,4278.456547771914,4207.343452228085,4225.915944667214,4240.8019962753,4211.029893059128,18.371031847943083,3721,5714.155683394841,10066.100287638392,-169.69573038925824,0,0,0,1
1781290800,4236.1,4241,4229.1,4229.9,0,1,0,0,4267.863222931063,4202.236777068937,4226.007326697601,4240.8240051079865,4211.190648287215,17.908815287375695,3988,5138.77045559656,8571.23352509226,-366.99706595929854,0,0,0,0
1781292600,4230,4232.4,4223,4231.8,1,0,0,0,4258.351564150273,4197.048435849727,4226.054000857881,4240.762002091097,4211.345999624665,17.301042766848834,5015,5097.513637064373,7708.15568339484,-239.4911704976371,0,0,0,0
1781294400,4231.8,4238.3,4230.6,4235.6,1,0,0,0,4263.222880996683,4205.677119003318,4226.098853427359,4240.782581966643,4211.415124888075,16.61525399778819,1688,3961.0090913762488,7646.270455596559,-145.83682679340276,0,0,0,0
1781296200,4235.9,4240.7,4233.7,4240.3,1,0,0,0,4264.592675211205,4209.807324788795,4226.163366860242,4240.834571645357,4211.4921620751265,15.92845014080332,1766,3229.339394250833,5941.513637064373,-42.40031240710445,0,0,0,0
1781474400,4287.4,4329.4,4283.1,4306.8,1,0,0,0,4361.13248412469,4251.36751587531,4306.433333333333,4306.433333333333,4306.433333333333,21.154989416460186,16312,7590.226262833888,4844.009091376249,580.7979877642695,0,0,1,0
1781476200,4306.8,4312.1,4299.7,4306,0,1,0,0,4342.894449544356,4268.9055504556445,4306.282014450002,4306.511714339,4306.052314561004,20.529633029570213,7079,7419.817508555925,11385.339394250832,398.8995216849038,0,0,0,0
1781478000,4306,4308.8,4301.2,4303.5,0,1,0,0,4338.209131719759,4271.790868280241,4306.004642096524,4306.684271184202,4305.325013008845,19.606087813172365,4312,6383.878339037284,11129.726262833887,157.33769871630113,0,0,0,0
1781479800,4303.7,4315.6,4301.7,4314.4,1,0,0,0,4344.397765168348,4272.902234831652,4306.6095695827335,4308.281216916483,4304.937922248984,19.198510112231524,4235,5667.585559358189,9575.817508555925,399.4219715400345,0,0,0,0
1781481600,4314.1,4328.5,4313.6,4320.8,1,0,0,0,4356.837210513465,4285.262789486535,4309.119390760645,4314.779818993144,4303.458962528146,18.891473675643535,6766,6033.723706238793,8501.378339037285,573.5456747087086,0,0,0,0
1781483400,4321.1,4326.3,4312.4,4313.3,0,1,0,0,4354.102409762504,4284.597590237496,4310.425347124139,4316.4226616182605,4304.428032630018,18.534939841669036,7317,6461.482470825862,9050.58555935819,39.02241799146361,0,0,0,0
1781485200,4313.7,4327.7,4306.2,4324.7,1,0,0,0,4355.820094779468,4278.079905220532,4312.2706477919855,4318.75774711827,4305.783548465701,18.746729852978394,11693,8205.32164721724,9692.223706238794,552.0206820557366,0,0,0,0
1781487000,4324.7,4340.8,4322.4,4337.8,1,0,0,0,4368.882945152363,4294.317054847636,4315.134004192242,4324.595310828861,4305.672697555623,18.72196343490855,8917,8442.547764811494,12307.98247082586,1000.8741061041345,0,0,0,0
1781488800,4337.7,4352.6,4337.2,4349.4,1,0,0,0,4380.327020498623,4309.472979501377,4318.430817390526,4331.556613749134,4305.305021031917,18.484680332415117,7854,8246.365176540996,12663.82164721724,1323.971707678532,0,0,0,0
1781490600,4349.1,4356.9,4349,4350.8,1,0,0,0,4383.492947605863,4322.407052394136,4321.408401893567,4337.18477825452,4305.6320255326145,17.728631737242583,7195,7895.910117693998,12369.547764811494,1162.479586711796,0,0,0,0
1781492400,4350.8,4352.6,4342.5,4345.1,0,1,0,0,4378.375594205446,4316.7244057945545,4323.13144384986,4339.642864080631,4306.62002361909,17.18372947029671,5963,7251.606745129332,11843.865176540996,560.4589858535551,0,0,0,0
1781494200,4345.3,4348.6,4342.2,4345.9,1,0,0,0,4373.220194619343,4317.5798053806575,4323.829374546285,4340.542155553436,4307.116593539135,16.41346307956127,2814,5772.404496752888,10877.410117693998,407.1180078511512,0,0,0,0
1781496000,4346.1,4348.9,4341.8,4348.2,1,0,0,0,4372.522323575103,4318.177676424897,4324.617737645694,4341.547325340324,4307.688149951065,15.748215716735428,3289,4944.602997835259,8658.606745129331,345.9567224910252,0,0,0,0
1781497800,4348.3,4351.8,4346.5,4349.6,1,0,0,0,4374.302871891167,4323.997128108833,4325.096155120172,4342.202735382418,4307.989574857926,15.001914594111483,1853,3914.0686652235063,7416.904496752888,244.91987867695957,0,1,0,0
1781499600,4349.2,4354,4345,4350.9,1,0,0,0,4375.859809613226,4323.140190386774,4325.898519020913,4343.291207381212,4308.505830660614,14.573206408817807,3187,3671.7124434823377,5871.10299783526,174.709023564169,0,1,0,0
1781501400,4351.4,4353.8,4328.5,4331.3,0,1,0,0,4376.809108926568,4305.490891073432,4326.694163729316,4343.761217413233,4309.627110045399,15.33940595104512,7035,4792.8082956548915,5507.568665223506,-466.18774062239345,0,0,0,1
1781503200,4331.2,4334.6,4323.6,4325.9,0,1,0,0,4357.14417257467,4301.055827425331,4326.765566300772,4343.374117947444,4310.1570146541,15.029448383113325,5960,5181.872197103261,7189.212443482337,-729.8348734587827,0,0,0,0
1781505000,4325.8,4330.9,4321.7,4328.9,1,0,0,0,4352.819588819336,4299.780411180664,4326.780467552156,4343.077764325622,4310.483170778689,14.613059212890931,4313,4892.248131402174,7772.8082956548915,-532.8337059299918,0,0,0,0
1781506800,4329.1,4339.9,4326.1,4337.6,1,0,0,0,4361.732475332241,4304.267524667759,4327.064937435693,4343.126721030099,4311.003153841286,14.554983554827242,4422,4735.4987542681165,7338.372197103261,-248.9842346916995,0,0,0,0
1781508600,4337.9,4346.3,4332.6,4343.8,1,0,0,0,4368.040869951366,4310.859130048634,4327.548411274823,4343.530299539798,4311.5665230098475,14.493913300910998,4364,4611.665836178744,7103.248131402175,-95.24761792865911,0,0,0,0
1781510400,4344,4353.2,4342.5,4349,1,0,0,0,4374.534379240555,4321.165620759445,4328.359104128517,4344.530748511146,4312.187459745888,14.222919493703058,5094,4772.443890785829,6917.498754268116,77.8935300094056,0,0,1,0
1781512200,4349.3,4366.3,4348.4,4354.9,1,0,0,1,4388.028352151944,4326.671647848056,4329.836747637933,4346.785321781183,4312.888173494683,14.485568101295737,7194,5579.629260523886,7158.665836178744,206.31285489441188,0,0,0,0
1781514000,4355.1,4364.4,4355.1,4359.8,1,0,0,0,4385.59418414109,4333.90581585891,4330.81483853072,4348.312964139401,4313.31671292204,14.129456094060327,4634,5264.419507015924,8369.44389078583,318.16642561793924,0,0,0,0
1781515800,4359.7,4362.1,4355.4,4357.7,0,1,0,0,4382.498170988156,4335.001829011844,4331.526280835783,4349.3421942803625,4313.710367391203,13.598780658770355,3754,4760.946338010616,7896.629260523886,81.40550990599775,0,0,0,0
1781517600,4357.9,4361.5,4356.8,4359.5,1,0,0,0,4380.944730203288,4337.3552697967125,4331.901351623054,4349.884096822333,4313.918606423776,12.963153468858176,1995,3838.964225340411,7141.419507015924,57.1137571737504,0,0,0,0
1781519400,4359.7,4362.9,4356.2,4359.2,0,1,0,0,4381.67367804591,4337.42632195409,4332.434732763547,4350.642280588843,4314.2271849382505,12.515785363939722,2915,3530.9761502269407,5758.446338010616,-47.4472937490541,0,0,0,1
1781521200,4359.2,4362.4,4356.6,4362.1,1,0,0,0,4380.454129614059,4338.545870385941,4332.963434157706,4351.395144461231,4314.53172385418,12.036086409372547,2903,3321.6507668179606,5296.464225340411,24.648903117275154,0,0,1,0
1781523000,4362.3,4368.9,4352.8,4356.3,0,1,0,1,4387.38954892734,4334.31045107266,4334.162177839461,4352.989235160998,4315.335120517924,12.326365951560183,7304,4649.100511211974,4982.476150226941,-309.36831295936724,0,0,0,1
1781524800,4356.6,4360,4345.4,4358.5,1,0,0,0,4378.733152575387,4326.666847424613,4335.18786565611,4354.072867128751,4316.30286418347,12.488768383591623,8475,5924.4003408079825,6973.65076681796,-219.71339328615682,0,0,0,0
1781526600,4358.4,4371,4355.9,4370.6,1,0,0,0,4390.012927391431,4336.887072608569,4336.585352931218,4356.111064175991,4317.0596416864455,12.675284927620819,8082,6643.600227205322,8886.600511211975,365.46229820116787,0,0,1,0
1781528400,4370.5,4377.8,4362.7,4374.7,1,0,0,0,4397.072718292044,4343.427281707956,4338.230170511281,4358.68789526606,4317.772445756503,12.848478861362214,8701,7329.400151470215,9965.400340807983,453.4022889381563,0,0,0,0
1781530200,4374.7,4390.9,4373.4,4376.7,1,0,0,0,4410.671095556897,4353.628904443102,4341.618937288375,4364.335168666659,4318.90270591009,13.180730371264913,16275,10311.26676764681,10994.100227205323,469.2462643299591,0,0,0,0
1781532000,4376.6,4391.7,4375.1,4385.4,1,0,0,0,4411.837445874262,4354.962554125738,4344.1790097466965,4368.407510625066,4319.950508868327,13.424963916174523,12978,11200.177845097873,15466.900151470214,951.1500517267684,0,0,0,0
1781533800,4385.5,4387.2,4375.4,4378.6,0,1,0,0,4407.163342597529,4355.436657402471,4345.459342326066,4370.177878658164,4320.740805993967,13.308895065019213,7885,10095.118563398582,16800.266767646808,256.4335400357238,0,0,0,0
1781535600,4378.5,4381.1,4371.1,4376,0,1,0,0,4400.708818126277,4351.491181873724,4346.54176371297,4371.468783767005,4321.614743658935,13.07254541751784,8178,9456.079042265721,15142.677845097875,-70.35596063690684,0,0,0,1
1781537400,4375.7,4382.8,4370.7,4377.7,1,0,0,0,4402.304616831543,4351.195383168457,4347.3608207117995,4372.440984510859,4322.28065691274,13.003077887695165,6376,8429.386028177147,14184.11856339858,-44.82168563640744,0,0,0,0
1781539200,4377.6,4380.3,4360.3,4364.4,0,1,0,0,4400.554287057861,4340.045712942139,4348.056283508224,4373.001383168445,4323.111183848003,13.50285803857408,8150,8336.257352118098,12644.07904226572,-628.8746567109134,0,0,0,0
1781541000,4364.1,4364.5,4355.7,4360.6,0,1,0,0,4384.250409410871,4335.949590589129,4348.33300208373,4373.0606850074,4323.60531916006,13.166939607247373,5699,7457.171568078732,12504.386028177149,-807.8890638939449,0,0,0,0
1781542800,4360.7,4360.7,4350.4,4351.2,0,1,0,0,4380.143237310094,4330.956762689905,4348.478811604875,4372.908673636182,4324.048949573567,12.962158206729717,6523,7145.781045385821,11185.757352118098,-1300.9754566787944,0,0,0,0
1781544600,4351.1,4351.3,4341.6,4346.1,0,1,0,0,4370.393720359374,4322.506279640626,4348.419295839049,4372.510508252583,4324.328083425514,12.72914690624901,7361,7217.520696923881,10718.671568078731,-1484.8969841881049,0,0,0,0
1781546400,4346.3,4349.7,4338.9,4346.1,0,0,0,0,4368.58702604799,4320.01297395201,4348.34931028539,4372.204838223949,4324.493782346831,12.591350698659808,5384,6606.347131282587,10826.281045385822,-1276.9281568869885,0,0,0,0
1781548200,4346.3,4349.2,4343.2,4347.2,1,0,0,0,4367.380809901704,4325.019190098295,4348.329946624374,4372.058681686944,4324.601211561805,12.120539934469821,2918,5376.898087521725,9909.52069692388,-1047.909133600163,0,0,0,0
1781550000,4347.4,4348.4,4341.6,4343,0,1,0,0,4366.010752051582,4323.989247948418,4348.285837019475,4371.886958596222,4324.684715442729,11.740501367721924,3054,4602.5987250144835,8065.347131282588,-1080.9641751969198,0,0,0,0
1781551800,4343.2,4345.3,4338.4,4342.3,0,1,0,0,4362.392126905042,4321.307873094958,4348.208431312359,4371.674029133479,4324.742833491238,11.39475127002754,3450,4218.399150009655,6903.898087521726,-956.8101020196755,0,0,0,0
1781553600,4342.5,4343.9,4332.5,4334.7,0,1,0,0,4360.992689268966,4315.407310731033,4348.082933113105,4371.446093684644,4324.719772541566,11.39512617931126,3182,3872.9327666731037,6327.598725014483,-1011.400995520834,0,0,0,0
1781555400,4334.9,4335.5,4328.4,4331.3,0,1,0,0,4352.132497178326,4311.767502821674,4347.946121406198,4371.258947554859,4324.633295257536,11.088331452217625,2391,3378.9551777820693,5809.399150009655,-958.0955294477171,0,0,0,0
1781560800,4331.3,4336.9,4326.7,4329.9,0,1,0,0,4353.4373188084455,4310.162681191554,4331.166666666666,4331.166666666666,4331.166666666666,11.02487920563064,4708,3821.9701185213794,5068.432766673104,-854.6965752207926,1,0,0,0
1781562600,4329.6,4335.8,4327.9,4333.2,1,0,0,0,4352.002510322129,4311.697489677871,4331.573753459462,4332.117486275103,4331.0300206438205,10.801673548085633,2639,3427.6467456809196,5732.955177782069,-590.5092642257871,0,0,0,0
1781564400,4333.2,4338.1,4332.2,4337.1,1,0,0,0,4353.777331013405,4316.522668986595,4332.843398082905,4334.833539189366,4330.853256976444,10.451554008936698,3155,3336.764497120613,5141.47011852138,-287.9313856121816,0,0,0,0
1781566200,4336.8,4341.3,4334.5,4336.9,0,0,0,0,4356.586093083876,4319.213906916124,4334.14713222115,4336.853714730879,4331.440549711421,10.190728722584089,4004,3559.176331413742,5005.14674568092,-229.88194173517013,0,0,0,0
1781568000,4336.9,4339.8,4327.7,4329.3,0,1,0,0,4355.290657863599,4312.209342136401,4333.613730041152,4336.056306648905,4331.171153433399,10.327105242399536,5744,4287.450887609161,5338.764497120613,-525.8998027893091,0,0,0,0
1781569800,4329.4,4343,4328.6,4340.1,1,0,0,0,4358.92703944477,4312.67296055523,4334.399614680791,4337.025978195888,4331.773251165695,10.618026296513829,5616,4730.300591739441,6431.176331413742,-31.595799750390768,0,0,0,0
1781571600,4339.9,4346.9,4336,4340.1,0,0,0,0,4362.857250913001,4320.042749086999,4336.163444667932,4339.849274568148,4332.477614767716,10.638167275334244,9433,6297.867061159627,7095.450887609162,-4.653064335581213,0,0,0,0
1781573400,4340.2,4341.2,4332.6,4334.4,0,1,0,0,4356.938875847787,4316.861124152213,4336.150513380622,4339.581428630058,4332.719598131186,10.492583898524616,5444,6013.244707439751,9446.80059173944,-344.3420993422228,0,0,0,0
1781575200,4334.3,4335,4327.8,4333.5,0,1,0,0,4350.386099001516,4312.413900998484,4335.786998808459,4339.259036988708,4332.31496062821,10.257399334344273,4017,5347.829804959834,9019.867061159628,-315.48536758458846,0,0,0,0
1781577000,4333.5,4341.6,4330.1,4339.6,1,0,0,0,4357.119234787123,4314.580765212878,4335.906847219966,4339.238165752503,4332.575528687429,10.346156524748253,4496,5063.8865366398895,8021.744707439751,-23.41227412127597,0,0,0,0
1781578800,4339.4,4343.5,4336.2,4342,1,0,0,0,4358.692860873756,4321.007139126244,4336.1896940572215,4339.604672339283,4332.77471577516,10.128573915837677,3183,4436.924357759926,7595.829804959834,97.18185125168782,0,0,1,0
1781580600,4342.3,4354.8,4340.6,4351.6,1,0,0,0,4370.42908509706,4324.97091490294,4337.40514303139,4342.369871557663,4332.440414505118,10.419390064706402,5497,4790.282905173284,6655.3865366398895,426.86662007581293,0,0,0,0
1781582400,4351.6,4353.1,4342.9,4343.7,0,1,0,0,4368.705579018699,4327.294420981301,4337.874583913316,4343.115380209446,4332.6337876171865,10.403719345798853,3129,4236.521936782189,7185.424357759926,126.01509116494235,0,0,0,0
1781584200,4343.7,4346.5,4342.1,4343.1,0,1,0,0,4361.462323374505,4327.137676625495,4338.141728483937,4343.413018531228,4332.8704384366465,9.974882249670339,2833,3768.681291188126,6354.782905173284,71.48905933130973,0,0,0,0
1781586000,4343.4,4350.3,4342.8,4348.2,1,0,0,0,4364.997157419184,4328.102842580816,4338.488231606713,4343.9376105053325,4333.038852708094,9.798104946122459,2571,3369.4541941254174,5653.021936782189,217.67509782322537,0,0,0,0
1781587800,4348.2,4351.8,4335.4,4337.1,0,1,0,0,4367.204503317814,4319.995496682186,4338.73143460498,4344.013536662234,4333.449332547725,10.269668878542323,5983,4240.636129416945,5054.181291188126,-200.40978519909788,0,0,0,1
1781589600,4337.3,4340.9,4334.2,4337.8,1,0,0,0,4355.922038795112,4319.177961204888,4338.68354233768,4343.854040413146,4333.513044262213,10.014692530075001,3304,3928.424086277963,6360.954194125417,-135.73403765612943,0,0,0,0
1781591400,4338.1,4345.5,4335.4,4345,1,0,0,0,4360.531178881176,4320.368821118824,4338.815566113433,4343.921936474862,4333.709195752004,10.020785920783954,3174,3676.9493908519753,5892.636129416945,98.74133927887826,0,0,1,0
1781593200,4345,4350.9,4343.6,4350.2,1,0,0,0,4365.639666103949,4328.860333896051,4339.227028609737,4344.578809309801,4333.875247909674,9.826444069299333,3606,3653.2995939013167,5515.4240862779625,326.88540488583146,0,0,0,0
1781595000,4350.2,4357.1,4347.2,4356.6,1,0,0,0,4371.847547096524,4332.452452903476,4339.937412411547,4346.016769626924,4333.8580551961695,9.83169806434942,4281,3862.5330626008777,5479.949390851975,529.3282556218933,0,0,0,0
1781596800,4356.4,4365.3,4354.1,4362.8,1,0,0,0,4380.194150875344,4339.205849124656,4341.096398052374,4348.689668546075,4333.5031275586725,9.929433916895876,5124,4283.022041733919,5793.799593901316,705.7953704626195,0,0,0,0
1781598600,4362.9,4369.5,4360.6,4368.3,1,0,0,0,4384.283854384248,4345.816145615752,4342.088115209314,4350.98867580081,4333.187554617819,9.85590292283186,3792,4119.3480278226125,6424.533062600878,785.7477865741673,0,0,0,0
1781600400,4368.5,4369.8,4359.3,4361,0,1,0,0,4384.652864785373,4344.447135214627,4342.985064935065,4352.688770926663,4333.281358943466,9.901909856915298,4213,4150.565351881742,6179.022041733919,345.9082082318514,0,0,0,0
1781602200,4361,4369.2,4360.7,4365.9,1,0,0,0,4383.902660157846,4345.997339842153,4343.798710483865,4354.20018903031,4333.39723193742,9.801773438564206,3788,4029.710234587828,6225.8480278226125,473.4187578658936,0,0,0,0
1781604000,4366.1,4367.8,4363.9,4365.5,0,1,0,0,4381.870327289429,4349.829672710571,4344.19711413779,4354.91185960934,4333.482368666239,9.380218192952515,1919,3326.1401563918853,6044.565351881742,340.87626109697527,0,0,0,0
1781605800,4365.6,4370.2,4363.1,4369.7,1,0,0,0,4384.026018197326,4349.273981802674,4344.704165663449,4355.838284529096,4333.570046797802,9.21734546488444,2333,2995.0934375945903,4989.210234587828,384.9515619436596,0,0,0,0
1781607600,4369.7,4370.7,4359,4362.9,0,1,0,0,4384.792016897517,4344.907983102483,4345.46010604523,4357.006881798795,4333.913330291664,9.394677931678396,4356,3448.7289583963934,4492.640156391885,53.28937178727773,0,0,0,0
1781609400,4362.9,4363.1,4355.5,4361.7,0,1,0,0,4376.999729976267,4341.600270023733,4346.026108448856,4357.693979101849,4334.358237795862,9.266486650844252,4518,3805.152638930929,5173.09343759459,-46.4346338187203,0,0,0,1
1781611200,4361.6,4366.7,4358.2,4364.6,1,0,0,0,4380.517606406533,4344.382393593467,4346.824745385667,4358.776618823,4334.872871948333,9.211737604355376,5711,4440.435092620619,5707.728958396393,129.31749501580487,0,0,1,0
1781613000,4364.4,4376.5,4362.4,4376,1,0,0,0,4390.841348806067,4348.058651193933,4348.38765684086,4361.432924355751,4335.342389325968,9.560899204044302,8241,5707.290061747079,6660.652638930928,719.9108408148402,0,0,0,0
1781614800,4375.8,4376.3,4354.2,4356.1,0,1,0,0,4391.984823891347,4338.515176108653,4349.4647032011735,4362.527070736309,4336.402335666038,10.456549260898308,11063,7492.5267078313855,8560.935092620617,-369.145745743224,0,0,0,1
1781616600,4356,4361.9,4352.2,4352.8,0,1,0,1,4377.503765041965,4336.596234958034,4349.872537119561,4362.588437890396,4337.156636348725,10.402510027976987,10044,8343.017805220923,11238.790061747079,-638.491225566858,0,0,0,0
1781618400,4352.6,4360,4338.2,4340.4,0,1,0,0,4376.824924681825,4321.375075318175,4349.555474497916,4361.753770423941,4337.357178571891,11.216616454550072,14355,10347.011870147282,12514.526707831385,-1297.693816504749,0,0,0,0
1781620200,4340.5,4349.3,4333.5,4344.5,1,0,0,0,4366.616001490266,4316.183998509734,4349.127662898059,4361.074391998505,4337.180933797612,11.544000993510794,10626,10440.007913431522,15520.517805220923,-817.2730795684743,0,0,0,0
1781622000,4344.5,4349.7,4341.6,4346.7,1,0,0,0,4366.647001383818,4324.652998616182,4349.027294978067,4360.79369204724,4337.260897908895,11.298000922545699,5865,8915.005275621015,15660.011870147282,-523.0933577291642,0,0,0,0
1781623800,4346.7,4364.4,4342.6,4356,1,0,0,0,4382.472215570689,4324.527784429311,4349.295995269607,4360.819473778177,4337.772516761038,12.048143713792383,9749,9193.003517080677,13372.507913431524,-38.19223397077434,0,0,0,0
1781625600,4355.6,4368,4355.3,4365.4,1,0,0,0,4386.142057315639,4337.157942684361,4349.779937045478,4361.373731999342,4338.186142091613,12.094704877092914,7101,8495.669011387117,13789.505275621015,481.660306422098,0,0,1,0
1781627400,4365.4,4367.5,4360.3,4361.8,0,1,0,0,4385.117624650236,4342.682375349764,4350.07400046712,4361.707168673394,4338.440832260845,11.745083100157691,4472,7154.446007591412,12743.503517080677,176.3062122611933,0,0,0,0
1781629200,4361.5,4362.3,4346.1,4356,0,1,0,0,4380.39493717522,4328.005062824781,4350.276071787606,4361.697909544346,4338.854234030867,12.063291450146414,9116,7808.297338394274,10731.66901138712,-154.69311532864876,0,0,0,1
1781631000,4356.1,4362.1,4355.3,4361.5,1,0,0,0,4379.631013091276,4337.768986908724,4350.476724115509,4361.85645126533,4339.096996965687,11.687342060850254,4672,6762.86489226285,11712.446007591412,216.70769822176882,0,0,1,0
1781632800,4361.7,4364.2,4360.4,4362.9,1,0,0,0,4380.885940727612,4343.714059272387,4350.628741606809,4362.015817860306,4339.241665353312,11.123960485075248,2790,5438.5765948419,10144.297338394275,251.8631965759165,0,0,0,0
1781634600,4362.8,4364.5,4357.2,4359.8,0,1,0,0,4380.77623067564,4340.9237693243595,4350.738886722979,4362.109630570026,4339.368142875933,10.850820450427028,2490,4455.7177298946,8157.864892262851,99.61748957478815,0,0,0,0
1781636400,4359.8,4364.2,4357.7,4361.2,1,0,0,0,4380.010071341666,4341.889928658334,4350.8596551286355,4362.217721661797,4339.501588595474,10.54004756111081,2649,3853.4784865964,6683.576594841899,124.735902108825,0,0,0,0
1781638200,4361,4361.5,4352.4,4355.4,0,1,0,0,4377.155780531547,4336.744219468453,4350.944825155103,4362.236495859141,4339.653154451065,10.437187021031493,3504,3736.9856577309333,5780.217729894601,-112.18749873397704,0,0,0,1
1781640000,4355.3,4355.8,4352.3,4354.3,0,1,0,0,4370.712510493579,4337.387489506421,4350.96549207697,4362.223416818616,4339.707567335324,9.941673662386387,1496,2989.990438487289,5605.4784865964,-141.9295462480541,0,0,0,0
1781641800,4354.3,4356.7,4350.9,4353.3,0,1,0,0,4371.168759744038,4336.431240255962,4350.984497261176,4362.204494306657,4339.764500215696,9.645839829358803,1656,2545.3269589915258,4484.985657730933,-151.83956744192537,0,0,0,0
1781647200,4353.2,4355.8,4348.4,4349.8,0,1,0,0,4370.028134048036,4334.171865951964,4351.333333333333,4351.333333333333,4351.333333333333,9.485422698690355,1873,2321.217972661017,3817.990438487289,-212.96020444814314,0,0,0,0
1781649000,4350.2,4355.8,4350.1,4355,1,0,0,0,4369.654695901748,4336.245304098253,4352.365558171474,4353.509511409099,4351.2216049338485,9.236463934498188,1525,2055.811981774011,3481.8269589915253,-59.53619517538883,0,0,0,0
1781650800,4355.2,4358.4,4353.6,4355.8,1,0,0,0,4371.779360480194,4340.220639519806,4353.359384288748,4355.2307901738095,4351.487978403686,8.919573653462551,1312,1807.8746545160075,3083.7179726610166,-39.41559757869362,0,0,0,0
1781652600,4356.1,4356.2,4349,4350.6,0,1,0,0,4369.3951204458945,4335.804879554105,4352.945189314051,4354.649321650715,4351.241056977387,8.796746963929499,1928,1847.916436344005,2711.811981774011,-176.71853319473743,0,0,0,0
1781654400,4350.9,4361.5,4346.8,4357.2,1,0,0,0,4375.327611842616,4332.972388157385,4353.881709654933,4355.5797002325535,4352.183719077312,9.218407895077378,4838,2844.6109575626697,2771.8746545160075,46.18081255284493,0,0,1,0
1781656200,4357.2,4359,4351.6,4356.7,0,1,0,0,4372.632782425287,4337.967217574714,4354.340145520092,4356.024167825772,4352.656123214412,9.08852161685754,3688,3125.740638375113,4266.916436344005,9.091650394963409,0,0,0,0
1781658000,4356.4,4369.8,4354,4363.4,1,0,0,0,4384.151869394909,4339.648130605091,4357.154747292677,4361.230147414902,4353.079347170452,9.567912929939157,8137,4796.160425583408,4688.61095756267,341.3775521117815,0,0,0,0
1781659800,4363.2,4364.2,4356.7,4361,0,1,0,0,4378.330307295272,4342.5696927047275,4357.736873451496,4361.6758538741415,4353.79789302885,9.42020486351493,4683,4758.440283722272,7194.240638375112,141.54409219263877,0,0,0,0
1781661600,4360.9,4364.7,4359.5,4360.7,0,1,0,0,4378.378142488467,4345.8218575115325,4358.103207286541,4362.0211203636245,4354.185294209457,9.118761658978137,2904,4140.293522481515,7137.660425583408,96.35087101332158,0,0,0,0
1781663400,4360.6,4363.8,4349.6,4351,0,1,0,0,4378.022560882148,4335.377439117852,4357.630142483335,4361.436787463233,4353.823497503437,9.4817072547654,5163,4481.195681654343,6210.4402837222715,-259.0329154357444,0,0,0,1
1781665200,4351.1,4354,4348.1,4351.7,1,0,0,0,4367.838806533423,4334.261193466577,4357.1025778003905,4361.1483195440715,4353.0568360567095,9.225871022282131,3259,4073.7971211028957,6721.7935224815155,-187.4314453879814,0,0,0,0
1781667000,4351.3,4353.8,4349.7,4351.9,1,0,0,0,4367.08960606675,4336.41039393325,4356.864368262915,4360.967915578286,4352.760820947545,8.859737377833435,1849,3332.198080735264,6110.695681654343,-133.46987459767865,0,0,0,0
1781668800,4352,4353.6,4343.5,4343.9,0,1,0,0,4367.022491347697,4330.077508652304,4356.091892093635,4360.8399132460345,4351.343870941235,8.948327565131072,3497,3387.132053823509,4998.297121102896,-377.83927042207165,0,0,0,0
1781670600,4344,4346.4,4337,4346.1,1,0,0,0,4359.870884822861,4323.529115177139,4355.1209542351,4360.818067625229,4349.423840844971,8.980589881907397,3627,3467.088035882339,5080.698080735264,-234.37880446646915,0,0,0,0
1781672400,4346.4,4347.5,4340.6,4346.6,1,0,0,0,4360.747964478371,4327.35203552163,4354.536568966302,4360.555940043301,4348.517197889303,8.831976318913986,2928,3287.3920239215595,5200.632053823509,-184.02259687207658,0,0,0,0
1781674200,4346.8,4353.9,4343.9,4346.2,0,1,0,0,4367.273109872773,4330.526890127227,4354.004057778654,4360.043784226178,4347.96433133113,8.915406581848702,4542,3705.594682614373,4931.08803588234,-175.30524294227968,0,0,0,0
1781676000,4346.5,4349.6,4340,4343.9,0,1,0,0,4363.046459167575,4326.553540832425,4353.394031813172,4359.68390428621,4347.104159340133,8.964306111716677,3824,3745.0631217429154,5558.3920239215595,-238.77035275946818,0,0,0,0
1781677800,4343.7,4351.4,4342.1,4351.3,1,0,0,0,4364.882426369891,4328.617573630109,4353.21311775374,4359.463034100744,4346.9632014067365,8.988284246594006,2179,3223.0420811619438,5617.594682614374,-23.898305474048172,0,0,0,0
1781679600,4351.1,4352.4,4346,4348.6,0,1,0,0,4365.605110200613,4332.7948897993865,4352.9855595723175,4359.138495502862,4346.832623641773,8.803406800408693,3526,3324.0280541079624,4834.563121742915,-145.63696484347588,0,0,0,0
1781681400,4348.5,4351.3,4344,4344.8,0,1,0,0,4364.344030900569,4330.955969099431,4352.72758534579,4358.880615081501,4346.57455561008,8.696020600379514,2794,3147.352036071975,4986.042081161943,-247.52891716331214,0,0,0,0
1781683200,4344.4,4347.5,4338.8,4342.8,0,1,0,0,4360.544457264814,4325.755542735186,4352.269287933496,4358.617733548161,4345.920842318832,8.696304843209536,3378,3224.23469071465,4721.028054107963,-254.09853712683403,0,0,0,0
1781685000,4342.8,4345,4335.6,4344.1,1,0,1,0,4358.11985317447,4322.48014682553,4351.767892555737,4358.365582250598,4345.170202860875,8.746568782980257,3512,3320.156460476433,4836.352036071975,-153.5466996080802,0,0,0,0
1781686800,4344.2,4353,4340.6,4351.4,1,0,0,0,4366.5112922334365,4327.088707766564,4351.624592014999,4358.1195871144055,4345.129596915592,9.007528155624497,3264,3301.437640317622,4980.234690714649,62.109606922889014,0,0,1,0
1781688600,4351.5,4355.3,4345.2,4349.1,0,1,0,0,4368.928342788192,4331.571657211808,4351.561796584821,4357.94807130904,4345.175521860603,9.085561858794202,2898,3166.9584268784147,4952.1564604764335,-5.572773575639317,0,0,0,1
1781690400,4349.1,4350.5,4346.1,4348.4,0,1,0,0,4363.626318303321,4332.97368169668,4351.494465498376,4357.830613200406,4345.158317796345,8.750878868880305,1728,2687.305617918943,4750.437640317622,-21.795659245083428,0,0,0,0
1781692200,4348.6,4355.1,4346.9,4351,1,0,0,0,4368.167295567369,4333.832704432631,4351.480286902222,4357.725475877498,4345.235097926947,8.71153037824605,2446,2606.870411945962,4030.9584268784147,58.34142554887719,0,0,1,0
1781694000,4351.1,4351.6,4347.2,4348.1,0,1,0,0,4364.205345883986,4334.594654116014,4351.415130026341,4357.591772978294,4345.238487074388,8.403563922657085,2270,2494.5802746306413,3910.3056179189434,-89.68155484116247,0,0,0,1
1781695800,4348.4,4348.5,4340,4342.5,0,1,0,0,4361.1156783208435,4327.3843216791565,4351.113995075712,4357.35185354583,4344.876136605595,8.410452213895864,3541,2843.386849753761,3741.8704119459617,-295.3675670724068,0,0,0,0
1781697600,4342.5,4347,4339,4344.4,1,0,0,0,4359.571701297927,4326.428298702073,4350.712018897486,4357.019000399418,4344.405037395554,8.381134198617588,5055,3580.591233169174,4265.080274630642,-116.8383343367774,0,0,0,0
1781699400,4344.5,4355.1,4342.8,4353.4,1,0,0,0,4368.0915797766465,4329.808420223354,4350.697986510907,4356.844434685875,4344.551538335939,8.66105318443063,5099,4086.7274887794492,5370.8868497537605,263.68910246549035,0,0,1,0
1781701200,4353.3,4359,4343.9,4355.5,1,0,0,0,4372.681466935457,4330.2185330645425,4350.8413996798,4356.798092941473,4344.884706418126,9.120977956971325,7415,5196.151659186299,6130.091233169174,326.64359651041684,0,0,0,0
1781703000,4355.5,4365.4,4352.5,4360.1,1,0,0,0,4379.486362154353,4338.413637845647,4351.663040346621,4357.855884956395,4345.470195736846,9.39090810290192,11642,7344.767772790866,7794.227488779448,664.612970315751,0,0,0,0
1781704800,4359.7,4382.4,4355.8,4380.2,1,0,0,0,4398.330193429041,4339.869806570959,4354.183706642463,4363.167204847489,4345.200208437437,10.620128952694602,16292,10327.178515193911,11017.151659186298,1726.2013198472564,0,0,0,0
1781706600,4380.1,4384.5,4350.1,4364.1,0,1,0,0,4402.978036755539,4331.621963244462,4355.854856023639,4365.174436644793,4346.535275402484,12.318691170359246,21998,14217.452343462606,15490.767772790867,435.9469385683236,0,0,0,0
1781708400,4363.9,4380,4363.3,4375.2,1,0,0,0,4398.947462701572,4344.352537298429,4356.6589166701715,4366.443934127405,4346.873899212938,12.63164180104786,7885,12106.634895641739,21326.17851519391,845.4145982690447,0,0,0,0
1781710200,4375.1,4385.9,4374.5,4383.4,1,0,0,0,4404.715501080031,4355.684498919969,4357.479265486539,4368.065512638125,4346.893018334952,12.543667386687272,5742,9985.089930427826,18159.95234346261,1064.7370124788865,0,0,0,0
1781712000,4383.5,4387.5,4380.6,4385.3,1,0,0,0,4405.710822431457,4362.389177568543,4358.204134015086,4369.522057987832,4346.88621004234,12.140548287638154,4754,8241.393286951885,14977.634895641739,959.5141554123352,0,0,0,0
1781713800,4385.3,4385.5,4375.3,4380.1,0,1,0,0,4403.502906543496,4357.297093456505,4358.7574404679945,4370.453909200814,4347.0609717351745,12.001937695663987,4546,7009.59552463459,12362.089930427828,532.3357077811206,0,0,0,0
1781715600,4379.9,4384.5,4375.3,4381.8,1,0,0,0,4402.202698933246,4357.597301066754,4359.4895746942275,4371.639249268536,4347.339900119919,11.801799288830832,6316,6778.39701642306,10514.393286951885,521.0760563332695,0,0,0,0
1781717400,4381.6,4403.1,4381.2,4400.7,1,0,0,0,4421.884649009444,4362.415350990557,4361.717646462077,4376.295304405631,4347.139988518523,12.523099339628669,12576,8710.93134428204,10167.595524634591,1417.3947791242315,0,0,0,0
1781719200,4400.7,4401.9,4296.1,4312.1,0,1,0,1,4430.678602651626,4267.321397348374,4356.338518849241,4372.844703518656,4339.832334179826,19.18573510108371,54900,24107.28756285469,13066.39701642306,-3218.68993898344,0,0,0,1
1781721000,4311.9,4352.4,4288.7,4305.2,0,1,0,0,4385.947988176509,4255.15201182349,4349.312845381825,4370.846194855502,4327.779495908148,22.365325451006292,52949,33721.19170856979,36160.931344282035,-3174.974927529649,0,0,0,0
1781722800,4304.8,4314.7,4244.7,4245.9,0,1,0,0,4353.351703306758,4206.048296693241,4339.648460042995,4372.762343818822,4306.534576267168,25.76780220450584,41836,36426.12780571319,50581.78756285469,-5904.962280592561,0,0,0,0
1781724600,4245.7,4265.7,4237.6,4254.4,1,0,0,0,4304.60158164199,4198.69841835801,4332.94827112257,4372.327616123458,4293.568926121682,25.934387761326814,29184,34012.0852038088,54639.19170856979,-3927.9286961111575,0,0,0,0
1781726400,4254.3,4288.7,4253.3,4277.4,1,0,0,0,4328.615754381848,4213.384245618152,4331.27857783564,4371.3351613875,4291.22199428378,26.610502921232015,10892,26305.390135872534,51018.1278057132,-2470.0110381583745,0,0,0,0
1781728200,4277.4,4284.6,4274.7,4276.5,0,1,0,0,4322.725343354574,4236.574656645426,4330.797926797989,4370.984725459749,4290.611128136229,25.416895569715482,3593,18734.593423915023,39458.085203808805,-1963.490803508736,0,0,0,0
1781733600,4275,4290.6,4273.4,4285.8,1,0,0,0,4327.84496168639,4236.15503831361,4283.266666666666,4283.266666666666,4283.266666666666,24.829974457593,6353,14607.39561594335,28101.890135872534,-1130.8169261277583,0,0,0,0
1781735400,4285.7,4290,4278.6,4285.6,0,1,0,0,4325.806035851648,4242.793964148353,4283.868979591837,4284.590513671229,4283.147445512445,23.870690567764903,4427,11213.9304106289,21911.093423915023,-822.9656512656416,0,0,0,0
1781737200,4285.6,4303.3,4283.1,4298.8,1,0,0,0,4338.71274757653,4247.68725242347,4288.1372139303485,4293.605184077394,4282.669243783303,23.608498384353112,6640,9689.286940419266,16820.89561594335,-154.37718068949926,0,0,0,0
1781739000,4299.3,4301.7,4287.2,4297.2,0,1,0,0,4336.136837035348,4252.763162964651,4290.032610475787,4295.704479399065,4284.360741552508,22.957891356899317,6190,8522.85796027951,14533.930410628898,-100.71807917144906,0,0,0,0
1781740800,4297.3,4321.6,4295.8,4319.8,1,0,0,0,4356.341348675682,4261.058651324319,4297.392637850843,4308.883463253988,4285.901812447698,23.160899117120806,11579,9541.571973519674,12784.286940419266,978.0545560163985,0,0,1,0
1781742600,4320.1,4334.9,4319.1,4328.2,1,0,0,0,4368.852680913132,4285.147319086868,4303.8857910598435,4319.890450106163,4287.881132013524,22.635120608754985,9717,9600.04798234645,14312.35796027951,1369.4557108503218,0,0,0,0
1781744400,4328,4348.6,4326.1,4339.1,1,0,0,0,4382.538203705052,4292.1617962949485,4311.678693798117,4331.73164353423,4291.625744062004,22.62546913670106,13329,10843.031988230967,14400.071973519676,1829.0053255937632,0,0,0,0
1781746200,4339.3,4346,4336.9,4337.6,0,1,0,0,4378.489046297548,4304.4109537024515,4314.446180162581,4335.284547431485,4293.607812893677,21.659364198365296,6266,9317.354658820645,16264.54798234645,1462.2070746921584,0,0,0,0
1781748000,4337.9,4350.3,4335.9,4344.5,1,0,0,0,4382.011257276295,4304.188742723705,4316.7801048663505,4338.273184128148,4295.287025604553,21.140838184196387,5620,8084.90310588043,13976.031988230967,1505.4046893550658,0,0,0,0
1781749800,4344.4,4345.4,4330.5,4331,0,1,0,0,4376.442596042273,4299.4574039577265,4318.4988996176535,4339.695317964955,4297.302481270352,20.695064028182333,7034,7734.602070586953,12127.354658820645,692.6911370556404,0,0,0,0
1781751600,4331,4336.8,4328.5,4334.6,1,0,0,0,4366.514553467826,4298.785446532174,4319.334426630468,4340.205322629995,4298.463530630942,19.80970231188361,4616,6695.068047057969,11601.90310588043,808.7037495259735,0,0,0,0
1781753400,4334.7,4342.9,4333.2,4339.9,1,0,0,0,4371.531371077266,4304.568628922733,4320.303868134932,4341.077709606315,4299.530026663549,19.087580718177623,4317,5902.378698038646,10042.602070586954,927.0226623883411,0,0,0,0
1781755200,4340,4344.4,4331.6,4333.8,0,1,0,0,4372.357701714604,4303.642298285396,4320.904079212352,4341.521514235246,4300.2866441894585,18.638467809736312,3292,5032.252465359097,8853.568047057968,649.3019846075797,0,0,0,0
1781757000,4333.7,4338.7,4329.9,4336,1,0,0,0,4365.603580163561,4302.996419836439,4321.3954224237195,4341.809611650693,4300.981233196746,17.935720109040876,3260,4441.501643572731,7548.378698038646,648.5116230224103,0,0,0,0
1781758800,4336,4343.3,4332.5,4343.3,1,0,0,0,4369.439038723307,4306.360961276693,4322.00807041705,4342.345964361913,4301.6701764721865,17.42602581553797,3208,4030.3344290484874,6662.252465359097,767.1834072161457,0,0,0,0
1781760600,4343.2,4345,4321.3,4328.2,0,1,0,0,4371.81125024307,4294.48874975693,4322.7345607882435,4342.440896257221,4303.028225319266,17.874166828713815,7944,5334.889619365658,6045.501643572731,181.59784311014045,0,0,0,0
1781762400,4328.8,4330.2,4315.8,4325.3,0,1,0,0,4356.639018082851,4289.360981917149,4322.8001458624685,4341.871748802783,4303.728542922154,17.62601205523423,7043,5904.2597462437725,8002.334429048487,14.845198611617377,0,0,0,0
1781764200,4325.1,4327.7,4319.1,4326.8,1,0,0,0,4353.171945362647,4293.628054637353,4322.856867536472,4341.6163329483525,4304.097402124592,16.981296908431748,3750,5186.173164162515,8856.389619365658,109.5643889839939,0,0,0,0
1781766000,4326.4,4329.5,4320.3,4327.6,1,0,0,0,4354.138234979601,4295.661765020399,4322.950230834016,4341.4169557382875,4304.483505929745,16.425489986400898,3754,4708.782109441677,7779.259746243772,162.35615369255558,0,0,0,0
1781767800,4327.3,4327.5,4307,4308.5,0,1,0,0,4352.58550390963,4281.91449609037,4322.552334472493,4340.678095258537,4304.42657368645,16.723669273086575,5729,5048.8547396277845,7063.173164162516,-336.0677800103266,0,0,0,1
1781769600,4308.6,4312.7,4302.9,4304.2,0,1,0,0,4337.043682201799,4278.5563177982,4321.9260406180465,4339.9605379988425,4303.8915432372505,16.22912146786612,5070,5055.903159751856,7573.282109441677,-459.9850365712048,0,0,0,0
1781771400,4304.1,4309.1,4284.6,4286.2,0,1,0,0,4334.329847758814,4259.370152241187,4320.307135012188,4339.03068784321,4301.583582181166,16.81989850587568,7741,5950.93543983457,7583.8547396277845,-875.7304203471326,0,0,0,0
1781773200,4286.2,4292.5,4278.5,4285.4,0,1,0,0,4317.427715776041,4253.572284223959,4318.348118372243,4338.229635994701,4298.466600749785,16.61847718402742,8155,6685.62362655638,8926.403159751855,-720.3711549378901,0,0,0,0
1781775000,4285.3,4292.7,4282.5,4287.6,1,0,0,0,4316.940021792038,4258.2599782079615,4317.347999466346,4337.64995753139,4297.046041401301,16.16001452802545,4876,6082.415751037587,10028.435439834571,-441.4058521482291,0,0,0,0
1781776800,4287.5,4291.8,4280.6,4288.2,1,0,0,0,4315.5085916640355,4256.891408335965,4316.380163107832,4337.059781667548,4295.700544548116,15.805727776023618,4916,5693.610500691725,9123.62362655638,-285.41209105876,0,0,0,0
1781778600,4288.2,4289.7,4273,4274.3,0,1,0,0,4313.504406545176,4249.195593454824,4315.284999487979,4336.612339897565,4293.957659078393,15.86960436345049,4673,5353.40700046115,8540.415751037588,-551.0530650384005,0,0,0,0
1781780400,4274.4,4274.5,4258.6,4268.2,0,1,0,0,4298.30766322052,4234.79233677948,4312.7473351706,4336.129766351108,4289.364903990093,15.871775480346857,8867,6524.6046669741,8030.110500691726,-723.1637068157324,0,0,0,0
1781782200,4267.8,4269.8,4258.1,4260.7,0,1,0,0,4293.160687276198,4234.739312723803,4310.959761735691,4335.720912256349,4286.198611215033,15.573791517464926,6258,6435.7364446494,9786.90700046115,-890.439073075966,0,0,0,0
1781784000,4260.5,4288.5,4259.2,4273.9,1,0,0,0,4313.331352470755,4234.368647529245,4308.250761927006,4333.970089674205,4282.531434179808,16.55423498050316,13758,8876.4909630996,9653.6046669741,-71.41877565748109,0,0,0,0
1781785800,4273.9,4277.6,4259.4,4265.3,0,1,0,0,4302.60768443713,4234.39231556287,4305.733371354758,4332.512156880093,4278.954585829422,16.671789624752986,12382,10044.993975399733,13314.736444649401,-545.510839169915,0,0,0,0
1781787600,4265.1,4282.4,4263.4,4282.1,1,0,0,0,4307.657135548763,4238.142864451236,4304.218636618635,4331.114852745894,4277.322420491377,16.838090365842056,10764,10284.66265026649,15067.4909630996,528.2229059465985,0,0,1,0
1781789400,4282.2,4296,4269.7,4275.5,0,1,0,0,4322.270911580994,4243.429088419006,4302.209821033053,4328.78439000001,4275.635252066097,17.51394105399621,19483,13350.77510017766,15426.993975399735,27.007733516715007,0,0,0,0
1781791200,4275.4,4277,4254.9,4263.7,0,1,1,0,4303.762275039495,4228.137724960505,4298.972093975568,4326.426992046511,4271.517195904625,17.841516692996507,22147,16282.850066785106,20026.162650266488,-1017.9390791977448,0,0,0,1
1781793000,4263.5,4274.4,4258.9,4271.6,1,0,0,0,4300.911398250959,4232.38860174904,4297.662619368143,4325.231451273536,4270.093787462751,17.674265500639613,11290,14618.566711190071,24424.27510017766,-204.73914548584867,0,0,0,0
1781794800,4271.6,4274.1,4253,4254.6,0,1,0,0,4300.978441233035,4226.121558766966,4296.283762899423,4324.2308296258025,4268.3366961730435,17.918960822022523,10209,13148.71114079338,21927.850066785108,-869.1364012249951,0,0,0,0
1781796600,4254.5,4255.7,4241.6,4245.2,0,1,0,0,4282.169266859245,4215.130733140755,4293.986332027668,4323.159184312487,4264.813479742849,17.646177906163732,13574,13290.474093862254,19723.06671119007,-1473.2526517864676,0,0,0,0
1781798400,4245.6,4252.5,4241,4244.2,0,1,0,0,4278.310747797871,4215.189252202129,4292.590466389083,4322.448869203223,4262.732063574944,17.207165198580608,8617,11732.649395908169,19935.71114079338,-1211.9554146875557,0,0,0,0
1781800200,4244.6,4248.8,4232.6,4238.6,0,1,0,0,4274.502837240881,4206.89716275912,4290.767047467291,4321.640706909458,4259.893388025125,17.135224827253406,10662,11375.76626393878,17598.974093862253,-1263.2753701687163,0,0,0,0
1781802000,4238.7,4251.4,4237.5,4245.1,1,0,0,0,4276.756206009388,4212.143793990612,4289.566401885982,4320.907535748494,4258.225268023469,16.90413733959242,8223,10324.844175959186,17063.64939590817,-568.6302007443146,0,0,0,0
1781803800,4245.3,4252.3,4241.3,4249.2,1,0,0,0,4277.023619865861,4216.576380134139,4288.857248619587,4320.399695021009,4257.314802218165,16.48241324390725,5427,8692.229450639457,15487.266263938778,-173.4736600317285,0,0,0,0
1781805600,4249.3,4252.3,4244.4,4245.2,0,1,0,0,4276.104075589728,4220.595924410271,4288.414685819494,4320.07738182954,4256.751989809447,15.869383726485342,3457,6947.152967092972,13038.344175959186,-199.88258582004437,0,0,0,0
1781807400,4245.4,4245.4,4237.1,4237.6,0,1,0,0,4268.393070190461,4214.106929809539,4287.811383382616,4319.730808493593,4255.89195827164,15.328713460307766,4099,5997.768644728648,10420.729450639457,-413.6251272047614,0,0,0,0
1781809200,4237.8,4238.4,4221,4224.2,0,1,0,0,4261.614993748285,4197.785006251715,4286.279087110197,4319.177585210754,4253.38058900964,15.476662498857184,8623,6872.845763152432,8996.652967092972,-856.6829292174953,0,0,0,0
1781811000,4224.3,4237.6,4220.1,4235.8,1,0,1,0,4261.031779909123,4196.668220090878,4285.208939913202,4318.662318702302,4251.755561124101,15.62118660608167,6680,6808.563842101621,10309.268644728647,-164.92284854337709,0,0,0,0
1781812800,4236.1,4238.8,4233.9,4237.9,1,0,0,0,4261.083081344185,4211.6169186558145,4284.9559260983515,4318.50348195244,4251.408370244263,14.85538756279016,1810,5142.375894734414,10212.845763152432,49.82163531541596,0,0,1,0
1781814600,4238,4238,4226.6,4228,0,1,0,0,4259.912861248172,4204.687138751829,4284.578823206234,4318.310812631583,4250.846833780885,14.60857416544798,2428,4237.583929822943,7713.563842101621,-38.35583296150435,0,0,0,1
1781820000,4228,4232.1,4220.9,4222.5,0,1,0,0,4253.647656873303,4199.352343126697,4225.166666666667,4225.166666666667,4225.166666666667,14.365104582201749,2664,3713.0559532152956,6356.375894734414,-32.68802933033203,0,0,0,0
1781821800,4222.5,4229.3,4221.5,4226.2,1,0,0,0,4250.144252810924,4200.6557471890765,4225.395989974938,4225.645133449234,4225.146846500642,13.896168540615921,2257,3227.7039688101972,5569.583929822944,195.95441840955323,0,0,1,0
1781823600,4226.1,4226.9,4211.8,4216,0,1,0,0,4247.873234753,4190.8267652469995,4221.75561107225,4225.340712195834,4218.170509948665,13.98215650200046,5086,3847.135979206798,4841.555953215296,-39.7517379950566,0,0,0,1
1781825400,4215.8,4218.7,4205.1,4207,0,1,0,0,4239.6322894135,4184.1677105865,4218.321162019523,4224.377027419148,4212.265296619898,13.954859609000389,4267,3987.090652804532,5770.703968810197,-171.36009566508665,0,0,0,0
1781827200,4206.9,4216.8,4201.9,4203.2,0,1,0,0,4237.833554455394,4180.866445544606,4215.077912917367,4222.226838017021,4207.928987817713,14.022369636928971,5952,4642.060435203021,5980.635979206798,-156.77124800889783,0,0,0,0
1781829000,4203.7,4211.1,4202.7,4208.9,1,0,0,0,4231.53115770858,4182.26884229142,4213.96690539383,4221.084380926171,4206.849429861488,13.620771805719798,3511,4265.040290135347,6963.0906528045325,199.7358695592884,0,0,1,0
1781830800,4208.8,4213.4,4200.8,4208.9,0,0,0,0,4233.721789300824,4180.478210699176,4212.829039524647,4219.706298517427,4205.9517805318665,13.547859533882631,5266,4598.693526756898,6397.5604352030205,288.4737514304487,0,0,0,0
1781832600,4208.7,4209.1,4201.2,4202.6,0,1,0,0,4228.816661493623,4181.483338506378,4211.991543587989,4218.998261921241,4204.984825254738,13.144440995748196,3158,4118.462351171265,6898.040290135346,125.48069536643993,0,0,0,0
1781834400,4202.4,4204,4192.5,4197,0,1,0,0,4223.540471386935,4172.959528613065,4209.621822951725,4217.917149203521,4201.3264966999295,13.026980924623325,6465,4900.64156744751,6177.693526756898,-64.4774594787209,0,0,0,1
1781836200,4197.1,4201.3,4189.2,4193.7,0,1,0,0,4220.741152002154,4169.758847997846,4208.126663250889,4217.1780274409575,4199.07529906082,12.960768001435971,4312,4704.427711631673,7350.962351171265,-47.30144217906377,0,0,0,0
1781838000,4194,4195,4182.6,4184.9,0,1,0,0,4214.381069716286,4163.218930283714,4205.817842123405,4216.543950046959,4195.091734199851,12.920713144190518,5412,4940.285141087782,7056.64156744751,-292.62612021126006,0,0,0,0
1781839800,4185.3,4185.5,4162.6,4170.9,0,1,0,0,4205.950279022265,4142.149720977735,4201.117283622467,4216.307332888289,4185.9272343566445,13.633519348176884,8083,5987.856760725188,7410.427711631673,-595.1316221901279,0,0,0,0
1781841600,4170.9,4172.8,4158.8,4164.4,0,1,0,0,4193.289544806389,4138.310455193611,4196.695278769996,4215.158941799951,4178.23161574004,13.659696537592822,7957,6644.237840483459,8981.785141087781,-707.0068360377388,0,0,0,0
1781843400,4164.9,4165.1,4142.7,4143.3,0,1,0,0,4186.526005891647,4121.273994108353,4191.128299446144,4214.081766965231,4168.174831927058,14.284003927764802,8794,7360.825226988973,9966.356760725188,-1243.5091918872756,0,0,0,0
1781845200,4143.5,4152.4,4139.2,4151.4,1,0,0,0,4173.709862613672,4117.890137386327,4186.5481058615,4212.031885028306,4161.064326694694,14.206575075781588,8621,7780.883484659315,11041.23784048346,-389.1153225636874,0,0,0,0
1781847000,4151.6,4159.6,4148.3,4157.3,1,0,0,0,4180.598443855553,4127.301556144447,4184.221559326638,4210.091608590881,4158.351510062395,13.998962570368631,6528,7363.255656439544,11671.325226988973,134.60164548693638,0,0,1,0
1781848800,4157.4,4165.8,4151.2,4159.4,1,0,0,0,4186.8628407230135,4130.1371592769865,4182.228860880996,4207.9870716999385,4156.470650062053,14.041893815342325,7513,7413.170437626362,11044.883484659316,347.70438977761273,0,0,0,0
1781850600,4159.6,4169.4,4150.1,4165,1,0,0,0,4191.026209242797,4128.473790757203,4180.845456669912,4206.261362570315,4155.429550769509,14.417472828532107,6854,7226.780291750908,11119.755656439544,602.6197570115128,0,0,0,0
1781852400,4165.2,4179,4165.2,4170.2,1,0,0,0,4200.581480011169,4143.6185199888305,4180.214695669285,4204.873208354572,4155.556182983998,14.387653340779815,7405,7286.186861167272,10840.170437626362,878.2548971967149,0,0,0,0
1781854200,4170.3,4181.1,4168.5,4175.9,1,0,0,0,4202.489945724658,4147.110054275342,4180.022542270214,4204.226471116581,4155.818613423848,14.259963816438427,4357,6309.791240778181,10929.280291750907,1026.6378125883564,0,0,0,0
1781856000,4176,4196.1,4173,4194.5,1,0,0,0,4218.437092458611,4150.662907541389,4180.594649312501,4203.988309390589,4157.200989234413,14.891394972407138,9005,7208.194160518788,9464.686861167273,1636.7521986166792,0,0,0,0
1781857800,4194.4,4196.8,4182.9,4187.2,0,1,0,0,4219.030871568711,4160.669128431289,4180.927376072962,4203.909727657673,4157.945024488251,14.820581045806666,5110,6508.796107012525,10812.29124077818,1195.3176836013356,0,0,0,0
1781859600,4187.6,4189.3,4180.2,4181.2,0,1,0,0,4210.917952170945,4158.582047829055,4181.005016330248,4203.651199269203,4158.358833391292,14.411968113963358,3897,5638.1974046750165,9763.194160518788,818.2444783943005,0,0,0,0
1781861400,4181,4185.7,4179,4181.1,0,0,0,0,4206.49166987302,4158.2083301269795,4181.025874846577,4203.4166145166355,4158.635135176518,13.86111324868025,3045,4773.798269783344,8457.296107012524,767.2188271265425,0,0,0,0
1781863200,4181.3,4181.7,4170.5,4172.3,0,1,0,0,4202.206550596376,4149.993449403624,4180.804339710796,4202.820984123328,4158.787695298263,13.671033730917362,5028,4858.532179855562,7160.6974046750165,335.89073466311766,0,0,0,0
1781865000,4172.4,4173.7,4166.4,4168.2,0,1,0,0,4193.5239398394915,4146.576060160508,4180.471117940925,4202.2473850472625,4158.694850834588,13.215959892994706,4243,4653.354786570375,7287.798269783343,132.3202775936793,0,0,0,0
1781866800,4168,4168.5,4160.5,4162.1,0,1,0,0,4187.765086993814,4141.234913006186,4179.922668715412,4201.546628510703,4158.2987089201215,12.84339132920937,4895,4733.903191046917,6980.032179855562,-144.54384657116566,0,0,0,1
1781868600,4161.8,4173,4159.7,4170.5,1,0,0,0,4192.314009351398,4140.385990648601,4179.526147787155,4200.905127603514,4158.1471679707965,12.876006234265857,5033,4833.602127364611,7100.854786570375,280.07516574317833,0,0,1,0
1781870400,4170.5,4178.1,4168.8,4169.5,0,1,0,0,4197.030865826299,4149.869134173701,4179.282584010983,4200.347809982124,4158.217358039841,12.620577217532595,5271,4979.401418243074,7250.403191046917,261.2831740711355,0,0,0,0
1781872200,4169.3,4197.9,4164.9,4196.8,1,0,0,0,4219.014375410135,4143.785624589865,4179.813060051674,4200.180772492961,4159.445347610387,14.076250273423124,12629,7529.267612162049,7469.102127364611,1287.5392736190483,0,0,0,0
1781874000,4196.9,4200.6,4179.4,4181.7,0,1,0,1,4222.477634309411,4157.522365690589,4180.314895114841,4200.069885221139,4160.559905008544,14.585089539607239,12521,9193.178408108033,11293.901418243073,280.6706618200501,0,0,0,0
1781875800,4182.1,4186.1,4168.3,4169.3,0,1,0,0,4208.322089001596,4146.077910998404,4180.058599573053,4199.404574208717,4160.712624937388,14.814726001063876,8640,9008.785605405355,13789.76761216205,-282.1615619734489,0,0,0,1
1781877600,4169.1,4172.4,4161.3,4167.3,0,1,0,0,4194.2240826443385,4139.475917355661,4179.518959722689,4198.638480783089,4160.399438662289,14.549388429559274,8353,8790.19040360357,13513.178408108033,-282.01908063340625,0,0,0,0
1781879400,4167.2,4169.6,4160.1,4167.2,0,0,0,0,4190.883076741172,4138.816923258829,4179.067095835467,4198.03365716392,4160.100534507013,14.188717827447897,6799,8126.460269069047,13185.285605405355,-152.50698971142447,1,0,0,0
1781881200,4167.2,4171.9,4165.9,4169,1,0,0,0,4192.305714116802,4145.494285883197,4178.836730264604,4197.647213630688,4160.026246898519,13.60380941120162,4860,7037.640179379365,12189.69040360357,91.31474093028874,0,0,1,0
1781883000,4169.1,4171.4,4165.2,4168.9,0,1,0,0,4191.012448822745,4145.587551177255,4178.678007599308,4197.386737250834,4159.969277947783,13.074965881830064,3334,5803.0934529195765,10556.460269069048,142.19228819867726,0,0,0,0
1781884800,4168.7,4168.7,4162,4164.6,0,1,0,0,4187.650845335406,4143.0491546645935,4178.486755030037,4197.132040490693,4159.841469569381,12.633896890270748,3102,4902.728968613051,8704.640179379365,14.22130337673525,0,0,0,0
1781886600,4164.6,4175.7,4164.5,4173.2,1,0,0,0,4194.497213525734,4145.702786474266,4178.351038175378,4196.849956189955,4159.8521201608,12.531475683822825,4141,4648.8193124087,7354.0934529195765,387.49859592923826,0,0,0,0